timestamp_ms,calc_position_x,calc_position_y,calc_position_z,calc_velocity_x,calc_velocity_y,calc_velocity_z,calc_attitude_w,calc_attitude_x,calc_attitude_y,calc_attitude_z
641664926,0,0,0,0,0,0,0.9996817961488753,-0.014677695049868066,0.01798402069104697,0.00916196479716791
641664930,-0.00000006108214448821281,-0.0000002252307122395756,-0.00000031337079124394053,-0.000030541072244106406,-0.0001126153561197878,-0.00015668539562197026,0.9996817961488753,-0.014677695049868066,0.01798402069104697,0.00916196479716791
641664934,-0.0000002594875137074084,-0.0000009511690503140056,-0.0000012987625854402793,-0.0000686616123654914,-0.0002503538129174272,-0.0003360105014761992,0.9996966517780385,-0.014472909969007422,0.01791711168240614,0.00928377257381896
641664938,-0.0000006552125405848273,-0.0000021940983978741713,-0.0000031016364422031163,-0.00012920090107321804,-0.00037111086086265565,-0.0005654264269052192,0.9997113788757391,-0.014331902572320733,0.017970433611533998,0.009395349991176638
641664942,-0.000001344263935414312,-0.000004131003233745804,-0.000005922514922641547,-0.00021532479634152427,-0.0005973415570731611,-0.0008450128133139964,0.9997134884682193,-0.014160635330124273,0.01811471110941139,0.009476969332544882
641664946,-0.0000025097610556010037,-0.000007359656226706591,-0.000010116826380653798,-0.00036742376375182163,-0.0010169849394072324,-0.0012521429156921295,0.9997165825371896,-0.01399647829940312,0.018301435657036787,0.009555506712979
641664950,-0.00000454150105634774,-0.000012168309350291076,-0.000016174587852948385,-0.0006484462366215461,-0.0013873416223850097,-0.0017767378204551643,0.9997165825371896,-0.01399647829940312,0.018301435657036787,0.009555506712979
641664954,-0.000007870258410867814,-0.000018221464438616215,-0.00002436149641751647,-0.0010159324406384907,-0.0016392359217775596,-0.002316716461828879,0.9997019439212926,-0.013862176892056537,0.018547226931324726,0.0096041502831547
641664958,-0.000013039294424783905,-0.00002513123542244023,-0.00003470325328639072,-0.0015685855663195546,-0.0018156495701344476,-0.0028541619726082427,0.99969038726633,-0.013685428434961955,0.01880012841708799,0.009653778329821061
641664962,-0.000020955305422201553,-0.00003260074865928893,-0.00004736373390674013,-0.002389419932389269,-0.0019191070482898994,-0.003476078337566463,0.9996964990305035,-0.013510713196579788,0.01905407864507304,0.009728185007099044
641664966,-0.00003260460924083617,-0.00004043463141607155,-0.00006293710763266535,-0.0034352319769280406,-0.0019978343301014106,-0.004310608525396148,0.9996819246803377,-0.01334452294714622,0.019239754450476636,0.009781943756921485
641664982,-0.000130511575106697,-0.00007535481246991861,-0.00016672147728285922,-0.008803138756304566,-0.0023671883016294724,-0.008662437680878085,0.9996834856856343,-0.012776303048449338,0.019220255855082895,0.010016223082842224
641664986,-0.000168852324476431,-0.00008503582144530026,-0.0002041430971586244,-0.010367235928562441,-0.0024733161860613566,-0.010048372257004501,0.9997191177737151,-0.012576014705996182,0.019041640897621975,0.010127575104447173
641664990,-0.0002135550946058992,-0.00009504891029805439,-0.00024768152186179025,-0.011984149136171648,-0.002533228240315705,-0.011720840094578406,0.9997191177737151,-0.012576014705996182,0.019041640897621975,0.010127575104447173
641664994,-0.0002647384648566004,-0.00010520654547499958,-0.0002982191115929423,-0.013607535989178967,-0.002545589348156894,-0.013547954770997612,0.9997092851168453,-0.012383202610269838,0.01879678473629201,0.010235947617732721
641664998,-0.0003223853096945946,-0.00011539413058874893,-0.0003561202130617701,-0.015215886429818108,-0.002548203208717778,-0.015402595963416284,0.9997150876603993,-0.01221009215239225,0.018528198686572194,0.010370147503851845
641665002,-0.0003863021372095259,-0.00012561612117186448,-0.00042147655282913284,-0.016742527327647565,-0.002562792082839998,-0.01727557392026511,0.9997199057274626,-0.012029871483039349,0.018217165587104373,0.01050742935090515
641665006,-0.0004561576404228088,-0.0001360731631091805,-0.0004945798014340471,-0.018185224278993883,-0.0026657288858180114,-0.019276050382192066,0.9997226905758136,-0.01186731923282279,0.017881353857024888,0.010645759940180244
641665010,-0.0005316863415496019,-0.00014716794470523984,-0.0005761086923031715,-0.019579126284402705,-0.0028816619122116636,-0.021488395052370116,0.9997226905758136,-0.01186731923282279,0.017881353857024888,0.010645759940180244
641665014,-0.0006127528873641492,-0.00015924456523082784,-0.0006667751168916081,-0.02095414662287093,-0.003156648350582333,-0.023844817241848216,0.9997430795775697,-0.011738689043405623,0.017606706338051552,0.010803753980420272
641665018,-0.0006991639126401296,-0.00017249086038613432,-0.0007667858704211772,-0.022251366015119293,-0.0034664992270709138,-0.026160559522936312,0.9997179395686437,-0.011649423942802238,0.017325933084093498,0.01095365333269449
641665022,-0.0007904937393467674,-0.0001870357726729447,-0.0008757889317038378,-0.02341354733819955,-0.0038059569163342707,-0.02834097111839401,0.9997362310859562,-0.011570351014608404,0.017086622403392857,0.011107580935509731
641665026,-0.0008862645966920084,-0.00020294640553650723,-0.0009934249360006632,-0.02447188133442097,-0.00414935951544699,-0.030477031030018673,0.9997544583375375,-0.011523166928501548,0.01690742719157653,0.01125639335867834
641665030,-0.0009861800159892617,-0.00022018517830902338,-0.0011198225225462462,-0.025485828314205705,-0.004470026870811084,-0.03272176224277288,0.9997544583375375,-0.011523166928501548,0.01690742719157653,0.01125639335867834
641665034,-0.0010901767582286515,-0.00023867204667405182,-0.001255437929453357,-0.02651254280548921,-0.004773407311703141,-0.03508594121078259,0.9997301742736397,-0.01150478972354746,0.01678933192513519,0.011392980390725116
641665038,-0.001198271379143366,-0.00025836135965824744,-0.0014005162691670286,-0.02753476765186798,-0.005071249180394654,-0.037453228646053174,0.9997411627822834,-0.011522367798105199,0.016733449612021785,0.011574009504348393
641665042,-0.0013104149441535847,-0.0002793377201459682,-0.001554823131711851,-0.02853701485324148,-0.005416931063465737,-0.03970020262635801,0.999736451824772,-0.011552133076901144,0.016761412656182584,0.011724096065491685
641665046,-0.0014265792042460514,-0.00030185030618913816,-0.0017177734500085043,-0.029545115192991866,-0.005839361958119241,-0.04177495652196867,0.9997306921250387,-0.01160667698630876,0.016807044119479725,0.011872149407922528
641665050,-0.0015469360656143701,-0.0003261667445384713,-0.0018888723901077293,-0.030633315491167476,-0.006318857216547342,-0.04377451352764378,0.9997306921250387,-0.01160667698630876,0.016807044119479725,0.011872149407922528
641665054,-0.001671807970385727,-0.0003524732635770925,-0.0020679732525392936,-0.031802636894511,-0.006834402302763259,-0.045775917688138275,0.9997238194173524,-0.01171788836841501,0.01693045947079755,0.01201305435199429
641665058,-0.0018014781377571596,-0.00038080042945814557,-0.0022551067696798045,-0.03303244679120532,-0.007329180637763273,-0.04779084088211718,0.9997159622331757,-0.011821989539045952,0.01701142777236737,0.012157041257000234
641665062,-0.0019362312765130356,-0.0004109772398771906,-0.0024502397642494856,-0.034344122586732695,-0.007759224571759246,-0.049775656402723474,0.9997070563067771,-0.01195086934028855,0.017110064493073535,0.01229899494329384
641665066,-0.0020763606080844497,-0.0004427890015650026,-0.0026530247401039403,-0.0357205431989743,-0.008146656272146748,-0.05161683152450377,0.99971175236209,-0.01211711919851624,0.01716019269477817,0.012467824744642586
641665070,-0.002222173122487595,-0.0004761713419580458,-0.002862854678489244,-0.037185714002598395,-0.008544513924374846,-0.053298137668148095,0.99971175236209,-0.01211711919851624,0.01716019269477817,0.012467824744642586
641665074,-0.0023740027293363926,-0.0005111716111714316,-0.0030792567402126124,-0.03872908942180018,-0.008955620682318055,-0.05490289319353599,0.9997164484174028,-0.012283369056743945,0.0172103208964828,0.0126366545459915
641665078,-0.0025321783026418902,-0.0005477527994509121,-0.0033020451188664674,-0.04035869723094855,-0.00933497345742218,-0.05649129613339144,0.999698425139664,-0.012475812323056584,0.017167396044994322,0.012785885162106492
641665082,-0.002696975143001343,-0.0005857456695804838,-0.003531100291222255,-0.04203972294877775,-0.009661461607363657,-0.058036290044502524,0.9996970858045708,-0.012663178596606338,0.017083072885979638,0.012962976369767287
641665086,-0.002868410385253104,-0.0006249458133320136,-0.0037660093357275684,-0.043677898177103006,-0.009938610268401264,-0.05941823220815414,0.9996967952116994,-0.012825766239544414,0.016981081307828612,0.013142100796140588
641665090,-0.003046330180175204,-0.0006650782568449826,-0.0040060590609156885,-0.04528199928394686,-0.010127611488083254,-0.060606630385905774,0.9996967952116994,-0.012825766239544414,0.016981081307828612,0.013142100796140588
641665094,-0.003230657921464906,-0.0007057959804395708,-0.004250670532806088,-0.046881871360904166,-0.010231250309210854,-0.06169910555929413,0.9996934869236249,-0.012998912090143519,0.01681186404931792,0.013325355925669913
641665098,-0.0034213537831480627,-0.0007468586217571299,-0.004499653864845812,-0.04846605948067416,-0.010300070349568664,-0.06279256046056786,0.9997098802733991,-0.013156422740318703,0.01666847416364068,0.013532340943589072
641665102,-0.003618275096379674,-0.0007881569187599836,-0.0047530056413176034,-0.04999459713513148,-0.010349078151858176,-0.06388332777532765,0.9996817933547131,-0.013328519848696006,0.016501290123842403,0.013733264492254649
641665106,-0.00382120371048986,-0.000829625453974035,-0.005010362750710846,-0.051469709919961484,-0.010385189455167487,-0.0647952269212936,0.999680518285351,-0.013483997280158762,0.016356851495943372,0.013915470879562186
641665110,-0.004030080021873502,-0.000871213248605171,-0.0052706682210692845,-0.05296844577185944,-0.010408707860400518,-0.06535750825792587,0.999680518285351,-0.013483997280158762,0.016356851495943372,0.013915470879562186
641665114,-0.004245074175779064,-0.000912863493173009,-0.005532716528070292,-0.05452863118092126,-0.0104164144235185,-0.06566664524257786,0.9996979603773472,-0.013616729299722283,0.01619579319112979,0.014124489116193795
641665130,-0.005166519423780942,-0.0010758480639260853,-0.0065879054934787,0,0,0,0.9996699774642035,-0.013923447347960695,0.01573648682004406,0.014779605990351812
641665134,-0.00516855177748862,-0.0010751026879834062,-0.006586871826977453,0,0,0,0.999667815012383,-0.013973863818656316,0.015585843275357666,0.015035699110501231
641665138,-0.005170257680065725,-0.0010741829336246823,-0.006586084866582443,0,0,0,0.999665102356916,-0.014009904176734589,0.015509433890498504,0.01525985501542621
641665158,-0.005216267796385827,-0.0010520949192214658,-0.006590900513546565,0,0,0,0.9996540408512222,-0.013906929292930607,0.015295252794815367,0.016261954661321725
641665162,-0.0052182163420937165,-0.001051173771725196,-0.006591784466896988,0,0,0,0.9996524605058876,-0.013868666165957902,0.015165631622426335,0.016511266480642887
641665166,-0.005220345573352885,-0.0010502690930217144,-0.006593326123336019,0,0,0,0.9996522791671952,-0.013780788937958293,0.014999676054614433,0.016745755591679002
641665190,-0.00527420381439832,-0.001014688424764558,-0.006692795698200039,0,0,0,0.9996553893007325,-0.013529991658501253,0.013777181803374868,0.017782891476882168
641665194,-0.00527547410638949,-0.0010136879552344888,-0.006695859135423718,0,0,0,0.999656143635432,-0.013521399028243144,0.013402183404686671,0.01803185348883202
641665198,-0.005276348284374203,-0.0010125622200299893,-0.006698930345534984,0,0,0,0.9996567380917886,-0.013490435511499364,0.013052247737961807,0.018277115920798906
641665202,-0.005276921023493021,-0.001011395758642991,-0.00670208587194207,0,0,0,0.9996560538556294,-0.013491197174355573,0.012762351597324258,0.018517126405030455
641665206,-0.005277432163643098,-0.0010103821086388574,-0.006705554058673799,0,0,0,0.9996545565944114,-0.013542077836827166,0.012505359631985754,0.018734876257045945
641665210,-0.005277779572762509,-0.0010092752510088474,-0.006709009257304876,0,0,0,0.999654556903061,-0.013542198329377187,0.012505214827700532,0.018734869347445785
641665214,-0.005278113510523204,-0.0010081363155695707,-0.006712457541586848,0,0,0,0.999652517771479,-0.013597828558047451,0.0122922013503276,0.018943192909642814
641665218,-0.0052782363370854485,-0.0010068283713393557,-0.006715614469168814,0,0,0,0.9996491282295853,-0.013693273692175935,0.012179571336517581,0.019125185684851744
641665222,-0.00527816913350534,-0.0010053708268521696,-0.006718633493551778,0,0,0,0.9996446179336445,-0.013820468605183715,0.012127017596121788,0.019302018755930562
641665226,-0.005278176669327905,-0.0010038358616238122,-0.0067216596858703575,0,0,0,0.9996394677057772,-0.013959942256660132,0.012158335974982762,0.019448122876532647
641665230,-0.005278258505824147,-0.0010023417130782973,-0.006724679838053007,0,0,0,0.9996394714926269,-0.013959844567820076,0.012158225323794602,0.01944806752764533
641665234,-0.005278348241835612,-0.001000839657973398,-0.006727696430090275,0,0,0,0.9996331596014726,-0.014113508198340384,0.01227453227224673,0.019588031269366337
641665238,-0.005278517200847205,-0.0009994130400949339,-0.006730275716646727,0,0,0,0.999626613285159,-0.01431580956396576,0.012423148631538306,0.019681386807080023
641665242,-0.005278751951886223,-0.0009979675119306589,-0.006732668125892985,0,0,0,0.9996196403887594,-0.014494324694240255,0.012557211878468248,0.019819322151488166
641665246,-0.0052793649021183045,-0.0009964807381787181,-0.006734887555584006,0,0,0,0.999612958797944,-0.014696541382488108,0.012705695506300279,0.019912548212464982
641665250,-0.005280324812098597,-0.0009951276715649195,-0.0067367459304513875,0,0,0,0.999612958118401,-0.01469656311957062,0.012705796173196778,0.019912502049145308
641665254,-0.005281370484514284,-0.0009937832654715658,-0.006738497439624411,0,0,0,0.9996071388912307,-0.014915359530642476,0.01282657932983211,0.019964438145239592
641665258,-0.00528250089614983,-0.0009923608568990084,-0.006739923549513099,0,0,0,0.9996021452862482,-0.015131774024272097,0.01279850665510318,0.020069349302052345
641665262,-0.005283634590170154,-0.0009908601894365516,-0.006741014169748246,0,0,0,0.9995985954134505,-0.015339990462538517,0.012724844155816565,0.020134822603547122
641665266,-0.005284885057561728,-0.0009894764385741284,-0.006741757844838204,0,0,0,0.9995961588523041,-0.015534002098114069,0.012566299990397914,0.020206486361716552
641665270,-0.005286145454290642,-0.0009883442939825969,-0.006742120376904734,0,0,0,0.999596154945024,-0.0155340426103841,0.01256645541326045,0.02020655184956238
641665274,-0.005287445657846595,-0.0009872517833678326,-0.006742375395801845,0,0,0,0.9995940532223574,-0.015781765215264216,0.012331297713079085,0.020263359689361927
641665278,-0.005288461737789808,-0.0009860983995676855,-0.006742182557952063,0,0,0,0.9995925736651315,-0.01599705317104363,0.012038297217542446,0.020343558279303023
641665282,-0.005289102477247589,-0.0009848541698205804,-0.0067416016909534965,0,0,0,0.9995913264460212,-0.01623063129657029,0.011718155209495394,0.02040665430894035
641665286,-0.005289314242062329,-0.0009834348325336096,-0.006740733773470167,0,0,0,0.9995904899239321,-0.016444681370195516,0.011421873208410479,0.020444209954832215
641665290,-0.00528921794305927,-0.0009820190899482452,-0.0067397007282714635,0,0,0,0.9995904913518682,-0.016444617049856194,0.011421823009173165,0.020444219920590083
641665294,-0.0052890687735807655,-0.0009805682105253426,-0.0067386261900694265,0,0,0,0.9995878863520693,-0.016692260812297896,0.011186585371683452,0.020500882783401148
641665298,-0.005288681275219342,-0.0009791891811181635,-0.006737116607295663,0,0,0,0.9995846643710313,-0.01695791678628552,0.011076917267567734,0.020499505271336177
641665302,-0.005288007378737189,-0.0009777529645011395,-0.00673508684212848,0,0,0,0.9995802971696034,-0.017232300776389792,0.01101053342308164,0.020519392632789964
641665306,-0.005287067581104869,-0.0009761711050862448,-0.006732592719981016,0,0,0,0.9995752562795296,-0.017509023159761102,0.01109305545752862,0.020486221279669987
641665310,-0.005286179966762481,-0.0009746403855010545,-0.006729767553317852,0,0,0,0.9995752546992306,-0.0175090552489922,0.011093316884204943,0.02048612939924335
641665314,-0.005285282206031793,-0.0009730792504351125,-0.006726852731585447,0,0,0,0.9995686663388887,-0.01779926995756626,0.011263035651021044,0.02046487943763133
641665318,-0.005284585096408042,-0.0009714460999198597,-0.006723592547879232,0,0,0,0.9995608572936587,-0.018103736729770083,0.011517961653423175,0.02043731494437456
641665322,-0.005284068532529818,-0.0009696495038785826,-0.006719995412149098,0,0,0,0.9995533062701527,-0.018396369709958754,0.011836849028078552,0.02036296911031284
641665326,-0.00528379751431152,-0.0009677498001188257,-0.00671603154178265,0,0,0,0.9995456614629118,-0.018653686355055234,0.012205299457859543,0.020286480749047004
641665342,-0.005297732139247071,-0.0009404694672170682,-0.006645210060640018,0,0,0,0.9995237995661245,-0.019357161337517692,0.013352732489897727,0.019979462978370752
641665346,-0.005299070749056406,-0.0009389009428226703,-0.0066405202664755695,0,0,0,0.9995186030793572,-0.019517354000404392,0.013637626539340444,0.019890956072714946
641665350,-0.005300580305380095,-0.0009375063368258857,-0.006635526925435605,0,0,0,0.9995185963925508,-0.019517707564369435,0.013637263712085563,0.019891193914492122
641665354,-0.005302103010542006,-0.000936140162377819,-0.006630450555353059,0,0,0,0.9995140894856747,-0.019661618012082018,0.01384925998065752,0.019829364456726693
641665358,-0.005304320072296268,-0.0009348054447432546,-0.006625363021668265,0,0,0,0.9995131485443587,-0.01974072837855616,0.013939263763520442,0.01973490450338871
641665370,-0.005324159240788562,-0.000924388399833821,-0.006584928869791686,0,0,0,0.9995146506015365,-0.019812702437934395,0.013883884831179865,0.019625437498020863
641665374,-0.005326365141397811,-0.0009232917241314159,-0.006580643729777008,0,0,0,0.9995177802903487,-0.01983347524255196,0.013734159076944296,0.019550268993199477
641665378,-0.005328657232621463,-0.0009221805638093254,-0.00657674267795974,0,0,0,0.9995213162011323,-0.019803915002188865,0.013561080681533942,0.019520258730131163
641665382,-0.005331008359543515,-0.0009210572738023494,-0.006573284995836268,0,0,0,0.9995249455623693,-0.019768995692785736,0.013346421474827699,0.01951776220927157
641665386,-0.005333111362476458,-0.0009199178670373809,-0.006570402236710156,0,0,0,0.9995290970546277,-0.019714696304519195,0.01315529979745415,0.019489817290579442
641665390,-0.005335079555494001,-0.000918733271263607,-0.006567940476452895,0,0,0,0.9995322028951978,-0.019666957080222938,0.013009201613713623,0.019476828490573743
641665394,-0.0053369981301852045,-0.0009175340313220591,-0.006565607499750943,0,0,0,0.9995322041200586,-0.019667054221197963,0.013008942490542437,0.019476840617396095
641665398,-0.005338907376648806,-0.0009161662294826636,-0.006563644982765148,0,0,0,0.9995357077969589,-0.01960205832078624,0.012885505377063592,0.01944458535424861
641665406,-0.0053451229999736324,-0.0009101619928301572,-0.006558763014191539,0,0,0,0.9995384140226237,-0.01950141515266948,0.012815986563517614,0.01945261392679335
641665410,-0.005346329106446593,-0.0009085966361365976,-0.006558071384868184,0,0,0,0.999538408583051,-0.01950280065450014,0.01281407887984715,0.01945276114985822
641665414,-0.0053474265587595314,-0.0009070156739919256,-0.006557537653850664,0,0,0,0.9995384574676636,-0.019485308391829645,0.012838602762904612,0.019451608651606857
641665418,-0.005348770930445185,-0.0009052372187480675,-0.006556675930744012,0,0,0,0.9995372081754705,-0.019499660508148636,0.012923446776009324,0.01944523685328666
641665422,-0.005350247726078684,-0.000903508795737182,-0.006555710182420104,0,0,0,0.999535319979464,-0.019521100146872472,0.01305070841376791,0.019435785873104842
641665426,-0.005351483666120079,-0.0009019122056928663,-0.006555171980203822,0,0,0,0.9995334581473786,-0.01952462611767813,0.013202595095533334,0.019425408661103823
641665430,-0.005352657554245863,-0.0009003635472777959,-0.006554923535839862,0,0,0,0.9995334589353251,-0.01952465118305057,0.013202519876444538,0.01942539404689185
641665434,-0.005353775102404762,-0.0008988206501085675,-0.006554761750126595,0,0,0,0.9995300791682439,-0.019583234878711293,0.01343140708385942,0.01938337053655119
641665438,-0.005355012139486456,-0.00089706472677443,-0.006554441062659455,0,0,0,0.9995273612126343,-0.019599316986351395,0.013667442089967605,0.019342233265420932
641665442,-0.005356277611522244,-0.0008953205988809216,-0.006554041862129339,0,0,0,0.9995233753243191,-0.019641874712393814,0.013921949747787892,0.019323515551864526
641665458,-0.005392422278273553,-0.0008708571450389177,-0.006549646728246525,0,0,0,0.9995134547983558,-0.019803571414054203,0.014527615218515824,0.019225520340588224
641665462,-0.005394984133308444,-0.0008694150989259455,-0.006549572736093299,0,0,0,0.9995120113792386,-0.019836737173066728,0.014585374849987608,0.019222637889763132
641665466,-0.005397496660011269,-0.0008677820886456631,-0.006549732980138329,0,0,0,0.9995128825508629,-0.019853274679806715,0.014557375473931466,0.01918144725155289
641665490,-0.00547951086312731,-0.0008198915804306439,-0.006570643477319252,0,0,0,0.9995149041748923,-0.020008346913005598,0.014037610901645606,0.019302017154658516
641665494,-0.0054816858385795236,-0.0008186721281929738,-0.006571341619356458,0,0,0,0.9995156103035167,-0.0200508750151631,0.013876732044685858,0.01933761822135078
641665498,-0.005483939054407871,-0.0008173758311664787,-0.006572106607303824,0,0,0,0.9995159480888961,-0.02009103235844955,0.013720690058569128,0.019389755002156818
641665502,-0.005486133619074627,-0.0008163375169529679,-0.006572776239767138,0,0,0,0.9995154142396394,-0.020158203018493935,0.01358072098563852,0.019446016711336445
641665506,-0.00548834426528166,-0.0008155043517852333,-0.006573358767205669,0,0,0,0.9995149985789163,-0.020223119610641226,0.01344237102081247,0.01949604345351616
641665510,-0.005490606189517025,-0.0008145986286415016,-0.006573783727388597,0,0,0,0.9995149959169918,-0.02022318450952691,0.013442294691591366,0.019496165232520863
641665522,-0.005510540776908145,-0.0008047739529399615,-0.006573483011830824,0,0,0,0.9995123516218942,-0.020474242311517954,0.012954831676012876,0.019698646991262187
641665526,-0.005512665447280331,-0.0008039196819265535,-0.006573302576903844,0,0,0,0.9995099997868064,-0.02058493989580522,0.012811124378622791,0.019796354912446832
641665530,-0.005514669368000272,-0.0008031846634144873,-0.006572916335344003,0,0,0,0.9995099993929522,-0.020584941780619554,0.012811122643716812,0.019796373960829235
641665534,-0.005516655553068194,-0.0008024729786380472,-0.006572471781620947,0,0,0,0.9995082045879702,-0.020676215061318847,0.012691426825343978,0.019868839352302724
641665538,-0.005518451073615101,-0.0008016871238200272,-0.006571670406704637,0,0,0,0.9995055472376577,-0.02075090694425056,0.012599504520343393,0.01998282732706535
641665542,-0.005519977492960079,-0.0008007187644763937,-0.006570641798101839,0,0,0,0.9995024664038404,-0.020856285381740048,0.01256459645385527,0.020049087975946754
641665546,-0.005521375020840003,-0.000799667030421714,-0.006569629688482332,0,0,0,0.9994997685122277,-0.020918634050278613,0.012539211863581482,0.020134340299950548
641665550,-0.005522727617594648,-0.0007986743495118469,-0.0065686196772014715,0,0,0,0.9994997691730206,-0.020918619371436492,0.012539318199348766,0.02013425652382311
641665554,-0.005524061792387311,-0.000797685742841309,-0.006567612945537446,0,0,0,0.9994961246787221,-0.021013423682062153,0.012571646791948159,0.020196199501716316
641665558,-0.005525272014062903,-0.0007967955731730315,-0.0065665262969555795,0,0,0,0.9994923269014472,-0.021066900893251736,0.012614137895565128,0.020301666853641674
641665562,-0.005526322010708716,-0.0007961087116062156,-0.006565385743407931,0,0,0,0.9994883490786742,-0.021143549770865775,0.012673472288482781,0.020380712922424524
641665566,-0.0055273510846056365,-0.0007954103193917484,-0.006564420160421309,0,0,0,0.9994855391053638,-0.021178111046505032,0.0127376196070808,0.020442548239092567
641665570,-0.005528491757666861,-0.000794672859379847,-0.006563775136112137,0,0,0,0.9994855394304917,-0.021178060523466498,0.012737701308381498,0.02044253377597363
641665574,-0.005529649162016783,-0.000793917918812245,-0.006563226770712802,0,0,0,0.9994820894808385,-0.02121976646394906,0.01284417562786887,0.020501255343839554
641665578,-0.005530999249688943,-0.0007931061585072734,-0.00656278658100836,0,0,0,0.9994790113828231,-0.021295234991966124,0.012900389694158704,0.02053773886264999
641665582,-0.0055325369608208224,-0.0007922496039744588,-0.0065622160046053205,0,0,0,0.9994773554705964,-0.021321156466063723,0.012921234522128781,0.020578286781867003
641665586,-0.005534355905889689,-0.000791418944895519,-0.006561761787167116,0,0,0,0.9994762498977777,-0.021357711323152343,0.012874948961722308,0.020623039216974438
641665590,-0.005536552196701803,-0.0007906428987772726,-0.00656146745878174,0,0,0,0.9994762481082878,-0.021357740218922307,0.01287501566311865,0.020623054376009736
641665594,-0.005538881246321227,-0.0007898815504311086,-0.006561223022424512,0,0,0,0.9994763965200699,-0.021380149712280538,0.01274376636793347,0.020674100132674778
641665598,-0.005541498546262142,-0.000789199197576395,-0.006560718030362456,0,0,0,0.9994768298272633,-0.021420820921259603,0.012585397362865128,0.020708038118611407
641665602,-0.005544129964801758,-0.0007883918185837923,-0.006559986110466587,0,0,0,0.9994783640181458,-0.021464960325697183,0.012317406098003364,0.020749381794255433
641665606,-0.005546694553326643,-0.0007874372538821206,-0.006559223151692095,0,0,0,0.9994799735585612,-0.0214859312617541,0.012032663355177282,0.020817113771461726
641665610,-0.005548986579419892,-0.0007862364582438086,-0.00655833056499686,0,0,0,0.9994799743839394,-0.021485851290422082,0.012032561917082815,0.020817215316107373
641665614,-0.005551237104550958,-0.0007849644703718583,-0.006557402379533674,0,0,0,0.9994817710291658,-0.021486986198737408,0.011774113443260731,0.020877477269123798
641665618,-0.0055535179728556,-0.000783740930366646,-0.006556328773239558,0,0,0,0.9994815511149249,-0.021539392815606438,0.011551809823302558,0.020958034923273743
641665622,-0.005555635405724895,-0.0007825703529893132,-0.0065549748040091916,0,0,0,0.9994820893458787,-0.02154930763982616,0.011336476470425178,0.021039598814535838
641665626,-0.005557811065886817,-0.0007814969874172233,-0.006553425252787809,0,0,0,0.9994815793033666,-0.02155564912225035,0.011230950078764236,0.021113796070226575
641665630,-0.005559965483581321,-0.0007804722618374496,-0.006551656781811837,0,0,0,0.9994815792394095,-0.021555639960629126,0.011231003297469518,0.02111378014273818
641665634,-0.005562127219191593,-0.0007794595582995608,-0.006549825597131071,0,0,0,0.9994799630534346,-0.021586152031907058,0.011145506067154046,0.021204225750245113
641665638,-0.005564286950375364,-0.00077845607405999,-0.006548057085791618,0,0,0,0.9994784356935184,-0.021588838723097834,0.011149655679431277,0.021271196592006544
641665642,-0.005566289839448061,-0.0007773450074633663,-0.006546370692909502,0,0,0,0.99947593620821,-0.021592583049385,0.01115680821666769,0.021380807477603583
641665646,-0.0055681166160055804,-0.0007761210156356749,-0.006544716422963447,0,0,0,0.9994746830907453,-0.02156994327375055,0.011145391886692906,0.021468014521920906
641665650,-0.005569814629859084,-0.0007747859519089614,-0.006543239319589265,0,0,0,0.9994746850400982,-0.02156985881067341,0.011145425323852418,0.021467991271530873
641665654,-0.005571465467024501,-0.0007734245794571072,-0.006541815291804854,0,0,0,0.999472420978952,-0.021538345048867445,0.011202096554157678,0.02157527352828143
641665658,-0.005573186940715237,-0.00077210122977099,-0.006540511383593584,0,0,0,0.9994709795885536,-0.02147447008106157,0.011201051402802196,0.021705864242334925
641665662,-0.005574776359712297,-0.0007708428427686557,-0.006539326603119853,0,0,0,0.9994696755842402,-0.02144654449091851,0.011148008796435507,0.021820522835336507
641665666,-0.00557626304015369,-0.0007695668412454175,-0.006538342421741987,0,0,0,0.9994697197038102,-0.021368968972154827,0.011059661202256061,0.02193924461657417
641665670,-0.005577451792677954,-0.0007682264434415728,-0.0065376422400067165,0,0,0,0.9994697215918253,-0.021368928563123713,0.011059497754143712,0.02193928035850985
641665674,-0.0055785768662772505,-0.0007668800743788257,-0.006537027355232059,0,0,0,0.9994701533703823,-0.021302071135673714,0.010903943964344767,0.022062146158926082
641665678,-0.005579456157618751,-0.0007653311100363869,-0.0065366941127236065,0,0,0,0.9994723355432762,-0.021201555271914967,0.010687371930504232,0.022165843519697345
641665682,-0.005580112605708648,-0.0007637024779463582,-0.006536558050359224,0,0,0,0.9994746637920789,-0.021113964354006202,0.010402170112816288,0.02227985197240885
641665686,-0.00558050053489794,-0.0007621144576050865,-0.00653667150009495,0,0,0,0.9994779861673092,-0.02101766992838956,0.010073674151221412,0.02237261287414783
641665690,-0.0055806022010547,-0.0007606695513793494,-0.006537072390816663,0,0,0,0.9994779866597773,-0.021017738721996845,0.010073522629858953,0.022372594470864322
641665694,-0.005580674442771608,-0.0007592831757834607,-0.006537559158022934,0,0,0,0.9994806081801162,-0.020938664416155692,0.009722601800679997,0.022484599587234012
641665698,-0.005580530190993446,-0.0007579727667038016,-0.00653812700738238,0,0,0,0.9994846831186658,-0.020841277890709237,0.009391026914860368,0.022534816629985268
641665702,-0.005580138951915508,-0.000756722632015918,-0.006538935616640704,0,0,0,0.999488175839756,-0.02075090233988585,0.00910184132551189,0.02258191517747533
641665706,-0.005579470288801344,-0.0007553904992883389,-0.006540065679380844,0,0,0,0.9994915468667083,-0.020683669044843388,0.00882940124603034,0.022602549645446758
641665710,-0.005578656591350598,-0.0007540088549159482,-0.006541454167784699,0,0,0,0.9994915494989973,-0.02068374085434075,0.008829231450688212,0.022602433859073567
641665714,-0.005577832829483206,-0.0007526197379969727,-0.006542918992961023,0,0,0,0.9994937820248101,-0.020648453478995656,0.008616968336805315,0.02261788936549262
641665718,-0.00557709259886312,-0.0007513113389716143,-0.006544212773459239,0,0,0,0.9994967246377696,-0.02060143866358308,0.008468923064569228,0.02258662226822526
641665722,-0.005576595881967291,-0.0007501205467467607,-0.006545500988951824,0,0,0,0.9994986034237066,-0.020586172819146556,0.008380798567004282,0.022550242972071446
641665726,-0.005576333616419648,-0.0007490008979270013,-0.006546890311105503,0,0,0,0.9994994319198023,-0.020602763689577894,0.008352731937927085,0.022508744734370582
641665730,-0.005576299491658447,-0.0007479058445258789,-0.006548171911205277,0,0,0,0.9994994302303538,-0.0206028427696699,0.008352747958831652,0.022508741425114404
641665734,-0.005576327850830265,-0.0007468112641283534,-0.006549421115863749,0,0,0,0.9994997961291799,-0.020649694600844953,0.008384119266476833,0.02243778497858088
641665738,-0.005576413671918719,-0.0007457621228558152,-0.006550549893429941,0,0,0,0.9995001331506292,-0.020704151246165127,0.008455737435677985,0.02234552432745501
641665742,-0.005576721593003075,-0.0007446414760574591,-0.006551534991781538,0,0,0,0.9994998347695953,-0.020783436945634167,0.0085449389007164,0.022251136228562483
641665746,-0.0055773708065250185,-0.0007435435493364434,-0.006552228753843841,0,0,0,0.999499469353617,-0.020885799579809957,0.008650961001828812,0.022130409203060024
641665750,-0.005578471458570511,-0.0007424623596573768,-0.006552559880073805,0,0,0,0.9994994682419823,-0.020885793939336116,0.008651034711853769,0.022130435918263858
641665754,-0.005579683124761668,-0.0007413615425091306,-0.006552784326478507,0,0,0,0.9994972226776695,-0.021039303906069312,0.008793364152030825,0.02203012250676316
641665758,-0.005581169581112547,-0.0007403133495962758,-0.006552487021450894,0,0,0,0.999496138506268,-0.021166429136484626,0.00891717037352588,0.021907429360809652
641665762,-0.0055828622118635,-0.0007393580626545458,-0.006551625371394192,0,0,0,0.9994938950139063,-0.021325379062162662,0.009101109456489441,0.02177961993347501
641665790,-0.005741592709098738,-0.0006962478445977991,-0.006432296327572142,0,0,0,0.9994816820673972,-0.02192729004901317,0.010202084303884515,0.02124802670106852
641665794,-0.005745273365245095,-0.0006954262180498481,-0.006429417313103621,0,0,0,0.999480626834073,-0.02196485848099269,0.01039947222281945,0.0211629996164317
641665798,-0.005749313447893335,-0.0006945996064476532,-0.006426340185345501,0,0,0,0.9994801536958426,-0.021972634973311058,0.01059012830464505,0.021082572493783387
641665802,-0.00575386879962721,-0.0006938123125338414,-0.006423113666220078,0,0,0,0.9994796238307706,-0.02197499195380061,0.010739472426952714,0.021029622148827334
641665806,-0.005758075392754066,-0.0006930248657600484,-0.006420364589539772,0,0,0,0.9994807486477232,-0.02189692588187013,0.01079609967797819,0.021028598413920373
641665810,-0.005762331353003227,-0.0006924017578690071,-0.006417750692394333,0,0,0,0.99948074640952,-0.021897086875949455,0.010796159842575037,0.021028506263388223
641665814,-0.005766596527833548,-0.0006918425057855276,-0.0064151771597088444,0,0,0,0.9994820153601116,-0.021811580058372387,0.010812500749286741,0.021048652560051947
641665818,-0.00577108389285061,-0.0006912991917281563,-0.0064126933408091644,0,0,0,0.9994842162752814,-0.021719461547392904,0.010784477249001832,0.02105377536556352
641665822,-0.005775392964531162,-0.0006907816988140576,-0.006410565214655816,0,0,0,0.999487219828253,-0.021589565393471424,0.010656869990395095,0.021109694173962617
641665826,-0.005779005129827032,-0.0006902899754933397,-0.006409175268879514,0,0,0,0.9994912612665616,-0.02143547255415177,0.010509184384040948,0.021149378519002393
641665830,-0.005782429475793782,-0.0006897786998417172,-0.0064081423653047425,0,0,0,0.999491260553761,-0.02143552246841213,0.01050906173319499,0.02114942256062694
641665834,-0.0057858294084876345,-0.000689286356142053,-0.006407216768047553,0,0,0,0.9994952384655488,-0.021291559184238293,0.010296231002365763,0.021211445479879538
641665838,-0.005789108289994946,-0.0006888673668440847,-0.006406377849419056,0,0,0,0.9994991478294795,-0.021147614866285445,0.010083361715604755,0.021273403350751886
641665842,-0.005792028702845937,-0.0006885323882831679,-0.006405865827396335,0,0,0,0.9995016173126132,-0.02104782240518384,0.009864477994942746,0.021358797610294362
641665846,-0.00579443783566993,-0.0006882051899898151,-0.0064057562362489365,0,0,0,0.9995047419319092,-0.0209286394510615,0.009669483253979051,0.02141877680812977
641665850,-0.0057966282636948115,-0.000687929197506728,-0.006405846654681545,0,0,0,0.9995047439003177,-0.020928731819857927,0.009669250073403036,0.021418699965007136
641665854,-0.005798780216308848,-0.0006876847121499152,-0.0064059967741039265,0,0,0,0.9995066065069509,-0.020835948981311553,0.00949268547989304,0.02150106279668722
641665858,-0.005800851551459674,-0.0006875028349399051,-0.006406057033132,0,0,0,0.9995083570879562,-0.020766261035977507,0.009332869083092027,0.021556995815704937
641665862,-0.005802585857813446,-0.000687179231697562,-0.0064062361710761715,0,0,0,0.9995087198095206,-0.02069469462164306,0.009283777689874206,0.021630074226754004
641665866,-0.005803961867833991,-0.0006866500043849613,-0.006406569376207453,0,0,0,0.9995090104186928,-0.020646283900138243,0.00925151104616705,0.021676683240826954
641665870,-0.005805312302915036,-0.0006858627801130295,-0.006406713695472778,0,0,0,0.9995090127286141,-0.020646284930489967,0.009251309180627191,0.02167666190363665
641665874,-0.0058066452906497725,-0.0006850109098838168,-0.006406799215142585,0,0,0,0.9995091474892269,-0.020569495438943042,0.009310996929031696,0.02171785622324838
641665878,-0.005808014148549845,-0.0006841128813538179,-0.006406786021203467,0,0,0,0.9995074358089764,-0.020543930309583413,0.009406926743980094,0.021779403555505866
641665882,-0.0058094035233739304,-0.0006832926179380043,-0.0064068182692218,0,0,0,0.9995060285571336,-0.020498441963420988,0.009529058129255332,0.021833685126156292
641665886,-0.005810858527418997,-0.0006825901902747572,-0.006407018500019365,0,0,0,0.9995045220767534,-0.020460583322665888,0.009691354206540773,0.021866699153292677
641665890,-0.005812346359312856,-0.0006817598878611106,-0.006407249301640816,0,0,0,0.999504521770651,-0.020460613745040327,0.009691314232259727,0.021866702395430274
641665894,-0.0058138181775064055,-0.0006808974175737122,-0.006407486988047353,0,0,0,0.9995029854250175,-0.020422780771602856,0.00985356790998084,0.02189975688165481
641665898,-0.005815186644031142,-0.0006799105708473469,-0.006407624341519955,0,0,0,0.9995002031917509,-0.020411408616016476,0.010034370215337578,0.021955173247785707
641665902,-0.005816548942717503,-0.0006787486345000996,-0.006408030250184076,0,0,0,0.9994992473142434,-0.020348775577842856,0.010178994571810589,0.02199022556160923
641665906,-0.00581794811300894,-0.0006776259393109837,-0.006408698737233344,0,0,0,0.9994970839443869,-0.02032806568081371,0.010318747728673505,0.022042512961456966
641665910,-0.005819586946690333,-0.0006763665417002869,-0.006409528217310436,0,0,0,0.999497085809896,-0.020328128019380876,0.0103185973395978,0.02204244128258914
641665914,-0.005821281202523685,-0.0006750777574970266,-0.006410403012476612,0,0,0,0.9994965984251892,-0.020258463145716284,0.010420670327365688,0.022080625837553675
641665918,-0.0058228828272974716,-0.0006736933063121965,-0.0064110811256629,0,0,0,0.9994964887115748,-0.020199493209107782,0.010455600522710091,0.02212306364492754
641665922,-0.005824140588203407,-0.0006723289795457515,-0.006411784802580596,0,0,0,0.999496185040231,-0.020152674414591495,0.010424381200405057,0.022194100129369145
641665926,-0.005825173331521226,-0.0006708987176992364,-0.006412500362750066,0,0,0,0.9994977321323659,-0.020054661982486163,0.010356879217305734,0.022244753266860057
641665930,-0.005826133027068749,-0.0006695585702786337,-0.006413376058366403,0,0,0,0.999497736466311,-0.020054571904792137,0.010356851583993609,0.022244652609185355
641665934,-0.00582709331333374,-0.0006682541173880184,-0.0064142992327577975,0,0,0,0.9994983104763635,-0.020011323537615217,0.010215805747927496,0.022322894034786264
641665938,-0.0058278725447357725,-0.000667116082748999,-0.006415153255289113,0,0,0,0.9994994415982607,-0.01996638478764666,0.010074009514966068,0.022376864292590417
641665942,-0.005828124918205335,-0.0006661161419791792,-0.006415803792968869,0,0,0,0.9995005769599616,-0.019898376726366976,0.00991561219615944,0.022457334996269927
641665946,-0.00582804785907013,-0.0006649931850284146,-0.006416429755393273,0,0,0,0.9995011663376513,-0.019860605586680742,0.009816303227743595,0.022508110234883527
641665950,-0.005827900004491796,-0.0006637871702342034,-0.0064172371890420955,0,0,0,0.999501171962692,-0.019860581566588226,0.00981616951717935,0.022507939955764035
641665954,-0.005827747192381209,-0.0006625632546893501,-0.006418098206515404,0,0,0,0.9995021743512698,-0.01982330858488488,0.009714387460196861,0.02254042102769372
641665958,-0.005827516014309592,-0.0006613601202329869,-0.006418840537381965,0,0,0,0.9995034663063044,-0.019766125411788224,0.009638919124387845,0.022565734333303042
641665962,-0.005827325357360331,-0.0006603989993888811,-0.0064192676466371355,0,0,0,0.9995034868217247,-0.01974297137223834,0.009622261574536469,0.022592188800567493
641665966,-0.005827242246179819,-0.0006595902855104488,-0.0064194067475386255,0,0,0,0.999503621021105,-0.019725232726330488,0.00964715580084219,0.022591129775775695
641665970,-0.005827304999327041,-0.0006587545454250553,-0.006419540955674573,0,0,0,0.9995036239740022,-0.019725181688769598,0.009647100670264839,0.022591067235511582
641665974,-0.00582740353725304,-0.0006579168662236746,-0.006419672570263434,0,0,0,0.9995034704449498,-0.019689155805954102,0.009698887789646476,0.022607107019561548
641665978,-0.005827581711395503,-0.0006570296093312988,-0.006419857016969466,0,0,0,0.9995026378206314,-0.019685582124703647,0.009808462831246121,0.02259975448758833
641665982,-0.00582790296352914,-0.0006562166408880439,-0.006420104387658759,0,0,0,0.9995017915563278,-0.019681993081589706,0.009918024348707803,0.022592490279867233
641665986,-0.005828563148851498,-0.0006555136122557209,-0.006420199159856829,0,0,0,0.9995004354211273,-0.019685519084349623,0.010070123822746973,0.022582128720539236
641665990,-0.005829439410676275,-0.0006549380977952392,-0.006420457372722496,0,0,0,0.9995004343751773,-0.019685463833915028,0.010070026149411205,0.022582266733554287
641665994,-0.0058303530906535245,-0.0006543961195436519,-0.006420763777778177,0,0,0,0.9994990225250072,-0.019712118814290976,0.01023888234685261,0.022545545717360085
641665998,-0.005831637192794133,-0.000653806257845943,-0.0064212392423794,0,0,0,0.9994971069290869,-0.019722759204750525,0.010433244041183006,0.02253205335769712
641666002,-0.005833233090057575,-0.0006530240736231694,-0.006421901018536959,0,0,0,0.9994951111445957,-0.019756563513837536,0.010644429732399908,0.022492156674002298
641666006,-0.005835172061152252,-0.000652191232440234,-0.0064225580421540356,0,0,0,0.9994930078696738,-0.019784926552245646,0.0108140590798158,0.0224797692864628
641666010,-0.005837435707929578,-0.0006513558810112547,-0.0064232354650059454,0,0,0,0.9994930064431103,-0.01978494284969413,0.010813982103040274,0.022479855400381343
641666014,-0.005839768880001177,-0.0006505150712678991,-0.00642391752946312,0,0,0,0.9994908722223408,-0.01981328031048821,0.01098371848050352,0.022467491980720792
641666018,-0.005842187686623789,-0.0006496990117059783,-0.006424543585825881,0,0,0,0.9994892526343782,-0.019834523180825812,0.01111099231478275,0.02245821471850665
641666022,-0.005844653507872523,-0.0006487714209205754,-0.006425022741512412,0,0,0,0.9994874167066556,-0.019891225529904095,0.011188737144890756,0.0224511726436934
641666026,-0.005847150744072854,-0.000647727894495268,-0.006425352226179962,0,0,0,0.9994853041615163,-0.019906514289700944,0.011276745675608475,0.02248760683049727
641666030,-0.005849470205390967,-0.0006467551645352221,-0.006425770998096843,0,0,0,0.9994853041067976,-0.019906437776990565,0.011276971853828092,0.022487563571472427
641666034,-0.005851729651350457,-0.0006457963488412787,-0.00642621699960588,0,0,0,0.9994840071898995,-0.01995598639342131,0.011312390903909512,0.02248350041082395
641666038,-0.005853777408853013,-0.0006448352941520563,-0.006426674843900222,0,0,0,0.999482437059701,-0.01996416531780657,0.011358057313500184,0.02252298040729634
641666042,-0.00585548236655287,-0.000643852089940224,-0.006427008552845676,0,0,0,0.9994802116583335,-0.019997156671413056,0.011421333939937514,0.02256043792803227
641666046,-0.005857046524242704,-0.0006428317948570187,-0.006427252512875908,0,0,0,0.9994780765357667,-0.0200124213460042,0.01150934941803407,0.022596734104905418
641666050,-0.005858674453598178,-0.0006418857864222962,-0.006427437020236754,0,0,0,0.9994780807944236,-0.020012377753055414,0.011509335338517274,0.02259659151797501
641666058,-0.005865579644503596,-0.0006387205321815124,-0.006427317307874148,0,0,0,0.9994750054474223,-0.020011153019119373,0.011624846490683986,0.022674439018166223
641666062,-0.005867356057198778,-0.0006381075082466936,-0.006427110354992375,0,0,0,0.9994744119705122,-0.02001261379625822,0.011626082706130117,0.022698663091711237
641666066,-0.005869001147955545,-0.0006374115865093654,-0.006426940244013605,0,0,0,0.999473347286563,-0.0200082595805102,0.011587803113904255,0.02276884782649258
641666090,-0.005918676237476912,-0.0006193429622223984,-0.006422209587241403,0,0,0,0.9994751979127123,-0.019929108876516496,0.011092373165255806,0.023002578861835564
641666094,-0.005919965563391852,-0.0006188995855564244,-0.0064220911857900305,0,0,0,0.9994750934645312,-0.01992854912209806,0.010944266009722972,0.023078420991545084
641666098,-0.005921184575490182,-0.0006184956644608076,-0.006421950442718557,0,0,0,0.9994754430487077,-0.019933763101743118,0.01083549923487402,0.023110079781865966
641666102,-0.005922314003625627,-0.0006180237071107288,-0.006421834912977575,0,0,0,0.9994754556630465,-0.019920703362182966,0.010753801718688288,0.023158904406220485
641666106,-0.00592324078440933,-0.0006174249663721681,-0.006421949881901043,0,0,0,0.9994743286249056,-0.019916420826552362,0.01071538601921499,0.02322892816539074
641666110,-0.00592411028904173,-0.0006166830688471243,-0.006422191641328599,0,0,0,0.9994743299865679,-0.019916455617248627,0.010715337736297114,0.023228862020007672
641666114,-0.005924965113387225,-0.0006159028400561687,-0.006422470862577103,0,0,0,0.9994739213842765,-0.019892807645585736,0.010700747323434921,0.02327339002880056
641666122,-0.005928150712079001,-0.0006134768730054266,-0.006423494772615014,0,0,0,0.9994698360726971,-0.01989270124751716,0.010819558572611692,0.023393682270800503
641666126,-0.00592889944560408,-0.0006128435007421254,-0.00642385430021631,0,0,0,0.9994677229180352,-0.019907893081708785,0.010907692505982057,0.02343008498234382
641666130,-0.005929856989402165,-0.000612134686369922,-0.006424296695868963,0,0,0,0.9994677238673937,-0.019907925179144085,0.010907604725984189,0.02343005807792041
641666134,-0.005930862590648401,-0.0006114077214030702,-0.006424762453492158,0,0,0,0.9994657344149066,-0.019882389819738423,0.011003500646330171,0.023491685317442938
641666138,-0.005931876911335932,-0.0006106104912567109,-0.0064251036616166345,0,0,0,0.9994634984639471,-0.019915393171743616,0.011066747463449295,0.023529119269593234
641666142,-0.0059326757160536705,-0.0006098114746390758,-0.00642535706827222,0,0,0,0.9994619244824463,-0.019900457402755645,0.011095569544798803,0.023594949490993646
641666146,-0.00593322738615212,-0.0006089423767655619,-0.006425483954129276,0,0,0,0.9994607572071483,-0.019919274943972994,0.011074046723268782,0.023638586628454576
641666150,-0.005933678453149577,-0.0006080264755563048,-0.006425601161653773,0,0,0,0.9994607591691383,-0.019919254013025037,0.011074077811104609,0.023638506747419304
641666154,-0.005934112994412511,-0.0006070996592164024,-0.006425715631595507,0,0,0,0.9994601476989398,-0.019907844009633018,0.010993221551643572,0.023711600292221306
641666158,-0.005934308798176999,-0.0006062641949743061,-0.00642580433552162,0,0,0,0.999460034896362,-0.019912465223990528,0.010886802481359667,0.023761521529524564
641666162,-0.005934148759167355,-0.0006054409272112195,-0.006425946371971791,0,0,0,0.9994592722562227,-0.01994188189224717,0.010798022377901879,0.023809392272452663
641666166,-0.005933692623470713,-0.0006046842054738306,-0.006425891217757973,0,0,0,0.9994590599038573,-0.019954188607098106,0.010731820693274994,0.023837910095844864
641666170,-0.005933114761531848,-0.0006039995515828155,-0.0064257484958865786,0,0,0,0.9994590610740679,-0.01995416110190043,0.010731885396919298,0.023837854926338917
641666174,-0.00593250892338307,-0.0006033316540532465,-0.006425580509275019,0,0,0,0.9994577616913607,-0.01999064666831914,0.010685531006782408,0.02388254734697827
641666178,-0.0059319289105324155,-0.0006025734255119391,-0.006425622777924416,0,0,0,0.9994577687102639,-0.01999060641985988,0.010685318244719275,0.023882382495800426
641666182,-0.005931464018904221,-0.0006017084367613625,-0.0064258101202649045,0,0,0,0.9994575721654642,-0.02003907656802918,0.01071736529428721,0.023835581229860795
641666186,-0.00593122033358136,-0.0006006839106089264,-0.006426042090312753,0,0,0,0.9994564136543704,-0.020070976035660357,0.010777416210850065,0.02383024183549326
641666190,-0.005931184906254672,-0.0005995417613815657,-0.006426340959487663,0,0,0,0.9994564165903205,-0.020071002896788474,0.010777339544754764,0.02383013074849033
641666194,-0.005931195937034919,-0.0005983584136539318,-0.006426660040654393,0,0,0,0.9994547188061854,-0.020109977043275613,0.010879864035784375,0.023821889889989283
641666198,-0.005931427421019921,-0.0005971466389704953,-0.006427088531988119,0,0,0,0.9994536341185465,-0.02014725734084338,0.010981426560934485,0.023789273624039597
641666202,-0.0059320068116394484,-0.0005959314172451343,-0.006427328155482734,0,0,0,0.99945255819702,-0.020161504610095856,0.011066399977909903,0.02378302833573646
641666206,-0.005932919508471611,-0.000594740913888555,-0.006427397957140965,0,0,0,0.9994517868713707,-0.020217083666616693,0.01114111690617269,0.023733325972651757
641666210,-0.005934072974866111,-0.0005935451420828424,-0.006427521725139175,0,0,0,0.9994517862016303,-0.020217021447779693,0.011141094416163061,0.023733417734508874
641666214,-0.005935291370798721,-0.0005923470909639318,-0.006427661441346112,0,0,0,0.9994512397273875,-0.020224073957964637,0.011183549768827902,0.02373045415704125
641666218,-0.005936572553907462,-0.0005909071951692497,-0.006427923109892603,0,0,0,0.9994504795120127,-0.020266547175687512,0.011176453317287123,0.023729579853636343
641666222,-0.005937871344606567,-0.0005894161627646227,-0.006428086442840839,0,0,0,0.9994503677993442,-0.020284312053445518,0.011151715791519705,0.023730744303101806
641666226,-0.005939248075945738,-0.0005880121607995779,-0.006428134492001279,0,0,0,0.9994506721171249,-0.020325718894134936,0.011141502289009,0.023687255704445232
641666230,-0.005940721775226152,-0.0005867759144684544,-0.006428167190835814,0,0,0,0.9994506720124638,-0.020325665922278496,0.011141534209559552,0.023687290560712077
641666234,-0.005942227775843201,-0.0005855879349826053,-0.006428195854156012,0,0,0,0.9994505593025592,-0.02034334176938807,0.011116813343148823,0.02368848700421801
641666238,-0.005943778274928102,-0.0005843674548248759,-0.006428386013395389,0,0,0,0.9994504468859766,-0.020360962641315036,0.011092106521532077,0.023689672700481987
641666242,-0.00594533325519069,-0.0005828903843442135,-0.006428528250204107,0,0,0,0.9994508696812893,-0.02037166062131302,0.011024891311826088,0.0236940141893839
641666246,-0.005946918960300051,-0.0005812515283993283,-0.006428471107823398,0,0,0,0.9994518515828303,-0.02036524251450003,0.010980108483712218,0.023678903747078716
641666250,-0.005948454923305847,-0.0005796158046851723,-0.006428353220610748,0,0,0,0.9994518520417849,-0.020365218751361044,0.010980152480752394,0.023678884411110133
641666254,-0.005949989864304134,-0.0005779778448625503,-0.006428218565156692,0,0,0,0.999452155880682,-0.020393506285045944,0.010888263391193757,0.023684145059144117
641666258,-0.005951509758581396,-0.0005762823661332721,-0.006428082689398712,0,0,0,0.9994524496320224,-0.020421795177591427,0.01079636750684804,0.02368944184507229
641666262,-0.005952846999042892,-0.0005745588708575032,-0.006427951687495052,0,0,0,0.9994527320102558,-0.020450091581795084,0.010704456607292332,0.023694827289404675
641666266,-0.005954055298464561,-0.0005728724970237263,-0.006427769193624331,0,0,0,0.9994523861436645,-0.02048009876652804,0.010613370729737741,0.023724454640765218
641666270,-0.005955025989497815,-0.0005712954731718192,-0.006427517168901577,0,0,0,0.9994523847428005,-0.020480119770638707,0.010613376426788562,0.023724492975248385
641666274,-0.0059559329450975425,-0.0005697466893932725,-0.006427245552026453,0,0,0,0.9994521333621693,-0.020515500825247147,0.0105639026575787,0.02372659487450658
641666278,-0.005956718934201941,-0.0005681878896247581,-0.006426784327637544,0,0,0,0.9994517445534393,-0.020568705430953533,0.01048964463956012,0.023729855063128694
641666282,-0.005957341992867907,-0.0005665061202979206,-0.006426167195257878,0,0,0,0.9994504136533539,-0.020605217579431855,0.010443329875236374,0.02377461919276904
641666286,-0.00595796967814665,-0.0005648181077803008,-0.006425636007631145,0,0,0,0.9994496395350481,-0.02064754010255406,0.010436340005348287,0.023773513166306083
641666290,-0.0059585902480142955,-0.0005632326457214049,-0.00642499218098363,0,0,0,0.9994496399230528,-0.020647598586062008,0.010436413373708786,0.023773413852500837
641666294,-0.005959205617343841,-0.0005616743241102123,-0.00642431538567532,0,0,0,0.9994494393494822,-0.020672878532700632,0.01045186753780036,0.023753078582579076
641666298,-0.005959750980415228,-0.0005602111727008484,-0.006423250968467859,0,0,0,0.9994487828897064,-0.020697893292895442,0.010469662681463631,0.02375107906720317
641666302,-0.005960237030133995,-0.0005589507169640924,-0.006421984632666123,0,0,0,0.9994473429644128,-0.02076521202516213,0.01048038802588525,0.023748180514563972
641666306,-0.005960829027057626,-0.0005578890674480255,-0.0064205962842910766,0,0,0,0.9994473106697478,-0.020788307291231847,0.010497429937096969,0.023721792505828194
641666310,-0.005961640202482773,-0.0005568661902322472,-0.006419061692926744,0,0,0,0.999447311860377,-0.020788166766692772,0.010497731700503924,0.023721731949639842
641666314,-0.00596251799172249,-0.0005558486905505751,-0.006417484939995706,0,0,0,0.9994465250992353,-0.020830451707846108,0.010490756206206835,0.023720872305475683
641666318,-0.005963310748429331,-0.0005548144459354808,-0.006415658309037119,0,0,0,0.9994473183406729,-0.020864649888954336,0.010438097786007697,0.023680590390840632
641666322,-0.005963999329817476,-0.0005538969779403267,-0.006413701545652413,0,0,0,0.9994479652899713,-0.020916638695876552,0.010360670872849967,0.023641391720176257
641666326,-0.00596466876760457,-0.0005530730814119765,-0.006411758367752192,0,0,0,0.9994499103123355,-0.020918978154281724,0.01024798655849251,0.02360618353613775
641666330,-0.00596543797384649,-0.0005522023139764079,-0.006409820963294206,0,0,0,0.9994499134833,-0.020918738976048398,0.010248200003238147,0.02360616857030615
641666334,-0.005966251194869656,-0.0005513137592924922,-0.0064078874002502706,0,0,0,0.99945181257859,-0.020944176745570378,0.01015232707751069,0.02354455454521814
641666338,-0.0059670089526963664,-0.0005503874103586787,-0.0064059864270777965,0,0,0,0.9994535241959572,-0.020971803796241015,0.010054869634612346,0.02348906159138742
641666342,-0.005967725842370995,-0.00054944208250989,-0.006403936170604856,0,0,0,0.9994555456703044,-0.020979637116787627,0.009983663747111677,0.02342634229892753
641666346,-0.005968513018159838,-0.0005484191987971341,-0.006401950822713703,0,0,0,0.9994570388648246,-0.020978893425133115,0.009978386568315458,0.023365472297956238
641666350,-0.005969408257096924,-0.0005473038637381312,-0.006400148272857216,0,0,0,0.9994570422263618,-0.020978734275064054,0.009978503856167985,0.02336542131315774
641666358,-0.005973525670606267,-0.0005430009128937148,-0.006393676336396971,0,0,0,0.99946052781425,-0.020954159663535192,0.009997614811582206,0.0232298134330672
641666362,-0.005974792340983235,-0.0005419941273491918,-0.0063919210819866614,0,0,0,0.9994622318791998,-0.020942946327136426,0.01005654858514278,0.023140999907994054
641666366,-0.00597619889850779,-0.0005409876780121264,-0.006390096635933818,0,0,0,0.9994636618123093,-0.020911901261570862,0.010144453336843069,0.02306883544639656
641666390,-0.006046938090979023,-0.0005168563522456743,-0.006349714466686144,0,0,0,0.9994733818567664,-0.020638578294910732,0.010296373061898857,0.02282526555231048
641666394,-0.006049069719043607,-0.0005162935877725401,-0.0063488112376148985,0,0,0,0.9994765388649567,-0.020551064650858833,0.010250337638968226,0.02278667546023703
641666398,-0.006051202635025542,-0.0005157698064839541,-0.006347972112769764,0,0,0,0.9994796287657685,-0.020458021940744545,0.010218353649853679,0.022749203704750053
641666418,-0.006102899878364381,-0.0005090250069368986,-0.006333300554488243,0,0,0,0.9994924156675485,-0.02011484866241799,0.009899033010307954,0.02263433303186728
641666426,-0.006109729427607336,-0.0005087898870244007,-0.006332449140302061,0,0,0,0.9994977679809594,-0.01999622401364551,0.009840751858753041,0.022528258457566657
641666430,-0.006111278550704346,-0.0005087681447662092,-0.006332565053130568,0,0,0,0.9994977924652474,-0.019996505976421743,0.009839507536076498,0.02252746539847517
641666434,-0.006112768921254853,-0.0005087586806129128,-0.0063327786324687465,0,0,0,0.9994990394070629,-0.01998315509062732,0.0099023645986077,0.022456333457150843
641666438,-0.006114420525333358,-0.0005086380264991387,-0.006333235861642533,0,0,0,0.9994999040016722,-0.019959232612750184,0.01003262985300216,0.022381181210799884
641666442,-0.006116254586517292,-0.0005085408239179508,-0.0063336518740012004,0,0,0,0.9994996627921338,-0.01994395090998736,0.010205932063399405,0.022327155018680735
641666446,-0.006118302937748347,-0.0005085153683545734,-0.0063341279688217305,0,0,0,0.9994994578620249,-0.01993411343888067,0.01042094137955188,0.022245647567294927
641666450,-0.006120644523882078,-0.000508501693774964,-0.00633480646334194,0,0,0,0.999499452330535,-0.01993422601656072,0.010420814886815868,0.022245854471697062
641666454,-0.006123035610927792,-0.0005084874020552909,-0.006335543320874986,0,0,0,0.9994985560978646,-0.019949189356963618,0.010653529956011664,0.022162321668998054
641666458,-0.00612567979635217,-0.000508428590491217,-0.006336237776245049,0,0,0,0.9994977055688343,-0.01994640288846021,0.010910844988302104,0.022077840385514524
641666462,-0.006128481188113933,-0.0005083288007521801,-0.006336862780994251,0,0,0,0.9994956865365546,-0.019962408341118208,0.011146651797478792,0.022036946289123772
641666478,-0.006178513253517811,-0.0005068243075159377,-0.0063484547632632156,0,0,0,0.9994944427277607,-0.01995780070847683,0.011653510507024302,0.021834395802648673
641666486,-0.006191770936739029,-0.0005066536725044954,-0.006351015349130729,0,0,0,0.9994932716444619,-0.019983465195096313,0.011822681299272716,0.021773499101936586
641666490,-0.006195203996524845,-0.0005066068388280819,-0.006351710427043942,0,0,0,0.9994933190791284,-0.019982995089122112,0.011824847311728006,0.021770576692176545
641666494,-0.00619866770032733,-0.0005065613973587453,-0.006352421144417748,0,0,0,0.9994939792385618,-0.019963599002093046,0.011848928132429151,0.02174495534282448
641666498,-0.006201988931979833,-0.0005063521554653688,-0.006353253911859362,0,0,0,0.9994939660769246,-0.019963794410177822,0.011849376476516441,0.02174513659845037
641666502,-0.006205195362193986,-0.000505962465089537,-0.006354183469715295,0,0,0,0.9994946175610249,-0.0199391727177978,0.011831907803374023,0.021747294443288583
641666506,-0.006208241065067961,-0.0005055384688411923,-0.006355171728048491,0,0,0,0.9994951120903548,-0.019949804538136388,0.011764802021957713,0.021751221569453666
641666510,-0.006211100748000614,-0.00050515802526314,-0.006356312003021257,0,0,0,0.9994951180101136,-0.01994979023147539,0.011765051906456018,0.021750827508572844
641666514,-0.006213916589044443,-0.0005047933790862199,-0.006357498002804708,0,0,0,0.9994962666429766,-0.01993561741111019,0.011680001611033336,0.021756876787716404
641666518,-0.006216542208421945,-0.0005043263339907667,-0.006358893686336711,0,0,0,0.9994962531789953,-0.019930389371445294,0.011638704228584136,0.02178439864976929
641666522,-0.0062190087443768265,-0.0005039054389082036,-0.006360405422530967,0,0,0,0.999495749153653,-0.019942094881028466,0.011574633333203048,0.021830898715717778
641666526,-0.006221375616939349,-0.0005034681272424119,-0.0063619808182556635,0,0,0,0.9994950859434932,-0.019961520230309025,0.01155050238400028,0.021856275519422864
641666530,-0.006223582863037852,-0.000502946061596888,-0.006363714822290846,0,0,0,0.9994950821300949,-0.019961688541010072,0.011550553868516087,0.021856268978878917
641666534,-0.006225738941846918,-0.0005023952880715621,-0.006365495962485517,0,0,0,0.9994934413604226,-0.019987623140011387,0.011571060315893214,0.0218967157783587
641666538,-0.0062278024395290765,-0.0005016489310298323,-0.006367487371225446,0,0,0,0.9994917948361781,-0.02001926204138108,0.011633499812582803,0.021909880980610315
641666542,-0.006229884951652884,-0.0005007959426228776,-0.006369729213596183,0,0,0,0.9994890047552935,-0.0200594567867977,0.011738987236662007,0.021944105025019277
641666546,-0.00623196270146173,-0.0004997068065742753,-0.006371838577654346,0,0,0,0.9994849545716131,-0.020126326024181962,0.011862557362489472,0.022000825406574175
641666550,-0.006234159648108608,-0.0004983394109421711,-0.006373886374095955,0,0,0,0.9994849546069792,-0.020126681541709927,0.011861984401232374,0.022000807495827612
641666554,-0.006236369594278103,-0.0004968818349584211,-0.006375914466250047,0,0,0,0.9994815581175086,-0.020173712914940623,0.01200994562877723,0.022031738383902127
641666558,-0.006238600749759358,-0.0004954042374222487,-0.006378095278826266,0,0,0,0.9994782275523975,-0.020197444232453565,0.01214127439776191,0.022089032373398796
641666562,-0.006240824333965844,-0.0004940755511871381,-0.006380422747407224,0,0,0,0.9994742135397015,-0.02027889893503906,0.012242262780881,0.02214022875179028
641666566,-0.00624289416907115,-0.0004927737535101977,-0.006382555136508466,0,0,0,0.9994707540313383,-0.020320678778387953,0.012348714619491373,0.022198898559611907
641666570,-0.006244842686273725,-0.0004913370739523302,-0.006384448078368268,0,0,0,0.9994707445869664,-0.02032106944324332,0.012348624460785348,0.02219901631569523
641666574,-0.006246736361972488,-0.0004898509317572955,-0.006386268740434338,0,0,0,0.9994661671455186,-0.020386980974980574,0.012475182653881095,0.022273786295200663
641666578,-0.0062482900049907735,-0.00048820346144715554,-0.006388187841593553,0,0,0,0.9994626549094415,-0.0204287758865389,0.012582479283861272,0.02233266155699811
641666582,-0.006249711485781178,-0.00048643865384148124,-0.006390460582501877,0,0,0,0.9994587920360657,-0.020452002779571793,0.01271638489073316,0.02240830559019312
641666586,-0.006251310573464778,-0.00048470849800207174,-0.006392507874889865,0,0,0,0.9994541641670908,-0.020517995103449465,0.012841951063655163,0.02248265773603326
641666590,-0.006252930064247923,-0.00048314638883247804,-0.006394346834581734,0,0,0,0.9994541799563009,-0.02051771464352558,0.012841686820832565,0.02248236271570339
641666594,-0.0062545268729973895,-0.00048162653674027037,-0.0063961222090689615,0,0,0,0.999449376054848,-0.02057346659014154,0.013033086888912276,0.02253476918420958
641666598,-0.006256174916648246,-0.0004799743894877054,-0.006398203865347742,0,0,0,0.9994454301387105,-0.020596831222561757,0.01316679400761327,0.022610578364970862
641666602,-0.006258131323270574,-0.0004782756812576538,-0.006400637625949603,0,0,0,0.9994418508217741,-0.02063830013827262,0.013272764601624128,0.022668946009449728
641666606,-0.006260266536992544,-0.00047635145418421077,-0.006403209398523469,0,0,0,0.9994384377209479,-0.020672860805860834,0.013338824348247482,0.02274901749568431
641666610,-0.006262295058938141,-0.00047426618087029047,-0.006405641658275789,0,0,0,0.9994384186387136,-0.02067340888195514,0.013338961462388195,0.02274927737866602
641666614,-0.006264292719089643,-0.00047212732970563966,-0.006408032174820325,0,0,0,0.999436017744711,-0.02071869972092579,0.013335895501525584,0.022815253836853323
641666630,-0.006294247975010318,-0.00043456916677017275,-0.0064467729530553125,0,0,0,0.9994299560493566,-0.020936654885656148,0.013106150348785643,0.023014088216028915
641666634,-0.006296082526347797,-0.0004321584011287691,-0.006449197368926133,0,0,0,0.9994275998359287,-0.02104377524341955,0.013014643428167376,0.023070571430648525
641666638,-0.006297665543645391,-0.0004293535582362645,-0.0064515941919524745,0,0,0,0.9994247981567583,-0.021160677829465752,0.012913463966344638,0.023141758608855117
641666658,-0.006330050577382308,-0.0003571783374383189,-0.006485504139650159,0,0,0,0.9994052983276199,-0.0218765392523865,0.012843425948289054,0.023356222188765267
641666662,-0.006331417641364793,-0.0003541739439225061,-0.00648629911553252,0,0,0,0.9993991611760821,-0.02203349515925817,0.0129837297946168,0.023393684879279734
641666666,-0.006332797870967424,-0.00035088772988777704,-0.006486778570495668,0,0,0,0.9993916143929469,-0.02223438278997604,0.013129622522654505,0.02344453700589166
641666690,-0.0064090830239535036,-0.00021815794930251365,-0.006464782750860309,0,0,0,0.9993643383180768,-0.022929604825575253,0.013873001173747821,0.023509410010639702
641666694,-0.006411421105909575,-0.0002143848366479891,-0.006463846320011258,0,0,0,0.9993589668209124,-0.02302191958800636,0.014038592245488991,0.023549194909518973
641666698,-0.006414169098729261,-0.00021053494682647086,-0.006462751261692815,0,0,0,0.9993549103166472,-0.02310348276601511,0.014137881969107624,0.023582039850572122
641666702,-0.006417305119300206,-0.00020666989112542284,-0.006461548226170965,0,0,0,0.9993516755766204,-0.02315492688351954,0.014177861314462819,0.023644579331585727
641666706,-0.006420374307650171,-0.00020289995884924773,-0.0064604494993334835,0,0,0,0.999349639309849,-0.023214972767551818,0.014149818713077232,0.023688522137601597
641666710,-0.006423346157468915,-0.00019908234264338272,-0.006459468299147956,0,0,0,0.9993496304565825,-0.02321392047302693,0.014150243974476952,0.02368967281384067
641666714,-0.006426307427832958,-0.00019524563179858432,-0.006458525220479027,0,0,0,0.9993483408589174,-0.023262278725681727,0.01403773148948943,0.023763461567011528
641666718,-0.006429196382064961,-0.0001911371028489716,-0.006457610335282639,0,0,0,0.999348794472122,-0.023253403740288805,0.013849701126594739,0.023863193003280676
641666722,-0.006431945130986734,-0.0001868444385631668,-0.0064570111470633376,0,0,0,0.9993494786027046,-0.02327968880692711,0.01361023430739263,0.02394654938927614
641666726,-0.006434141925500688,-0.00018243549101385956,-0.006456794993463482,0,0,0,0.9993515142570003,-0.023268845941959132,0.013268556909585269,0.024063606510811915
641666730,-0.006435672944302761,-0.0001779690937380118,-0.0064567061474604765,0,0,0,0.9993514809191417,-0.023269080882064287,0.013267927016414773,0.024065111101119408
641666734,-0.00643706637128181,-0.0001734925740718954,-0.0064566578978300215,0,0,0,0.9993546930709096,-0.02325125712023841,0.01288269495245264,0.024158076294250454
641666738,-0.0064380925729528036,-0.00016888334153541894,-0.006456478135458306,0,0,0,0.9993564790040064,-0.023252706765549188,0.012475650161351331,0.024296041937772076
641666742,-0.006438189071751932,-0.00016414922430709,-0.006455855158481988,0,0,0,0.9993584732424524,-0.023255565416302297,0.012066064796273738,0.024417836022355182
641666746,-0.006437281116358062,-0.00015926312656995456,-0.006455123201821568,0,0,0,0.9993598752122277,-0.023255931663076043,0.01165933261910146,0.024557308915273243
641666750,-0.006435764138000487,-0.00015424405669801347,-0.00645450308507103,0,0,0,0.9993599167461218,-0.023254961500181238,0.01165930458622308,0.024556550722270473
641666754,-0.006434129975602266,-0.00014918488403615262,-0.006453918079637119,0,0,0,0.9993609874404006,-0.02328036752650748,0.011268292512790528,0.024671174552991098
641666758,-0.006432462560619433,-0.00014456985387001,-0.0064528677988249915,0,0,0,0.9993622822512573,-0.02333761058648121,0.010934201920200637,0.02471493423095863
641666762,-0.006430204203559523,-0.00014023343431264279,-0.006451388818476667,0,0,0,0.9993632326843594,-0.02336542484545013,0.010691647870803943,0.0247563072016991
641666766,-0.006427323521357213,-0.00013566536207236881,-0.00644999497634463,0,0,0,0.9993636536179679,-0.023420187466013966,0.010507014037327799,0.02476661669308893
641666770,-0.006424440997342132,-0.00013071886902206467,-0.006448827071133054,0,0,0,0.9993637198580927,-0.02347161343627964,0.01042999602033611,0.02474780752125845
641666774,-0.006421555377858108,-0.00012566325603225446,-0.00644772690242948,0,0,0,0.9993637830037345,-0.02347110136228994,0.010430056102343465,0.024745717831731875
641666778,-0.006419002383309257,-0.00012037431507538779,-0.0064467861945524275,0,0,0,0.9993640347740117,-0.02353472975879994,0.01043668886488188,0.02467221151266561
641666782,-0.006416886383616158,-0.00011502821892000929,-0.006445887020836734,0,0,0,0.9993632230179198,-0.023590400296071408,0.010511867404019739,0.02461995403706561
641666786,-0.006415344356607321,-0.00010984226914022668,-0.006445011308770462,0,0,0,0.9993639340976825,-0.023661384215139213,0.01055835047499517,0.024502803045235368
641666790,-0.006414664362853858,-0.00010445139861449786,-0.006444221573355059,0,0,0,0.9993640298964556,-0.023661017415498205,0.010558851091757679,0.02449903401364681
641666794,-0.0064142269907571416,-0.0000989878977939811,-0.006443459924149387,0,0,0,0.9993630286769739,-0.023739874121339374,0.010650188029728924,0.024423938773671945
641666798,-0.00641406909041176,-0.00009306767965533503,-0.006442510051854093,0,0,0,0.9993635730781667,-0.023805736272743912,0.010655020568795122,0.024335288402466834
641666802,-0.006413973250769446,-0.00008697959752920809,-0.00644161519443978,0,0,0,0.999364546450306,-0.023886436303950122,0.010633307384694734,0.02422548725896224
641666810,-0.00641506464619095,-0.0000617145678443104,-0.006440697199409363,0,0,0,0.9993653587890468,-0.023978011435657184,0.01058745098309803,0.024121370228742837
641666814,-0.006415460770256196,-0.000055330623985064235,-0.0064406692740335905,0,0,0,0.9993662050828817,-0.024052002394606233,0.010481101814606486,0.024059007124180392
641666818,-0.006415908968333339,-0.00004904212872219465,-0.006440538046921608,0,0,0,0.9993676311886242,-0.024151149018446186,0.01028390852071356,0.023985432225925845
641666822,-0.006416352999519816,-0.00004279286524476445,-0.006440272328430284,0,0,0,0.9993709397683194,-0.024252188256144076,0.009973950629170353,0.023876273164410045
641666826,-0.006417303040722707,-0.000036494482183631686,-0.006440044952350962,0,0,0,0.9993746483524895,-0.02433903355721129,0.009579995059916255,0.023793851527041568
641666830,-0.006418662086472181,-0.00003019049259568726,-0.006440171711049883,0,0,0,0.9993747175965575,-0.0243370752910378,0.009579782929611516,0.023793031629047674
641666834,-0.006420226574035773,-0.00002387565981380111,-0.006440411596260833,0,0,0,0.999380030106357,-0.02441898730638046,0.009032673719981796,0.02369977402879895
641666838,-0.006421824453747132,-0.00001722234518273175,-0.006441193065786134,0,0,0,0.999386195926558,-0.024494577633369118,0.008333480427190539,0.023617793334181115
641666842,-0.006423957122320392,-0.000011191260547215418,-0.006441780421958487,0,0,0,0.9993933801596844,-0.024583302225322196,0.007412434014212677,0.023528467155431516
641666846,-0.00642702281103509,-0.000005101682844680769,-0.0064422153965143,0,0,0,0.9994019313092947,-0.024648589070670433,0.006360867391823052,0.023404403818529745
641666850,-0.006430531350879479,0.000001932968387460157,-0.006443155083931219,0,0,0,0.9994019478280067,-0.024646081730930986,0.006361406829430665,0.023406192258650628
641666854,-0.006434371329516804,0.000009247498539734676,-0.00644426261532782,-0.0019199893186625711,0.00365726507613726,-0.0005537656983008361,0.9994154770961075,-0.02467161047289295,0.005059484542396998,0.023362400174025633
641666858,-0.006445983246909746,0.000031135705955197545,-0.006448016384419285,-0.0038859693778082374,0.007286838631594174,-0.0013231188474312745,0.9994333522832485,-0.024708468266803466,0.0035779796810218156,0.02329656878061631
641666862,-0.006465777000117698,0.00006762522330377164,-0.006455169437131009,-0.0060109072261679665,0.010957920042692873,-0.0022534075084306516,0.9994174600198997,-0.02474406309938825,0.0018367155283957187,0.023265913095458002
641666866,-0.006494615110727572,0.00011882574470245552,-0.006465341254882779,-0.008408148078768975,0.014642340656649072,-0.002832501367454846,0.9994360104629118,-0.024789635885278667,-0.00012487856093633398,0.023256792949955418
641666870,-0.006533319106647683,0.00018465471426522381,-0.0064772302751307876,-0.010943849881286605,0.018272144124735077,-0.0031120087565493933,0.9994360104629118,-0.024789635885278667,-0.00012487856093633398,0.023256792949955418
641666874,-0.006582272774879137,0.0002650058409928318,-0.006490245965481029,-0.013532984234440097,0.02190341923906892,-0.0033958364185713245,0.999432890315094,-0.024836623448642365,-0.0021971941225978533,0.02323010683793142
641666878,-0.006641801182384775,0.00036001504278095807,-0.006504341721998939,-0.01623121951837904,0.0256011816549942,-0.0036520418403840228,0.9994145913466819,-0.024923380322955054,-0.00442565771465615,0.023255177924189407
641666882,-0.006712078081229181,0.0004698514648012809,-0.006518850183829366,-0.018907229903824256,0.029317029355167196,-0.0036021890748294187,0.9993983255969827,-0.024992468778131424,-0.006629342676102781,0.023279200268225497
641666886,-0.006792885134323032,0.0005944810516000666,-0.006532090159973831,-0.021496296643101223,0.03299776404422563,-0.0030177989974030485,0.9993850132767552,-0.025082887867733744,-0.008705686488305392,0.023293976729458876
641666890,-0.006883652807183197,0.0007339735991573292,-0.006541765300787874,-0.0238875397869812,0.03674850973440565,-0.0018197714096185717,0.9993850132767552,-0.025082887867733744,-0.008705686488305392,0.023293976729458876
641666894,-0.006983698166941792,0.0008886243153990701,-0.0065457525963806655,-0.026135140092316454,0.040576848386464776,-0.0001738763867767904,0.999359939396335,-0.02521393500747556,-0.010528396744241799,0.023265482794475323
641666898,-0.007092759042253866,0.0010587738683724174,-0.006542376521173225,-0.028395297563720365,0.04449792810020891,0.0018619139904970932,0.999357430238657,-0.025337655853863324,-0.012017958106699181,0.023282576547580758
641666902,-0.0072111556264779185,0.0012449253160682224,-0.006529794805801022,-0.03080299454830613,0.048577795747693615,0.004428943695604794,0.9993254650228025,-0.025455060962235085,-0.013135069752594935,0.023267840136005857
641666906,-0.007339871279584221,0.0014476435051173366,-0.006506026857487058,-0.03355483200484481,0.052781298776863494,0.007455030461377276,0.9993180977484024,-0.02554747135811645,-0.013894253874400013,0.023297642670298102
641666910,-0.007480070086808013,0.0016673813378510786,-0.006469237008600852,-0.03654457160705149,0.05708761759000745,0.010939893981725646,0.9993180977484024,-0.02554747135811645,-0.013894253874400013,0.023297642670298102
641666914,-0.007632406085620362,0.001904517410944712,-0.006417891543233392,-0.0396234277991229,0.06148041895680922,0.014732838702004312,0.999324834473527,-0.025579980504217392,-0.014359756644154759,0.023309873649744517
641666918,-0.007797332418728723,0.0021593087807293297,-0.006350946455845291,-0.04283973875505779,0.06591526593549957,0.018739704992045886,0.9993087354421738,-0.0255807507616041,-0.014618467193183876,0.023369827988607206
641666922,-0.007975766594117206,0.0024318564880182864,-0.006267566066290755,-0.0463773489391834,0.07035858770897872,0.02295048978522208,0.9993048357230951,-0.025475510504172752,-0.01472850595854303,0.02342348987413917
641666926,-0.008169000379037743,0.002722083272371883,-0.006167522251091341,-0.05023954352108532,0.07475480446781947,0.027071417814484713,0.999297956495697,-0.02530402904287237,-0.014846020970628973,0.023522616504622174
641666930,-0.008377775019346228,0.0030299271484820964,-0.006051638812172869,-0.05414777663315738,0.07916713358728711,0.03087030164475168,0.999297956495697,-0.02530402904287237,-0.014846020970628973,0.023522616504622174
641666934,-0.008602048659816302,0.0033555301185692397,-0.005921007020393154,-0.05798904360187915,0.08363435145628464,0.03444559424510554,0.9993098586953884,-0.025077913327585757,-0.015040271128513813,0.023653670164075824
641666938,-0.008841428918944903,0.0036989513062605436,-0.00577639502990431,-0.061701085962421236,0.08807624238936722,0.03786040099931631,0.9992992082803738,-0.024737413924680058,-0.015388055843727592,0.023816689039383943
641666942,-0.009095340184983116,0.004060086148619372,-0.005619013264703979,-0.06525454705668504,0.09249117879004701,0.04083048160084931,0.9993043858629769,-0.02432094963336218,-0.01593991685398427,0.024020880826465474
641666958,-0.010245899336161211,0.005679320525440482,-0.004913712025618669,-0.07856534684057682,0.10991311831259172,0.04733217328481447,0.9992660369178255,-0.022472996915884762,-0.01970823114022623,0.024660058474867297
641666962,-0.01056636025264212,0.006127623460648761,-0.004723912125103742,-0.08166511139987712,0.11423834929154801,0.04756777697264941,0.9992283613657705,-0.021723211424417316,-0.021845321901976057,0.024914074831358324
641666966,-0.010898967963209223,0.006593391963605767,-0.0045346110952722805,-0.08463874388367454,0.11864590218695498,0.047082737943081134,0.9991869025180629,-0.020926117972317717,-0.024392296703003784,0.02515443052873112
641666990,-0.013157335449725048,0.009764556129624152,-0.0035031444787611142,-0.10355854665931094,0.1456177783145771,0.03887281343284939,0.9987818067414511,-0.017240789372772063,-0.038370035487750975,0.02618693214829043
641666994,-0.013578543563004345,0.010356125310167913,-0.0033518000007708346,-0.10704550998033782,0.15016681195730344,0.036799425562290405,0.9986447270054656,-0.016214501970001252,-0.04238505287655363,0.026501234417561526
641666998,-0.01401369529976652,0.010965916885814808,-0.0032089345979791828,-0.11053035840074958,0.1547289758661443,0.034633275833535586,0.9984434653631706,-0.015218436225856488,-0.0464496917923108,0.02678574532918926
641667002,-0.014462674599667158,0.011593991841690417,-0.003074430952280097,-0.11395929154956917,0.15930850207166,0.03261854701600719,0.9982649873196588,-0.014164288231539805,-0.05048139312375919,0.027094970605697488
641667006,-0.0149256157400826,0.01224083319697516,-0.0029481868708413333,-0.11751127865815253,0.16411217557071114,0.030503493703374785,0.9980758607239073,-0.013094100814663973,-0.054337244786962044,0.02736807388434781
641667010,-0.015402790808078467,0.01290732293091912,-0.00283125503024193,-0.1210762553397803,0.1691326914012688,0.027962426596326737,0.9980758607239073,-0.013094100814663973,-0.054337244786962044,0.02736807388434781
641667014,-0.01589425846975022,0.013593847822984641,-0.002725138401393766,-0.12465757549609652,0.17412975463149186,0.02509588782775522,0.9978744444713026,-0.012116902185250099,-0.058161787862433305,0.02767857329883061
641667018,-0.01639992056275005,0.014300103974807559,-0.0026298777808972966,-0.12817347100381862,0.17899832127996676,0.022534422420479597,0.9976663175724207,-0.011152104979178363,-0.06164069307066703,0.027940622871718723
641667022,-0.01691943188588981,0.015026108292045247,-0.0025444505700857943,-0.13158219056606305,0.18400383733887718,0.020179182985271528,0.9974444983472489,-0.01013691598876542,-0.06489110938849768,0.028206900012053282
641667026,-0.01745293764198638,0.01577293958033183,-0.002469473580515514,-0.1351706874822208,0.18941180680441388,0.0173093117998686,0.9972434881795542,-0.009453827149609701,-0.06813216619426185,0.028468280848782
641667030,-0.018000601467989465,0.016542142496243875,-0.0024065574699929917,-0.13866122551932117,0.1951896511516076,0.014148743461392495,0.9972434881795542,-0.009453827149609701,-0.06813216619426185,0.028468280848782
641667034,-0.01856190662705676,0.017334917370292493,-0.0023561839912859604,-0.14199135401432714,0.2011977858727006,0.011037995892123228,0.9970286189672235,-0.008860923621816803,-0.07108425260548712,0.028682324851869112
641667038,-0.01913656377562821,0.018152028347912078,-0.002318390093193471,-0.14533722027139775,0.20735770293709238,0.007858953154121343,0.9968237873169923,-0.008243455682516167,-0.07379221492588539,0.028880894784553857
641667042,-0.019724855990955924,0.018994680601755003,-0.002294027654931437,-0.1488088873924592,0.2139684239843698,0.004322265976895737,0.9966177783930772,-0.007714544058001158,-0.07636227788937863,0.02906720113923289
641667046,-0.020326840539029056,0.0198641507677002,-0.0022845873947015924,-0.15218338664410638,0.22076665898822817,0.0003978641380264717,0.9964409684644135,-0.007319503539850067,-0.07906432869389612,0.02926487694000557
641667050,-0.020941790897137925,0.020760287964688966,-0.002290393176065593,-0.15529179241032862,0.2273019395061558,-0.0033007548200267526,0.9964409684644135,-0.007319503539850067,-0.07906432869389612,0.02926487694000557
641667054,-0.021569337152013226,0.02168222465840988,-0.0023101478171781236,-0.15848133502732134,0.2336664073543,-0.006576565736238453,0.9961999505505935,-0.006909774110881955,-0.08169613612285093,0.029468980245283327
641667058,-0.022209576366334412,0.02263045662567498,-0.0023421348227271126,-0.1616382721332717,0.2404495762782515,-0.009416937038256093,0.9959828553223566,-0.006430205528486338,-0.08449265475803482,0.029668727451652277
641667062,-0.02286186731710504,0.023607063580272047,-0.0023841321633466593,-0.1645072032520431,0.24785390102028157,-0.011581733271517314,0.9957193108726782,-0.0059510029813422145,-0.08739786164683574,0.02986857711063612
641667066,-0.023525181352869115,0.02461385065407779,-0.0024338155393019245,-0.1671498146299943,0.2555396358825912,-0.013259954706115308,0.9954486822903719,-0.005517695480131793,-0.09041985147721968,0.030074654957219504
641667070,-0.02419891342850277,0.025651948125746938,-0.0024888963281102946,-0.16971622318683333,0.2635090999519821,-0.014280439698069827,0.9954486822903719,-0.005517695480131793,-0.09041985147721968,0.030074654957219504
641667074,-0.024883142396981802,0.02672229601301744,-0.0025467702846101257,-0.17239826105268224,0.2716648436832689,-0.014656538551845752,0.995151557599073,-0.00534596626978078,-0.09370384803667087,0.030289251273039663
641667078,-0.025577904975099756,0.027825622882893863,-0.002604387493981758,-0.1749830280062953,0.27999859125494325,-0.014152066133970471,0.9948150938978075,-0.005173618618190639,-0.09709961481067333,0.030461502991726785
641667082,-0.02628199221120188,0.02896306876011438,-0.0026577955577494253,-0.17706059004476643,0.28872434735531444,-0.012551965749863165,0.9944589667455772,-0.0049401067554943525,-0.10046145952387638,0.030651358863819034
641667086,-0.026993946208345526,0.030136676178743337,-0.0027036031702031894,-0.17891640852705626,0.29807936195916473,-0.010351840477018875,0.994126633747468,-0.0047005334235445395,-0.10386778450553985,0.030826628277709156
641667090,-0.027713729324471376,0.03134934792961511,-0.0027394955257319274,-0.18097514953586802,0.30825651347671856,-0.007594337287350115,0.994126633747468,-0.0047005334235445395,-0.10386778450553985,0.030826628277709156
641667094,-0.028442419191668716,0.0326038419693691,-0.002763558210140255,-0.18336978406280097,0.3189905064002775,-0.004437004916813741,0.9937352982884273,-0.0043991774392494395,-0.10735195764095518,0.030977157247871312
641667098,-0.029181206411908085,0.03390226749336786,-0.0027739621138940266,-0.18602382605688367,0.3302222555991018,-0.0007649469600720018,0.9933420581421366,-0.004051712189916703,-0.11098114034475087,0.031138965319548684
641667102,-0.029930609441323107,0.0352468645255329,-0.0027682586480275526,-0.18867768865062745,0.34207626048341716,0.0036166798933090485,0.9929095171727631,-0.0036268290878147744,-0.11466234382946494,0.03129976283588792
641667106,-0.030691293060872298,0.03664036838398974,-0.0027446504407512796,-0.1916641211239689,0.3546756687450035,0.008187423744827485,0.9924913633446866,-0.0030593999370275918,-0.1184101927401833,0.03142723065381947
641667110,-0.03146549872081604,0.03808600201966068,-0.002703371940691141,-0.1954387088479024,0.3681411490904632,0.012451826285241822,0.9924913633446866,-0.0030593999370275918,-0.1184101927401833,0.03142723065381947
641667114,-0.03225617893248749,0.039586373514404756,-0.0026456163453851475,-0.19990139698782328,0.38204459828157755,0.01642597136775485,0.9919753244255423,-0.0024890406414537145,-0.12252753793799141,0.0315651980020053
641667118,-0.03306541568652141,0.04114179339760983,-0.002571147785860494,-0.2047169800291336,0.3956653433209599,0.020808308394571966,0.9913914609439348,-0.0017161073787266314,-0.12704500530365054,0.0317474965966662
641667122,-0.03389413357131262,0.042750601645882486,-0.0024785102636761046,-0.2096419623664718,0.40873878081536913,0.025510452697622744,0.9907841246368622,-0.0007897913748181572,-0.13181856974527095,0.03196995754776244
641667126,-0.03474312865908571,0.04441095984053988,-0.002367809386170468,-0.2148555815200717,0.421440316513329,0.0298399860551956,0.9900379873898733,0.00006293384718201664,-0.1372780572379307,0.03223920674531705
641667130,-0.035614042804181636,0.046121110206952615,-0.0022384468898707204,-0.22060149102789164,0.4336348666930378,0.03484126209467815,0.9900379873898733,0.00006293384718201664,-0.1372780572379307,0.03223920674531705
641667134,-0.03650927890255868,0.047879089081656154,-0.0020868494840403993,-0.2270165581606303,0.4453545706587323,0.04095744082048239,0.9891673841865698,0.0010744354748453006,-0.14325038340259966,0.03259435221521895
641667138,-0.03743146107334186,0.049684351648715694,-0.0019093579827383846,-0.23407452723095867,0.4572767128710365,0.04778830983052494,0.9881602824330236,0.002279280089057721,-0.1499447015270835,0.033093250811887465
641667142,-0.03838186178052879,0.0515392155268387,-0.0017035725371078816,-0.2411258263625053,0.4701552261904665,0.055104412984726556,0.9870234710120538,0.0035190079558749254,-0.15706351622789486,0.033667879587341076
641667146,-0.039359724965841406,0.053448525956001,-0.0014681037619352284,-0.2478057662938022,0.48449998839068326,0.06262997460160004,0.9857353175197144,0.004869003709353746,-0.16465779954373028,0.03434200661685377
641667150,-0.040363794035321615,0.055418647501109294,-0.0012004196060427827,-0.2542287684463024,0.5005607841634646,0.07121210334462273,0.9857353175197144,0.004869003709353746,-0.16465779954373028,0.03434200661685377
641667154,-0.041393961804926924,0.05745506260113976,-0.0008962526541813763,-0.26085511635635067,0.5176467658517663,0.08087137258608047,0.9843340740368662,0.0062270708661133,-0.172657862274535,0.0351146092370509
641667158,-0.04245027494784875,0.059561206487586664,-0.0005512041704644377,-0.26730145510456216,0.5354251773716878,0.09165286927238883,0.9828390882741426,0.007777003828992331,-0.18085836516394044,0.03597828198664871
641667162,-0.04353018836456166,0.061740342866396576,-0.00016044398106157125,-0.27265525325189627,0.5541430120332685,0.10372722542904439,0.9812314502729921,0.00940039065983063,-0.189062342128379,0.036890867477383404
641667166,-0.04462972110282496,0.06399582455137282,0.0002796547647926872,-0.2771111158797518,0.5735978304548518,0.11632214749808485,0.9795657682085532,0.01112336050098197,-0.1971818552943042,0.03781184942560428
641667170,-0.04574544888475426,0.06633006850923871,0.0007705940183181973,-0.28075277508489666,0.5935241484780989,0.1291474792646702,0.9795657682085532,0.01112336050098197,-0.1971818552943042,0.03781184942560428
641667174,-0.046875454665244565,0.06874420589905852,0.0013131271569381587,-0.28425011516025755,0.6135445464318093,0.14211909004531048,0.9778699026723723,0.012987311659972557,-0.20521182766895318,0.03872454388866564
641667178,-0.04801894679644785,0.07123815397337742,0.0019082196360791313,-0.28749595044138654,0.6334294907276379,0.1554271495251758,0.9761373618942126,0.015030598670278152,-0.21310683269425862,0.039559627701764355
641667182,-0.04917328062380588,0.0738115898801819,0.0025573766238568846,-0.28967096323762986,0.6532884626746017,0.16915134436370075,0.9743280598914068,0.0171507232789975,-0.22090075424413613,0.04037629612302518
641667186,-0.0503350571238378,0.07646504752245349,0.0032618321661825747,-0.2912172867783289,0.6734403584611943,0.18307642679914424,0.9724481866646706,0.01938766901618362,-0.22869923679815235,0.04114029924328105
641667190,-0.05150185464474728,0.07920035694158103,0.004022522116035254,-0.29218147367641367,0.6942143511025753,0.19726854812719555,0.9724481866646706,0.01938766901618362,-0.22869923679815235,0.04114029924328105
641667194,-0.052672256039530796,0.0820194726262992,0.0048405614944155104,-0.2930192237153434,0.7153434912565095,0.21175114106293244,0.9704411650858839,0.021729527162433343,-0.23667511232934973,0.04189831726805088
641667198,-0.053845282515970844,0.08492337607118566,0.005716725389153293,-0.29349401450468005,0.7366082311867184,0.22633080630595873,0.9682844425403407,0.024290681405365736,-0.24498191539505718,0.04268231541318912
641667202,-0.05501817931991897,0.08791275972443639,0.006650952351399585,-0.2929543874693801,0.758083595438647,0.24078267481718704,0.9659571661953563,0.02692202966032821,-0.2536274389137204,0.043420081350151796
641667206,-0.056186999788386066,0.09098722183623346,0.007642413936933427,-0.29145584676416814,0.7791474604598888,0.2549481179497345,0.9633781470105444,0.029753289045843456,-0.2628429631438053,0.04422752810468261
641667210,-0.05734624529112417,0.09414604709466916,0.008690370575750759,-0.2881669046048834,0.8002651687579547,0.2690302014589311,0.9633781470105444,0.029753289045843456,-0.2628429631438053,0.04422752810468261
641667214,-0.05849047270700279,0.09739036580038431,0.009795095664569629,-0.28394680333442657,0.8218941840996221,0.2833323429505035,0.9605261018522371,0.03264991785661353,-0.272576267987488,0.0449186399149738
641667218,-0.05961859777577433,0.10072229102213708,0.010960649372256763,-0.2801157310513412,0.8440684267767601,0.2994445108930637,0.957295012754517,0.03554417256087972,-0.28329596425430503,0.04550811128016696
641667222,-0.060730995495748605,0.10414432398606925,0.012195986909694654,-0.27608312893579495,0.8669480551893295,0.31822425782588154,0.9537878920961347,0.038614948463712856,-0.29442105247892947,0.04606293130821992
641667226,-0.061824903308574826,0.10765837901812328,0.01350850764112984,-0.27087077747731614,0.8900794608376876,0.33803610789171146,0.949921892967118,0.04171945735570151,-0.3062242643164357,0.04645405906786859
641667230,-0.06289338869617789,0.111265824149393,0.014902758052432883,-0.2633719163242139,0.9136431047971699,0.35908909775981046,0.949921892967118,0.04171945735570151,-0.3062242643164357,0.04645405906786859
641667234,-0.06392971061445303,0.11496795603522807,0.01638475801973165,-0.2547890428133547,0.9374228381203623,0.3819108858895728,0.9456398412200178,0.04471977380109321,-0.3187579372194611,0.046562806930279754
641667238,-0.06493240331150699,0.11876533066017934,0.017962953246434103,-0.24655730571362358,0.9612644743552762,0.40718672746165363,0.9412255594711673,0.04779991946125432,-0.33115843848806614,0.046466048817976224
641667242,-0.06590115710092381,0.12265932793533128,0.019648317910598512,-0.23781958899478883,0.9857341632206928,0.4354956046205516,0.9367556282560553,0.050909100192483236,-0.34316689085487573,0.046244407487799344
641667246,-0.06683261681743202,0.12665379905085583,0.02145049032541789,-0.22791026925931704,1.0115013945415852,0.4655906027891365,0.9323381127301229,0.05396610739525881,-0.35458938411840907,0.045768367932293996
641667250,-0.0677209480143225,0.13075471136813882,0.023376198618269377,-0.2162553291859274,1.038954764099909,0.49726354363660774,0.9323381127301229,0.05396610739525881,-0.35458938411840907,0.045768367932293996
641667254,-0.0685615896543896,0.13496706601221917,0.02543152993998677,-0.20406549084762043,1.0672225579402632,0.5304021172220892,0.9280846284976115,0.05699441855198316,-0.3652251614483466,0.0450645370955543
641667258,-0.06935471756946868,0.13929240910866797,0.027623120412236163,-0.19249846669191265,1.095448990284138,0.5653931189026068,0.9242345700640886,0.06007364772693448,-0.3744741141039044,0.044131289706552945
641667262,-0.07010184953028742,0.14372992012836283,0.02995845200555666,-0.1810675137174593,1.1233065195632908,0.6022726777576407,0.9206430871284206,0.06327570827329859,-0.38285713725817394,0.043137447184151856
641667266,-0.07080248623335456,0.14827717795841494,0.03244224451552109,-0.1692508378161069,1.1503223954627673,0.639623577224575,0.9173334792780147,0.06658933319759666,-0.3902985826944619,0.04194950445723883
641667270,-0.07145349041866375,0.15293097090478233,0.035073926482841994,-0.1562512548384929,1.1765740777209281,0.6762174064358754,0.9173334792780147,0.06658933319759666,-0.3902985826944619,0.04194950445723883
641667290,-0.07382207608592001,0.17769092483307652,0.05022089158912746,-0.08060731188713263,1.2994213151084923,0.8384791041926715,0.9054815623987638,0.08189067128528274,-0.4148892891315162,0.03589488183255568
641667294,-0.07411041256452588,0.18293424311642734,0.053630677961938156,-0.06356092741580793,1.322237826566919,0.8664140822126777,0.9022932770721692,0.08605909097440237,-0.42110072665998033,0.03399950938795715
641667298,-0.07432869030709603,0.1882668553049589,0.057147782581111056,-0.04557794386926217,1.3440682676988707,0.8921382273737737,0.8987103079488008,0.09020307105792694,-0.4279921217031334,0.03173574993867212
641667302,-0.07447405682727475,0.19368358316981305,0.06076426788452633,-0.027105316220092754,1.3642956647281939,0.9161044243338621,0.8948476543633548,0.0943101980044781,-0.4352953892976812,0.029234767979256004
641667306,-0.07454418568092876,0.19917715651726475,0.06447401302927011,-0.00795911060690982,1.3824910089976585,0.938768148038027,0.8905917699454919,0.09844801416613427,-0.44323643093980636,0.02651745452927795
641667310,-0.07453477331641507,0.20474012537210937,0.06827043499763477,0.012665292863749594,1.3989934184246515,0.9594428361443011,0.8905917699454919,0.09844801416613427,-0.44323643093980636,0.02651745452927795
641667314,-0.07444149388950916,0.21036675177971406,0.07214686555994358,0.03397442058920473,1.4143197853776976,0.9787724450101073,0.8858109071521398,0.10259196723942404,-0.4519818178163926,0.02341966932299011
641667318,-0.07426433523169143,0.21605139098404702,0.07609876497160992,0.05460490831966208,1.4279998167887857,0.9971772608230587,0.8802570179573197,0.10661935159023475,-0.4619907798029993,0.019864532849545424
641667322,-0.0740068554933571,0.22178655368239478,0.08012189666546163,0.07413496084750294,1.439581532385099,1.0143885861027953,0.8741410560206977,0.11060584337688198,-0.47265088031510577,0.016020208036908234
641667326,-0.07367387690320028,0.22756458267721674,0.08421292075709605,0.09235433423091037,1.4494329650258844,1.031123459714417,0.8673595646917297,0.11455372822406582,-0.4841836265631022,0.011819674109948886
641667330,-0.07326923567895638,0.23338110283509964,0.08836994169038734,0.10996627789103669,1.4588271139155569,1.0473870069312237,0.8673595646917297,0.11455372822406582,-0.4841836265631022,0.011819674109948886
641667334,-0.0727954484264881,0.2392350774517682,0.09259174483917483,0.1269273483431062,1.4681601944187206,1.0635145674625217,0.8599385445813068,0.11834462027247347,-0.49642827132556927,0.0073406385829203336
641667338,-0.07225599620500556,0.24512491895215888,0.09687927318333595,0.14279876239815895,1.4767605557766141,1.0802496046180337,0.8518704169900875,0.121915296013439,-0.5093814690589363,0.002470411030512043
641667342,-0.07165439976294621,0.25104718653488206,0.10123527154589756,0.15799945863151527,1.484373235584974,1.097749576662778,0.8434995121173878,0.1253533021377974,-0.5222992852474351,-0.0026097763911976934
641667346,-0.07099390480821058,0.2569970315167216,0.10566192125659335,0.1722480187363052,1.4905492553348032,1.115575278685114,0.8348454934141731,0.12859747443444255,-0.535215641951865,-0.007917527835614002
641667350,-0.07027703275372175,0.262968293255617,0.11015984957113593,0.18618800850810516,1.4950816141128942,1.1333888785861752,0.8348454934141731,0.12859747443444255,-0.535215641951865,-0.007917527835614002
641667354,-0.06950499672335256,0.2689547630882363,0.11472954045877368,0.1998300066764938,1.4981533021967701,1.1514565652326942,0.8261983232025718,0.1316733087022904,-0.5476119147216362,-0.01352910623511977
641667358,-0.06867908281727693,0.2749495438067734,0.11937267374321694,0.21312694636131777,1.4992370570717741,1.1701100769889428,0.8180398910824016,0.13465762670616896,-0.5588629591224283,-0.019319630234616414
641667362,-0.06779903520542359,0.2809439008350925,0.12409080980795462,0.2268968595653502,1.4979414570877794,1.1889579553798915,0.8102959896932893,0.13761735235691747,-0.5690829064358731,-0.025225864217401694
641667366,-0.06686285354997082,0.28692888583623716,0.12888274117760495,0.24119396816103347,1.4945510434845313,1.2070077294452788,0.8033737945999295,0.1405571928864978,-0.5778202293602779,-0.03125616272852827
641667370,-0.06586649407819901,0.29289731963681115,0.13374319209049096,0.25698576772487003,1.4896658568024614,1.2232177269977231,0.8033737945999295,0.1405571928864978,-0.5778202293602779,-0.03125616272852827
641667374,-0.06480496929385711,0.2988441778792483,0.13866560765660738,0.27377662444608314,1.4837632644161094,1.2379900560604882,0.7974440523989579,0.14350262080914078,-0.5849165538493397,-0.03734894802088096
641667378,-0.06367482333241521,0.3047652599401858,0.1436430292197894,0.2912963562748653,1.476777766052652,1.2507207255305202,0.7928694583866077,0.1464437568986061,-0.5899441467554876,-0.043518636108765996
641667382,-0.06247200060407265,0.31065704212589607,0.14866389693428353,0.31011500789641294,1.4691133268024985,1.2597131317165458,0.7890529736749934,0.1493390929436534,-0.5938388456561052,-0.04975436515222731
641667386,-0.06119326447990255,0.31651864088686077,0.1537117777303485,0.3292530541886379,1.461686053679853,1.2642272663159415,0.7860480170575334,0.15200449179087763,-0.596554427656891,-0.056186467916864435
641667390,-0.05983823571782714,0.3223527812746296,0.1587672854599799,0.34826132684906896,1.4553841402045509,1.2635265984997535,0.7860480170575334,0.15200449179087763,-0.596554427656891,-0.056186467916864435
641667410,-0.052036100350552505,0.35122576375956266,0.18351234473003314,0.43195220987839483,1.43191410828876,1.210979328505571,0.7761037073278769,0.16025182018223766,-0.6042517829602713,-0.0828623551698518
641667414,-0.05028062910938036,0.35694665952077786,0.1883167334421154,0.4457834107076773,1.4285337723188358,1.1912150275355644,0.7724612737754228,0.16131138791988356,-0.6076071768842841,-0.09007224186283869
641667418,-0.04847334534587893,0.3626543865062943,0.19303634143806347,0.4578584710430383,1.4253297204393764,1.168588970438467,0.7680155455935043,0.16176306144939914,-0.6119370823850377,-0.09746974071565107
641667422,-0.04662126183555677,0.36834879837512957,0.19766396787001458,0.46818328411804383,1.4218762139782728,1.1452242455370827,0.763205766015285,0.16187377081369225,-0.6166759545084721,-0.1049942044371946
641667426,-0.044730410340941676,0.3740291762625501,0.2021982597455754,0.47724246318950175,1.4183127297320068,1.1219216922433277,0.7580070539575385,0.16153587650136783,-0.6218213940006232,-0.11267441382977444
641667430,-0.042805843271234774,0.3796938336883314,0.2066398221972345,0.4850410716639489,1.4140159831586179,1.098859533586232,0.7580070539575385,0.16153587650136783,-0.6218213940006232,-0.11267441382977444
641667434,-0.04085189959624148,0.38533949979227,0.21098967286442927,0.4919307658326996,1.4088170688107025,1.0760658000111467,0.7527618610111788,0.16083812389885507,-0.6268943408166203,-0.1203540764979456
641667438,-0.038874484785117354,0.3909613892736592,0.21524920255450017,0.496776639729363,1.4021276718838822,1.0536990450243002,0.7480809826561124,0.15980351827514028,-0.6312475617383673,-0.12804316666946408
641667446,-0.03489322712564395,0.4021017850782162,0.22350530271234298,0.4985377751389871,1.3829712792553686,1.0103259944364007,0.7409777258505703,0.15781286396728042,-0.6368998780917267,-0.14282411346464663
641667450,-0.03290258805875032,0.40761051304876916,0.22750343685382723,0.49678175830782983,1.371392706021116,0.9887410763057267,0.7409777258505703,0.15781286396728042,-0.6368998780917267,-0.14282411346464663
641667454,-0.03092019359546979,0.41307204257017327,0.23141455857508286,0.49441547333243596,1.3593720546809236,0.9668197843220906,0.7391666756335991,0.15697394842638376,-0.6376121193567637,-0.14976569166136144
641667458,-0.0289494780532269,0.41848549599584906,0.23523610365543324,0.4909422977890099,1.3473546581569664,0.9439527558530992,0.738694717417717,0.1562485373433928,-0.6367372941743381,-0.156441965086196
641667462,-0.0269967121477342,0.42385145539390945,0.23896281884031875,0.4854406549573406,1.3356250408732355,0.9194048365896574,0.7389839933073257,0.15563833981420172,-0.63494541936133,-0.16290104176156628
641667466,-0.025070689443002607,0.42917195872165864,0.2425872985274823,0.4775706974084546,1.3246266230013481,0.8928350069921159,0.740138970508308,0.155089049433192,-0.632092405560118,-0.16911520173542505
641667470,-0.023181158062893524,0.4344515070341732,0.2461007518000137,0.467194992646086,1.3151475332559175,0.8638916292735911,0.740138970508308,0.155089049433192,-0.632092405560118,-0.16911520173542505
641667474,-0.02133630155978612,0.4396956245290747,0.24949544864794143,0.4552332589076172,1.3069112141948305,0.8334567946902808,0.7418605646902572,0.15446983979943782,-0.6285557347734312,-0.17524182433232294
641667478,-0.019541551352214276,0.4449091788969929,0.252766619577405,0.44214184487830516,1.2998659697642594,0.8021286700414988,0.7440178628332185,0.15377194842020123,-0.6245021393181747,-0.18118122408933202
641667482,-0.017801890978989376,0.4500976143613617,0.2559107719880964,0.4276883417341444,1.2943517624201597,0.7699475353042229,0.7462552155867019,0.15297435015612634,-0.62030231883397,-0.18696654722154046
641667486,-0.01612288046098794,0.4552663575566022,0.2589255350064751,0.4118169172665728,1.2900198352001013,0.7374339738851037,0.7484942467002953,0.15199994382616264,-0.6161195958284205,-0.19257890984924403
641667490,-0.01451216466630407,0.46041963850363027,0.26180905847094654,0.3935409800753625,1.2866206383139327,0.704327758350622,0.7484942467002953,0.15199994382616264,-0.6161195958284205,-0.19257890984924403
641667494,-0.012978549107983175,0.4655604875816426,0.26455904993045465,0.3732667990850852,1.2838039006922146,0.6706679714034248,0.7506335066633193,0.15091359404358978,-0.6120308339787872,-0.19805016262764602
641667498,-0.011529997947369133,0.47069044823794537,0.26717348491332127,0.3510087812219356,1.2811764274591837,0.636549520029882,0.7524087701818998,0.14972655662523754,-0.6083943790021071,-0.20328857414228574
641667502,-0.010175606629239463,0.47580967818992764,0.2696504269611357,0.3261868778428995,1.278438548531948,0.6019215038773522,0.7539166621799407,0.14847643913188024,-0.6050632644850551,-0.20844135389860202
641667506,-0.008924543033045984,0.4809178395865852,0.2719894834088244,0.2993449202538398,1.2756421497968196,0.5676067199669892,0.754998435124789,0.14706817019381077,-0.6023291646398163,-0.21342835135316954
641667510,-0.007785682430235746,0.4860151897515738,0.27419314411894286,0.2700853811512794,1.2730329326974914,0.5342236350922395,0.754998435124789,0.14706817019381077,-0.6023291646398163,-0.21342835135316954
641667514,-0.0067674663157799055,0.49110268979642446,0.276264887391899,0.23902267607664104,1.2707170897278193,0.5016480013858201,0.7557076484493613,0.14550310032277136,-0.6000864731737081,-0.21829211600835136
641667518,-0.00587771692103626,0.49618120010790534,0.2782084474670646,0.20585202129518176,1.2685380660126193,0.47013203619697597,0.7568300932195573,0.14351454070519282,-0.5973163519204516,-0.22324449006740105
641667522,-0.005126256155259056,0.5012501613530593,0.2800292125682468,0.1698783615934206,1.2659425565644034,0.44025051439413976,0.7573044702485388,0.14184821691482968,-0.5954866348370422,-0.22759333905665308
641667526,-0.004522050411688313,0.5063060180690901,0.28173440987871673,0.13222451019195075,1.2619858014509828,0.4123481408408266,0.7580404115975685,0.14032201756589016,-0.5933489200457288,-0.23156640955074598
641667530,-0.004070927095165286,0.5113413912587249,0.28333216219752094,0.09333714806956303,1.2557007933663964,0.3865280185612766,0.7580404115975685,0.14032201756589016,-0.5933489200457288,-0.23156640955074598
641667534,-0.0037769228717753536,0.5163482540224019,0.28482940436181475,0.053664963625402864,1.2477305884720855,0.3620930635856338,0.7594901440402829,0.13912616363433056,-0.5904285157085858,-0.23496440792897882
641667538,-0.003643478930713896,0.5213215018127303,0.2862307231058011,0.013057006905325838,1.2388933066921137,0.33856630840755003,0.761709260228311,0.13827967405102928,-0.5865950369023188,-0.2378309324359363
641667542,-0.0036752469250631923,0.5262567833654213,0.28753901211416216,-0.028941004079974034,1.2287474696533487,0.3155781957729782,0.7645321548235118,0.13777228120119664,-0.5820948337336609,-0.2402638439466135
641667558,-0.005532532748774575,0.5454665591674841,0.29181548694200243,-0.20321972388394882,1.1724745056045005,0.2189811577070576,0.776624036217424,0.13823020061467273,-0.5641388459408303,-0.2440077093133863
641667562,-0.0064348536648247195,0.5501196214832441,0.29263999865748097,-0.24794073414112325,1.154056652275515,0.1932747000322187,0.7811184871374481,0.13864671706368545,-0.5576718142856054,-0.2442194201910154
641667566,-0.0075172673757087334,0.5546959929540041,0.29336111214736504,-0.2932661213008836,1.1341290831044597,0.1672820449098302,0.7855907626546669,0.13889024227240884,-0.5513999883917462,-0.2440077800988293
641667590,-0.01787867985955089,0.5802128622142634,0.29610272599982884,-0.570184919019296,0.992276688583815,0.0611857761288194,0.8012039320408296,0.137984416791484,-0.530720388175895,-0.23951388707986287
641667594,-0.02025261659889583,0.584125947986617,0.2963334376608146,-0.6167834506531737,0.9642661975929891,0.05417005436406263,0.8045398432030347,0.13733647665034446,-0.5265551230959273,-0.23791212706464637
641667598,-0.022813482287302223,0.5879228985178848,0.29654759005962783,-0.6636493935500235,0.9342090680409134,0.05290614504254753,0.8077095687727432,0.13671572929597908,-0.5226188032861929,-0.2362551236680786
641667602,-0.025561615950668658,0.5915947462545849,0.29677081166613706,-0.710417438133193,0.9017148003090799,0.0587046582120629,0.8109117280461726,0.136310755531118,-0.518568363371476,-0.2344204301817464
641667606,-0.028495640763454375,0.595131636043042,0.2970311694160205,-0.7565949682596662,0.866730093919475,0.07147421672965892,0.8143577841519014,0.1364105751138327,-0.5139895864982751,-0.23243988142726713
641667610,-0.03161535778304724,0.598525985373794,0.29735391382120024,-0.8032635415367667,0.8304445714565422,0.08989798586023323,0.8143577841519014,0.1364105751138327,-0.5139895864982751,-0.23243988142726713
641667614,-0.034922767990927445,0.6017743599838916,0.2977571336225641,-0.850441562403333,0.7937427335922894,0.11171191482171486,0.818201902196534,0.13714427181920835,-0.5086830663480125,-0.2302333110276294
641667618,-0.03841949996154785,0.6048759811544027,0.2982531826396305,-0.8979244229068698,0.7570678516632304,0.13631259371149373,0.8224572659688352,0.13861074595058762,-0.5024576840872707,-0.22781009339709835
641667622,-0.04210863482032919,0.6078326453380751,0.2988549882905641,-0.9466430064838014,0.7212642401729972,0.16459023175529464,0.8271002098461471,0.140867713722891,-0.49538919038535745,-0.2251454117181786
641667626,-0.045994609489796556,0.6106492011727297,0.29957640009686265,-0.9963443282498803,0.6870136771542961,0.19611567139398045,0.8320762020270974,0.14404264481682477,-0.4874460242485538,-0.22211608162362945
641667630,-0.05008097012289331,0.6133341853155497,0.30042655982966865,-1.0468359882984952,0.6554783942557114,0.2289641950090206,0.8320762020270974,0.14404264481682477,-0.4874460242485538,-0.22211608162362945
641667634,-0.05436900839525849,0.6158964479547756,0.3014087424565207,-1.097183147884096,0.6256529253572447,0.2621271184170091,0.8372800544119504,0.14804181837442407,-0.4788142535963622,-0.21868450207238865
641667638,-0.05885557658901124,0.6183400827955388,0.302523254056345,-1.1461009489922798,0.5961644950243505,0.29512868149512306,0.8426005556185997,0.152872107103375,-0.46963478337285447,-0.21472725771313833
641667642,-0.0635345509435032,0.6206663952111979,0.3037655127342132,-1.1933862282537,0.5669917128052077,0.3260006574389904,0.8478962604982765,0.1584828556366999,-0.460198341500609,-0.2102481076254586
641667646,-0.06840013059152093,0.6228763147682443,0.30512288538492877,-1.239403595755167,0.5379680657180175,0.3526856679187986,0.8529472191203373,0.16468252974219671,-0.4508387474720388,-0.20524215736851853
641667650,-0.0734499748543828,0.6249729403374695,0.30657588081594656,-1.285518535675767,0.5103447188945539,0.37381204759008735,0.8529472191203373,0.16468252974219671,-0.4508387474720388,-0.20524215736851853
641667654,-0.07868442415254137,0.6269607378080401,0.30810612291388656,-1.3317061134035209,0.483554016390743,0.39130900137992014,0.8574516833863886,0.1711615856088634,-0.4421802208537676,-0.19983152021403922
641667658,-0.08409966049327089,0.6288397708934427,0.3097020103465052,-1.3759120569612375,0.45596252631053336,0.4066347149293964,0.861297509595528,0.17784418501697546,-0.4346458434446497,-0.1939621365740652
641667662,-0.08968272499629405,0.63060641381715,0.3113523986658848,-1.4156201945503437,0.427358935543151,0.41855944476042367,0.8644628986254633,0.18466513550488559,-0.4282261057792457,-0.18766180277441136
641667666,-0.09541223376291784,0.6322571350608059,0.31304262071825406,-1.449134188761551,0.39800168628484883,0.426551581424194,0.8668825695327433,0.19137092739085293,-0.4231923247351569,-0.18108123033717188
641667670,-0.10126327022081263,0.6337886238588758,0.31475906557215105,-1.4763840401858483,0.36774271275010295,0.4316708455243104,0.8684287266510688,0.19774194697508846,-0.419840762538942,-0.17451065913792319
641667674,-0.10721556478372457,0.6351974974384924,0.31649390166962477,-1.4997632412701203,0.3366940770581894,0.4357472032125397,0.8684287266510688,0.19774194697508846,-0.419840762538942,-0.17451065913792319
641667678,-0.11325442822956325,0.6364792141547683,0.3182460988916062,-1.5196684816492192,0.3041642810797659,0.4403514077781852,0.8692262597180254,0.20388755031598105,-0.4179595238982651,-0.16796396032933786
641667682,-0.11936096966163248,0.6376253794087979,0.32001910914092985,-1.5336022343853957,0.2689183459350637,0.4461537168836317,0.8692940479563795,0.20992929278419406,-0.41734300597412094,-0.16160367684775834
641667686,-0.12550903210005127,0.6386252511445268,0.32181667824492793,-1.540428984823993,0.23101752192939634,0.45263083511542507,0.8687210733249631,0.21580966958974881,-0.41778078134072916,-0.15569482380358085
641667690,-0.13166897464167684,0.6394675485787911,0.3236434076877295,-1.539542285988793,0.19013119520270502,0.46073388628535944,0.8687210733249631,0.21580966958974881,-0.41778078134072916,-0.15569482380358085
641667694,-0.13781497276840937,0.6401418113867446,0.3255059827049212,-1.5334567773774683,0.14700020877410036,0.4705536223104975,0.8676741137786641,0.22158573752528038,-0.4188816952282064,-0.15036819593055956
641667698,-0.14392855005626726,0.6406385505227276,0.32741298971225347,-1.52333186655147,0.10136935921738349,0.48294988135563166,0.8665158245640577,0.22745914848440807,-0.4197986703477966,-0.14548821861476063
641667702,-0.1499912208205994,0.6409454635722392,0.32937844555241524,-1.508003515614596,0.05208716553849018,0.4997780387252538,0.8657407370022552,0.23371988434839608,-0.4196382891616289,-0.14074494661720932
641667706,-0.15598382789253118,0.6410500750576689,0.33141652418996204,-1.4883000203512855,0.00021857717633949614,0.5192612800481466,0.8654230444828177,0.24046764175682128,-0.4179869411494046,-0.13608784378851607
641667710,-0.16188959648594153,0.6409450154497588,0.33353279965533417,-1.4645842763538952,-0.05274838113136379,0.5388764526379155,0.8654230444828177,0.24046764175682128,-0.4179869411494046,-0.13608784378851607
641667714,-0.16769427855580452,0.6406272732503421,0.33572615168459347,-1.4377567585775985,-0.10612271857699505,0.5577995619917402,0.8656188342240885,0.2477387681032944,-0.414834369872983,-0.13144158976035514
641667718,-0.17338527189335418,0.6400966558092455,0.3379916834454392,-1.4077399101972332,-0.1591860019713352,0.5749663184311261,0.8662118178511986,0.2555568200381474,-0.41029361968489,-0.1266413708738826
641667722,-0.17895007075959984,0.6393583874422019,0.34031746712543515,-1.3746595229256016,-0.20994818155044714,0.587925521566858,0.8669272258334239,0.2637694505229969,-0.405026646243986,-0.12177645316108932
641667726,-0.1843815567252045,0.6384265910180672,0.3426829926006061,-1.3410834598767256,-0.2559500305169062,0.5948372160186116,0.8672842573628277,0.27211308530376743,-0.40009560654491183,-0.11711967538660151
641667730,-0.18968055675783357,0.6373232023765398,0.3450642449886475,-1.308416556437805,-0.2957442902467731,0.5957889780021031,0.8672842573628277,0.27211308530376743,-0.40009560654491183,-0.11711967538660151
641667734,-0.19484962047340426,0.6360692487085978,0.34744183096385384,-1.276115301347539,-0.33123254372424304,0.5930040096010697,0.8668683649433785,0.28044883961567596,-0.39642850799110974,-0.11287379965782895
641667738,-0.19988677301252053,0.6346807100169264,0.3498019621324849,-1.2424609682105923,-0.36303680211147266,0.5870615747144513,0.8655119239890339,0.2885821568743804,-0.3945959585585916,-0.10924940987363663
641667742,-0.20478399000258082,0.6331767064921401,0.3521291247490417,-1.2061475268195547,-0.38896496028169747,0.5765197335639525,0.8630628547695969,0.2963118005850456,-0.3950123157403575,-0.10640015887755433
641667746,-0.20953148499709595,0.6315814084520995,0.3544049431268139,-1.167599970438007,-0.4086840597385705,0.5613894553221769,0.8594284087955566,0.3036141386549599,-0.39785234786387197,-0.10459274945396224
641667750,-0.21412126511513976,0.629918112161735,0.35661321355760073,-1.1272900885838977,-0.4229640854436836,0.5427457600712137,0.8594284087955566,0.3036141386549599,-0.39785234786387197,-0.10459274945396224
641667754,-0.2185475607134067,0.6282039125389204,0.35874378773698185,-1.0858577105495633,-0.43413572596360334,0.5225413296193461,0.8548265996431348,0.3103673223264261,-0.4027460640753313,-0.10382035267038237
641667758,-0.2228058036758559,0.6264487328987282,0.36079251917423355,-1.0432637706750405,-0.44345409413252723,0.501824389006518,0.8495728863647632,0.3166695207636715,-0.4088771889989612,-0.10384575160500797
641667762,-0.2268892435784103,0.6246618835218427,0.3627572019718009,-0.9984561806021721,-0.4499705943101895,0.48051700977714173,0.8440407720761628,0.3225193201206101,-0.41551391105750035,-0.10444012579351869
641667766,-0.2307902752656657,0.622856114980535,0.36463563772676044,-0.95205966302553,-0.45291367634369517,0.45870086770262963,0.8385776568295475,0.3279250041568519,-0.42208479985985525,-0.10549881150728874
641667770,-0.234505646814506,0.6210459939866196,0.3664249280914018,-0.9056261113946243,-0.4521468206139399,0.43594431461806804,0.8385776568295475,0.3279250041568519,-0.42208479985985525,-0.10549881150728874
641667774,-0.23803635163511877,0.6192431918160078,0.3681221542163439,-0.8597262989117661,-0.4492542646919592,0.41266874785298224,0.8334630322898017,0.3328277594831092,-0.4279976364479782,-0.1067999317751272
641667778,-0.2413853606151191,0.6174541375842539,0.3697262107308342,-0.8147781910883909,-0.4452728511849941,0.389359509392158,0.8290447669970056,0.33729810889116757,-0.4326812540134124,-0.10808368539334962
641667782,-0.24455869366432406,0.6156839514471338,0.37123538767108766,-0.7718883335140982,-0.43982021737506366,0.36522896073454464,0.8255870005573915,0.34137958542849284,-0.43588003048777463,-0.10916978090715995
641667786,-0.24756737879550456,0.6139388136427152,0.372646124667672,-0.7324542320761525,-0.43274868483424045,0.34013953755761434,0.8225433792544488,0.3455370585214021,-0.4382356498829827,-0.10956574815578235
641667790,-0.2504276995080093,0.6122255749001708,0.37395527951907936,-0.6977061241762257,-0.42387068643794956,0.31443788814605833,0.8225433792544488,0.3455370585214021,-0.4382356498829827,-0.10956574815578235
641667794,-0.25315567516098864,0.6105502716089611,0.3751610448215569,-0.666281702313446,-0.41378095916691277,0.2884447630927005,0.8212011102909096,0.3487212187331652,-0.4381528942489762,-0.10985440094721505
641667798,-0.2557632810076136,0.6089172573497899,0.3762620837681665,-0.6375212209990264,-0.40272617041872316,0.26207471021210244,0.820864654972131,0.3515468823431311,-0.4365616644997985,-0.10967550843630641
641667802,-0.2582638749699729,0.6073309866174197,0.37725516244442703,-0.6127757601806302,-0.3904091957663608,0.23446462791816478,0.82143092268282,0.35396988575455823,-0.4336833653932247,-0.10898740314456928
641667806,-0.26067364785114316,0.6057961611911876,0.37813514754929733,-0.5921106804045221,-0.37700351734967835,0.20552792451698243,0.8227924667087749,0.3561107765769341,-0.4296695625336025,-0.10777234027909999
641667810,-0.2630088771537095,0.6043170032412277,0.37889893908330596,-0.5755039708786668,-0.36257545763027926,0.17636784248731832,0.8227924667087749,0.3561107765769341,-0.4296695625336025,-0.10777234027909999
641667814,-0.26528326211412967,0.6028969469750853,0.379546609236528,-0.5616885093314085,-0.3474526754409235,0.14746723412370544,0.8247714563207326,0.35789818725009415,-0.42479541290881767,-0.1060856693994141
641667818,-0.26750719219037067,0.6015383410069007,0.3800792856709449,-0.5502765287890993,-0.3318503086513721,0.11887098308473486,0.8271548264037722,0.35937350490491565,-0.4193385370264509,-0.10398584810480926
641667822,-0.26969258200456364,0.6002432976078205,0.3804981540020628,-0.5424183783073788,-0.31567139088876683,0.09056318247423537,0.8297730337137905,0.3605549027725104,-0.4137150731922272,-0.1015584094265436
641667826,-0.27185284839143936,0.5990142768286911,0.3808038406768337,-0.5377148151304912,-0.29883899867592645,0.062280154911216704,0.8323373146242528,0.36141876366236475,-0.40841870609610315,-0.09899196490313172
641667830,-0.27399917544195956,0.597853609511508,0.3809970838601823,-0.5354487101296138,-0.2814946599156121,0.03434143676305898,0.8323373146242528,0.36141876366236475,-0.40841870609610315,-0.09899196490313172
641667834,-0.27613941882153636,0.5967627198033731,0.3810794087826605,-0.5346729796587767,-0.26395019415184084,0.006821024476041056,0.8346301333606782,0.361940787676995,-0.40383646539313056,-0.09649289694483981
641667838,-0.2782794592873205,0.5957414952191157,0.38105319857139114,-0.535347253233298,-0.24666209797688135,-0.019926130110728506,0.8365460643195413,0.36213748086405195,-0.4002747523931955,-0.09412206240492899
641667842,-0.28042632799111467,0.5947878066775164,0.3809235066632672,-0.5380870986637889,-0.23018217282273615,-0.044919823951251936,0.8379765095918034,0.3619959239487944,-0.39786709824625793,-0.09191019893064972
641667858,-0.2891386248755637,0.5915388805793576,0.3795356455519303,-0.550950011892337,-0.17593358944711662,-0.12856281496585736,0.8393016326445423,0.36010489828923054,-0.3979508746808639,-0.08676703854348677
641667862,-0.29134655323011166,0.5908538252267681,0.37898921776008565,-0.5530141653816583,-0.1665940868476231,-0.1446510809564737,0.8389979891727721,0.3591671886231558,-0.3997532862796228,-0.08534835669419205
641667866,-0.29355975687538105,0.5901991598314393,0.37838462521906047,-0.5535876572530246,-0.1607386108167647,-0.15764518955610746,0.8384460722792711,0.3583387102095571,-0.40195564680817475,-0.08402745934612477
641667890,-0.3066251967545446,0.5863872282688821,0.3740052220653113,-0.535198999343936,-0.1569223527296691,-0.20730507325632555,0.8362361554046752,0.35427286794126833,-0.4112151362494833,-0.07807073950887011
641667894,-0.308752614684957,0.5857516317978831,0.3731684226194379,-0.5285099658622913,-0.16087588276982864,-0.21109464968036964,0.8360407931702248,0.35323040047643967,-0.41286614337391614,-0.07640597672380339
641667950,-0.3332932541337742,0.5760240221729129,0.3621623156766598,-0.4531156120903962,-0.2282285022289785,-0.2291496280307532,0.8442482963673914,0.3411818937941341,-0.4094504868218084,-0.056666247924201774
641667954,-0.3350975507686202,0.5750989919238622,0.3612461805186601,-0.4490327053326092,-0.23428662229640607,-0.228917950969099,0.8450296940788856,0.33985013367472333,-0.4091357197902205,-0.055053136159252336
641667958,-0.33688702048124025,0.5741491894773225,0.3603319616857933,-0.4457021509774109,-0.24061460097338802,-0.2281914654643085,0.8457313650282251,0.33849483180717915,-0.4090268247685988,-0.05352674680728153
641667962,-0.33866424635772086,0.5731741309108436,0.3594214392804494,-0.44291078726287997,-0.246914682266081,-0.22706973720764873,0.8463471834804257,0.33710789350353565,-0.4090782727462611,-0.05204771477947545
641667966,-0.3404309644999954,0.5721737636921788,0.35851676720142345,-0.4404482838743811,-0.25326892706630205,-0.2252663023053259,0.8468582068783759,0.3358985102384824,-0.40921416310052633,-0.05066375691553865
641667970,-0.34218832321656223,0.5711474774550481,0.35762048988963924,-0.43823107440905157,-0.25987419149900065,-0.2228723535867703,0.8468582068783759,0.3358985102384824,-0.40921416310052633,-0.05066375691553865
641667974,-0.3439372324884293,0.5700944410679718,0.35673431913949943,-0.43622356152448705,-0.2666440020391615,-0.22021302148311994,0.8472783007864242,0.33467417447997555,-0.4094825358625296,-0.04928575806824048
641667982,-0.3474086825647565,0.5679040605656637,0.3549953017152606,-0.43163895755732,-0.28095112353786683,-0.21454133457658217,0.8479085957931125,0.33229631541623095,-0.4104697720540432,-0.04661833717895275
641667986,-0.34912918558918143,0.5667641345313399,0.3541431547910069,-0.4286125546551568,-0.2890118936240427,-0.21153212755028852,0.8481278760562092,0.3311295561645333,-0.4111068233449918,-0.04537752610857965
641667990,-0.3508358682730154,0.5655900721644989,0.353303385329454,-0.42472878726181584,-0.2980192897964605,-0.20835260322615398,0.8481278760562092,0.3311295561645333,-0.4111068233449918,-0.04537752610857965
641667994,-0.35252585861145996,0.5643789605984451,0.3524766377656506,-0.42026638196046545,-0.30753649323042825,-0.20502117867555728,0.8482932047722901,0.33005280619197824,-0.41172971847872086,-0.04416663492731221
641667998,-0.35419705205363167,0.5631293138876822,0.35166353403998907,-0.4153303391253957,-0.3172868621509927,-0.20153068415518996,0.8484842965954733,0.3289678972657261,-0.41231219978141437,-0.04297649412611543
641668002,-0.3558469928880738,0.5618399683380172,0.35086492936157404,-0.4096400780956758,-0.3273859126815046,-0.19777165505231936,0.8487249196010321,0.3279258014244734,-0.41277888261901546,-0.04178547130104282
641668006,-0.35747282056020174,0.5605094594686224,0.35008158392768546,-0.40327375796828624,-0.3378685220158645,-0.1939010618919679,0.8490140250467454,0.3269017400376085,-0.4131120985723879,-0.04059559967080706
641668010,-0.3590721027776629,0.5591361172624342,0.34931310392449466,-0.3963673507622717,-0.3488025810782384,-0.1903389397034198,0.8490140250467454,0.3269017400376085,-0.4131120985723879,-0.04059559967080706
641668014,-0.36064312264898934,0.557718512956775,0.34855819791010045,-0.38914258490094905,-0.35999957175134967,-0.18711406749369291,0.8493607563628004,0.3259143660007585,-0.4132901509718542,-0.039450375027377804
641668018,-0.36218459625679544,0.5562559411266182,0.3478155052904414,-0.38159421900209917,-0.37128634332703164,-0.18423224233581717,0.8498170700643843,0.32493280102717426,-0.41329222517161257,-0.03827749469763242
641668022,-0.3636950950245233,0.5547484501043034,0.34708328091003965,-0.37365516486182115,-0.3824591678304012,-0.18187994786506148,0.8503258683778161,0.32397271850416365,-0.4130511597570346,-0.03711297822681403
641668026,-0.36517373155013294,0.5531975968567372,0.34635945538081386,-0.3656630979430013,-0.3929674559527024,-0.18003281674782043,0.8509740404344203,0.32296882351746437,-0.41260389448412266,-0.03598498797598876
641668030,-0.3666211203342793,0.5516064534673504,0.34564189525954647,-0.35803129413017315,-0.4026042387407066,-0.17874724388586646,0.8509740404344203,0.32296882351746437,-0.41260389448412266,-0.03598498797598876
641668034,-0.3680386845669404,0.5499779559672001,0.3449286781394525,-0.35075082220036086,-0.411644511334411,-0.17786131616113027,0.8517026210287619,0.3216970624435118,-0.4121899160657977,-0.0346717857506893
641668038,-0.3694277764701301,0.548314457239214,0.34421839733631837,-0.34379512939447593,-0.4201048526586331,-0.1772790854059395,0.8525353027937345,0.3204174441853825,-0.41163195074246667,-0.03343955182695957
641668042,-0.37079044503316966,0.5466188353962843,0.343509209180794,-0.33753915212531294,-0.4277060688062129,-0.17731499235626128,0.8533969916881525,0.3192709239820682,-0.41080423886070505,-0.03241643859247645
641668046,-0.3721300713406161,0.5448946496154835,0.3427981121722762,-0.3322740015979207,-0.4343868215941658,-0.1782335119026232,0.8542369457260095,0.3180911001591936,-0.4100271329823886,-0.031416006504161376
641668050,-0.37345075925509125,0.5431451291253738,0.34208150457360564,-0.32806995563964836,-0.4403734234606802,-0.1800702874326372,0.8542369457260095,0.3180911001591936,-0.4100271329823886,-0.031416006504161376
641668054,-0.3747559252539424,0.5413724402394623,0.34135641162578917,-0.32451304378593454,-0.44597101949509843,-0.1824761864756018,0.8550364738247945,0.3168103167354165,-0.4094038783331199,-0.03050128627348686
641668058,-0.3760479984305779,0.5395775837755025,0.3406209455982251,-0.32152354453180104,-0.4514572124848286,-0.18525682730644244,0.8557994160947923,0.3153332117481583,-0.40904702469871107,-0.029490135778876436
641668062,-0.37732989737586875,0.5377605327029061,0.3398734741877706,-0.31942592811363624,-0.45706832381333334,-0.18847887792080353,0.8565087607449893,0.31377795683762794,-0.4088555267906179,-0.028477769823698262
641668066,-0.37860505431385166,0.5359206480579073,0.3391123343347917,-0.31815254087782413,-0.46287399868608897,-0.1920910485686426,0.8571034078300106,0.3121567773949474,-0.4088718959243196,-0.02749299528910487
641668070,-0.3798762819903359,0.5340567189642028,0.3383360374734898,-0.3174612973642932,-0.46909054816616763,-0.1960573820823263,0.8571034078300106,0.3121567773949474,-0.4088718959243196,-0.02749299528910487
641668074,-0.3811453229257783,0.5321672321484012,0.33754346054819706,-0.3170591703568953,-0.4756528597346011,-0.2002310805640406,0.8575583794023391,0.31065774847948424,-0.40915468283785444,-0.026575267608488717
641668078,-0.382412644631965,0.5302505574619161,0.3367345659056707,-0.3166016827364457,-0.48268448350798804,-0.20421624069913624,0.8578471271952874,0.309109112939265,-0.40972616445525534,-0.02564363058831637
641668082,-0.3836772806157989,0.5283037526267321,0.3359111460376785,-0.31571630918052307,-0.49071793408400904,-0.2074936932969554,0.8580762801649127,0.30753801047198176,-0.41053770372605847,-0.02466118265946904
641668086,-0.3849371306466186,0.5263225976552527,0.3350763426509087,-0.3142087062293149,-0.4998595516557064,-0.20990800008795604,0.8582497762171772,0.3059160002317329,-0.4114195124512716,-0.023640251665683676
641668102,-0.38985835095926535,0.517981111858525,0.3316792342388479,-0.3009438328515266,-0.5428261729352498,-0.21473055141964792,0.8588091116113861,0.3003485183690754,-0.4145585199328655,-0.020002824320549284
641668106,-0.39105103567567245,0.5157850758115617,0.33082048861081925,-0.29539852535202754,-0.5551918505464145,-0.21464226259465627,0.8590694446372805,0.29875103435345063,-0.4152375386090467,-0.018937617963533382
641668110,-0.39221938524106237,0.5135380942807022,0.3299634941926497,-0.2887762573429352,-0.5682989148833458,-0.2138549464901306,0.8590694446372805,0.29875103435345063,-0.4152375386090467,-0.018937617963533382
641668114,-0.39336042594922516,0.5112383901560956,0.329110271687962,-0.2817440967384721,-0.5815531474199098,-0.21275630585373925,0.8594029744682095,0.2971386472079049,-0.4157250081508273,-0.017896346400137042
641668118,-0.3944727766679684,0.5088860474708284,0.32826178944539913,-0.2744312626331442,-0.5946181952136768,-0.21148481542767172,0.8598168113156484,0.2955123414089288,-0.4160240105191415,-0.016921456680108415
641668122,-0.39555518950295954,0.5064824078240181,0.3274187698792509,-0.2667751548624286,-0.6072016281914878,-0.21002496764645487,0.8603615611830424,0.2938947981026905,-0.41615628057055054,-0.01604625242300778
641668126,-0.3966069867072007,0.5040298303235441,0.3265817567096986,-0.25912344725815634,-0.619087122045515,-0.20848161712969396,0.8609481992677392,0.29222495553069866,-0.41610929114441203,-0.015287971746988815
641668130,-0.39762920782148475,0.5015310597136028,0.32575063093766665,-0.2519871098838712,-0.6302981829251537,-0.20708126888626416,0.8609481992677392,0.29222495553069866,-0.41610929114441203,-0.015287971746988815
641668134,-0.39862382158351695,0.4989883661781204,0.32492480391684525,-0.24531977113222897,-0.641048584816028,-0.20583224152443577,0.8616647016301694,0.2905390968208329,-0.41587790098223193,-0.014631409752610236
641668138,-0.39959287128858745,0.4964033180912217,0.32410344498909016,-0.23920508140301303,-0.6514754586333377,-0.20484722235310143,0.8624787481958759,0.28848921093073915,-0.41561836988089607,-0.01392510980785111
641668142,-0.4005394147127179,0.49377721824246257,0.32328502279143617,-0.2340666306622153,-0.6615744657462203,-0.2043638764739047,0.863407389874143,0.28639656131917857,-0.41515060570251383,-0.013237667663948793
641668158,-0.40417638234323455,0.4828829165012105,0.3199899410136104,-0.22055432315236057,-0.7002132519102875,-0.2075213457543178,0.8666451029991111,0.28060249525336806,-0.4124258122802593,-0.01177683401471441
641668162,-0.40505616408590944,0.480062616416499,0.3191550612435164,-0.2193365481850739,-0.7099367904454614,-0.2099185392926919,0.8677869075879769,0.2785353796276073,-0.41139808960949226,-0.011225404236827774
641668166,-0.40593409301803335,0.47720224344065376,0.3183088047347978,-0.2196279178768747,-0.7202496974771508,-0.21320971506660907,0.8689715252618422,0.27641873281947077,-0.4103712489626009,-0.01055817599384884
641668190,-0.41130270384609025,0.45924843818404865,0.3129814093769745,-0.22775631779453195,-0.7759007405732762,-0.23073989808533277,0.8733396372054738,0.26755841646224415,-0.407037384058532,-0.006872981514089993
641668194,-0.41221771607925656,0.4561296303108847,0.31205431058807354,-0.22974979878862517,-0.7835031960086836,-0.23280949636515982,0.874287347178152,0.26524604790411754,-0.406508045858584,-0.005731122904754471
641668198,-0.4131407458093888,0.4529806850345416,0.3111195615249497,-0.23176506627750007,-0.790969442162894,-0.23456503519677113,0.8751734030299474,0.2629384545692335,-0.4061236790401326,-0.0045011857823737955
641668202,-0.4140709644005522,0.4498005558940846,0.3101783120466993,-0.233344229304181,-0.7990951280656161,-0.2360597039283998,0.8759664961731279,0.2605982403217595,-0.40589657326003087,-0.003276158934409912
641668206,-0.4150058399061617,0.4465858755573324,0.309231989564736,-0.2340935235005643,-0.8082450403104477,-0.23710153705324732,0.8767718137760433,0.2579564903322206,-0.40586204859157826,-0.0018884988055249963
641668210,-0.4159413957679795,0.44333191467199373,0.3082827581024921,-0.2336844074083456,-0.8187354023589026,-0.23751419406869365,0.8767718137760433,0.2579564903322206,-0.40586204859157826,-0.0018884988055249963
641668214,-0.41687370255456657,0.44003432790006475,0.30733272897162917,-0.2324689858851836,-0.8300579836056013,-0.23750037136277952,0.8775286489388046,0.2552967058882939,-0.40596099080735437,-0.0004996874818032904
641668218,-0.41780005880375776,0.43669051926529,0.3063833412282032,-0.23070913871039916,-0.8418463337817796,-0.23719350035020875,0.8781955390881542,0.25261485873943823,-0.4061499683811206,0.0008800828643455438
641668222,-0.4187179123788369,0.43329812051670064,0.3054360673804967,-0.22821764882915993,-0.8543530405129176,-0.23644342350303407,0.8787674985072957,0.2502772467883832,-0.40635971309993063,0.0020559622615458073
641668226,-0.4196243412636472,0.42985430360154,0.304493027738079,-0.22499679357602329,-0.8675554170674024,-0.2350763977058269,0.8793319816797103,0.24798509958227916,-0.4065664783104214,0.00316560045487696
641668230,-0.420516573458539,0.4263560767248637,0.3035569404498573,-0.22111930386986786,-0.8815580212707388,-0.2329672464050176,0.8793319816797103,0.24798509958227916,-0.4065664783104214,0.00316560045487696
641668234,-0.4213925411701086,0.42280087166215785,0.30263035624590756,-0.21686455191493914,-0.8960445100821884,-0.23032485556985613,0.8798838091600202,0.2456464128101549,-0.40674203738579556,0.004203946530423663
641668238,-0.422250993434054,0.41918732964765754,0.30171517427197236,-0.21236158005774491,-0.9107264971679793,-0.22726613139773652,0.8804705431776202,0.24331821997996045,-0.4068554859604567,0.005178046433929939
641668242,-0.42309085265729934,0.4155145887783101,0.30081343549938583,-0.20756803156494266,-0.9256439375057341,-0.22360325489551994,0.8811396174304427,0.24099377691547208,-0.40675568873103973,0.00608471575184677
641668246,-0.42391124245549,0.41178218485080303,0.29992765320242437,-0.20262686753038087,-0.9405580262478083,-0.21928789358520256,0.8819324302260134,0.23864522302514368,-0.4064259617548989,0.006929031476936964
641668250,-0.42471202259281005,0.4079906114455793,0.2990603536244744,-0.19776320112963997,-0.9552286763640733,-0.21436189538976996,0.8819324302260134,0.23864522302514368,-0.4064259617548989,0.006929031476936964
641668254,-0.42549354142893286,0.40414103889511416,0.2982135550578349,-0.19299621693177568,-0.9695575988684874,-0.20903738792996596,0.8829161169001138,0.23628144933317557,-0.40568934235583587,0.007731539084041283
641668258,-0.42625637472696043,0.40023537129113396,0.2973884673892338,-0.18842043208200934,-0.9832762031216183,-0.2035064463706083,0.8840658988221322,0.23390350458178943,-0.4045437973151382,0.00850990699229609
641668262,-0.42700173031564576,0.39627666099558434,0.2965857174941667,-0.18425736226066275,-0.9960789446531892,-0.19786850116296187,0.8854116055365955,0.23153856665556094,-0.40289935554054673,0.00924128733718721
641668266,-0.4277314675222066,0.3922683806538707,0.29580540553347984,-0.1806112410197613,-1.0080612262036355,-0.19228747918047218,0.8869835229678612,0.22915434249026773,-0.4008459238585894,0.009980416825315752
641668270,-0.42844860484471553,0.38821301470848063,0.29504661431932677,-0.1779574202347204,-1.0196217464914044,-0.1871081278960625,0.8869835229678612,0.22915434249026773,-0.4008459238585894,0.009980416825315752
641668274,-0.4291566907288189,0.3841118521470215,0.29430770570858183,-0.17608552181695303,-1.030959534238164,-0.18234617747639728,0.8886709939093309,0.22676515496147545,-0.3984219471473206,0.010733825413801634
641668278,-0.4298589021161488,0.37996592423093467,0.29358661578846335,-0.17502017184799554,-1.04200442380523,-0.17819878258284086,0.8904347436167692,0.22440351135251027,-0.3957993110901758,0.01146428368515845
641668282,-0.43055978514224114,0.3757765336665958,0.2928798317241203,-0.17542134119817318,-1.0526908583642094,-0.1751932495886763,0.8921757479123084,0.22206058490490316,-0.3931498631837069,0.01221136163342984
641668286,-0.4312650275709831,0.37154514041406633,0.2921829000242432,-0.1771998731728165,-1.0630057679005163,-0.17327260034987674,0.8938922250518362,0.219441859743486,-0.3906775279068093,0.01296079412906953
641668290,-0.4319803164957259,0.3672728048088199,0.29149203359612924,-0.18044458919855186,-1.0731620347226902,-0.17216061370710475,0.8938922250518362,0.219441859743486,-0.3906775279068093,0.01296079412906953
641668294,-0.43271058440668386,0.3629600758967402,0.29080480623387844,-0.18468936628044222,-1.0832024213171751,-0.1714530674183008,0.8954466733808708,0.21687264247975957,-0.3885645610103231,0.013732268839115158
641668298,-0.4334591958943016,0.3586073669943365,0.2901200409446725,-0.18961637752842278,-1.0931520298846626,-0.17092957718468338,0.8967366207253588,0.21434810852694852,-0.38699002265489035,0.014455683027502664
641668302,-0.4342293755749909,0.3542139498643109,0.28943706446428324,-0.19547346281624328,-1.1035565351281427,-0.1705586630099216,0.8976836908348873,0.21179115670400256,-0.3861172353481144,0.01514992057393627
641668306,-0.4350239709792701,0.34977682496987045,0.28875560417262,-0.2018242393233421,-1.1150059120920757,-0.17017148282170946,0.898175881579441,0.20967407214378408,-0.38608850949766615,0.01575167973320779
641668310,-0.4358439207764731,0.3452914929720788,0.28807619955574976,-0.2081506592781767,-1.1276600868037487,-0.16953082561340638,0.898175881579441,0.20967407214378408,-0.38608850949766615,0.01575167973320779
641668314,-0.4366889547008905,0.3407541861761741,0.28739989884075634,-0.214366302930499,-1.140993311148597,-0.16861953188330867,0.898367744591398,0.2076301760061134,-0.3867628852076168,0.016377821683442373
641668318,-0.43755842441816073,0.33616290684358385,0.286728253736485,-0.22036855570463057,-1.1546463551465265,-0.16720302025238615,0.8983178259518604,0.20565715658744316,-0.3878826364054278,0.016975502297252587
641668322,-0.43845054015922,0.33151653822553007,0.28606437426689313,-0.22568931482502386,-1.1685379538803733,-0.16473671454354166,0.8981285978348814,0.20375983847454854,-0.38926870293045707,0.01761482431070277
641668326,-0.4393620973497772,0.32681534322344336,0.2854127624793442,-0.2300892804535764,-1.1820595471629958,-0.161069179230926,0.8979021663792633,0.20198949547564649,-0.3907421270746774,0.01825720220623961
641668330,-0.4402897654587994,0.3220620228912218,0.2847778356897084,-0.23374477405749655,-1.19460061894776,-0.15639421558700617,0.8979021663792633,0.20198949547564649,-0.3907421270746774,0.01825720220623961
641668334,-0.4412314297599816,0.3172602597615494,0.28416271854062697,-0.2370873765336129,-1.2062809458884451,-0.1511643589536961,0.897651978956408,0.20028989041902093,-0.3921113215168045,0.018955500601773645
641668338,-0.44218641424790545,0.31241367659557817,0.2835690969439324,-0.24040486742831874,-1.2170106370971714,-0.14564643939358993,0.8974832497448992,0.19870983359319372,-0.393310083239853,0.019635899594094064
641668342,-0.4431547984454294,0.30752677704801845,0.2829980936883132,-0.24378723133365152,-1.2264391366826906,-0.1398551884160107,0.8973514342105455,0.19720284969787577,-0.39430209092905955,0.02028722253430071
641668346,-0.44413725768218043,0.30260460499664127,0.2824504813807419,-0.24744238704188923,-1.2346468890058933,-0.13395096536963402,0.8973010126218074,0.19578352519126924,-0.3950635504303033,0.02091553089164705
641668350,-0.44513547667707287,0.29765172485709257,0.2819260922907229,-0.25166711040433315,-1.2417931807684608,-0.12824357963986321,0.8973010126218074,0.19578352519126924,-0.3950635504303033,0.02091553089164705
641668354,-0.44615160532686643,0.29267155780666426,0.28142402821207274,-0.25639721449244396,-1.2482903444456932,-0.12278845968522442,0.8973618406020591,0.19443412738850657,-0.3956243555538423,0.02146175793947075
641668358,-0.4471874825751411,0.2876662727115612,0.28094331551745605,-0.26154140964491,-1.2543522031058445,-0.11756788762313224,0.8974565002985315,0.19311535546650516,-0.3959855168550147,0.0219779244586899
641668362,-0.4482450718128405,0.2826377786496771,0.2804826100533234,-0.2672532092047866,-1.259894827836198,-0.11278484444318795,0.8976315312772452,0.19181455373316048,-0.39621832645160515,0.022432824314188027
641668366,-0.44932674162435254,0.277588066874062,0.2800398291983404,-0.27358169655122117,-1.2649610599713417,-0.10860558304830384,0.8978261996280763,0.1904974983581526,-0.3963651932064778,0.022906338878429355
641668370,-0.45043489772589745,0.2725185667199576,0.2796125246916157,-0.2804963542212341,-1.2697890170808703,-0.10504667031407729,0.8978261996280763,0.1904974983581526,-0.3963651932064778,0.022906338878429355
641668374,-0.4515714011684038,0.2674299917250296,0.27919872946658647,-0.28775536703192045,-1.2744984803831232,-0.10185094220052546,0.8980663327238585,0.1891879192298716,-0.3964458187574813,0.02338283295099003
641668378,-0.45273748946340947,0.26232268750596255,0.27879750131870945,-0.2952887804709295,-1.2791536291504213,-0.09876313173798137,0.8982786052280948,0.1878369417940644,-0.39653152130124775,0.023876010966196404
641668382,-0.4539340551819372,0.2571962210261261,0.27840849669524137,-0.3029940787929233,-1.284079610767793,-0.09573917999605756,0.898544867466231,0.18647275449064463,-0.3965716305686008,0.024440442912303517
641668386,-0.4551605072968265,0.2520489683697378,0.2780313010125998,-0.31023197865174507,-1.289546717426364,-0.0928586613247162,0.8988342150726703,0.1850883113738681,-0.3965185843301458,0.025133162297261535
641668390,-0.4564137133475824,0.24687848029093937,0.2776654700011899,-0.3163710467262103,-1.2956973219728432,-0.09005684438023868,0.8988342150726703,0.1850883113738681,-0.3965185843301458,0.025133162297261535
641668394,-0.4576897736268275,0.24168249892129642,0.27731091748388753,-0.32165909289634037,-1.302293362848627,-0.08721941427095789,0.8991805701082123,0.18370121659714,-0.39635271913491776,0.025893004909964268
641668398,-0.4589856113913447,0.23645971188418413,0.27696800428294654,-0.3262597893622518,-1.3091001557075184,-0.08423718619954886,0.8995706966263968,0.18230239099600382,-0.3960254240113002,0.026801782888973613
641668402,-0.46029777449656445,0.23120918293520362,0.2766375198697396,-0.3298217632476117,-1.3161643187827334,-0.08100502040391967,0.90003245521877,0.18093323287798563,-0.39553162196653024,0.02784281229164376
641668406,-0.4616216499382155,0.22593054450768696,0.2763204351880156,-0.33211595757788887,-1.3231548949755965,-0.0775373204581068,0.9005532544589583,0.17957909151915227,-0.3949002223343755,0.02894991617983672
641668410,-0.4629521248525291,0.22062505638727076,0.2760175357153479,-0.3331214995789298,-1.3295891652325065,-0.07391241587575088,0.9005532544589583,0.17957909151915227,-0.3949002223343755,0.02894991617983672
641668414,-0.4642850867329253,0.21529499673955257,0.275729240507144,-0.33335944061916717,-1.3354406586265821,-0.0702351882261836,0.9011045771272931,0.17808243019048103,-0.394238396138365,0.030210214668954793
641668418,-0.46561815931668227,0.20994266746591378,0.27545556683440103,-0.33317685125932583,-1.3407239781928126,-0.06660164814528688,0.9015917821550496,0.17658743604527072,-0.3936863069381933,0.03144583698007597
641668422,-0.4669495891889066,0.20457046395963027,0.2751963863816234,-0.3325380848528534,-1.3453777749489355,-0.06298857824353415,0.9019992986075356,0.17514569956345716,-0.3932803403143548,0.03263607092001364
641668426,-0.4682773372482543,0.19918105284316334,0.27495145663590415,-0.33133594482100487,-1.349327783284523,-0.05947629461610737,0.9022827747477525,0.1738064119710121,-0.39316452135873947,0.03378508537880742
641668430,-0.4695990093165473,0.19377768232976442,0.27472007701529105,-0.3295000893254706,-1.3523574734149446,-0.0562135156904291,0.9022827747477525,0.1738064119710121,-0.39316452135873947,0.03378508537880742
641668434,-0.47091259016603115,0.188363565084433,0.2745014513754221,-0.3272903354164554,-1.3547011492507584,-0.05309930424405053,0.9023694654935592,0.17248323831211887,-0.39342757310447896,0.03475348053443772
641668438,-0.47221727256834983,0.182940850471606,0.27429541194849166,-0.3250508657428868,-1.3566561571627487,-0.04992040922115658,0.9023164043529057,0.17112861635738275,-0.3940765414973173,0.03557216075250058
641668442,-0.4735132425860251,0.17751081184848697,0.27410247178229286,-0.32293414309476925,-1.3583631543967705,-0.0465496738782597,0.902103927874827,0.16980371031791003,-0.3950775044764551,0.03625873018640119
641668446,-0.47480110641786555,0.17207424760707984,0.2739231371472166,-0.32099777282544995,-1.3599189663067859,-0.04311764365987416,0.9017370487863547,0.1684599474089678,-0.39639820716455404,0.03676667534896699
641668450,-0.47608165864484925,0.1666313859308422,0.2737576871370267,-0.3192783406663884,-1.3615118718120416,-0.039607361435079,0.9017370487863547,0.1684599474089678,-0.39639820716455404,0.03676667534896699
641668454,-0.4773557785669308,0.161181953938613,0.27360654880697083,-0.31778162037439117,-1.363204124302548,-0.0359618035928505,0.9013172165981682,0.16703246301727676,-0.3979617858843527,0.03712784689540094
641668458,-0.4786243513027912,0.1557254579695924,0.273470697809582,-0.31650474755581476,-1.3650438602077588,-0.03196369510156249,0.9008267368122838,0.16556820093099234,-0.39964942447555585,0.037353685057239905
641668462,-0.47988836454455774,0.1502608439410196,0.2733524537670805,-0.3155018733274659,-1.3672631540786313,-0.027158326149196,0.900364999641821,0.1640295386871417,-0.4012891729889966,0.037513308094057174
641668466,-0.4811491810634731,0.1447864692923073,0.27325507768499807,-0.314906386130215,-1.369924170277518,-0.021529714892024026,0.9000270010141067,0.1624667656174512,-0.40269899175571355,0.03761057753804792
641668490,-0.48876125544162885,0.11167708080014122,0.2732400851949993,-0.3194331453827633,-1.389191537402989,0.020280340725461612,0.9004918015177554,0.15566360276626576,-0.40428808955911355,0.038216529803431654
641668494,-0.4900432279724938,0.10611305185001733,0.2733377567758702,-0.3215531200497079,-1.3928229376589494,0.02855544970997649,0.901200211986382,0.15402204549847795,-0.4033510421094861,0.038514335338926176
641668498,-0.4913345940993101,0.10053470107755892,0.2734695503799025,-0.32412994335843337,-1.3963524485702539,0.03734135230618756,0.9020665969361131,0.1524173534757,-0.40192456920452047,0.03886974904840179
641668502,-0.4926368563090643,0.09494300550660856,0.27363706396736004,-0.3270011615186713,-1.3994953369049286,0.04641544142259274,0.9031511361015641,0.15087630036037214,-0.4000687220473699,0.03931977495359196
641668506,-0.4939509923824883,0.08933917984810982,0.2738407722222542,-0.3300668751933375,-1.4024174923444366,0.055438686024488565,0.9043512669641027,0.1494070832930753,-0.3977825804272749,0.039825414000934645
641668510,-0.49527783656168806,0.08372377049129533,0.2740795167818272,-0.3333552144065499,-1.4052871860628122,0.06393359376199878,0.9043512669641027,0.1494070832930753,-0.3977825804272749,0.039825414000934645
641668514,-0.4966179163411942,0.07809708580557403,0.2743512381696253,-0.3366846753465124,-1.4080551567978357,0.07192710013705594,0.9056661335787011,0.14808059016945868,-0.39522882233175216,0.04039997851065724
641668518,-0.4979708667446031,0.07246012297681276,0.2746537552611111,-0.3397905263579485,-1.4104262575828015,0.07933144560583189,0.9070345978131,0.14683224696911423,-0.3925097085099138,0.04097332755981181
641668522,-0.49933573455855634,0.06681484773496274,0.2749840499913207,-0.3426433806186662,-1.4122113633422053,0.08581591949898223,0.9083294731283653,0.14569016668957555,-0.3898623813725737,0.04149814201111757
641668526,-0.5007118103559342,0.061163280524741084,0.27533842060454833,-0.3453945180702573,-1.4135722417686225,0.09136938711484324,0.9095406958835501,0.1446746954887779,-0.3874111001080418,0.04202611479712498
641668530,-0.5020992675712522,0.05550657712707978,0.27571276517219384,-0.3483340895888048,-1.414779457062029,0.0958028967079127,0.9095406958835501,0.1446746954887779,-0.3874111001080418,0.04202611479712498
641668534,-0.503498750173158,0.04984515888752603,0.2761032211000663,-0.3514072113640922,-1.4159296627148432,0.09942506722831282,0.9105439947823082,0.14371581631829877,-0.3853254154115209,0.042459346855955316
641668538,-0.5049104038932032,0.04417934496550234,0.2765070988498163,-0.35441964865847625,-1.416977298297004,0.10251380764667736,0.9113404446457085,0.14279339723930684,-0.38374286060466445,0.04276365254417258
641668542,-0.5063342389903328,0.038509808410795,0.27692219004540025,-0.3574978999063283,-1.4177909790566663,0.10503179014530327,0.9118816012204811,0.14196620320894424,-0.3827371531380685,0.042981517098408695
641668546,-0.5077709974851078,0.032837755891247766,0.27734651755988554,-0.36088134748114375,-1.41823528071695,0.10713196709734074,0.9121850304731471,0.14112351275488158,-0.3823068782342597,0.04309126992783352
641668550,-0.5092222874708021,0.027164212754050957,0.2777785733849349,-0.3647636453660074,-1.4185362878814542,0.10889594542733858,0.9121850304731471,0.14112351275488158,-0.3823068782342597,0.04309126992783352
641668554,-0.5106898401212876,0.021489424184259285,0.2782173160106866,-0.36901267987674097,-1.418857997014382,0.11047536744852024,0.9122669860453699,0.1402849632492365,-0.38243342118449475,0.04300696819072919
641668558,-0.5121747528511335,0.015813260046005397,0.27866246963861147,-0.3734436850461641,-1.4192240721125633,0.11210144651390204,0.9121702549433013,0.13944593407907607,-0.3829977991101322,0.04288062921433655
641668562,-0.5136777267085687,0.010135578132492211,0.2791148501985218,-0.3780432436714649,-1.4196168846440291,0.114088833441261,0.9119640057214347,0.13863298468773674,-0.38379827070436184,0.042731749731274526
641668566,-0.515199610423374,0.004456787169494208,0.2795761282913718,-0.38289861373117307,-1.4197785968549723,0.1165502129837328,0.9117370703852287,0.13781151030744887,-0.384667016721173,0.04256222232075685
641668570,-0.5167417185542932,-0.0012221417068213883,0.280047700199611,-0.3881554517283873,-1.4196858413028257,0.11923574113588431,0.9117370703852287,0.13781151030744887,-0.384667016721173,0.04256222232075685
641668574,-0.5183054864999305,-0.006900481022527809,0.28053004648384255,-0.39372852109024037,-1.4194838165503847,0.12193740097990327,0.9115308211633621,0.13699856091610957,-0.3854674883154027,0.04241334283769477
641668578,-0.5198921998093805,-0.012577790916226128,0.28102356390436267,-0.3996281336348017,-1.4191711302987753,0.12482130928014419,0.9113917072772766,0.13619450254897036,-0.3860909972334339,0.0422850088294735
641668582,-0.5215037168251206,-0.018253184951812933,0.28152940106012436,-0.40613037423527776,-1.4185258874946265,0.12809726860069978,0.911382835812212,0.13544968880348862,-0.3863503886266585,0.04224119729717224
641668586,-0.5231416937811565,-0.02392453953706191,0.28204951620065183,-0.41285810378262383,-1.4171514051298617,0.13196030166302206,0.9115167600076584,0.13470197099206777,-0.38627650259494173,0.042306751137134
641668590,-0.5248051369656341,-0.029590399212897776,0.28258604389203584,-0.41886348845619803,-1.4157784327880703,0.1363035440289896,0.9115167600076584,0.13470197099206777,-0.38627650259494173,0.042306751137134
641668594,-0.5264910625427599,-0.035251883878996235,0.28314020085393093,-0.4240993001066881,-1.4149639002611574,0.14077493691855075,0.9118443233708494,0.13386380335526,-0.38577074060446115,0.04254682462412207
641668598,-0.5281975246636501,-0.040908839079372816,0.2837123172788582,-0.42913176033839484,-1.4135136999271323,0.14528327554509157,0.9125127428583237,0.13316209515042404,-0.3844083918597854,0.04289467639922928
641668602,-0.5299253217819329,-0.04655598857121722,0.28430149103004104,-0.4347667988029801,-1.4100610459950675,0.1493036000463356,0.9133405134174921,0.13239878218823778,-0.3826339330599259,0.04336952377885195
641668606,-0.5316756635700083,-0.05218550329870976,0.2849055490405844,-0.4404040952347122,-1.4046963177512035,0.15272540522534256,0.914373454651908,0.13177581720045306,-0.3803392468917467,0.04380033702458286
641668610,-0.5334458041091726,-0.05779212457414089,0.2855229487656577,-0.44466617434747396,-1.3986143199643624,0.15597445731129925,0.914373454651908,0.13177581720045306,-0.3803392468917467,0.04380033702458286
641668614,-0.5352307847000601,-0.06337414153535481,0.2861531605937484,-0.4478241210962573,-1.3923941606425987,0.15913145673405993,0.9154986498091209,0.13115915584264803,-0.37774966391094933,0.044378934441783535
641668618,-0.5370277230777007,-0.06893071205493406,0.28679501617865744,-0.45064506772404866,-1.3858910991470308,0.16179633572045016,0.9166828856141487,0.13055751124402776,-0.3750224833427672,0.04502360634450708
641668622,-0.5388367059122066,-0.074459929773144,0.2874455544912873,-0.45384634952887537,-1.3787177599579352,0.16347282059447685,0.9177941881967786,0.1298156323002698,-0.37248638342111934,0.04575445207302581
641668626,-0.5406587939606525,-0.07995869727630191,0.2881005274668506,-0.4571976746940953,-1.3706659916210189,0.16401366718719443,0.9187636795953885,0.12906954721097574,-0.37024111387466485,0.04637285046834744
641668630,-0.5424926857235601,-0.0854240392050278,0.28875550289808366,-0.4597482067597263,-1.3620049727419243,0.16347404842933116,0.9187636795953885,0.12906954721097574,-0.37024111387466485,0.04637285046834744
641668634,-0.5443351730636711,-0.09085420547598892,0.28940710632190597,-0.4614954632957623,-1.3530781627386388,0.1623276634818292,0.9194983002370734,0.12858234963431836,-0.3685048857337557,0.04686321662496801
641668638,-0.5461835405813668,-0.09624850976024997,0.29005416231864584,-0.4626882955520514,-1.344073979391888,0.16120033488809743,0.9199921758614484,0.12806909742629985,-0.3674113158359933,0.04724960175993331
641668642,-0.5480358197626515,-0.10160680188206181,0.29069765868374314,-0.46345129509029115,-1.3350720815140333,0.16054784766054822,0.9203242098841996,0.1272966168178533,-0.36679614469804167,0.047637600057889806
641668646,-0.5498903180108432,-0.10692916103412008,0.2913391402067742,-0.46379782900555705,-1.3261074945151017,0.1601929138549744,0.920494176909574,0.12649684469556724,-0.3666000913741343,0.04800630652845733
641668650,-0.5517444899221458,-0.1122161357242739,0.2919789090140857,-0.46328812664568997,-1.3173798505618066,0.15969148980075512,0.920494176909574,0.12649684469556724,-0.3666000913741343,0.04800630652845733
641668654,-0.5535952155548671,-0.117468661364032,0.29261631110411407,-0.4620746897150061,-1.308882969317242,0.15900955521343757,0.9205034805383961,0.12588903617507857,-0.36679894817414077,0.048183745143621504
641668658,-0.5554399430024243,-0.1226878372667061,0.2932512129114809,-0.46028903406355826,-1.300704982019804,0.1584413484699676,0.9204384361673468,0.12516266390028213,-0.36717131965416006,0.04833663611225131
641668662,-0.5572760446943257,-0.12787518030944844,0.29388491349999923,-0.4577618118871703,-1.2929665393513696,0.1584089457892137,0.9204983402112894,0.12417313370158178,-0.3673305952834741,0.048444996517500616
641668666,-0.5591007104811562,-0.13303184279441338,0.29451957724131145,-0.4545710815280892,-1.285364703131103,0.1589229248669053,0.9206873997471474,0.12314127008239717,-0.3671678344024781,0.048594512138162516
641668670,-0.5609108955218481,-0.13815765663800947,0.29515629131340565,-0.450521438817868,-1.2775422186669425,0.15943411118019749,0.9206873997471474,0.12314127008239717,-0.3671678344024781,0.048594512138162516
641668674,-0.56270347230547,-0.1432515707689496,0.29579456240745927,-0.44576695299306496,-1.2694148468031263,0.159701435846627,0.9210703126698545,0.12202794545770373,-0.3665907048518329,0.04865675489588761
641668678,-0.5644768214564883,-0.1483124006967516,0.29643351797841755,-0.4409076225160562,-1.261000117097878,0.15977634963252377,0.9216772102934577,0.12078199964854842,-0.36544901761778054,0.04871245000013186
641668682,-0.5662313223596646,-0.15333908143925007,0.29707279476212545,-0.4363428290721131,-1.252340254151354,0.15986204222143882,0.9225359532095033,0.11944483096245738,-0.363737695707558,0.04874491350824983
641668686,-0.5679677149818361,-0.15833094374719794,0.2977130598414725,-0.4318534820136547,-1.2435908998225802,0.16027049745208155,0.9236373337220722,0.11796589766171667,-0.3614183203219583,0.048792526032564454
641668690,-0.5696864041161991,-0.16328704285778636,0.2983547402238332,-0.4274910851678611,-1.2344586554716226,0.16056969372826918,0.9236373337220722,0.11796589766171667,-0.3614183203219583,0.048792526032564454
641668694,-0.5713880819078935,-0.16820555519617694,0.29899677433777133,-0.42334781067931065,-1.224797513723668,0.16044736324080586,0.9249894847060138,0.1164158734228716,-0.358391776938535,0.04885109260418885
641668698,-0.5730743190862907,-0.1730835600346003,0.2996372119607706,-0.4197707785192722,-1.214204905488014,0.15977144825883305,0.9265645977274775,0.11466353879950987,-0.35490287235508533,0.048864859441471564
641668702,-0.5747485501809628,-0.17791675376340746,0.3002742590784457,-0.4173447688168099,-1.2023919589155736,0.15875211057871622,0.9282727659599352,0.11276363049823265,-0.35098189249596634,0.04886611960863507
641668706,-0.576414659466157,-0.18270163110296367,0.30090800033596343,-0.4157098737802568,-1.1900467108625243,0.15811851818015274,0.9301751536144935,0.11073581197000491,-0.34664644151458346,0.04888879516647865
641668710,-0.5780760545256947,-0.18743718398745315,0.30153986010554507,-0.4149876559885468,-1.1777297313822184,0.1578113666106683,0.9301751536144935,0.11073581197000491,-0.34664644151458346,0.04888879516647865
641668714,-0.5797358794480584,-0.19212353021507797,0.3021704929050375,-0.414924805193321,-1.1654433824301904,0.15750503313555542,0.9321414018467051,0.10857877088996827,-0.34196079166182425,0.04891568618373243
641668718,-0.581396407197546,-0.19676041798222713,0.3027997932678442,-0.41533906955049943,-1.1530005011443831,0.157145148267787,0.9341418096435052,0.1063291070577212,-0.33713514496771646,0.04897987088420386
641668722,-0.5830605507360958,-0.2013475045859526,0.3034281469670961,-0.41673269972433136,-1.1405428007183613,0.15703170135816977,0.936181518263388,0.10400202537270495,-0.3322574774926903,0.049045066140013305
641668726,-0.5847320900948826,-0.20588570442297197,0.30405740120155916,-0.41903697966911,-1.1285571177913187,0.15759541587335973,0.938149870499755,0.10161184871048497,-0.32736623411480004,0.049117801908280745
641668730,-0.5864146346891368,-0.21037785294943961,0.3046905309620373,-0.4222353174580138,-1.117517145442511,0.15896946436570675,0.938149870499755,0.10161184871048497,-0.32736623411480004,0.049117801908280745
641668734,-0.5881108117456225,-0.2148270477037583,0.30533018751901764,-0.42585321078486904,-1.1070802317168287,0.16085881412445757,0.9400727961780548,0.0992909952130683,-0.32248148250714603,0.04922889221002397
641668738,-0.5898212476719252,-0.2192345359003248,0.30597819449987723,-0.4293647523664716,-1.096663866566419,0.16314467630535343,0.9419502571114035,0.09696266546892485,-0.3176629721033609,0.04933700300344779
641668742,-0.5915452879501288,-0.22360020169049166,0.30663686611774865,-0.43265538673532106,-1.0861690285170187,0.1661911326303587,0.9437605566301236,0.09467035527002436,-0.3129015594732572,0.0494607871841794
641668758,-0.5985319408195957,-0.24065120011804664,0.3094273285767778,-0.44067622194803596,-1.0452057749273547,0.18261667474828608,0.9490483680015146,0.08828470731515335,-0.29835210901841924,0.04988807885411922
641668762,-0.6002954677860348,-0.24481252579269114,0.31016770242401764,-0.44108726127154113,-1.0354570623948887,0.18757024887164173,0.9508044002328875,0.08632736500934035,-0.293337278913928,0.04999214183786638
641668766,-0.6020588077230865,-0.24893530152760845,0.31092822908417755,-0.44058270725429627,-1.0259308050637626,0.19269308120830422,0.9525332285008374,0.08444476281749765,-0.2882254317714338,0.05004245259150314
641668790,-0.6125514710448097,-0.27286830169747317,0.3158464298342893,-0.4338059028892959,-0.9684858757582979,0.2171569813010077,0.9590251021210177,0.07749357083995391,-0.2679850235624389,0.04985015089607653
641668794,-0.6142840438692073,-0.2767229586623974,0.31672075681823614,-0.4324805093095485,-0.9588426067038006,0.2200065106724129,0.9605038882625478,0.07591002969383209,-0.26307604749968116,0.04966082032648256
641668798,-0.6160116362250987,-0.28053883601736423,0.3176055149742584,-0.43131566863611254,-0.949096070779623,0.22237256733871746,0.9619226492797723,0.07431858200000077,-0.2583471160740561,0.04940849723229995
641668802,-0.6177351121528029,-0.284315598336523,0.3184994907878509,-0.43042229521596,-0.9392850887997506,0.22461533945754758,0.963273328671609,0.07280215290497485,-0.25377784494074473,0.04918004466600573
641668806,-0.6194556551116726,-0.2880533221527898,0.31940231569028565,-0.42984918421887813,-0.9295768193336453,0.2267971117598314,0.9645372092766995,0.07133799699685495,-0.24935161442283243,0.04894865077827609
641668810,-0.6211754367356327,-0.29175241742451125,0.3203132266412334,-0.4300416277611734,-0.9199708165270932,0.22865836371405648,0.9645372092766995,0.07133799699685495,-0.24935161442283243,0.04894865077827609
641668814,-0.6228970943636029,-0.29541307285083945,0.32123110708494024,-0.43078718622390744,-0.9103568966370229,0.23028185813936475,0.9657092662599758,0.06985297707940069,-0.2452802937338078,0.048683276152340194
641668818,-0.6246220206286077,-0.299035026674778,0.32215617428093185,-0.4316759462785534,-0.9006200153322439,0.23225173985644149,0.9667319119379799,0.06838720521412728,-0.24165929699394406,0.04846990181679983
641668822,-0.6263507872999117,-0.302617515433258,0.32309063006496685,-0.4327073893734454,-0.8906243639077456,0.2349761521610599,0.9676648696654974,0.06702692601227292,-0.2383687974876078,0.04826794722227307
641668826,-0.6280838221543196,-0.30615946584794346,0.32403722673310104,-0.4338100378305248,-0.8803508434350001,0.23832218190602636,0.968459554549759,0.06564541676583266,-0.2355418960637762,0.04803211434215526
641668830,-0.6298211402596567,-0.3096602616584019,0.3249986311973627,-0.4348490148380534,-0.8700470617942222,0.2423800502248294,0.968459554549759,0.06564541676583266,-0.2355418960637762,0.04803211434215526
641668834,-0.6315620070228845,-0.31311987202117836,0.32597736248834724,-0.43558436677578766,-0.8597581195940125,0.24698559526744412,0.969178127386398,0.06437694069526939,-0.2329741354899564,0.04787079618025475
641668850,-0.6385067560510058,-0.32654581669729466,0.33010559526157596,-0.432509261739389,-0.8184849649205267,0.26904350138614164,0.9712805509774216,0.060777660184218714,-0.22515460358051156,0.04728648563269128
641668854,-0.6402316825266673,-0.3297991434809504,0.33119484358823353,-0.42995397609136726,-0.8081784269073579,0.27558066194265357,0.9720759045978424,0.05963399934024801,-0.22204599378976397,0.04705776948376056
641668858,-0.6419445640602431,-0.33301134784378206,0.33231084736977917,-0.42648679069658446,-0.7979237545084599,0.2824212288301643,0.9729494798583659,0.058548572562596796,-0.2185339656511272,0.046836157957980684
641668862,-0.6436421792158555,-0.3361827490170504,0.33345424005271634,-0.4223207871096374,-0.7877768321257322,0.28927511263843286,0.973890718551331,0.05752439754646813,-0.2146226498677573,0.04655442537499205
641668866,-0.6453223723830062,-0.3393137776188614,0.3346242158166769,-0.41777579646566276,-0.7777374687797629,0.29571276934183705,0.974905127970483,0.05653022996986158,-0.21039992004746955,0.04628497686053207
