timestamp_ms,calc_position_x,calc_position_y,calc_position_z,calc_velocity_x,calc_velocity_y,calc_velocity_z,calc_attitude_w,calc_attitude_x,calc_attitude_y,calc_attitude_z
641344467,0,0,0,0,0,0,0.9989113479097043,0.01810309560395455,-0.028048624338378243,0.033006967412495314
641344471,-0.0000001337939936692312,0.00000006420284881283056,0.00000004986651915989171,-0.00006689699683461559,0.00003210142440641528,0.000024933259579945856,0.998896914508833,0.01814130402089588,-0.027999360590189502,0.03298326690581865
641344475,-0.0000006072323829562825,0.0000002892728665582949,0.00000021864609271413827,-0.00016982219780891007,0.00008043358446631688,0.00005945652719717742,0.9989010237018796,0.01815319851418658,-0.027932299342017047,0.03298214367671293
641344479,-0.0000016381461398789523,0.0000007985924318062236,0.0000005902120152713906,-0.00034563468065242466,0.0001742261981576474,0.00012632643408144872,0.9989136493185932,0.018161058323824062,-0.027824118222355705,0.03293690902397289
641344483,-0.0000034707657657448326,0.0000017590973118210745,0.000001288126442176747,-0.0005706751322805155,0.0003060262418497781,0.00022263077937122942,0.9989136493185932,0.018161058323824062,-0.027824118222355705,0.03293690902397289
641344487,-0.000006294590314538467,0.0000032214894548979647,0.0000024245776730195345,-0.0008412371421163019,0.000425169829688667,0.0003455948360501644,0.9989014567877288,0.018192991187105326,-0.027732238826605356,0.03291171274122345
641344491,-0.000010375748598294039,0.000005055868166915281,0.000004179172383939182,-0.0011993419997614835,0.0004920195263199913,0.0005317025194096594,0.9989078068507822,0.01819861012673596,-0.027622561930871287,0.032909093736045
641344495,-0.000016046351549406422,0.000007048784437035879,0.000006815194307203178,-0.0016359594757947074,0.0005044386087403074,0.0007863084422223387,0.9989078068507822,0.01819861012673596,-0.027622561930871287,0.032909093736045
641344499,-0.000023580784451264788,0.000009022517729650114,0.0000105468649823352,-0.002131256975134476,0.0004824280375668101,0.0010795268953436724,0.9989059990666245,0.018244678353314767,-0.027465117063021217,0.03284015857662831
641344503,-0.00003319013852913598,0.000010880794009601433,0.000015485409252241388,-0.002673420063801122,0.0004467101024088497,0.0013897452396094215,0.9989059990666245,0.018244678353314767,-0.027465117063021217,0.03284015857662831
641344507,-0.00004492373856921871,0.000012521584609538063,0.000021690278060642793,-0.003193379956240244,0.00037368519755946543,0.0017126891645912819,0.9989360496363549,0.018299561041134137,-0.027393648584228485,0.03282310617057865
641344511,-0.00005868211854441557,0.000013708628954061885,0.00002923287172026514,-0.0036858100313581837,0.0002198369747024455,0.002058607665219892,0.9989216162354836,0.018337769458075474,-0.027344384836039737,0.03279940566390194
641344515,-0.00007446513461129158,0.000014125516388646803,0.00003816585478355825,-0.004205698002079824,-0.000011393257409986505,0.0024078838664266617,0.9989064377406783,0.018424869076238484,-0.027331461181752545,0.032779441803304776
641344519,-0.00009233440976711237,0.00001348364522408222,0.00004845572702803456,-0.004728939575830575,-0.0003095423248723056,0.002737052255811491,0.9989098018397908,0.018485654770750867,-0.02730074002748164,0.032782055220278716
641344523,-0.00011225289386788048,0.000011557259174220657,0.000060037419941783477,-0.005230302474553482,-0.000653650700058476,0.003053794201062967,0.9989098018397908,0.018485654770750867,-0.02730074002748164,0.032782055220278716
641344527,-0.00013417452473926737,0.00000823910320107261,0.00007278468024304128,0,0,0,0.9989168366547602,0.018552897775595625,-0.02731281766137837,0.03278648232384534
641344531,-0.00013505488107593488,0.000007499419963607662,0.00007299000223430136,0,0,0,0.9989141346248911,0.018644191306776855,-0.027342705116332536,0.032792106581348165
641344535,-0.000135929040448373,0.000006660012221809394,0.00007289227799147261,0,0,0,0.9989103932177497,0.018760070993047155,-0.02739080316604681,0.032799846948052255
641344559,-0.0001618366113982031,-0.000013882272404698886,0.00001865974430730926,0,0,0,0.9988874873863443,0.019332527021684698,-0.027626668894759294,0.03296677278308142
641344563,-0.0001624749876153722,-0.000014325309855384583,0.00001678291232296366,0,0,0,0.9988874622600127,0.019332912570928215,-0.027627248791835184,0.03296682204081128
641344567,-0.00016304176408310405,-0.000014716785456853568,0.000014657892762094766,0,0,0,0.9988816971851509,0.01944674034232104,-0.02767281375758765,0.03303626336783293
641344571,-0.0001635976169334388,-0.000014967005758839366,0.000012469229673407331,0,0,0,0.9988768085443608,0.01953379588548487,-0.027701330145585654,0.03310873719581977
641344575,-0.0001640414207808687,-0.000015056698025459573,0.000010008885309425285,0,0,0,0.9988723389975731,0.019604919270977524,-0.027754408480188817,0.03315705559621888
641344579,-0.000164288924493876,-0.000015039636635251554,0.000007350838642123951,0,0,0,0.9988668296682479,0.019692075971464346,-0.027781619040774298,0.03324846426394196
641344583,-0.00016447572978323842,-0.000014986323483701582,0.0000046396624940358646,0,0,0,0.9988668276329769,0.01969212380253386,-0.027781665190725915,0.03324845851778692
641344587,-0.00016455144039235591,-0.000014845089016247951,0.000001981205972130216,0,0,0,0.9988626389720703,0.019736612635867727,-0.027816469138433688,0.03331874295473809
641344619,-0.00014854279726427108,0.000010719666407559403,-0.00013927930289405374,0,0,0,0.9988502971501301,0.019829855423161617,-0.02792549981430846,0.03354142479255165
641344623,-0.0001482009996433198,0.000011183411315351202,-0.0001412510499599875,0,0,0,0.9988503061462431,0.019829947993051187,-0.02792497491961691,0.033541539169931904
641344627,-0.00014780669184145763,0.00001156184626745613,-0.0001430439460538181,0,0,0,0.9988499900973555,0.01981188382807198,-0.027949456716340512,0.033541234487673634
641344631,-0.00014735300721060033,0.000011916631143984332,-0.00014461614707183895,0,0,0,0.9988513340333376,0.019769218721373324,-0.027956989064414205,0.033520102228669094
641344635,-0.0001470008814852567,0.00001209151727045443,-0.00014575750801876504,0,0,0,0.9988528039657723,0.019684121176128368,-0.027969700512295033,0.033515775934484765
641344639,-0.00014668852579145098,0.000012152618949637811,-0.00014655583064433048,0,0,0,0.9988541415545742,0.01964145551552813,-0.02797723840031591,0.03349464518394184
641344643,-0.0001463882993898254,0.000012177568478789117,-0.00014724979380758093,0,0,0,0.998854141414628,0.019641447664357853,-0.027977252080115353,0.03349464253489272
641344647,-0.0001461743198394912,0.000012139641863821844,-0.00014773086219784404,0,0,0,0.9988577202645148,0.019552242396584315,-0.0279474537237544,0.03346497147167624
641344651,-0.0001460592508206764,0.000012099305355945177,-0.0001478285960670826,0,0,0,0.9988594958091649,0.019485212223946093,-0.027935619709498125,0.03346095168842313
641344655,-0.0001459669530208099,0.000012080145645921343,-0.00014746136088168057,0,0,0,0.9988612669799255,0.019418187458003923,-0.02792376811790036,0.033456934964243394
641344659,-0.00014591285529779916,0.000012005286535429116,-0.0001467716933115742,0,0,0,0.9988629145923271,0.019393656272109063,-0.027906801011981116,0.033436124264008674
641344663,-0.0001458710615285302,0.000011912687208912882,-0.0001459868510185765,0,0,0,0.9988629145698653,0.019393653256299544,-0.027906804140453052,0.03343612407314691
641344667,-0.00014584729834376628,0.00001174191638725452,-0.00014520611521515162,0,0,0,0.9988649991893175,0.019344775070773135,-0.027870509340129083,0.03343243606301858
641344671,-0.00014590571452001083,0.000011377110497909757,-0.000144277912370748,0,0,0,0.9988654379708191,0.019320388584396924,-0.027851135938128144,0.033449568596134585
641344675,-0.00014607774147377527,0.00001088620497527589,-0.0001430997366318763,0,0,0,0.9988654391560121,0.01932036472822753,-0.02785110194092604,0.03344957529044951
641344679,-0.00014633436971721168,0.00001048824190060298,-0.00014187251472365793,0,0,0,0.9988663694773947,0.019330014409038573,-0.027783800131688616,0.033472181288909685
641344683,-0.00014661892748456056,0.000010119285098523614,-0.00014063315849875127,0,0,0,0.9988663693305829,0.01933002404303455,-0.027783802109405915,0.033472178464815185
641344687,-0.00014689598233019274,0.000009975874995764976,-0.00013949003368284382,0,0,0,0.9988647235153383,0.019354622963633782,-0.027800759858298732,0.03349299087665485
641344691,-0.00014730308041305647,0.00000986098766903878,-0.00013846676763456554,0,0,0,0.9988618909139185,0.019401239981661895,-0.027836864840348287,0.033520497056359115
641344695,-0.0001477163934462633,0.0000096151473793235,-0.00013753829683628243,0,0,0,0.9988574038952748,0.019472325430512766,-0.027889974550854117,0.033568803158179346
641344699,-0.00014799669376488594,0.00000933358195874641,-0.00013679292554169705,0,0,0,0.9988526088224716,0.019570131973577813,-0.027961437528100774,0.03359514539991311
641344703,-0.0001482334405448967,0.000009046625116806566,-0.00013610351595288984,0,0,0,0.9988526082689068,0.019570136067289863,-0.027961456342693102,0.033595143814329154
641344707,-0.0001483340506877353,0.00000863504584281487,-0.00013583324353492988,0,0,0,0.99884733323409,0.019647429332799452,-0.028058428211116135,0.03362600211266634
641344711,-0.00014844301294786116,0.000008185104998117912,-0.00013596020521015854,0,0,0,0.9988414342342884,0.01972485795997065,-0.02815415357839957,0.03367584997490631
641344715,-0.00014844796242811717,0.000007786058909142958,-0.00013643910409831758,0,0,0,0.9988368789052372,0.019804459765259377,-0.028251272874457344,0.033682908028013804
641344719,-0.00014826372290473332,0.0000074668295015858186,-0.0001372258948638573,0,0,0,0.9988309448953064,0.019881921853021317,-0.028347045520201425,0.03373273948636865
641344723,-0.00014801864777979747,0.000007175950737446915,-0.00013810328945356985,0,0,0,0.99883094399113,0.01988194437886587,-0.028347057627601348,0.03373274280815611
641344727,-0.00014777463781137905,0.000006920767267385508,-0.00013932823690190074,0,0,0,0.9988277478432613,0.019955238385847625,-0.028401529091426285,0.0337382830711829
641344731,-0.00014767383848562468,0.000006615638760230511,-0.00014090698962962155,0,0,0,0.998825934072577,0.020022245557608356,-0.028413369830514772,0.033742310557358206
641344735,-0.0001476402570795416,0.000006295311168140395,-0.00014272478553197258,0,0,0,0.9988237945807984,0.020071120227867847,-0.02844968566682514,0.03374600565211145
641344739,-0.00014758794208269372,0.000005949070251849683,-0.0001446903672096449,0,0,0,0.9988248702712685,0.020091526059810485,-0.02842535543933876,0.03372251883117002
641344743,-0.00014753137892635474,0.00000559638278592986,-0.00014669731941797901,0,0,0,0.9988248701377538,0.02009154276482814,-0.02842534851462407,0.03372251867003149
641344747,-0.0001476504224355933,0.000005262426172584677,-0.00014882984674307123,0,0,0,0.998826867587448,0.020085144075536333,-0.028383953572993066,0.03370202890744221
641344751,-0.00014800348718721794,0.0000050587870516524274,-0.00015110838019726292,0,0,0,0.9988293272285755,0.020099201381429427,-0.028317051873651022,0.03367702102509616
641344755,-0.00014858163193642794,0.0000049466185132802475,-0.0001534339624361993,0,0,0,0.9988328452168221,0.020044039815729223,-0.028238149917901845,0.033671808284490096
641344759,-0.00014932827880434618,0.00000496578454754297,-0.00015577094979099995,0,0,0,0.9988380313833422,0.020009146306473706,-0.028136080110523397,0.033624130060865245
641344763,-0.0001501290029730427,0.000005022309385968073,-0.0001581083191383471,0,0,0,0.9988380325626699,0.020009175556112386,-0.02813602810578174,0.0336241211384037
641344767,-0.0001510917448828494,0.000005113856812091063,-0.00016039543005497145,0,0,0,0.9988429052229499,0.019947751586543792,-0.028014462268419943,0.03361737342848048
641344771,-0.0001522301969851449,0.0000052362296744604935,-0.000162562566687966,0,0,0,0.9988477592376614,0.019886322189281238,-0.027892903083722567,0.033610623517701846
641344775,-0.00015359530534715158,0.0000053349170668593296,-0.00016459397686954298,0,0,0,0.9988536454345579,0.019800479786334882,-0.027753206342176907,0.03360201690455122
641344779,-0.00015511407388658113,0.000005468329324452659,-0.00016628874014287806,0,0,0,0.9988584587060393,0.019739022061677554,-0.027631653844435437,0.033595270281176745
641344783,-0.00015668214471353185,0.000005608925596638681,-0.00016788080621039217,0,0,0,0.9988584610404989,0.019739031603560536,-0.02763156863607759,0.03359526534899865
641344787,-0.00015838526791865526,0.000005747225204612213,-0.00016931182218971278,0,0,0,0.9988632568551029,0.019677589669265617,-0.027509971043958616,0.03358851087477949
641344791,-0.000160365895623109,0.000005900525594960995,-0.00017059751969876667,0,0,0,0.9988663684707239,0.019595855507372625,-0.02741153895166944,0.0336242162338905
641344795,-0.0001625307363236136,0.000005889147723688458,-0.00017163578309150958,0,0,0,0.998868122815823,0.019520461641774012,-0.027355727619048874,0.03366138687158162
641344799,-0.00016464090282787905,0.000005760644403561143,-0.0001724621176796934,0,0,0,0.9988701711367683,0.019426793083107855,-0.02732553562544719,0.0336793115501422
641344803,-0.00016673292451901435,0.000005592987872512801,-0.0001732237516932074,0,0,0,0.9988701739570799,0.019426774545707827,-0.027325427280151107,0.033679326502478145
641344823,-0.00020483731892392826,0.000002914491415076926,-0.00018163820464887304,0,0,0,0.9988579882111602,0.019264266551526216,-0.02751201109465845,0.033980827925655405
641344827,-0.00020609987098687941,0.000002697397622837416,-0.00018197794866314408,0,0,0,0.9988535415089895,0.01924811098362494,-0.02757705332720963,0.03406785828753527
641344831,-0.0002071861662932545,0.0000023787063382500087,-0.0001823447106806771,0,0,0,0.9988486424017132,0.01921150018649552,-0.027666999105795516,0.0341591128883407
641344859,-0.00024199116175337154,-0.00000793255033075522,-0.00020120077528437138,0,0,0,0.9988108656518447,0.019118785294231142,-0.028287976477313063,0.034801107618934915
641344863,-0.000242541210089649,-0.000008106239432962418,-0.000201578201142315,0,0,0,0.9988108125451719,0.01911909717428519,-0.028289355511452594,0.034801339497788915
641344867,-0.00024274893409462054,-0.000008352900896298416,-0.00020186341236688862,0,0,0,0.9988040512419675,0.019070656432088294,-0.02844648452251307,0.034893764546018786
641344871,-0.00024278177288241648,-0.000008583048407232432,-0.00020198291958924432,0,0,0,0.9987967153928744,0.01898824634334919,-0.028651548834129726,0.034980802886944606
641344875,-0.00024265505682574323,-0.000008880924718967953,-0.00020178239686577005,0,0,0,0.9987899392613712,0.0188973091534922,-0.02881379254038291,0.03509008829375566
641344879,-0.00024225180119802348,-0.000009048105715740444,-0.00020117313158973923,0,0,0,0.9987859519497727,0.01880225166554139,-0.028934739018996326,0.03515506219585465
641344883,-0.00024176015018143054,-0.000009179975499050191,-0.00020044132483770474,0,0,0,0.9987859518526376,0.018802248220951594,-0.02893473479343226,0.03515507027574031
641344887,-0.00024088233344014048,-0.000009243715086701153,-0.00019927707404948696,0,0,0,0.9987823498090881,0.018682825106292385,-0.029036355674145285,0.03523719348995597
641344891,-0.00023987913810016352,-0.000009255765475326646,-0.0001977688895992258,0,0,0,0.9987811360127289,0.018575164047475508,-0.029071949674062934,0.03529911284835375
641344895,-0.00023877149172370424,-0.000009277165821055576,-0.0001958078112699502,0,0,0,0.99878168435349,0.018479327632758627,-0.02904037436429044,0.035359837485891776
641344899,-0.00023756142419844873,-0.000009265700762289305,-0.00019338638378045604,0,0,0,0.9987840259076343,0.018352852905298134,-0.028946826408066832,0.03543619086295909
641344903,-0.00023632612763038055,-0.000009250438462293706,-0.0001908299262520012,0,0,0,0.9987840263380665,0.01835283314156647,-0.028946813397480838,0.03543619959490326
641344907,-0.00023496368383911671,-0.000009301467360478026,-0.00018799050069467094,0,0,0,0.9987885051149297,0.01826472894135252,-0.028805726972327528,0.03547043586677287
641344911,-0.0002336922798163287,-0.000009326761840355138,-0.00018491380449995798,0,0,0,0.9987925205985492,0.018192630804248065,-0.028639816269631458,0.03552871943735802
641344915,-0.0002324922090639486,-0.000009268356550032954,-0.00018171471941766365,0,0,0,0.9987966291060003,0.018165377564803308,-0.02846782822396577,0.03556536940100146
641344919,-0.00023134447858876906,-0.000009260606409675419,-0.00017854102492534155,0,0,0,0.9988003500394748,0.018119846624126183,-0.028320425476466696,0.03560176147570294
641344923,-0.00023022070477836585,-0.000009270402858080062,-0.00017537902201754737,0,0,0,0.998800349074868,0.018119825418782952,-0.02832046315635299,0.035601769356653726
641344927,-0.00022907692777433648,-0.000009340101332001375,-0.00017227728092340742,0,0,0,0.998802351687582,0.01814131724669494,-0.028184942490705852,0.035642164478410836
641344931,-0.0002280183831919309,-0.000009516950938566914,-0.00016925856527861405,0,0,0,0.9988029701882898,0.01816905956167858,-0.028091938842900614,0.03568409995699829
641344935,-0.00022721141214515362,-0.000009768669940501202,-0.00016652319844395733,0,0,0,0.9988011927642653,0.018227583257779352,-0.02805964253039382,0.035729385697604
641344939,-0.0002264734747092173,-0.000009958882005052172,-0.00016416719754093858,0,0,0,0.9987994877565624,0.01829471088204256,-0.028071597259731507,0.035733349104984456
641344943,-0.00022575654089381105,-0.000010127165587215533,-0.00016192756063190017,0,0,0,0.9987994861542685,0.01829475822987082,-0.028071646095456867,0.035733331285671015
641344947,-0.00022484788587131952,-0.000010333781166379935,-0.00016011795409026918,0,0,0,0.9987928923398498,0.018414757323928322,-0.02816139635161485,0.03578534168657864
641344951,-0.00022394082342189458,-0.00001058831641468013,-0.0001585776440387108,0,0,0,0.9987859370039958,0.018516609449859743,-0.02827531180833836,0.03583704730684164
641344955,-0.00022310702720685046,-0.000010999147675665439,-0.00015750489988468734,0,0,0,0.9987765312315219,0.01864910388978063,-0.02845003482542987,0.035892159362023134
641344959,-0.00022231860051470512,-0.000011513730931861232,-0.0001569257826626961,0,0,0,0.9987670732651184,0.018781670942798732,-0.02862478224660262,0.035947239662604775
641344963,-0.00022153634241821077,-0.000012052062700368217,-0.0001564947144043788,0,0,0,0.9987670740070237,0.01878171982966985,-0.02862474041440306,0.03594722681788399
641344967,-0.00022074033890506013,-0.000012599699663876753,-0.00015648356669318542,0,0,0,0.9987578664635796,0.018896120801454894,-0.028825161614944996,0.035982924473253936
641344971,-0.0002200276548783162,-0.000013158172142832439,-0.0001568720031398445,0,0,0,0.998747952229272,0.019010589574727774,-0.029024338313509174,0.0360376634553328
641344975,-0.0002191101955174005,-0.000013580388459244252,-0.00015763011948623904,0,0,0,0.9987479519703659,0.01901064415580253,-0.029024414675590172,0.03603758033665061
641344979,-0.00021815398976902058,-0.000013857000226449113,-0.00015870846139641253,0,0,0,0.9987312149990927,0.019253586317904376,-0.029356971762560954,0.036103016622818875
641344983,-0.00021717191039025046,-0.000014077660630561643,-0.00015988077670694956,0,0,0,0.9987312163218254,0.01925362457002207,-0.029356902538691308,0.03610301592079995
641344987,-0.00021615742275252369,-0.000014256383434193703,-0.00016139924716172566,0,0,0,0.9987240221443867,0.019355505665502013,-0.029470823203228986,0.036154703316377615
641344991,-0.0002151329864731815,-0.000014422507387408035,-0.00016320760834314204,0,0,0,0.9987178818213871,0.019432966530967634,-0.02956657219251634,0.03620455980664527
641344995,-0.0002140683881219242,-0.000014639490668203005,-0.00016518089169879167,0,0,0,0.9987160801595064,0.019500014663532288,-0.02957834020370472,0.036208596351506
641344999,-0.00021286117060300918,-0.000014755023048097598,-0.0001672694261443651,0,0,0,0.9987138913871723,0.019540423152931318,-0.029570559978622176,0.036253510117597545
641345003,-0.00021161270640114883,-0.000014838071587673532,-0.00016939051637346667,0,0,0,0.9987138924747393,0.019540441076873118,-0.02957050488311625,0.036253515435523735
641345007,-0.00021045668893508759,-0.000014893732324060195,-0.00017155094564957608,0,0,0,0.9987142491862294,0.019558599089205216,-0.029546043559853533,0.036253840955312415
641345011,-0.00020932705635640363,-0.000014856638301513538,-0.00017377113907915924,0,0,0,0.9987156897379119,0.019552284635125455,-0.02950340063458692,0.03625229079477619
641345015,-0.0002081394483955804,-0.000014926919384270708,-0.00017592754531866103,0,0,0,0.9987174811086664,0.019564227481937226,-0.029436165379857913,0.036251153067527825
641345019,-0.00020697779500817966,-0.000015164790136028928,-0.00017799037145444416,0,0,0,0.9987199908771256,0.01953360842329913,-0.029375336524461438,0.03624786294989144
641345023,-0.00020582779397940518,-0.00001545414266445156,-0.0001800232995316426,0,0,0,0.9987199909099351,0.019533611839473074,-0.02937532582785981,0.036247868873509864
641345027,-0.00020472456065345597,-0.0000159196767006901,-0.00018194731263639893,0,0,0,0.9987236133817866,0.019486972624946034,-0.029340359822413602,0.03620145379723506
641345039,-0.0001947409128581324,-0.00001978044615638708,-0.00019746518838349735,0,0,0,0.9987308294133682,0.01939378962127924,-0.029270647281772456,0.03610873178494927
641345043,-0.0001936388793541688,-0.000020200928973834567,-0.0001991207100649991,0,0,0,0.9987308544865319,0.01939341476365798,-0.02927041633862705,0.03610842682491493
641345047,-0.00019260168004517128,-0.00002061671211658877,-0.00020067978642135704,0,0,0,0.9987326824707313,0.01933482745699714,-0.02930260928664278,0.03606314602221681
641345051,-0.00019170491510828665,-0.00002093341579185623,-0.00020215762792131784,0,0,0,0.9987337902409941,0.0193187688582197,-0.02932850704988327,0.036019995487029735
641345055,-0.00019090343162339482,-0.00002129852018541277,-0.0002036435277972187,0,0,0,0.998734533176567,0.019284659380728254,-0.029378882132947832,0.03597659569459539
641345059,-0.0001902018649178235,-0.000021573892160934476,-0.00020505018792507364,0,0,0,0.9987360814150062,0.01925271706542504,-0.02942939833311052,0.03590937313777275
641345063,-0.0001895288211276836,-0.000021823770182918995,-0.00020643147030732664,0,0,0,0.9987360823919911,0.0192527130346527,-0.029429377409313794,0.03590936527430507
641345067,-0.00018874529442069717,-0.000021939545750859236,-0.00020792733873439497,0,0,0,0.9987353842671157,0.019224812978688867,-0.029522318736110373,0.03586741522879801
641345071,-0.00018774928261722996,-0.00002196881662565738,-0.00020952523424533145,0,0,0,0.9987346741494751,0.019196956180289704,-0.02961522410221601,0.035825494083531896
641345075,-0.0001865919980069169,-0.00002212981819616544,-0.00021096531409829102,0,0,0,0.9987347515245236,0.01917143748573619,-0.029708285794140775,0.035759891458897956
641345079,-0.00018572114012109278,-0.000022304192653585832,-0.0002122139085427827,0,0,0,0.998736474907055,0.019155377018181128,-0.029735394710339896,0.035697780364348626
641345083,-0.00018493578010353554,-0.000022483252365992085,-0.00021340383547646482,0,0,0,0.9987364740163371,0.019155377895737527,-0.02973542122965614,0.03569778272359213
641345087,-0.00018432039326166444,-0.00002276545089598109,-0.00021485737788381156,0,0,0,0.998739417332622,0.019125656451499506,-0.029787443279879817,0.03558783154734131
641345091,-0.00018361220634548675,-0.000023195951124473035,-0.00021633183922562945,0,0,0,0.9987440762692658,0.01906298609969498,-0.029778262739265662,0.03549827807436783
641345095,-0.00018289710989696016,-0.00002353953458576886,-0.00021764619486449162,0,0,0,0.9987476556500717,0.019024654479861937,-0.029787239319441185,0.0354104960306112
641345099,-0.00018270005856998726,-0.00002372807090319001,-0.0002187757128961865,0,0,0,0.9987545254844192,0.018957830595563573,-0.029735827959462825,0.03529559489607017
641345103,-0.00018266112034494788,-0.000023873559828322548,-0.00021984890886143945,0,0,0,0.9987545265090872,0.018957825095234738,-0.02973580887416616,0.03529558493447162
641345107,-0.00018293217977420766,-0.000024144546993886683,-0.00022108667963462007,0,0,0,0.998760958209998,0.018907011935100016,-0.029659631759170312,0.03520482209929876
641345111,-0.00018324500047804535,-0.000024544356790928478,-0.00022245436725086643,0,0,0,0.9987692296471756,0.0188339759733018,-0.029565364768124533,0.035088409270761005
641345115,-0.00018381366784917655,-0.000024974426452189234,-0.00022355081376532995,0,0,0,0.9987789002844504,0.018754628015348416,-0.029428530102846556,0.03497047169507071
641345119,-0.00018481153016686847,-0.000025272603017818528,-0.0002244184076634045,0,0,0,0.9987877475809471,0.018673000116759857,-0.029291564435707674,0.034876332974191813
641345123,-0.00018594362873346472,-0.000025535366063388524,-0.00022521719777966563,0,0,0,0.9987877506110722,0.01867298436614705,-0.029291489688953617,0.03487631740792331
641345127,-0.00018727066130647956,-0.00002575295275998303,-0.0002262439639014506,0,0,0,0.998796300985911,0.018618025331189097,-0.029172682940669128,0.03476021921208176
641345131,-0.00018864334511913323,-0.000026027204062988255,-0.0002272331985785173,0,0,0,0.9988047218074104,0.01851832532674665,-0.029060083553472848,0.03466570158210321
641345135,-0.0001901946997740527,-0.000026415766150657203,-0.00022784721732539462,0,0,0,0.9988120647215244,0.018443086727860887,-0.028965811565217735,0.03457301952450887
641345155,-0.0002217444247992151,-0.00003800814033489982,-0.0002292952032259369,0,0,0,0.998831847008965,0.01807423342957513,-0.0288784612710218,0.034268031183757375
641345159,-0.00022280633238680957,-0.000038669221072464465,-0.000228488095398357,0,0,0,0.998835542585721,0.017966940174307045,-0.028875046758860483,0.03421957923374512
641345163,-0.00022381046186292506,-0.00003939512592341579,-0.0002274226227456252,0,0,0,0.998835544081607,0.017966891529231272,-0.028874991870773088,0.034219607426735216
641345183,-0.0002291505962057549,-0.000047758150771344424,-0.00019140680665967108,0,0,0,0.9988571766608959,0.017715409550522525,-0.02868699399276257,0.033875673766581835
641345187,-0.00022925931125648068,-0.000048034369898270774,-0.0001899836914919033,0,0,0,0.9988655367874171,0.01765195181081431,-0.0285222012782916,0.03380136165740325
641345191,-0.00022937866929482534,-0.000048315883382819084,-0.00018875401753114102,0,0,0,0.9988751589243223,0.017624735939369172,-0.028311534492931233,0.033708197543514236
641345195,-0.0002292404465332388,-0.000048840673432682584,-0.00018755066679350955,0,0,0,0.9988874860329967,0.017550747042488175,-0.028065011185009776,0.03358744813342794
641345199,-0.0002288802527007297,-0.00004910508345271989,-0.00018628089000864443,0,0,0,0.9989004291626947,0.01751342016811449,-0.027769463942908076,0.033467440967647824
641345203,-0.00022846827006833497,-0.00004929395979510168,-0.00018499363269649803,0,0,0,0.9989004294912189,0.017513444606421114,-0.027769405643882455,0.03346746674699897
641345207,-0.00022831384983125057,-0.00004940541014758434,-0.0001841967513217521,0,0,0,0.9989143784985794,0.017496238894682853,-0.027449222635878876,0.03332395879878189
641345211,-0.00022855295848605791,-0.00004951288079351916,-0.00018342916970558418,0,0,0,0.9989290358781928,0.01745234862278107,-0.027111924906114807,0.03318343464589246
641345219,-0.00022906052568747768,-0.000051571917818947964,-0.00018017518384660434,0,0,0,0.99895841094334,0.01738445703264461,-0.026412318323480094,0.03289777044142295
641345223,-0.00022918753037821197,-0.00005221291640619031,-0.0001793532729653673,0,0,0,0.9989584042395938,0.017384722125587705,-0.026412398870232574,0.032897769249907324
641345227,-0.00022923681493992288,-0.000052356699606771933,-0.00017906715342387472,0,0,0,0.9989721379709128,0.01738592919113089,-0.026067949565553188,0.032754526854046694
641345231,-0.00022933208433040643,-0.00005229262103152922,-0.00017902247839363022,0,0,0,0.9989862358748143,0.01734213190315586,-0.025730898467026947,0.032613982550482014
641345235,-0.00022985183417164036,-0.00005254916242132035,-0.00017873347495319262,0,0,0,0.9990003539542079,0.01730036705910261,-0.025392590993818884,0.03246854511074153
641345239,-0.00023079831798768297,-0.00005300575449698542,-0.00017801221151757726,0,0,0,0.9990146234830245,0.01724049426258453,-0.025080084304407328,0.03230382014462661
641345243,-0.00023188713499435015,-0.000053525920708147005,-0.00017716349535838927,0,0,0,0.9990146240585228,0.017240485350169914,-0.025080092226637624,0.032303800952864246
641345247,-0.0002318525379878037,-0.00005395604413481232,-0.00017704688870999962,0,0,0,0.9990290417442937,0.017198791250727572,-0.024743477876466777,0.03213931600966211
641345251,-0.00023172139616314856,-0.000054418073848443446,-0.00017729619400989023,0,0,0,0.9990445199189123,0.017150792201144134,-0.02436388157375789,0.031973408037350805
641345255,-0.00023168170795357905,-0.000054741484053754494,-0.00017719685016190706,0,0,0,0.9990601595869786,0.017078515778709603,-0.023964887805471857,0.03182461275975482
641345259,-0.0002309903360620215,-0.00005508698465142861,-0.00017690732008001405,0,0,0,0.9990778583579477,0.01703610862281263,-0.023475708141715217,0.03165588522112698
641345263,-0.00023012764503913783,-0.00005544219781554657,-0.00017656336727242208,0,0,0,0.9990778573379702,0.017036107721382917,-0.023475719293292806,0.03165590962740573
641345267,-0.00022859286936649886,-0.000056210389259841346,-0.00017675079568121987,0,0,0,0.9991015898543196,0.016919477794243853,-0.02277972525652925,0.03147742904015135
641345271,-0.00022658338254881135,-0.00005764532420647993,-0.00017683375870627794,0,0,0,0.9991264161407665,0.016790346915432356,-0.021996904772430426,0.031314932549824134
641345275,-0.00022494429082358077,-0.00005776495516684522,-0.0001774195807854163,0,0,0,0.9991264271349903,0.016790470942585987,-0.021997020545388053,0.03131443394221215
641345279,-0.00022437434599224246,-0.00005718678440788227,-0.00017897412286689622,0,0,0,0.9991882508296313,0.016663525663089818,-0.019805881422277474,0.030868971113143625
641345283,-0.00022422850056117837,-0.000056410273041199314,-0.00018082620908469826,0.00007292271553203911,0.00038825568334147585,-0.0009260431089010197,0.9991938065005546,0.016663813484673884,-0.019805118334486758,0.030869569531647156
641345287,-0.0002237603144156602,-0.000053974737141948246,-0.00018590547549788254,0.00016117035722705575,0.0008295122662840593,-0.0016135900976911124,0.9992401606569307,0.016565618486464505,-0.018627516930336374,0.03065505885075076
641345291,-0.00022281816690911436,-0.00004959495999452331,-0.00019285172963783712,0.00030990339604585637,0.0013603763074284086,-0.001859536972286179,0.999243899165745,0.016468919264327864,-0.017447674656179146,0.030434272616194302
641345295,-0.00022147615575298215,-0.00004325506685697656,-0.00020057769341014727,0.000361102182020244,0.0018095702613449673,-0.0020034449138689008,0.9992702149521304,0.016354422542207495,-0.01629414630567256,0.030194943787719974
641345299,-0.00022088753520873311,-0.00003560059897294864,-0.00020975155688240073,-0.00006679190989573413,0.0020176636806689924,-0.0025834868222578255,0.9992916764515353,0.016276922528018115,-0.015244019297239952,0.029960474834430928
641345303,-0.00022290997867446902,-0.000027436134689635936,-0.0002221193293524067,-0.0009444298229722268,0.002064568460987357,-0.003600399412745166,0.9992916764515353,0.016276922528018115,-0.015244019297239952,0.029960474834430928
641345307,-0.00022860355265376611,-0.000019423778290139266,-0.00023841476850433165,-0.0019023571666763215,0.0019416097387609777,-0.0045473201632173004,0.9993186078717837,0.016186316311527678,-0.014413618627242551,0.029755689492109605
641345311,-0.0002378772345697549,-0.000012214667896014736,-0.0002577063102550082,-0.0027344837913180755,0.001662945458301287,-0.00509845071212099,0.9993432984220255,0.01610198564869731,-0.01362583360480675,0.029552399925860895
641345315,-0.0002505746469554789,-0.000006037076619224774,-0.00027871465117353637,-0.003614222401543934,0.001425850180093694,-0.005405719747143078,0.9993608938152795,0.016060927247457994,-0.012984065572006567,0.029355466010870246
641345319,-0.00026754053008800206,-0.0000005605550125217385,-0.0003013879284957395,-0.004868719164717625,0.0013124106232578238,-0.005930918913958493,0.9993698982754734,0.01602052546024811,-0.012494590082502068,0.02916264687713077
641345323,-0.0002901455273954796,0.000004610884806811229,-0.0003267817579136718,-0.006433779489021163,0.0012733092864086598,-0.006765995795007669,0.9993698982754734,0.01602052546024811,-0.012494590082502068,0.02916264687713077
641345327,-0.0003190212060907099,0.0000096590688593045,-0.00035572346767642174,-0.008004059858593964,0.0012507827398379747,-0.007704859086367286,0.9993866135265177,0.01596074191707711,-0.012182225283871148,0.028998015578286074
641345331,-0.0003539297016642039,0.000014478417630933858,-0.00038820980063520845,-0.009450187928153043,0.0011588916459767046,-0.00853830739302607,0.9993921989369213,0.01593571421183024,-0.011971766051241487,0.028880859802188352
641345335,-0.0003946554776144809,0.00001853849433204283,-0.00042360312406019185,-0.010912700046985467,0.0008711467045777812,-0.009158354319465637,0.9993936751542782,0.015898792013292674,-0.011828368066784285,0.028764827255196357
641345339,-0.0004416805445300974,0.000021005382796789654,-0.0004615296136244582,-0.012599833410822792,0.00036229752779563134,-0.009804890462667519,0.9994088396785723,0.015872552599035455,-0.011770573924417367,0.028676231860960633
641345343,-0.0004958586681226867,0.000021189649001528493,-0.0005023096261617036,-0.014489228385471852,-0.0002701644254262119,-0.010585115805955177,0.9994088396785723,0.015872552599035455,-0.011770573924417367,0.028676231860960633
641345347,-0.000557610226548866,0.00001876852343660526,-0.00054634291485864,-0.016386550827617797,-0.0009403983570354044,-0.011431528542513036,0.9993935810861689,0.015815876097569702,-0.011802418307793952,0.02860655719581423
641345351,-0.0006266971994665605,0.000013634984755965142,-0.0005936364915216464,-0.018156935631229464,-0.001626370983284655,-0.012215259788990157,0.9993942516707097,0.015763606826724237,-0.011877250885699207,0.028562823907351487
641345355,-0.0007023483050150091,0.000005927577265051262,-0.0006440664761055852,-0.01966861714299481,-0.002227332762172285,-0.012999732502979203,0.9993967905782903,0.015729507602829533,-0.011927637862993619,0.02851946316585574
641345359,-0.000783831132124974,-0.000003973522886664474,-0.0006977496254925896,-0.021072796411987595,-0.0027232173136855827,-0.01384184219052298,0.9993952948022176,0.015686891955267925,-0.011933913416653692,0.028517222295848854
641345363,-0.0008710957939557948,-0.00001582477543657105,-0.0007546943938947112,-0.0225595345034228,-0.003202408961267706,-0.01463054201053781,0.9993952948022176,0.015686891955267925,-0.011933913416653692,0.028517222295848854
641345367,-0.0009643197027314207,-0.000029379045420431736,-0.0008149963936043907,-0.024052419884390164,-0.0035747260306626372,-0.015520457844301942,0.9993945441200789,0.015595385106484626,-0.01190384887641222,0.028511244779762468
641345371,-0.0010631882642784202,-0.000044339030451961384,-0.0008789779270115693,-0.0253818608891096,-0.003905266485102187,-0.016470308859287325,0.999389758754287,0.01549536183403442,-0.011829672912536402,0.02854638713516494
641345375,-0.0011666024994679768,-0.00006079362755214252,-0.0009467307634235167,-0.026325256705668754,-0.004322032064988381,-0.017406109346686387,0.9994113618215392,0.015417259225125816,-0.011621746999282733,0.02860372863296684
641345379,-0.0012732563695863834,-0.00007896323707876205,-0.0010183701864090494,0,0,0,0.9994084352384799,0.015312239113850963,-0.01134545918425595,0.0286285777395952
641345383,-0.0012743763628537935,-0.00007982254006876706,-0.001020392309218943,0,0,0,0.9994083126231819,0.015310557466160108,-0.011350286385626749,0.028631843963042258
641345399,-0.0012884025370439212,-0.00008533797069058401,-0.0010513806483699465,0,0,0,0.999428003527628,0.014756566809202468,-0.009607539368810354,0.028872213078703374
641345403,-0.0012892788938497163,-0.00008555267059800674,-0.0010532886748929715,0,0,0,0.9994279406415502,0.01475662250391869,-0.00961177469284902,0.02887295178053078
641345407,-0.001289908018720468,-0.00008580579723543667,-0.0010549420547728507,0,0,0,0.9994322465516197,0.01458611371330376,-0.009219826332549065,0.028938290238416736
641345411,-0.0012903497776209712,-0.00008636605521508028,-0.0010557718721558801,0,0,0,0.9994353351624838,0.01442839936632534,-0.008913375136890106,0.02900661759061787
641345415,-0.0012907213849885882,-0.00008686500576316554,-0.0010564832088842192,0,0,0,0.999437295488792,0.014282815515390172,-0.008691776435462328,0.0290782838110899
641345419,-0.0012908174773660045,-0.00008755890959066663,-0.0010569740874451874,0,0,0,0.9994388345750183,0.014113755109461935,-0.00860593904971565,0.029133411628439937
641345423,-0.0012908344955703797,-0.0000883184640562275,-0.0010573985488736958,0,0,0,0.9994388338277157,0.014113687567972773,-0.00860596643659289,0.02913346189558775
641345427,-0.0012906342534858997,-0.00008861128436338976,-0.0010579207784886403,0,0,0,0.9994386790630411,0.01401768925981259,-0.008574659959133833,0.029194286891859975
641345431,-0.0012902292955640883,-0.00008883518563990586,-0.0010580182416403553,0,0,0,0.9994370721628574,0.01389824423306577,-0.008675917275003803,0.02927637363490448
641345435,-0.0012891925407709044,-0.00008900211199976222,-0.001057738187942356,0,0,0,0.999436635394634,0.01380541177550783,-0.008798390186461063,0.029298647867925458
641345459,-0.001234648700449221,-0.00008244546513159611,-0.0010696101786053548,0,0,0,0.999430211162571,0.013445566938351455,-0.009525991987499156,0.029457176067964195
641345463,-0.0012329688628534383,-0.00008217570496883703,-0.0010701154306676699,0,0,0,0.9994302426324164,0.01344522717301248,-0.0095236842692586,0.0294570096227519
641345467,-0.0012313035374516307,-0.00008183834006842765,-0.0010709173954926564,0,0,0,0.9994303144230512,0.01337270944621517,-0.009621748882289803,0.029455715960646656
641345471,-0.0012298779853878517,-0.00008183232150763743,-0.001071850489400686,0,0,0,0.9994315923999451,0.013284194462036745,-0.00974553783592445,0.02941167765859787
641345475,-0.0012283672900920512,-0.00008223212064780194,-0.001072293376973708,0,0,0,0.9994339703965422,0.013128519169715342,-0.009856870996535263,0.029363632199910675
641345479,-0.0012265283555093474,-0.00008264611842807942,-0.0010723405815970082,0,0,0,0.9994363182915548,0.012990986982187995,-0.009943959665919985,0.02931548401806225
641345483,-0.0012245881014387378,-0.00008307059619340312,-0.0010722684165669872,0,0,0,0.9994363205926853,0.012990949783657743,-0.009943987513826762,0.029315412604952667
641345487,-0.0012230300365206417,-0.00008332772480085267,-0.0010725420795926512,0,0,0,0.9994397237954642,0.012847273923311074,-0.00999086975789344,0.029246684835486807
641345491,-0.0012219358845346542,-0.00008361891226892964,-0.001072634927165178,0,0,0,0.9994448641526444,0.012656817032967723,-0.010000556612156247,0.029150598088943148
641345495,-0.0012208309114275892,-0.00008395905500339663,-0.001072029384024544,0,0,0,0.9994499633336291,0.012466352105246036,-0.010009845026910992,0.029054498104987597
641345499,-0.0012196922470337989,-0.0000842409418475698,-0.001070945110533027,0,0,0,0.9994555816370958,0.012263223951364668,-0.009932623260781159,0.02897406888810565
641345503,-0.001218547824072831,-0.00008451524862417367,-0.0010697177679424657,0,0,0,0.9994555815250488,0.012263191655487565,-0.0099327359921153,0.028974047776559916
641345507,-0.0012177637051110893,-0.00008464439202360325,-0.0010685329465933402,0,0,0,0.9994616961022816,0.012096483748985028,-0.009808477947888925,0.028875367800373437
641345511,-0.001217443134090439,-0.00008460535856648349,-0.001067044129469677,0,0,0,0.9994660351189416,0.01193391902063041,-0.009725019974877663,0.02882100287845612
641345515,-0.001217380058719289,-0.00008459873056300399,-0.0010651200581402653,0,0,0,0.999471549148205,0.011809665922375236,-0.009594211072951237,0.02872464704703069
641345519,-0.0012176000544467974,-0.00008465747206272241,-0.00106291117801486,0,0,0,0.9994759748964875,0.011691591887614832,-0.009504499123487047,0.028648678508107227
641345523,-0.0012179091895380182,-0.00008474193551353217,-0.0010606183417319324,0,0,0,0.9994759743382193,0.011691535958354876,-0.009504654840471995,0.028648669148236102
641345527,-0.0012186069480819596,-0.00008483704675738633,-0.001058389177000483,0,0,0,0.9994792042673534,0.011595911362868683,-0.009433204772894417,0.02859842171301395
641345531,-0.001219597331389854,-0.00008483376655789928,-0.0010561287981294756,0,0,0,0.9994796887151817,0.011535284395211056,-0.009463850935878248,0.028595884060273684
641345535,-0.0012206916858007013,-0.00008480440113568937,-0.00105380856194177,0,0,0,0.9994798113744251,0.011531909153305943,-0.009575173327641701,0.02855587123463785
641345539,-0.0012218157985018324,-0.00008473883216521217,-0.0010515809146082887,0,0,0,0.9994770126746089,0.011536886362285696,-0.00977052877991131,0.028585628477687343
641345543,-0.0012229386502732368,-0.00008466177967639243,-0.0010493812239850409,0,0,0,0.9994770113246411,0.011536875113961195,-0.009770712091523647,0.028585617561851778
641345579,-0.0011562697691641474,-0.00010055891196690126,-0.0010411440387592548,0,0,0,0.9994298675086905,0.0121389179588658,-0.012629276357027604,0.028863263520385915
641345583,-0.001154738113916709,-0.00010079987303901098,-0.0010416578217631264,0,0,0,0.9994299698633639,0.012140818375550763,-0.012621993505394674,0.02886210574502981
641345587,-0.0011529151659068946,-0.00010091639529719543,-0.001042619346165482,0,0,0,0.9994272572652579,0.012190659304717752,-0.01281223914848103,0.02885120082357487
641345591,-0.001150857957684242,-0.0001008257415840953,-0.0010438406826169774,0,0,0,0.9994259999685535,0.012229888957113787,-0.012915423735913,0.028832138884851047
641345595,-0.0011485995555207903,-0.0001005010293281896,-0.0010453458862081724,0,0,0,0.9994266026846849,0.012256566140502627,-0.012934972886144787,0.028791125525537
641345599,-0.0011460221415441792,-0.0001001638172834582,-0.001047198430789568,0,0,0,0.9994284557479501,0.012252523590222832,-0.012893801287499,0.028746954539522983
641345603,-0.0011433526222224993,-0.00009982342754806333,-0.001049154172750024,0,0,0,0.9994284546459873,0.012252559484691238,-0.012893647019643741,0.028747046744675087
641345607,-0.001140550542100382,-0.00009955324275158679,-0.001051191847711661,0,0,0,0.9994323029970528,0.012238019659092842,-0.012766883778420593,0.028675935545665217
641345611,-0.0011379297009031465,-0.0000993621406867374,-0.001053232889918763,0,0,0,0.9994378119040195,0.012174657849711383,-0.012605498922927174,0.02858214896841094
641345615,-0.0011354738865431123,-0.00009925150856006383,-0.001055250239909686,0,0,0,0.999444672481593,0.012133623263008384,-0.012419332659205353,0.028440851094383386
641345619,-0.0011331268261299207,-0.00009907409164771828,-0.0010573118929720117,0,0,0,0.9994524839204789,0.012041567570230553,-0.012198610096534656,0.028300652772494588
641345623,-0.0011308240889458805,-0.0000988816431693242,-0.00105938620129632,0,0,0,0.9994524861153955,0.012041545059103185,-0.012198518891125738,0.02830062414873014
641345627,-0.0011285563557728818,-0.00009880991738480862,-0.0010613322011692157,0,0,0,0.9994602319738726,0.011958043247971478,-0.012019979693988107,0.02813840778311161
641345631,-0.0011266120564529087,-0.00009872914944344079,-0.0010630839038819973,0,0,0,0.9994690073492756,0.011858408024941291,-0.011867613348781197,0.02793279901426806
641345635,-0.001124941138970658,-0.00009864907003925538,-0.001064538866485885,0,0,0,0.9994777080590969,0.011758776503222903,-0.0117150434219533,0.027727243384505933
641345639,-0.001123503923798567,-0.00009856027823737462,-0.0010658813051502407,0,0,0,0.9994868388075704,0.011624981741047287,-0.011611514579916304,0.02749711946969445
641345643,-0.0011221429769852447,-0.0000984760632592379,-0.0010671893072950384,0,0,0,0.9994868392856867,0.011624978347477343,-0.011611489114249914,0.027497114279107823
641345647,-0.0011207929395271176,-0.00009832601991392928,-0.0010683235220065456,0,0,0,0.99949541501021,0.011533716482793001,-0.011501384218414927,0.02726915691258255
641345651,-0.0011196266553988048,-0.00009818056852043097,-0.0010691419961045303,0,0,0,0.9995048793027477,0.011400005374007835,-0.011399216298684466,0.027020251576333924
641345655,-0.0011186983848953385,-0.00009822135712537426,-0.001069819589465151,0,0,0,0.9995148994281279,0.01127829709739264,-0.011230197050125975,0.02677029155571082
641345659,-0.0011177195198475512,-0.0000983287934980597,-0.0010700226388352903,0,0,0,0.999525960516077,0.011134038449603067,-0.011042372858814617,0.026494404010345175
641345663,-0.0011167355003713726,-0.00009846421650342261,-0.0010700837570749933,0,0,0,0.9995259610166778,0.011134006735171603,-0.011042402566733188,0.026494386070674218
641345667,-0.001115940783987326,-0.00009859248689795165,-0.001070345867147395,0,0,0,0.9995369594200589,0.01101776011163047,-0.010763913485743591,0.02624145350199534
641345671,-0.0011155971935952593,-0.00009855790936698113,-0.0010708854552178052,0,0,0,0.9995489626431944,0.01089728343992238,-0.010442578089283967,0.025962916927668132
641345675,-0.0011156875709789301,-0.00009832625143682197,-0.0010710518306288283,0,0,0,0.9995597571669278,0.010792717867048681,-0.010094827728110508,0.025727486207834993
641345679,-0.0011161408836462005,-0.00009796193132622078,-0.0010710253651466826,0,0,0,0.9995703715787856,0.010730902667157784,-0.009742547698536868,0.02547553246034383
641345683,-0.0011167200175965656,-0.00009756250078651441,-0.0010709427280796084,0,0,0,0.9995703714740988,0.010730920344658265,-0.009742501005820272,0.025475546978236882
641345687,-0.0011174357142146364,-0.00009719089584479148,-0.0010711105329726798,0,0,0,0.9995803052647682,0.010650935064729123,-0.00941310075289695,0.02524211645752781
641345691,-0.0011183066993988417,-0.00009700533156130983,-0.0010716790079977972,0,0,0,0.9995895776746376,0.010577256156938183,-0.009126266838506413,0.025010180127750622
641345695,-0.0011191548330609948,-0.0000969302343937174,-0.0010723682450337999,0,0,0,0.9995895777102822,0.010577263684944513,-0.009126219190384307,0.025010192906246294
641345699,-0.0011198297993541921,-0.00009698933446213544,-0.0010730332651833691,0,0,0,0.9996051705969653,0.010438015452543041,-0.008636757849536854,0.02461619716919972
641345703,-0.0011204764343420229,-0.00009709771018877691,-0.001073692999820913,0,0,0,0.9996051704188961,0.010437991011754208,-0.008636766858403713,0.024616211602965347
641345707,-0.0011208886866316498,-0.00009724892311098564,-0.0010746405994105774,0,0,0,0.9996121182456148,0.010399197066811961,-0.0084535248987243,0.02441326839378728
641345711,-0.001121226398667519,-0.00009752977137745767,-0.001076104816844298,0,0,0,0.9996185449999092,0.010342162087152659,-0.008293059889986163,0.024228688228803693
641345715,-0.001121640855361449,-0.00009773731592668044,-0.0010776413448174908,0,0,0,0.9996253371381907,0.01026699158791118,-0.008158988617018133,0.024025093961102886
641345719,-0.001122146708690105,-0.00009797832852620592,-0.0010789587108687812,0,0,0,0.9996316240540343,0.010216323900521608,-0.008043171008704109,0.023823314571619233
641345723,-0.00112268562664351,-0.00009823271013902136,-0.001080210183016618,0,0,0,0.9996316236168561,0.010216311954746008,-0.008043226473646393,0.023823319312494987
641345727,-0.0011229200630737102,-0.00009847929945442835,-0.0010816241248345656,0,0,0,0.9996378602007177,0.010104732951968213,-0.007956058965243125,0.023637765356339026
641345731,-0.001122797040380801,-0.00009848512492196851,-0.001083104072814273,0,0,0,0.9996440346285187,0.010017596364766098,-0.00788881328458293,0.02343540952597909
641345735,-0.001122615065264749,-0.00009837733080231653,-0.0010845501533609657,0,0,0,0.9996505776589758,0.009888005411749555,-0.007828132045063198,0.023230804629587383
641345759,-0.0011054706731309964,-0.00009833523141612811,-0.001102302389500938,0,0,0,0.9996916043336538,0.009075788438914196,-0.006941693640538912,0.022048564089715606
641345763,-0.0011049536679872346,-0.00009840984689087177,-0.0011025081516579814,0,0,0,0.9996916087201374,0.009075442737132445,-0.006942589556722457,0.02204822541419966
641345767,-0.001104389126714697,-0.00009847977152552609,-0.0011023829824892972,0,0,0,0.9997016005236978,0.008897671503657,-0.006542214762706175,0.021788546949448626
641345771,-0.001104051478190262,-0.00009856306270215697,-0.0011021858217897655,0,0,0,0.999711791813155,0.008715519873212025,-0.006097359386196957,0.02152197090385288
641345775,-0.001104100386410777,-0.0000985633266225093,-0.0011019650381417223,0,0,0,0.999721874273219,0.008543364850290558,-0.005587333380977428,0.02125950898696679
641345779,-0.0011044401780237725,-0.00009863694551749204,-0.0011014407174863568,0,0,0,0.9997320055834511,0.008366748188052222,-0.005032575618381792,0.02099018150215905
641345783,-0.0011048937886946758,-0.00009874268633276902,-0.0011008279697380316,0,0,0,0.9997320061263839,0.008366726542526303,-0.005032557409221904,0.020990168636799846
641345787,-0.0011056186254652337,-0.00009876010919390973,-0.0010999679451321074,0,0,0,0.9997417258717403,0.008190152847325504,-0.004477781011583965,0.020720821039328347
641345791,-0.0011065777158261079,-0.00009879336784018919,-0.0010992455173238608,0,0,0,0.9997507953297764,0.008062618142895016,-0.003961046211413459,0.020436524632927573
641345795,-0.0011077694140518442,-0.00009870799442108983,-0.0010987736708631866,0,0,0,0.9997587255494915,0.007914824079743492,-0.0034672379956318085,0.02019466533826878
641345799,-0.0011091997108219215,-0.00009863904056176513,-0.0010982941251980111,0,0,0,0.9997655598483761,0.007822106884731322,-0.003052518221888517,0.019958008854889724
641345803,-0.0011107210828321965,-0.00009858113601018828,-0.0010978146318483795,0,0,0,0.9997655604942802,0.007822092937284555,-0.003052535295819834,0.019957979354289435
641345807,-0.0011123270059305989,-0.00009832193893546323,-0.0010972735268686578,0,0,0,0.9997716799555916,0.007717461238631283,-0.002703213806142799,0.019741362311723847
641345811,-0.0011139562704744813,-0.00009790902664952008,-0.0010969512913341832,0,0,0,0.9997770778569313,0.007641735669549425,-0.002416569485211183,0.01953352655655263
641345815,-0.0011161569705423354,-0.00009773984661264148,-0.001097078796032569,0,0,0,0.9997770890085007,0.007641649284293429,-0.0024158583076805207,0.01953307754915904
641345819,-0.0011183226383914109,-0.00009771647914665102,-0.0010968823079774784,0,0,0,0.999786453627804,0.0074729199415392526,-0.0021708439963749686,0.019143929748868693
641345823,-0.0011204894161295639,-0.00009774742154961394,-0.0010965898466176636,0,0,0,0.9997864535264199,0.007472884700433813,-0.002171039454421407,0.019143926634971383
641345827,-0.0011220599272778154,-0.00009753414537436458,-0.0010966378898795493,0,0,0,0.9997906459036457,0.007384077035167368,-0.002104099825186259,0.018966089049540367
641345831,-0.0011238538382582902,-0.00009703485420416,-0.0010971351151698088,0,0,0,0.9997946421071044,0.007321526457671822,-0.002052777509754833,0.018784434214314773
641345835,-0.0011259491622481015,-0.00009647079142903028,-0.0010976881402642907,0,0,0,0.9997988504894344,0.007214389603651332,-0.0020105863913223105,0.01860560896653029
641345839,-0.0011274104461389519,-0.00009625624674697461,-0.0010977501259499557,0,0,0,0.9998032668576282,0.0071025404172792,-0.0019245228712878543,0.018419492722466017
641345843,-0.001128685580140556,-0.00009615304684307378,-0.0010976650550594727,0,0,0,0.9998032683430947,0.007102482162940467,-0.0019247302741685645,0.018419412883220264
641345847,-0.0011297793348440395,-0.00009591851951890492,-0.0010978274219718054,0,0,0,0.9998076760679577,0.006982866735571074,-0.0017968603644835867,0.018237920401554534
641345851,-0.0011311865678526128,-0.00009565740946997195,-0.0010985728069240021,0,0,0,0.9998126266992796,0.006828075495133837,-0.0015630759505985013,0.018045655191557996
641345855,-0.0011333157104537147,-0.00009579809603493572,-0.0010989611901590837,0,0,0,0.999818021323917,0.006648748578785845,-0.0013142217375830077,0.01783230774431971
641345879,-0.001223045472010492,-0.00008377122611904973,-0.001095738207864549,0,0,0,0.9998392372331824,0.0057214327813800885,0.0011434944919989035,0.016954566235769877
641345883,-0.0012257466950910095,-0.0000833477742811393,-0.001095518652721098,0,0,0,0.999839213621241,0.005721180416969245,0.0011403240607379243,0.016956257279582033
641345887,-0.0012286553582198797,-0.00008314646839791439,-0.001094688559411068,0,0,0,0.9998417725828769,0.005535882327292584,0.0016960746367582495,0.016819843519363654
641345891,-0.0012318731248610938,-0.00008286038771470096,-0.0010938548629254173,0,0,0,0.9998438285251292,0.005338864498243222,0.002188528785573805,0.016704054233519547
641345895,-0.0012349737128057223,-0.00008266402113771786,-0.0010929099254566059,0,0,0,0.9998447309906525,0.0051946662473408055,0.0026029432662606263,0.016635926158797443
641345899,-0.0012382479985319403,-0.00008242951461750313,-0.0010916319844333723,0,0,0,0.999845765807256,0.005018735763112025,0.0029231868230276113,0.016574434151408718
641345903,-0.001241588099050102,-0.00008219269252387904,-0.0010902564821581359,0,0,0,0.9998457643258358,0.005018754796926228,0.0029234442757532474,0.01657447234575749
641345907,-0.0012449400416134346,-0.00008193306961748516,-0.0010885005681011495,0,0,0,0.9998465903648819,0.0048614199412529025,0.003117565082466764,0.016536115621015837
641345911,-0.0012478608285146438,-0.00008145605714733611,-0.0010864974599469445,0,0,0,0.9998475631005557,0.004759802057216355,0.0032307450037272487,0.016485057869998907
641345915,-0.0012505430814704409,-0.0000810338202350326,-0.001084263746611924,0,0,0,0.9998481698471738,0.004649981212897651,0.0032361532830140725,0.016478538767308776
641345939,-0.0013142994910955287,-0.00006947025067421366,-0.0010119033643653593,0,0,0,0.9998496219929286,0.004320527961289997,0.0025989846472240343,0.016592519927278844
641345943,-0.0013157546278329921,-0.00006919592941407214,-0.0010099680520973273,0,0,0,0.9998495961814929,0.004321898254919091,0.002602377208190015,0.016593186675430267
641345947,-0.0013171293857110274,-0.00006952667652559978,-0.0010074421792775144,0,0,0,0.9998492142512145,0.004281810809413873,0.0025541072032736626,0.01663404321911675
641345951,-0.0013176876015303033,-0.00006900003911998741,-0.0010062383795457954,0,0,0,0.9998490092064475,0.004239931967838489,0.0025485545743523033,0.01665793010474835
641345955,-0.0013182518462926682,-0.0000685262548759553,-0.0010046009162565709,0,0,0,0.9998483981711673,0.00421279369306999,0.0025679976553688692,0.016698455973310978
641345959,-0.0013191004826958433,-0.0000677568090340857,-0.0010028807979710682,0,0,0,0.9998473563747747,0.004210253507960334,0.002722590078388185,0.016736941746867455
641345963,-0.0013200412223088682,-0.00006689911079399121,-0.0010011374975473443,0,0,0,0.9998473582183297,0.00421018545135373,0.00272290479888996,0.01673679753562472
641345967,-0.0013209666117134514,-0.00006586958499478019,-0.0009998675906169488,0,0,0,0.999846210042287,0.0041647645642375625,0.0028727960746926995,0.016791606323180778
641345971,-0.0013210239579378024,-0.00006510762620050163,-0.000998772654318076,0,0,0,0.9998452025312804,0.004136849615475402,0.0030434213781970654,0.016828399708731328
641345975,-0.0013210021945910773,-0.0000641581366803306,-0.0009981279504978795,0,0,0,0.9998437605468468,0.004108007885790361,0.003215311015889788,0.01688906574743771
641345979,-0.0013212793469231407,-0.00006330510862614373,-0.0009973466493905683,0,0,0,0.9998421404891411,0.004122518645687074,0.003395935325973996,0.01694598965449761
641345983,-0.0013216543052700616,-0.00006248051459180772,-0.0009965257021344205,0,0,0,0.9998421432982757,0.004122338351885263,0.003396059754750089,0.016945842834309225
641345987,-0.001322068906553733,-0.00006160713275207486,-0.0009959319538039412,0,0,0,0.9998411355819442,0.004101425057213912,0.003525484615363346,0.016983900286299296
641345991,-0.0013221148261582858,-0.00006078699189630188,-0.000995757878610383,0,0,0,0.9998408643649898,0.004113485560313369,0.003592215996103525,0.016982966956711622
641345995,-0.0013219870833810548,-0.00006033063141748214,-0.0009956061019802355,0,0,0,0.9998408661790541,0.0041130702324707405,0.0035920804805262985,0.016982989413035197
641345999,-0.0013219988078394865,-0.00005958592964489157,-0.000995860258695712,0,0,0,0.9998399410120834,0.00412189958199052,0.0035080697669607626,0.017052734305662273
641346003,-0.001322048163717772,-0.00005875427019654337,-0.00099623561474679,0,0,0,0.999839942295426,0.004121876142986275,0.003508063692136437,0.01705266597552003
641346007,-0.0013221275853485988,-0.00005803926436623089,-0.0009961949038299678,0,0,0,0.9998403195045342,0.00414653853723129,0.0033376549489316687,0.017058774008461376
641346011,-0.0013218366429509096,-0.0000573712202875202,-0.0009962492339979034,0,0,0,0.9998408186329409,0.004153560427675953,0.0031426804555949573,0.017064843706813215
641346015,-0.0013215998226508419,-0.000056720207206726975,-0.0009968168356378239,0,0,0,0.9998416787079436,0.004167430878706758,0.0029031716075030617,0.017053493277624773
641346019,-0.0013214818354445336,-0.00005624046795438446,-0.000997166778205551,0,0,0,0.9998426291270902,0.0041625320219020965,0.0026393727333541466,0.017041831444090532
641346023,-0.0013213872919065025,-0.00005581235114651336,-0.0009974499891113476,0,0,0,0.9998426296925954,0.004162440707383886,0.0026393916325800665,0.01704181764257079
641346027,-0.0013212647119130196,-0.000055342679512020084,-0.0009974766571528818,0,0,0,0.9998433274651702,0.004139199811381023,0.00235309437167429,0.017048474863630515
641346031,-0.0013210463589739924,-0.00005488386072097768,-0.0009973757117020502,0,0,0,0.9998440917428213,0.004128237573252546,0.002131879016094823,0.017035402941291758
641346035,-0.0013208807944373813,-0.000054452127592471277,-0.0009974007388214715,0,0,0,0.9998449345840096,0.00409926335600118,0.0018861470582344465,0.017021905766111945
641346059,-0.0013282936677212792,-0.00002793616834717224,-0.0009786149552471104,0,0,0,0.9998468902666447,0.004055081913046062,0.0013116963737656898,0.01697149926853468
641346063,-0.0013285828514964801,-0.000027114512674295135,-0.0009779292823366467,0,0,0,0.9998468552480425,0.004055450749472927,0.001310272719355376,0.016973584041658787
641346067,-0.001329171928191902,-0.000026381656110376536,-0.0009771419192168603,0,0,0,0.9998473727009116,0.004045436376948145,0.0012437630839296145,0.01695048084850544
641346071,-0.0013299668452324731,-0.000025734758807912122,-0.0009764329930189915,0,0,0,0.9998476883120551,0.004058366344270189,0.0011567116235054638,0.01693493011131668
641346075,-0.0013308631908993181,-0.000025198556522160266,-0.0009756966018142694,0,0,0,0.9998476729023399,0.004077178365589415,0.0010288566560576631,0.01693957090164781
641346079,-0.001331861773039092,-0.00002467200305051379,-0.0009747128122310831,0,0,0,0.9998480578297385,0.004078034073969558,0.0008746153266069686,0.01692530473054882
641346083,-0.0013328833447084703,-0.000024148471414670636,-0.0009736543972969857,0,0,0,0.999848056156765,0.004078075449832422,0.0008745738802765218,0.01692539573221747
641346087,-0.001334024354985747,-0.000023555004235595287,-0.0009727640686586161,0,0,0,0.9998482625059955,0.00412984354483716,0.0006865194549410336,0.016909318350400278
641346091,-0.001335015723764282,-0.000022821885737435952,-0.0009719809298163967,0,0,0,0.9998486519775417,0.004119141317776544,0.0004651529313516669,0.01689643294448164
641346095,-0.0013358453517334007,-0.00002212525813502908,-0.0009712064569193886,0,0,0,0.9998489093909771,0.004126329997974873,0.0002681887382908735,0.016883715977892705
641346119,-0.0013615537290780537,-0.000011927257518356978,-0.0009398004909511431,0,0,0,0.9998506166453134,0.004144558066794233,0.000029810690109470106,0.01677993276924102
641346123,-0.00136221806413127,-0.000011769041651455873,-0.0009389025613421618,0,0,0,0.9998505899905937,0.004145513650716103,0.000027974513417097692,0.01678128807511636
641346127,-0.0013628793977250872,-0.000011597741880223133,-0.0009377521644167812,0,0,0,0.9998506020294743,0.004151115983847507,0.0001374917161398595,0.016778645756275995
641346131,-0.001363769534768078,-0.00001138353212641507,-0.0009366045230422713,0,0,0,0.9998503862130699,0.004199456542261813,0.0002537895010755555,0.01677812102750729
641346135,-0.001364903910781814,-0.000011160311536887821,-0.000935564033405138,0,0,0,0.9998503745223225,0.004205138357698713,0.00036379639594143973,0.01677536977673222
641346139,-0.0013662349438889841,-0.000011055144094700215,-0.0009345287039274116,0,0,0,0.9998497877273019,0.00425924333280384,0.000439130839397701,0.016794879934287094
641346143,-0.0013676279493309458,-0.000010982793744695763,-0.0009334959467774144,0,0,0,0.9998497870252746,0.004259259425214891,0.0004390729514655085,0.016794919160419627
641346147,-0.0013691388762380866,-0.000011014489576418429,-0.0009324369663102911,0,0,0,0.9998490734032185,0.004318005610913615,0.00046940769499907313,0.01682156053061627
641346151,-0.0013705605638469483,-0.00001108179616070465,-0.0009314250112704249,0,0,0,0.9998479718254792,0.004389161790363881,0.00041623589978451213,0.016869950886987683
641346155,-0.001371857156704742,-0.00001114117690506302,-0.0009304813584717458,0,0,0,0.9998471239675882,0.004486756008493159,0.0003452973326086038,0.016896108546489954
641346159,-0.0013732211989964367,-0.000011153349671655127,-0.0009296409811014688,0,0,0,0.9998459185074043,0.004550691738589745,0.00018050502726079905,0.016952812944185616
641346163,-0.0013745969753777493,-0.00001114785097834475,-0.0009288311212574283,0,0,0,0.9998459177149304,0.0045507243718340565,0.00018046759190370825,0.016952851321504023
641346167,-0.0013759039711783915,-0.000011151229851743813,-0.0009279268711246078,0,0,0,0.9998445654930174,0.004646989323052705,-0.00004325774778033853,0.01700730646158033
641346171,-0.0013769027960696281,-0.000011181640523731775,-0.0009271862689873501,0,0,0,0.9998427641737226,0.004729409853586686,-0.00033430355440299957,0.01708706683489162
641346175,-0.001377941453851037,-0.000011656312837791342,-0.0009258808075535698,0,0,0,0.9998427735175424,0.0047290035570493145,-0.0003348308185412644,0.017086622206536766
641346179,-0.0013785450152007407,-0.000012081741924659994,-0.0009249249940341617,0,0,0,0.9998390644063452,0.004888666755147422,-0.0010281174035536432,0.01723047297684876
641346183,-0.0013789845731285403,-0.000012483247385912036,-0.0009240708280838723,0,0,0,0.9998390622515307,0.004888754221322578,-0.0010280607957710815,0.017230576576056877
641346187,-0.001378848608515724,-0.000012872436251834263,-0.0009231716649384987,0,0,0,0.9998367662312269,0.004965698650394481,-0.0014291553362778308,0.017313007948400315
641346191,-0.0013786458211658792,-0.000012876134001386301,-0.0009219364042072725,0,0,0,0.9998341830288803,0.0050794102026174865,-0.0017807664765697008,0.017396405080387978
641346195,-0.0013779381837322445,-0.000012381449153848795,-0.0009208123846311237,0,0,0,0.9998321918674719,0.005195225026243796,-0.0021342280513078835,0.017436823479026087
641346199,-0.00137722318265115,-0.000012589745212951387,-0.0009192245886441365,0,0,0,0.9998299550981466,0.005284886392407341,-0.002467036685801809,0.01749413027984964
641346203,-0.0013764902992595691,-0.000013003904244049901,-0.0009174970900787464,0,0,0,0.9998299552282199,0.005284674091088368,-0.0024667498214442467,0.017494227430926577
641346207,-0.001375687458151267,-0.00001356808674842212,-0.0009160274632556853,0,0,0,0.9998280903533728,0.005369160126659992,-0.002759220727909075,0.017531359355074622
641346211,-0.0013747805513977182,-0.000014263413216456092,-0.0009149598853420139,0,0,0,0.999826100388267,0.0054717997778302024,-0.0030274390420900006,0.01756880765529346
641346215,-0.0013735295619134494,-0.000014675864580449316,-0.0009142236194124723,0,0,0,0.9998247374463393,0.0055954407583443996,-0.00327294529473963,0.01756340690687512
641346219,-0.0013727000158057228,-0.00001530999947096569,-0.0009129508751988335,0,0,0,0.9998235986865822,0.005714056711059174,-0.00347171068646575,0.01755187426529082
641346223,-0.0013719878246143383,-0.000016004651610694077,-0.0009115172182100447,0,0,0,0.99982359799495,0.005714118117356195,-0.0034713790806917793,0.017551959259630524
641346227,-0.0013712200164054341,-0.00001683967371697809,-0.0009101982618657851,0,0,0,0.9998225095453184,0.005842662412236037,-0.0036069257618962553,0.0175443093049205
641346231,-0.0013702006971037135,-0.000017387645228737645,-0.0009101151014485586,0,0,0,0.9998216850554511,0.0059847459009011944,-0.003674759727296397,0.017529319733710608
641346235,-0.0013691522671469365,-0.000017893263826285616,-0.0009108059289885326,0,0,0,0.9998216845842409,0.005984490385334793,-0.0036753482441593027,0.017529310461127573
641346239,-0.0013689884464502767,-0.000018005836049903842,-0.0009117529740214288,0,0,0,0.9998216089717085,0.006289431385617621,-0.003633371989947986,0.017435363318620667
641346243,-0.0013690923590617089,-0.00001798679769058562,-0.0009127774854699397,0,0,0,0.9998216089368347,0.006289584084506572,-0.0036331380351354073,0.017435358987433123
641346247,-0.001369233571111618,-0.00001827768761334747,-0.0009130753943491954,0,0,0,0.9998213740231429,0.006413540624757732,-0.003570576865054528,0.01741658761008943
641346251,-0.0013694155915617452,-0.000018643956743019872,-0.0009144664201276335,0,0,0,0.9998214694689783,0.006617851055979695,-0.003455721140402825,0.017357742586338362
641346255,-0.0013704029218948443,-0.00001894917227758668,-0.0009173405775305441,0,0,0,0.9998214508691937,0.006759292276045723,-0.0033723152310596895,0.017320676653352202
641346259,-0.0013720022954798725,-0.000019547089065876156,-0.0009198318869156516,0,0,0,0.9998220460686407,0.006936871306740757,-0.003350273970166473,0.01722009511923438
641346263,-0.0013737860364964889,-0.000020225138292628163,-0.0009222080964402635,0,0,0,0.9998220462907145,0.0069370878965051225,-0.0033501589531783954,0.01722001735053243
641346267,-0.0013758384098545877,-0.00002085295628798417,-0.0009244932061441031,0,0,0,0.999821895609165,0.007111618455220705,-0.0033263524468377867,0.017162089699184365
641346271,-0.0013781055909587582,-0.00002152980474074394,-0.0009274493095047463,0,0,0,0.9998211600076045,0.0072720642049031465,-0.0033690118876630606,0.017129356151030013
641346275,-0.001380688222126803,-0.00002215128769153961,-0.0009311435372946023,0,0,0,0.9998212136274758,0.007398159600123981,-0.0034623113504763108,0.017053457570968353
641346279,-0.001383383132874473,-0.000022047082050674747,-0.000934431949564429,0,0,0,0.999820627188812,0.007484620368089904,-0.0036045709867678364,0.017020604387555767
641346283,-0.0013861045641151712,-0.00002172150955180308,-0.0009375967496454221,0,0,0,0.999820628325602,0.007484645572663354,-0.0036045523942324544,0.01702053046433163
641346287,-0.001388167553701992,-0.0000205325253795691,-0.000939930119136366,0,0,0,0.9998191407339433,0.007619444431707896,-0.003779749659242839,0.017010096446085102
641346291,-0.0013907132788336751,-0.00001948783601245989,-0.0009421076570622893,0,0,0,0.9998179147802835,0.007695357845662881,-0.003989923768893755,0.016999978245614104
641346295,-0.0013933251668905202,-0.00002038212679265158,-0.0009446948438329702,0,0,0,0.9998179568061479,0.007702059585360868,-0.003988315978803321,0.016994848095124516
641346299,-0.0013966448615549412,-0.000022566325690535417,-0.0009472953640257371,0,0,0,0.9998158276683792,0.007794392299646128,-0.004435913776917939,0.016967052231813273
641346303,-0.0014001555082911242,-0.000025132286951216355,-0.0009498961582576917,0,0,0,0.9998158211198342,0.007793673032762777,-0.0044357260295058085,0.01696781758863902
641346307,-0.0014030305231124988,-0.0000282667720046636,-0.0009514562120063436,0,0,0,0.9998138115327564,0.00783076407778958,-0.004692298816960271,0.017000109826474378
641346311,-0.0014059068500577546,-0.000030619690709105646,-0.0009524785591183374,0,0,0,0.9998120466531701,0.00788358078875685,-0.004924361870779461,0.01701385262989478
641346315,-0.001408999915392538,-0.00003136532665730862,-0.0009542339138227879,0,0,0,0.9998101373445888,0.007924748896843666,-0.005110518521697076,0.01705198575990265
641346319,-0.0014117610462185935,-0.0000309429688251793,-0.0009565436648928217,0,0,0,0.9998078280510647,0.007960852443961235,-0.005252663365849158,0.0171272100396819
641346323,-0.0014144148236591972,-0.000030168145770273016,-0.0009590178893845892,0,0,0,0.9998078400636291,0.00796126342830329,-0.005252383937526666,0.017126403443182392
641346327,-0.0014164663430231853,-0.000029618912077718046,-0.0009613529348435612,0,0,0,0.9998064771290357,0.007940665372198065,-0.005273386846738451,0.017208878970995236
641346331,-0.001417828709230801,-0.000029659589995351824,-0.00096335249891709,0,0,0,0.9998045836769577,0.007903669467712881,-0.005208324756247666,0.01735510935499702
641346335,-0.0014192300913048112,-0.000030250181139559935,-0.0009656314239710452,0,0,0,0.9998042214017302,0.00784260482205205,-0.004972758317210794,0.01747238082242229
641346359,-0.0014559468488925622,-0.0000204727110215324,-0.000996536264579256,0,0,0,0.9997980408165297,0.0072685626520056085,-0.00407274421975154,0.018288201959822514
641346363,-0.0014568854993388676,-0.000019965945313239978,-0.000996968153872113,0,0,0,0.9997980758157248,0.007271202448651239,-0.004069380889156576,0.01828598778584338
641346367,-0.0014571305290003776,-0.00001956580819326056,-0.000997165131545077,0,0,0,0.9997952798415806,0.007157437855026516,-0.004099724265609471,0.01847597766812525
641346371,-0.0014566064438161657,-0.000019550636292335946,-0.000996784311335167,0,0,0,0.9997917447359873,0.007047949627836684,-0.004173781357021019,0.018691525165103046
641346375,-0.0014556534521885064,-0.00001974771897225893,-0.0009957760892867068,0,0,0,0.9997883299901787,0.006946357097502377,-0.004290497229732018,0.01888478149317587
641346379,-0.0014542758642173779,-0.00001996534129746348,-0.0009945524522164569,0,0,0,0.9997846533582196,0.00687569461956361,-0.004469650414384915,0.019062894797391088
641346383,-0.0014527623322945305,-0.000020191455233297524,-0.0009932636430781655,0,0,0,0.999784653433125,0.006875708167810339,-0.004469651137446944,0.01906288581266407
641346387,-0.0014507607227732787,-0.000020391101951538078,-0.000991901174539967,0,0,0,0.9997809240138184,0.006786942469889104,-0.004673618992957591,0.019240547692169128
641346391,-0.0014483437771941406,-0.000020629914039625715,-0.000990355783818695,0,0,0,0.9997765245225981,0.00676516183226373,-0.004889264212936999,0.019422376125339515
641346395,-0.0014457177986797697,-0.000020795066193124387,-0.0009886748309368362,0,0,0,0.9997732573825105,0.006741224270209993,-0.005061540627078079,0.019554296831727824
641346419,-0.0013419763856391894,-0.000020122230748468542,-0.000958495115580697,0,0,0,0.9997626425231815,0.006835881341978631,-0.005417018579595644,0.01996459994720571
641346423,-0.001339014814940951,-0.000020042304642025353,-0.0009579127045647119,0,0,0,0.999762675191606,0.006835405213120496,-0.005408031043447489,0.01996556359156405
641346427,-0.0013362505979686845,-0.00001995371688232453,-0.0009577293375714048,0,0,0,0.9997621406440554,0.006863212566343946,-0.00531571649633472,0.020007538734575794
641346431,-0.0013336368878850513,-0.00001997397692790489,-0.0009579086818223055,0,0,0,0.9997620585011596,0.00689289097301003,-0.005222846811079431,0.020025890910171908
641346435,-0.001331187549170229,-0.00002013997958100267,-0.0009583863888514357,0,0,0,0.999761861978098,0.006920816194213499,-0.005131652313584086,0.020049632959852917
641346439,-0.0013290171175416093,-0.000020302303659743827,-0.0009591418873488266,0,0,0,0.9997620749439501,0.006926220242675727,-0.005020158110070422,0.020065367912585223
641346443,-0.0013269362320656169,-0.000020463278377449287,-0.0009599808315415178,0,0,0,0.9997620804776092,0.006926230104969016,-0.005019519442975126,0.020065248570030454
641346447,-0.0013250305485114253,-0.00002055070949199091,-0.0009610849514882868,0,0,0,0.9997623504867489,0.006956246947002082,-0.004928178492568778,0.020064053288628914
641346451,-0.0013230902407625749,-0.000020526161440880456,-0.0009624534745981805,0,0,0,0.9997629236805147,0.0069436273429454775,-0.004842991078324934,0.020060605936178665
641346455,-0.001321242331978804,-0.000020496473642549953,-0.0009640629648571243,0,0,0,0.99976320171193,0.0069373763859821545,-0.0048004223673486415,0.020059143966904044
641346459,-0.0013194954366985805,-0.000020520185531402575,-0.0009658257572955673,0,0,0,0.9997639457044406,0.006933182847944117,-0.004757315219063226,0.02003376642051841
641346463,-0.0013177814876381556,-0.000020560247815556432,-0.0009676340709990962,0,0,0,0.9997639469134699,0.006933210422002166,-0.004756778443056531,0.020033824000632198
641346467,-0.0013162583764078685,-0.000020877426592632892,-0.0009695150968629382,0,0,0,0.9997643080278572,0.006915716611962484,-0.004782931239003608,0.020015614556782038
641346471,-0.0013148710208664058,-0.00002138516264788397,-0.0009715003539594779,0,0,0,0.999764315047153,0.006897767769778656,-0.004807353120608079,0.020015606762344818
641346475,-0.001313388607596362,-0.000021943813709106517,-0.0009736219917764238,0,0,0,0.999764321233257,0.006897635569737145,-0.004806958796830726,0.02001543803361635
641346479,-0.0013121376959651378,-0.000022427699660455593,-0.0009758949179143762,0,0,0,0.9997655135589611,0.006784235309517824,-0.0049129843547445215,0.01996884158336556
641346483,-0.0013109518500825513,-0.000022894255151826413,-0.000978211691420131,0,0,0,0.9997655189463268,0.006784116771412199,-0.004912689614784499,0.019968684642767902
641346487,-0.0013098087445894983,-0.00002327066248090656,-0.0009803273250425246,0,0,0,0.9997660984491524,0.006737967527282128,-0.0050293440833651505,0.01992621096575837
641346491,-0.001308525113638887,-0.000023657934382981873,-0.0009824092349271375,0,0,0,0.9997669482303247,0.006667595487461372,-0.0051279272741725996,0.019882071283183367
641346495,-0.0013073149587216253,-0.00002404130744397435,-0.0009844828804936848,0,0,0,0.9997672423069606,0.006570517791435211,-0.00520767476907855,0.019878873946662944
641346499,-0.001306222150767682,-0.00002439590308669609,-0.0009863407946071785,0,0,0,0.9997680572278393,0.006500117475819831,-0.005306727817204068,0.019834789122809025
641346503,-0.0013051604406155199,-0.00002474506373982771,-0.0009881327673141717,0,0,0,0.9997680579902121,0.006500126367369126,-0.0053066147685559995,0.019834778027151063
641346507,-0.0013040470924182642,-0.00002493438368032204,-0.0009898507330521808,0,0,0,0.9997694392058103,0.006362273293175515,-0.005393719729786733,0.019786300718402327
641346511,-0.0013027947183886252,-0.000025007512610637002,-0.000991303693462557,0,0,0,0.9997708034559779,0.0062428623309734345,-0.005455894576148013,0.01973829884460345
641346515,-0.001301433461287088,-0.000024952119107388755,-0.0009924080981415673,0,0,0,0.9997725016982115,0.006123692689814047,-0.005519932026254381,0.019671695055738833
641346519,-0.0013002003049741198,-0.000024848640954580467,-0.0009932226082017491,0,0,0,0.999774401219582,0.005973739949608413,-0.005522179480593777,0.01962056652660494
641346523,-0.0012990059048821312,-0.000024737922363568434,-0.0009939494565846007,0,0,0,0.9997743969270754,0.005973852281679369,-0.005522428687260908,0.019620680911060333
641346527,-0.0012979043379189367,-0.000024527709708169092,-0.000994543463486378,0,0,0,0.9997767587793835,0.005843879788477652,-0.005500013074558176,0.019545626871188982
641346531,-0.0012966393619485463,-0.00002431907335648003,-0.0009947748266273657,0,0,0,0.9997789126198117,0.005687595775119793,-0.005458888711261477,0.01949301590528731
641346535,-0.0012953816635265345,-0.000024204833438087462,-0.0009945767031603885,0,0,0,0.9997789093425071,0.005687679446298443,-0.005458474119983567,0.01949327567918307
641346539,-0.0012945008656167214,-0.000024248437393009482,-0.0009940422425724943,0,0,0,0.9997847061543763,0.005391114542696399,-0.005311666800534672,0.01932002638701893
641346543,-0.001293740576456025,-0.000024354153670633758,-0.0009934068334453731,0,0,0,0.9997847038783136,0.0053911215048404555,-0.00531193041779388,0.01932006974907926
641346547,-0.0012932429859730883,-0.000024542717311582077,-0.0009926109500446164,0,0,0,0.9997878551514919,0.005230678757525224,-0.00523031837580734,0.01922312308140243
641346551,-0.0012928653741998493,-0.00002495998002709814,-0.0009915555248851157,0,0,0,0.9997907082322288,0.005094588830001514,-0.005166737784077044,0.019128243981655715
641346555,-0.0012926839206299525,-0.000025415521979251106,-0.0009901291449369296,0,0,0,0.9997937357268555,0.004985064297216849,-0.005120866031085536,0.019010835499344656
641346559,-0.0012926126091658255,-0.000025713452369595744,-0.000988510135668564,0,0,0,0.9997963175766674,0.004891955845938312,-0.005051158334024552,0.018917661790545378
641346563,-0.0012925778540917904,-0.000025968981757885108,-0.0009868339908207162,0,0,0,0.9997963178570133,0.004891983313972476,-0.005051403930960455,0.018917574293241778
641346567,-0.0012927616529447114,-0.000026174818571255592,-0.0009854385855276278,0,0,0,0.9997982610402544,0.004804600836528333,-0.005022590583352338,0.01884480340881687
641346599,-0.001347870710604265,-0.000033604799719006815,-0.0009297011732752145,0,0,0,0.9998041122847255,0.004557571056196217,-0.0051651738347391635,0.018554961166128765
641346603,-0.0013489221280431768,-0.00003370624823856351,-0.0009289920890160151,0,0,0,0.9998040630465792,0.004558489002805005,-0.005177916289759455,0.018553837243536604
641346607,-0.0013499228455381433,-0.00003371661002894331,-0.0009285186929458577,0,0,0,0.999803512087581,0.004559598063675215,-0.005332365595175964,0.01853950269007868
641346611,-0.0013506893952166987,-0.00003350259964591788,-0.000928194225864005,0,0,0,0.999802598615866,0.0045606188759785395,-0.005485289495487254,0.01854389806864564
641346615,-0.001351160295358702,-0.00003342162536165994,-0.0009279705173960036,0,0,0,0.9998011326681938,0.0045227636230341945,-0.005687305414433279,0.01857132956279472
641346619,-0.001351844519490657,-0.00003403186725961056,-0.0009271189008885734,0,0,0,0.9997994933837604,0.0044414861340446666,-0.005893764543322733,0.018614772896949253
641346623,-0.001352582607468229,-0.0000348525673136454,-0.0009260779219910611,0,0,0,0.9997994934095309,0.004441422796370329,-0.005893789331758713,0.018614778776611874
641346627,-0.001352756958473083,-0.0000354634748518219,-0.0009252967119842681,0,0,0,0.9997987065587145,0.0044063832197085255,-0.006097200608195309,0.01859984664416004
641346631,-0.0013518659233635693,-0.000036049879635981154,-0.0009246656459020057,0,0,0,0.9997973632240649,0.004344411556349202,-0.006281701916623053,0.0186252194474871
641346635,-0.0013510155931233418,-0.00003664575207667812,-0.0009238702738311412,0,0,0,0.9997966379314736,0.004338974892702537,-0.00639094386587816,0.018628255804169384
641346655,-0.0013174849178427008,-0.000050493128937288295,-0.0009013019627523048,0,0,0,0.9997985863347367,0.004178517314827573,-0.006466325281531328,0.01853411431564243
641346659,-0.0013162287453594812,-0.00005096652397707838,-0.0009003439823237027,0,0,0,0.9998004533153505,0.0041711554814437765,-0.006376921348123918,0.018465911471930316
641346663,-0.0013150015338668183,-0.000051416856654552874,-0.0008993693401333637,0,0,0,0.9998004525776297,0.004171154291913428,-0.0063766984397318534,0.018466028659370644
641346683,-0.0012976128304652982,-0.000057321562060146745,-0.0008883429694377788,0,0,0,0.9998078212082514,0.00415009770486769,-0.006130346178439607,0.01815258096199147
641346687,-0.0012970839373924467,-0.00005765461739613392,-0.0008881730582173127,0,0,0,0.9998097613393049,0.004156567730749032,-0.006132110993269541,0.018043317048371654
641346691,-0.0012966585222895827,-0.00005804049452090989,-0.0008882733040184582,0,0,0,0.9998119403890047,0.00414496573846437,-0.006161142873571533,0.017914894169145535
641346715,-0.0013128768557693544,-0.00007122290323326355,-0.0009096928103504847,0,0,0,0.9998243424387988,0.00397822436313862,-0.006144999183255309,0.01725389761120414
641346743,-0.001389195443741366,-0.00008531249194060481,-0.000938081065422028,0,0,0,0.9998371261624215,0.0038277258009461975,-0.005530704617901316,0.01674756605875209
641346747,-0.0013910975063229935,-0.00008549656694784919,-0.0009385468728928365,0,0,0,0.999838334512549,0.0037758169015187928,-0.005449615106293598,0.016713759035351824
641346751,-0.001393021654121372,-0.00008564885588362808,-0.0009389512097773337,0,0,0,0.9998389201359448,0.0037698740566280225,-0.005408556067402979,0.016693392472794912
641346755,-0.0013949511796271556,-0.00008581575844570147,-0.0009392299840643985,0,0,0,0.9998391454423896,0.0037455200506169794,-0.005390413361277799,0.016691248137191295
641346759,-0.0013968106960972654,-0.00008603591096397,-0.0009392036801089703,0,0,0,0.9998387300488532,0.003709046207579708,-0.005437997357468418,0.01670883165475048
641346763,-0.0013986463719669804,-0.0000862735442379024,-0.0009390855029942075,0,0,0,0.9998387329229691,0.003709030550030936,-0.005437828607977585,0.016708718065751044
641346767,-0.0014003021677155218,-0.00008647897303438311,-0.0009389397293774132,0,0,0,0.9998379315989646,0.0036770020976135474,-0.005529342139982413,0.016733695556485927
641346779,-0.0014096945923156923,-0.00008611729019568634,-0.0009353865770197228,0,0,0,0.9998327013398537,0.0036345864692643045,-0.006034460179013281,0.016880296294682618
641346783,-0.001410528839240698,-0.0000860042699942785,-0.0009349145317063973,0,0,0,0.9998327192839697,0.0036344280956669885,-0.0060329963120544835,0.016879790790734907
641346787,-0.0014110692392709995,-0.00008591799748578672,-0.0009343401649948971,0,0,0,0.9998299799128313,0.003643469665288567,-0.0062694932654124985,0.016953756235727074
641346791,-0.001411147692578929,-0.00008583199464246164,-0.0009337597149692448,0,0,0,0.9998273421267816,0.0036789236322591606,-0.006523849856171635,0.017005612004797888
641346795,-0.0014108979224868852,-0.00008587097544351793,-0.0009331788625327008,0,0,0,0.9998250951721367,0.0036719540951277475,-0.006786143940027484,0.017036550929587287
641346799,-0.0014103906785517288,-0.0000860525715693135,-0.0009325723654804031,0,0,0,0.9998225267685371,0.0036894284535826808,-0.007066604695357925,0.017069451717715466
641346803,-0.0014097930462680774,-0.00008627566947590524,-0.0009319570192850268,0,0,0,0.9998225272537482,0.00368942207338756,-0.007066442169492943,0.017069491959569538
641346807,-0.0014088534230141541,-0.00008639550326597294,-0.0009316046114891323,0,0,0,0.9998203422912346,0.003719032529987483,-0.007280029976557804,0.017101260223148472
641346811,-0.0014075640535493985,-0.00008631383757147658,-0.0009318642944470968,0,0,0,0.9998185169787734,0.0037506255662430443,-0.007493681575870785,0.017108788696663362
641346815,-0.0014068961226024604,-0.00008708555601545634,-0.0009313613033857441,0,0,0,0.9998178820140949,0.003734774625663001,-0.007670389008904796,0.017071010391793144
641346819,-0.0014060696693332147,-0.0000878845623027745,-0.0009312132799403871,0,0,0,0.999817427001805,0.0037475893618630633,-0.0077579136634941,0.017055292816457884
641346823,-0.0014051918570375424,-0.00008869089867441085,-0.0009311713682929655,0,0,0,0.9998174284684082,0.0037476353690583833,-0.007757996577971702,0.01705515901586555
641346827,-0.0014038211366082219,-0.00008944884791873681,-0.0009319597445200398,0,0,0,0.9998176587846813,0.0037457140226726964,-0.007870307550613121,0.016990499340448096
641346831,-0.0014026951642690409,-0.00009026000044896575,-0.000932787992192391,0,0,0,0.9998187432977031,0.0037418711786133536,-0.00782878403968025,0.016946654275822686
641346835,-0.001402625296055713,-0.00009066325114125285,-0.0009336937142494194,0,0,0,0.9998187378340565,0.0037418686568140218,-0.0078289361975667,0.0169469068824978
641346839,-0.0014024436824939415,-0.00009113923338244812,-0.0009343205004885419,0,0,0,0.9998226532762229,0.0037076754042415054,-0.007686123660486144,0.016788050567776203
641346843,-0.0014022356101773114,-0.0000916393547844767,-0.0009348640853373695,0,0,0,0.9998226566693227,0.0037078304121805137,-0.007685828472651969,0.016787949398932297
641346847,-0.0014021767439478707,-0.0000921413731272708,-0.0009358929589999202,0,0,0,0.9998251286282748,0.003668334001814736,-0.007541516663484309,0.01671469459845391
641346851,-0.0014026546636063861,-0.00009248837576578943,-0.0009373669664333248,0,0,0,0.9998278228344567,0.003604393200649223,-0.007379199968122147,0.01663972486538939
641346855,-0.0014037062686398998,-0.0000927727789850041,-0.0009386827159467203,0,0,0,0.9998308816844914,0.0035595527916788944,-0.0071937344176239496,0.01654653435207683
641346859,-0.001404937603809329,-0.0000930042996468319,-0.0009396801396645414,0,0,0,0.9998338553849804,0.0034899809041283774,-0.006987888943738607,0.016469701497137532
641346863,-0.001406232128855563,-0.00009322369020639287,-0.000940582797659812,0,0,0,0.9998338604176156,0.0034901008219232078,-0.006987550790515572,0.016469514036868946
641346867,-0.0014073597636192902,-0.0000932097650162721,-0.000941610816021346,0,0,0,0.9998358636972989,0.0034420818238902993,-0.006797828505504472,0.016437374030049343
641346871,-0.0014085788725542155,-0.00009301677640422478,-0.0009428363381365587,0,0,0,0.9998378222298536,0.0033942629528856487,-0.0066086185047353726,0.016405315575424094
641346875,-0.0014099776571115503,-0.00009271183833419936,-0.000943933866524138,0,0,0,0.9998391644210247,0.0033084181976311476,-0.006469232931840559,0.01639660587347609
641346879,-0.0014113943162279415,-0.00009250035503135298,-0.0009446707930002123,0,0,0,0.9998401680918643,0.00322914271618882,-0.006372489282885114,0.016389090508344962
641346883,-0.001412820378676208,-0.00009232075113424692,-0.0009452996929272396,0,0,0,0.9998401713910768,0.003229277964795684,-0.006372344239428057,0.016388918981505265
641346887,-0.0014141582045173393,-0.00009230178802883988,-0.0009458689754105706,0,0,0,0.9998402360133556,0.003178733173309139,-0.006335922518137286,0.01640896675645267
641346891,-0.001415454401927105,-0.00009229415430768112,-0.0009463679896770605,0,0,0,0.9998394951197649,0.00309754795841128,-0.006389517671863164,0.016448807227885966
641346895,-0.0014166817550249516,-0.00009229184714349334,-0.0009468177116470677,0,0,0,0.9998394955631853,0.003097525417170865,-0.006389344743680147,0.016448851692194066
641346899,-0.0014176648269688763,-0.00009229760185714693,-0.000947094450197359,0,0,0,0.9998364593286175,0.0030012695814644456,-0.0066629751887080915,0.016542422426834666
641346903,-0.0014185612435718494,-0.00009230952333079997,-0.0009473173403907294,0,0,0,0.9998364596408696,0.0030012555573814617,-0.0066628686271315,0.016542449019072432
641346907,-0.001419191970160172,-0.00009241749367187068,-0.0009474714097743463,0,0,0,0.9998344574761969,0.0029634236880356746,-0.006862508759494231,0.016588602618967708
641346911,-0.0014194974971922202,-0.00009261961183337322,-0.0009476584586039896,0,0,0,0.9998318992989556,0.002905480834016773,-0.007086748118680926,0.016658611180680124
641346915,-0.0014195645047944021,-0.00009284168744438171,-0.000947935916159276,0,0,0,0.9998294009021319,0.002865652476052819,-0.0072866282768434334,0.016729081741857204
641346919,-0.001419335596128656,-0.00009313487106967554,-0.0009482129231078231,0,0,0,0.999827791536185,0.0028036339252668855,-0.007469946833613745,0.016754903849061222
641346923,-0.0014190093242173712,-0.00009345192443685471,-0.000948488592925409,0,0,0,0.9998277897171515,0.0028036132434334942,-0.007470032021453859,0.01675497787809309
641346927,-0.0014181499245187296,-0.0000934288088846503,-0.0009489982502909823,0,0,0,0.9998255745951579,0.002757334937615068,-0.0076273529305243195,0.016823821705479837
641346931,-0.001417197188688113,-0.00009310790981467999,-0.000949686395588305,0,0,0,0.9998243417099404,0.0026823507406198506,-0.007723949519672777,0.01686509183508836
641346935,-0.0014165177018774528,-0.00009297127784122332,-0.0009497643360927037,0,0,0,0.9998230598573176,0.0025994133572493374,-0.007777686845274137,0.01692925323473515
641346959,-0.0013940485439448006,-0.00008864643023572013,-0.0009132511879794793,0,0,0,0.9998202523297554,0.0021110301719915797,-0.007679777632902962,0.017205452577206022
641346963,-0.0013934465473578496,-0.00008855339423806842,-0.0009119123960083467,0,0,0,0.9998202104301668,0.0021124657445118927,-0.007685159779878554,0.01720530798947912
641346967,-0.0013927621315266182,-0.00008856165138544147,-0.0009106631136388388,0,0,0,0.9998197828948252,0.00204311285711934,-0.007672531468742067,0.017244120240208223
641346971,-0.001392192095261068,-0.00008856840183985181,-0.0009093902787693607,0,0,0,0.9998184898119846,0.001953520457389353,-0.007682096946785394,0.017325027399839713
641346975,-0.0013918924107957885,-0.00008844896494876662,-0.0009075512484578437,0,0,0,0.9998166480186371,0.0019113216046547836,-0.007728789158680244,0.017415022613846795
641346979,-0.0013916153957980748,-0.00008821096904213859,-0.0009053015353237572,0,0,0,0.9998142995627279,0.0019014309084052783,-0.007835476624428116,0.017503035635574406
641346983,-0.001391339866828316,-0.00008793748221398124,-0.0009029287435180293,0,0,0,0.9998142968354842,0.0019014344795737805,-0.007835790481680045,0.017503050528788713
641346987,-0.001390930229061565,-0.0000876755226154236,-0.0009008154035491694,0,0,0,0.9998114695880451,0.0019042748171653734,-0.008030643503936445,0.017575772601140436
641346991,-0.0013905050537991546,-0.00008728395859868934,-0.0008989430588618267,0,0,0,0.9998078691538665,0.0019054051903742008,-0.008223328986635376,0.01769098836817235
641346995,-0.0013901074947551047,-0.0000869143868521204,-0.0008970124071213951,0,0,0,0.9998043320368875,0.0019386325441005344,-0.008477721776391363,0.01776703626423258
641346999,-0.0013896733961934467,-0.0000864234350803984,-0.0008951460423653282,0,0,0,0.9997997335882026,0.0019947829743302567,-0.008749230795318643,0.017887552049812457
641347003,-0.0013892150916483671,-0.00008589276623325993,-0.0008932983255593178,0,0,0,0.9997997325619995,0.0019947387104022885,-0.008749318909950074,0.017887571244963776
641347007,-0.001388469123602796,-0.00008542992449350604,-0.0008918578555113175,0,0,0,0.9997949179599918,0.0020570316581308896,-0.009066355264880078,0.01799143808431976
641347011,-0.001387265936954391,-0.00008495361047987761,-0.0008908032149427955,0,0,0,0.9997900991901504,0.0021212492538042827,-0.009381749779755706,0.01808979364233748
641347015,-0.0013859696971379061,-0.00008428335450920272,-0.0008899440495854247,0,0,0,0.999790106354493,0.0021218426007554884,-0.009381523119961547,0.01808944564100616
641347019,-0.0013848186013205382,-0.00008344206016923954,-0.0008893933280045808,0,0,0,0.9997803746986939,0.0022159618503888845,-0.0099495988278333,0.018311126769868232
641347023,-0.0013836837059882955,-0.00008254389526814284,-0.0008889330948462797,0,0,0,0.9997803805209252,0.002215734781404117,-0.009949167150196921,0.01831107090887646
641347027,-0.0013823985459519529,-0.0000816880999051042,-0.0008887674610282251,0,0,0,0.9997762599867644,0.002291825873054056,-0.010197904453990814,0.018389677696804312
641347031,-0.0013810596669385697,-0.00008098362100555202,-0.0008887725258258887,0,0,0,0.9997727958953097,0.002345079181355465,-0.010427726113313083,0.018442334977288366
641347035,-0.0013799559130329398,-0.00008057378695846414,-0.0008889173584758561,0,0,0,0.9997694092208654,0.002347463760946099,-0.010621007556309767,0.018515182919475005
641347039,-0.0013790113370448008,-0.00007991386155373407,-0.0008890515640208163,0,0,0,0.999765929540837,0.0023928977169621994,-0.010807881950344966,0.018588971397292497
641347043,-0.0013781057700658673,-0.00007917652792140409,-0.0008891818583366235,0,0,0,0.999765935970173,0.0023927566005309763,-0.01080759008630734,0.018588813465652325
641347047,-0.0013774537492421597,-0.00007818524107436168,-0.0008897191877415397,0,0,0,0.999763136474193,0.0024162115063081683,-0.010977329862969351,0.018636821035799445
641347051,-0.0013771139295750824,-0.00007712958559719411,-0.000890573322001271,0,0,0,0.9997593321714756,0.0024437284352563197,-0.011189540953457068,0.018710962044504183
641347055,-0.001377032482375079,-0.00007620117766567018,-0.0008909918263333788,0,0,0,0.9997554866140084,0.0024699181435035933,-0.011400395794432569,0.01878556534369331
641347059,-0.0013772593183937535,-0.00007510346556823092,-0.0008908300262296451,0,0,0,0.9997521244393313,0.0024552509335351567,-0.01161765712715414,0.01883325422684965
641347063,-0.0013775682139799774,-0.00007395550189634957,-0.0008904930966523013,0,0,0,0.9997521214416399,0.0024551496308642972,-0.011617531379851203,0.01883350413143516
641347067,-0.001377508676749482,-0.00007269801567117835,-0.0008903117903373096,0,0,0,0.9997482343111092,0.002465161079353186,-0.011855601737938405,0.018890094761646756
641347071,-0.001376897989458095,-0.0000713334744770379,-0.0008903288175111351,0,0,0,0.9997448235621702,0.002444106623873225,-0.012031341963333586,0.01896209149903445
641347075,-0.0013759932848476757,-0.00006982745547019633,-0.0008899983777288559,0,0,0,0.9997448216553162,0.0024432485573972662,-0.012031126353029487,0.018962439414386405
641347079,-0.0013749896082989345,-0.00006841044464303767,-0.000888949835785052,0,0,0,0.9997400395023934,0.002399181994636963,-0.01222746207626583,0.019094148650383676
641347083,-0.0013739467267457725,-0.0000670218023075163,-0.0008876851606716116,0,0,0,0.9997400439657244,0.0023992191315631607,-0.012227394268563733,0.019093953712404767
641347087,-0.001372516872810457,-0.00006584058815159651,-0.000886187400545905,0,0,0,0.9997389751919541,0.0023785289257440665,-0.012250784271113145,0.01913745978528207
641347091,-0.0013706111210655466,-0.00006475815251285001,-0.0008845844154179459,0,0,0,0.9997385730424116,0.002343907954674749,-0.012189467761013345,0.019201784873445232
641347095,-0.0013685060143717484,-0.00006370437565100582,-0.0008826532165350361,0,0,0,0.9997389091892359,0.002328834268817437,-0.012102281703084456,0.019241225575417933
641347099,-0.0013665442417108104,-0.00006295969321129447,-0.0008801472540982104,0,0,0,0.9997399073337428,0.002288294092481025,-0.011996864048561881,0.01926023487566563
641347103,-0.0013646308011327055,-0.00006230979602750468,-0.0008774698446431913,0,0,0,0.9997399176651738,0.002288707433969061,-0.011996694504843785,0.019259755088539367
641347107,-0.0013625543933003263,-0.00006165982172969529,-0.0008745748360034544,0,0,0,0.9997411677975797,0.002312748107167854,-0.011861401559981877,0.01927578169509969
641347111,-0.0013604180925449452,-0.000060769593417142425,-0.0008718543148900184,0,0,0,0.9997427447663008,0.002338854901103046,-0.011728590758956286,0.019272109477267096
641347115,-0.0013585364618814327,-0.00005955348266764154,-0.000869110588983506,0,0,0,0.9997438081453177,0.002370711306758817,-0.011635750471266923,0.01926933091647593
641347119,-0.001357240938699351,-0.00005858964417721447,-0.000865675965213901,0,0,0,0.9997448036786716,0.0024058736549415352,-0.011581336216802324,0.01924608897631627
641347123,-0.0013561240462832069,-0.0000576999879520999,-0.0008620353952489946,0,0,0,0.9997447991351865,0.002405575996355844,-0.011581419099657167,0.019246312319749513
641347127,-0.0013550309216896282,-0.00005726278182806626,-0.0008587375925918929,0,0,0,0.9997457684067066,0.002424490266299209,-0.011561278477955924,0.01920565645290783
641347131,-0.0013538804210306526,-0.00005707433592418284,-0.0008559713987353817,0,0,0,0.9997461355716184,0.0024941818934741604,-0.01157769962814339,0.019167689939523804
641347135,-0.001353327682542734,-0.00005708884327550966,-0.0008532730961496142,0,0,0,0.9997461856890755,0.0024938900536134235,-0.011574401680876287,0.01916710563113149
641347139,-0.0013536971707552975,-0.00005735169411544608,-0.0008502919837771845,0,0,0,0.9997461088386302,0.0026457373220652616,-0.011679347174936131,0.01908692708655819
641347143,-0.001354338204783517,-0.00005768178925132342,-0.0008472267803003135,0,0,0,0.9997461003728801,0.0026465225031128497,-0.01168007672710575,0.019086815226968225
641347147,-0.001354847610136594,-0.00005809804233916654,-0.0008447229921281224,0,0,0,0.9997444973854499,0.0027941925229597485,-0.011794347233786204,0.019079460395617358
641347151,-0.001355535496556648,-0.000058477331365048827,-0.0008430375551411689,0,0,0,0.9997431206631808,0.0029259727904231425,-0.011929852891299324,0.01904757149524328
641347155,-0.0013571858022064535,-0.00005862780236575856,-0.0008420488280744964,0,0,0,0.9997400709010307,0.0030867621997373268,-0.012120140244104573,0.019062128275390406
641347159,-0.0013599087722654514,-0.00005846637496480779,-0.0008409950292778967,0,0,0,0.999733954097829,0.003262197350112649,-0.012438670650072344,0.019148330601597662
641347163,-0.001362937374900542,-0.00005820242189535206,-0.0008399205379699404,0,0,0,0.9997339301264544,0.003262347080582692,-0.012440558894392509,0.01914832994896998
641347167,-0.001366279103473236,-0.000057486385230171254,-0.0008390375645236432,0,0,0,0.9997255787904322,0.003438195797183587,-0.012914615952739138,0.019239506661781938
641347171,-0.0013696956080319089,-0.000056844376142386484,-0.0008383547424784599,0,0,0,0.9997143308351081,0.00362866363488996,-0.013515616058134637,0.01937569729599405
641347175,-0.0013731769895553563,-0.000055842600952442294,-0.0008380885275514952,0,0,0,0.9996999209848781,0.003819383781035007,-0.014267550544484805,0.0195427043118955
641347179,-0.0013766938984077365,-0.00005462385440295733,-0.0008375823621921221,0,0,0,0.999681993807895,0.004007636225848528,-0.015175730522591377,0.019736952937540735
641347183,-0.0013801774426345623,-0.00005332936163511998,-0.0008369985137201874,0,0,0,0.9996819772768002,0.004007144360662231,-0.015177458404415279,0.019736561463497827
641347187,-0.0013825242516336852,-0.000052412561019472786,-0.0008356493974888228,0,0,0,0.9996616009928101,0.004224008769393933,-0.016149069337733624,0.019951160616185452
641347191,-0.001384264873996416,-0.00005201955081270443,-0.0008346653481064747,-0.0008703111813654454,0.00019650510338417782,0.0004920246911740804,0.9996510501578368,0.004432648568475334,-0.01717666070815669,0.02014816516995699
641347195,-0.0013892324399999417,-0.00005121521990025376,-0.0008319240743091958,-0.0016134718203973265,0.0002056603528411598,0.0008786122074653519,0.9996510501578368,0.004432648568475334,-0.01717666070815669,0.02014816516995699
641347199,-0.0013966808617336946,-0.000050986925694387086,-0.0008274875787473491,-0.0021107390464791017,-0.0000915132499078257,0.0013396355734579756,0.999582630044602,0.004865249175254133,-0.01921407070851651,0.020582029642321586
641347203,-0.001405761123969353,-0.00005224437445120046,-0.0008207338681913682,-0.002429392071350066,-0.0005372111284988608,0.0020372197045324396,0.999582630044602,0.004865249175254133,-0.01921407070851651,0.020582029642321586
641347207,-0.001415728400717069,-0.00005498360546330101,-0.0008107513374162526,-0.0025542463025078556,-0.0008324043775514139,0.002954045683025413,0.999577908943162,0.005102901542376668,-0.020155359983258327,0.020779854875930925
641347211,-0.0014258127544569384,-0.000058365676145241394,-0.0007969999765225778,-0.0024879305674268357,-0.0008586309634187792,0.003921634763811973,0.9995569606272043,0.005363970349113564,-0.020960658438615463,0.020993603698279684
641347215,-0.001435726335632707,-0.0000617326131144451,-0.0007802461405825383,-0.002468860020457438,-0.0008248375211830734,0.0044552832062078026,0.9995363848582139,0.005600593555239605,-0.02174778684702182,0.021205484197588664
641347219,-0.001445791978521952,-0.00006493221656153206,-0.0007617373997144726,-0.0025639614241650894,-0.0007749642023604033,0.004799087227825044,0.9995002524592465,0.005808363930134536,-0.022473757013948735,0.021389554997174265
641347223,-0.00145624591615542,-0.0000678097368727623,-0.0007415078585950767,-0.0026630073925689697,-0.0006637959532547153,0.005315683331872918,0.9995002524592465,0.005808363930134536,-0.022473757013948735,0.021389554997174265
641347227,-0.0014665242565536651,-0.00006980316924995317,-0.000718392403424973,-0.0024761628065535744,-0.00033292023534072147,0.006242044253178945,0.999489763399389,0.006086946169792756,-0.023102317325399337,0.021599561585238902
641347231,-0.0014756674335517047,-0.00007062097468319017,-0.0006916028353997321,-0.002095425692466167,-0.00007598248127777517,0.007152739759441501,0.9994615513489411,0.006346329201503714,-0.02360116237112531,0.02182325089203624
641347235,-0.0014840383138834624,-0.00007161440500821652,-0.0006627152577431688,-0.0020900144734127494,-0.00042073268123540294,0.007291049068840084,0.9994565871606051,0.006535645462385487,-0.024201153918407176,0.02198466431645285
641347259,-0.0015395208140458955,-0.00011040246948091294,-0.0005089111285342124,-0.0025335272067900042,-0.002811606024822633,0.005525961698572952,0.9993497751510476,0.007800519719038564,-0.027054087857002418,0.023031639577544172
641347263,-0.0015491904016432365,-0.00012170890708006295,-0.00048750613605995607,-0.0023012665918804524,-0.002841612774752371,0.005176534538555198,0.9993497751510476,0.007800519719038564,-0.027054087857002418,0.023031639577544172
641347267,-0.0015573960918095642,-0.00013298335782542162,-0.00046679933251610515,-0.0018015784912834138,-0.002795612597926962,0.005176867233370266,0.9993208180066657,0.00810879395197121,-0.027589272996629943,0.023259065530421064
641347271,-0.0015633985933878138,-0.0001443730798832981,-0.0004457640263652017,-0.001199672297841417,-0.0028992484310112736,0.005340785842081444,0.9992970131868384,0.008352247806738242,-0.02811405941903949,0.02343976664268954
641347275,-0.0015669439797334622,-0.00015665142897273337,-0.0004252317790292454,-0.0005730208749827766,-0.003239926113706361,0.004925337825896718,0.9992910058669945,0.00861827893907632,-0.028657388435366873,0.02364678167860884
641347279,-0.0015675250624489212,-0.0001703283268702593,-0.00040696386754397864,0.0002824795172532812,-0.0035985228350565953,0.004208617916736656,0.9992386462535094,0.008849465753585598,-0.029247367782909085,0.02384677606693386
641347283,-0.0015643185863695337,-0.0001851962538024001,-0.00039134937594557777,0.0013207585224404678,-0.0038354406310138105,0.0035986278824637905,0.9992386462535094,0.008849465753585598,-0.029247367782909085,0.02384677606693386
641347287,-0.0015569428703101024,-0.00020091096612740255,-0.000377738735409615,0.0023670995072751846,-0.004021915531487419,0.0032066923855175763,0.999214468886715,0.00911736520896347,-0.029790324252269407,0.024029345502242228
641347291,-0.0015455969607451904,-0.00021720026852252192,-0.0003654396704600898,0.0033058552751808346,-0.004122735666072259,0.002942840089245023,0.999210702436878,0.009377120787641486,-0.030291037621035178,0.024234864762088693
641347295,-0.0015303283392458294,-0.00023352375284980305,-0.0003547022350649215,0.004328455474499649,-0.004039006497568303,0.0024258776083391307,0.9991687275700998,0.00962244296544831,-0.03081545149647767,0.024391120273746514
641347299,-0.0015103016617836129,-0.00024920161092685723,-0.00034650389840618426,0.005684883256608613,-0.0037999225409587746,0.0016732907210295013,0.9991494044902859,0.009853345712895197,-0.031255006623764,0.0245688298338696
641347303,-0.001484366332253611,-0.0002638227793213923,-0.00034143890502561224,0.00728278150839234,-0.0035106616563087586,0.0008592059692565096,0.9991494044902859,0.009853345712895197,-0.031255006623764,0.0245688298338696
641347307,-0.0014523411448497312,-0.00027757417630139904,-0.0003395397551359137,0.008729812193547523,-0.0033650368336946104,0.00009036897559275541,0.9991367295110993,0.010062043729738096,-0.03167788748017228,0.024702055423391378
641347311,-0.001414919585870428,-0.00029132779927450197,-0.0003407033096714266,0.009980967296104013,-0.0035117746528568433,-0.0006721462433492119,0.9991240545319124,0.010270741746580991,-0.032100768336580564,0.024835281012913046
641347315,-0.0013726168405418296,-0.00030553849484735054,-0.0003450545171349237,0.011170405368195255,-0.0035935731335674367,-0.0015034574883993354,0.9991240545319124,0.010270741746580991,-0.032100768336580564,0.024835281012913046
641347319,-0.001325844373552477,-0.00031964833968421843,-0.0003526036192945569,0.012215828126481032,-0.0034613492848665087,-0.002271093591417242,0.9990723906498885,0.010669595186348961,-0.03296910732696819,0.0251195296919402
641347323,-0.0012750458224339168,-0.0003331824960843472,-0.00036301546358857926,0.01318344743279903,-0.003305728915197895,-0.002934828555593961,0.9990723906498885,0.010669595186348961,-0.03296910732696819,0.0251195296919402
641347327,-0.0012209138385067394,-0.0003462633347176429,-0.00037647343700432617,0.013882544530789681,-0.0032346904014499567,-0.0037941581522794913,0.9990556064776552,0.010866398709901155,-0.033459049431548926,0.025253878510567596
641347331,-0.0011646805248817387,-0.0003591002140445847,-0.00039380353715296325,0.01423411228171064,-0.0031837492620209393,-0.0048708919220390515,0.9990532557062932,0.011024993816512015,-0.03399825528431841,0.025411927835871706
641347335,-0.0011070766319732533,-0.000371918479405889,-0.00041521506374823643,0.014567834172532046,-0.003225383418631213,-0.005834871375597542,0.9990023117712828,0.011155020158954133,-0.03462672711586434,0.025564452289654316
641347339,-0.0010482984461905388,-0.00038640373690650484,-0.0004398433079749495,0.014821258718825203,-0.004017245331676704,-0.006479250737759005,0.9989854670601674,0.01128758540897674,-0.035298559688905995,0.025767363720731518
641347343,-0.00098888518460639,-0.00040557090514291094,-0.00046650321402285765,0.014885372073249178,-0.005566338786526342,-0.006850702286195061,0.9989854670601674,0.01128758540897674,-0.035298559688905995,0.025767363720731518
641347347,-0.0009297856814850134,-0.00043021663715577083,-0.0004956735101758566,0.014664379487439119,-0.006756527219903617,-0.007734445790304405,0.9989515755312068,0.011489080230211605,-0.03598191420827129,0.025949938744244394
641347351,-0.0008718775168371761,-0.0004578265582240684,-0.0005298697229580841,0.014289702836479524,-0.0070484333142451765,-0.009363660600809324,0.998909465616153,0.011666786064865053,-0.03679939122398151,0.026134760225968556
641347355,-0.0008147765151725287,-0.0004855180691044105,-0.0005704491297503002,0.014260797995844171,-0.006797322125925856,-0.010926042795298747,0.9988829868404696,0.011876722800373413,-0.03756685380936436,0.0263873880497994
641347359,-0.0007577180493244702,-0.000511735555073086,-0.000616518488910775,0.01426843492818509,-0.006311420858411913,-0.012108636784938596,0.9988301941411353,0.012068116941963948,-0.03835689367231827,0.026657813373613892
641347363,-0.0007011709552529751,-0.0005358537954418358,-0.000666944070684864,0.014005112107562426,-0.005747699325962915,-0.01310415410210597,0.9988301941411353,0.012068116941963948,-0.03835689367231827,0.026657813373613892
641347367,-0.0006464654241295012,-0.0005581299950505262,-0.0007218131393756148,0.013347653454174555,-0.005390400478382341,-0.014330380243269386,0.9987918348426723,0.012221302666613143,-0.0391961972834609,0.026951939204105158
641347371,-0.0005949575897708961,-0.0005796999947668597,-0.0007825515797213072,0.012406263725127972,-0.005394599379784433,-0.016038839929576883,0.9987489938041958,0.012387039498582483,-0.04012073218972678,0.02724905658674187
641347375,-0.000546626854066493,-0.0006019288998379317,-0.0008502181607001069,0.011759104127073542,-0.005719853155751498,-0.017794450559822945,0.9987489938041958,0.012387039498582483,-0.04012073218972678,0.02724905658674187
641347379,-0.0005007091633170614,-0.0006260227239062775,-0.0009240757336563177,0.011199741247642284,-0.006327058878421463,-0.019134335918282442,0.9986369372647096,0.012635732295073743,-0.042174269748290485,0.027929651464448646
641347383,-0.0004573764019874348,-0.0006527868015168786,-0.0010026239183475675,0.010466639417171,-0.007054979926879073,-0.020139756427342448,0.9986369372647096,0.012635732295073743,-0.042174269748290485,0.027929651464448646
641347387,-0.000417614361042005,-0.0006821229407962715,-0.0010850963572097744,0.00941438105554387,-0.007613089712817374,-0.021096463003761008,0.9985736992797865,0.01274875279983715,-0.04321176555180503,0.028312378277380146
641347391,-0.0003824582518085314,-0.000712775545779208,-0.0011716226178259308,0.008163673561192925,-0.007713212778650892,-0.022166667304317246,0.9985085929718236,0.012843603257649779,-0.04427370695593041,0.028694732543344592
641347395,-0.00035153994357646343,-0.0007429441955991592,-0.0012624881663231087,0.007295480554841068,-0.007371112131324728,-0.023266106944271742,0.998460160934739,0.012893969744861004,-0.04534229646068291,0.029099291539913086
641347399,-0.00032317035767280615,-0.0007714570816058278,-0.0013571556873647177,0.0068893123969875625,-0.006885330872009579,-0.024067653576532778,0.9983936333600967,0.01294958262473581,-0.046299340746661574,0.02951940157825389
641347403,-0.0002959394795219571,-0.0007981153681899813,-0.001454391636018903,0.006726126678436961,-0.006443812420067141,-0.024550320750559913,0.9983936333600967,0.01294958262473581,-0.046299340746661574,0.02951940157825389
641347407,-0.000269445295521065,-0.0008234284669065056,-0.0015531037228800997,0.006520965322009074,-0.006212736938195048,-0.024805722680038306,0.9983549844063668,0.012929333765708859,-0.04704995489545929,0.029954237466835065
641347411,-0.00024383902698970396,-0.000848382757384871,-0.001652314938202851,0.006282168943671451,-0.006264408300987665,-0.02479988498133733,0.9983208171926506,0.01289653379936178,-0.04771533774913377,0.030386081803270626
641347415,-0.0002182977356345833,-0.0008737284112512703,-0.0017509506839554442,0.00648847673388888,-0.006408418632211973,-0.024517987894959258,0.9982689269883442,0.01284453462506742,-0.04825100533708363,0.03083160885843894
641347419,-0.00019085627711136764,-0.0008998617180568666,-0.0018479637427194688,0.007232252527718959,-0.006658234770586204,-0.023988541487053032,0.9982271234931708,0.01283449448430525,-0.048628104828077744,0.03127526200236286
641347423,-0.00015999974882426274,-0.0009272406394473213,-0.0019426498748606879,0.008196011615833491,-0.007031225924641167,-0.02335452458355653,0.9982271234931708,0.01283449448430525,-0.048628104828077744,0.03127526200236286
641347427,-0.00012541881244270529,-0.000956287333461606,-0.0020344688590297165,0.009094456574945236,-0.0074921210825011466,-0.022554967500957753,0.9982102126549686,0.012803759359523069,-0.04887772992335407,0.03173887341867948
641347431,-0.00008746922278637714,-0.0009874883773412404,-0.0021226649549606945,0.009880338253218832,-0.008108400857316024,-0.0215430804645313,0.9981955426867734,0.012766748681080822,-0.049084739371068775,0.032200989058923324
641347435,-0.00004631667805018116,-0.0010213858927783836,-0.0022067181584537643,0.010695934114879159,-0.008840356861255604,-0.02048352128200369,0.9981955426867734,0.012766748681080822,-0.049084739371068775,0.032200989058923324
641347439,-0.0000019372324599107213,-0.0010582744802878844,-0.0022867376093395632,0.011493788680256061,-0.009603936893494786,-0.019526204160895753,0.9981499066146764,0.012853163744191879,-0.04954034475306332,0.03311086144793324
641347443,0.000045541217051854514,-0.001098244423473027,-0.0023631313732671508,0.012245436075626557,-0.010381034699076443,-0.018670677802898016,0.9981499066146764,0.012853163744191879,-0.04954034475306332,0.03311086144793324
641347447,0.00009542838432991309,-0.001141450997941812,-0.002436237336666087,0.012698147563402732,-0.011222252535316146,-0.017882303896569966,0.9981114672186155,0.012903909297942075,-0.04988672308978652,0.033557128008831094
641347451,0.00014567395804123356,-0.0011884368945528148,-0.002506354075263472,0.012424639292257499,-0.012270695770185155,-0.01717606540212256,0.9980621960194874,0.012961587019381798,-0.050428009617367014,0.03400900512705285
641347455,0.00019374670022785916,-0.0012396948054432485,-0.0025740425516823204,0.011611731801055299,-0.013358259675031736,-0.016668172807301825,0.9980239997103225,0.01306066867937277,-0.05111568568155017,0.03449168349714349
641347459,0.0002384944402562047,-0.0012943287647978207,-0.0026404525722925915,0.010762138213117478,-0.013958720002254336,-0.016536837497833794,0.9979520217735522,0.013208925607647814,-0.051990126059890764,0.03500038334151545
641347463,0.0002800455123993286,-0.0013503680951642526,-0.0027068970882704975,0.010013397858444479,-0.014060945180961577,-0.016685420491119218,0.9979520217735522,0.013208925607647814,-0.051990126059890764,0.03500038334151545
641347467,0.000318424050829307,-0.0014058521578388485,-0.0027742169217313873,0.00917587135654471,-0.013681086156336345,-0.016974496239325725,0.997861068157015,0.013343703786654736,-0.053082424453626764,0.03555693684380595
641347471,0.0003528824590481726,-0.0014589004579920626,-0.0028426524992815113,0.008053332752888082,-0.012843063920270677,-0.017243292535736327,0.9977838028474149,0.013489164749942016,-0.05426032668945304,0.03614092749885267
641347475,0.0003823353292338521,-0.001508769090023062,-0.002912150401697273,0.006673102339951707,-0.012091252095229063,-0.017505658672144517,0.9976776101971903,0.013646804273582384,-0.055521591897362756,0.03674607975299571
641347479,0.0004063597991764166,-0.0015564868809121563,-0.002983194354009782,0.005339132631330515,-0.01176764334931807,-0.01801631748411001,0.9975753916917367,0.013748721947360078,-0.05700885899736774,0.03737867474809958
641347483,0.0004254460009566413,-0.0016035524451011463,-0.0030566855328156045,0.004203968258781848,-0.011765138745176948,-0.018729271918801128,0.9975753916917367,0.013748721947360078,-0.05700885899736774,0.03737867474809958
641347487,0.0004402702643925136,-0.0016510461991949836,-0.003132802069347476,0.003208163459154323,-0.011981738301741745,-0.01932899634713459,0.9974580086619891,0.013876879035394989,-0.05855392023973964,0.03809986513743907
641347491,0.0004510908537700916,-0.0016999347756661172,-0.0032108307332707735,0.002202131229634656,-0.012462549933825066,-0.01968533561451412,0.9973365164391949,0.013993141630139193,-0.06016604273028399,0.03882217875588434
641347495,0.0004578550140406122,-0.0017510954071579886,-0.0032901481755225003,0.0011799489056256674,-0.013117765812110641,-0.019973385511349324,0.9972061352457666,0.014137884509147476,-0.061837455139268,0.03959047212100364
641347499,0.00046094703579149186,-0.001804810996710403,-0.0033707881422246045,0.00036606196981416484,-0.013740028964096582,-0.02034659783970272,0.9970486950347535,0.014312975995459614,-0.06356778491972459,0.04038029963218631
641347503,0.0004611744541235589,-0.001860774393204101,-0.0034530925690750814,-0.00025235280378063944,-0.014241669282752419,-0.02080561558553579,0.9970486950347535,0.014312975995459614,-0.06356778491972459,0.04038029963218631
641347507,0.0004588444991754421,-0.0019183091052688403,-0.0035371471188458074,-0.0009126246702777684,-0.014525686749617218,-0.021221659299827233,0.9969094248706912,0.014486199158731948,-0.06529848724714825,0.04119457274397992
641347511,0.00045349060117848896,-0.0019763973877148172,-0.0036225556387521527,-0.0017643243281988026,-0.014518454473371195,-0.021482600653345407,0.9967653749290417,0.014699797099559063,-0.0670214182448391,0.042053702373341884
641347515,0.00044439574981365793,-0.002034486761800566,-0.0037088534160821594,-0.00278310135421672,-0.014526232569503188,-0.021666288011657996,0.9965968793867813,0.014913022493419113,-0.06874248091949017,0.042931002049654776
641347523,0.00041313760224234307,-0.002153269722683124,-0.003884201326870537,-0.005031435538611998,-0.015169507651136269,-0.022170689685436392,0.9964265155214812,0.015108077840328398,-0.07048798919475208,0.04380792917900034
641347527,0.00039062690629486645,-0.002215290037104259,-0.003973170640482651,-0.006223912435126311,-0.015840649559431087,-0.022313967120620642,0.9962528676546665,0.015386123612354054,-0.07221945058662112,0.04473195369592137
641347559,0.000012784419064459408,-0.0028067486746315984,-0.004836206482565889,-0.017391243016774128,-0.021125515286027647,-0.03162577300958176,0.9948932183809615,0.018073412924354305,-0.0847000403541012,0.051929875901643496
641347563,-0.00005969423772626516,-0.0028920517953759163,-0.004968065272903114,-0.018848085378588154,-0.02152604508613128,-0.03430362215903048,0.9948932183809615,0.018073412924354305,-0.0847000403541012,0.051929875901643496
641347567,-0.0001381722984637999,-0.002979152096453581,-0.00511093589836902,-0.020390944990179218,-0.022024105452701125,-0.037131690573922835,0.994648811737326,0.018475317523782467,-0.08675052861573954,0.05310159665191888
641347571,-0.0002230915306607713,-0.0030685773996214235,-0.005265166741244499,-0.022068671108306476,-0.022688546131220157,-0.039983730863816576,0.9943999233536772,0.01888977323053076,-0.08888624817250113,0.054276308954339825
641347575,-0.00031429060044896524,-0.0031601203727630563,-0.0054322702276538804,-0.02353086378579051,-0.02308294043959617,-0.0435680123408742,0.99411762588939,0.019328958604952283,-0.09119056199646935,0.055475174408002315
641347579,-0.0004113069778851041,-0.003252442107666963,-0.005614875716805005,-0.024977324932278937,-0.023077927012357117,-0.04773473223468811,0.9938030369853657,0.019719536845214502,-0.09360895994679194,0.05669258804378713
641347583,-0.0005144401107918808,-0.0033443273077207714,-0.0058142880753748565,-0.02658924152110942,-0.022864673014547122,-0.051971447050237554,0.9938030369853657,0.019719536845214502,-0.09360895994679194,0.05669258804378713
641347587,-0.0006243733538137038,-0.003435496706437257,-0.006030239483354365,-0.02837737998980209,-0.02272002634369554,-0.056004256939516876,0.9934758224646281,0.02010225527583924,-0.09613553901677586,0.05795523633231214
641347591,-0.0007419297108748088,-0.003526294806989825,-0.00626205908480816,-0.030400798540750378,-0.022679023932588527,-0.05990554378738064,0.9931341140041368,0.020458943849875736,-0.09879474480703197,0.05926274672660997
641347595,-0.0008677550146911459,-0.0036169309658959795,-0.006510245995481019,-0.03251185336741816,-0.022639055520488754,-0.06418791154904879,0.9927820207969389,0.020801497060614682,-0.10151951606938779,0.060613995997575165
641347599,-0.0010024489997372248,-0.003707642828325943,-0.006776307820888101,-0.03483513915562133,-0.022716875694492975,-0.06884300115449202,0.992374686325466,0.021137686237788868,-0.10435022758139809,0.062004204367620275
641347603,-0.0011468991967012363,-0.003798909722949802,-0.007061180106283534,-0.0373899593263844,-0.02291657161743646,-0.0735931415432244,0.992374686325466,0.021137686237788868,-0.10435022758139809,0.062004204367620275
641347607,-0.0013020788376259416,-0.0038910805053975514,-0.0073647339438402,-0.04019986113596822,-0.02316881960643816,-0.0781837772351082,0.9919773780242438,0.021451596174965656,-0.10720426146491357,0.06346110143887079
641347611,-0.0014691068083764116,-0.003984268290108698,-0.007686406291492999,-0.04331412423926672,-0.023425072749135453,-0.08265239659129119,0.991546735151777,0.02179361384943946,-0.1101157169438289,0.06498214830374632
641347615,-0.001648589186635195,-0.0040783550669569735,-0.008026503520227176,-0.046427064890125005,-0.023618315675001923,-0.08739621777579801,0.991546735151777,0.02179361384943946,-0.1101157169438289,0.06498214830374632
641347619,-0.0018407479241331806,-0.004173334105367272,-0.008386244956188236,-0.04965230385886782,-0.02387120353014756,-0.09247450020473148,0.9906565360367299,0.022428967554834343,-0.11609270867039714,0.06815396288742614
641347623,-0.0020461810489149864,-0.004269549122422337,-0.008766571013035742,-0.05306425853203511,-0.02423630499738505,-0.09768852821902128,0.9906565360367299,0.022428967554834343,-0.11609270867039714,0.06815396288742614
641347627,-0.002265443337631238,-0.004367856124571753,-0.009167512809821168,-0.05656688582609059,-0.024917196077323057,-0.10278237017369216,0.9901469653638223,0.02265449724364886,-0.11914261377867977,0.06983696150708574
641347631,-0.002498423684919342,-0.004468690854759112,-0.009587997148258564,-0.05992328781796165,-0.02550016901635606,-0.10745979904500647,0.989677098883929,0.022937075980896185,-0.12216254282662557,0.07157146474494058
641347635,-0.002743903073586966,-0.004570900227708054,-0.010026671828865776,-0.06281640651585021,-0.025604517458115313,-0.11187754125859947,0.9891650638128342,0.023200082963229188,-0.12505088828580696,0.07333782074847911
641347639,-0.0030005286616845285,-0.004673017160802791,-0.010483700283506541,-0.06549638753293088,-0.025453949089253275,-0.1166366860617839,0.988661992221767,0.023437987730921924,-0.1277687711547419,0.07509819364772657
641347643,-0.0032678326650729143,-0.0047740647768040705,-0.010960601521851519,-0.06815561416126198,-0.025069858911386432,-0.12181393311070522,0.988661992221767,0.023437987730921924,-0.1277687711547419,0.07509819364772657
641347647,-0.0035453549592751404,-0.004873373856357901,-0.011457798357068965,-0.07060553293985106,-0.024584680865528574,-0.12678448449801727,0.9881744716724723,0.023564347279840782,-0.1304814076310133,0.07687666208453137
641347651,-0.0038312888699127833,-0.004970804494885286,-0.011973141585927428,-0.07236142237897031,-0.02413063839816396,-0.13088712993121424,0.9877159529731953,0.023681906338030356,-0.1329995084633944,0.07867396556462325
641347655,-0.0041227757125110245,-0.00506670785620633,-0.01250368432482355,-0.07338199892015038,-0.02382104226235779,-0.13438423951684617,0.9872378429602882,0.02376209614132187,-0.13541233963066174,0.08048457921648056
641347659,-0.004417872806668681,-0.005161394702654603,-0.013048397931820551,-0.07416654815867793,-0.023522380961778666,-0.13797256398165425,0.9867623463643551,0.023811564790342497,-0.1377643851034167,0.0822918287692253
641347663,-0.004716018871223525,-0.005254725759969137,-0.013607789143049708,-0.0749064841187443,-0.02314314769548855,-0.14172304163292426,0.9867623463643551,0.023811564790342497,-0.1377643851034167,0.0822918287692253
641347667,-0.005017168184569624,-0.00534612435351822,-0.01418174950403145,-0.07566817255430495,-0.02255614907905262,-0.14525713885794703,0.9862668113984314,0.02384473171545213,-0.14014050362981545,0.08407426017439218
641347671,-0.005321839742293251,-0.005434744025481134,-0.014768280269329146,-0.0766676063075087,-0.021753686902404173,-0.14800824379090052,0.9857694081094679,0.023859728593611008,-0.14254106775682504,0.08585631903259205
641347675,-0.005631205065586883,-0.005520226702752177,-0.015364094388473437,-0.07801505533930737,-0.0209876517331177,-0.1498988157812455,0.9857694081094679,0.023859728593611008,-0.14254106775682504,0.08585631903259205
641347679,-0.005946759315208784,-0.005602981066620111,-0.01596685937411215,-0.079762069471643,-0.02038953020084926,-0.15148367703811105,0.9846739821839435,0.023908819107460056,-0.14772902642861782,0.08937649110875773
641347683,-0.0062697892501400124,-0.005683598013579856,-0.016576003646940375,-0.08175289799397135,-0.019918943279022907,-0.15308845937600066,0.9846739821839435,0.023908819107460056,-0.14772902642861782,0.08937649110875773
641347687,-0.0066008524152368075,-0.005762377696087658,-0.01719152372867183,-0.08377868455442603,-0.019470897974878013,-0.15467158148972743,0.9840892753073527,0.023978041128041448,-0.1506201948624421,0.09114390980251963
641347691,-0.0069406968028045135,-0.005839658925362593,-0.017812595775199665,-0.08614350922942711,-0.019169716662589383,-0.15586444177418887,0.9834381973258456,0.024075654952982212,-0.1537192091119221,0.09299776311810837
641347695,-0.007291443497030741,-0.005916304117702197,-0.018437083535812766,-0.08922983788368662,-0.019152879507212343,-0.15637943853236136,0.9827392768628294,0.02423620686253754,-0.15693755388042008,0.09485206907826216
641347699,-0.007655828800147476,-0.0059932584451687695,-0.019063265627375977,-0.09296281367468102,-0.01932428422607386,-0.156711607249245,0.9820084430952475,0.024464104087327722,-0.1603182173624646,0.09673276905966433
641347703,-0.008035678455536176,-0.006071020329564188,-0.019691081715288786,-0.09696201401966885,-0.019556657971635465,-0.15719643670716021,0.9820084430952475,0.024464104087327722,-0.1603182173624646,0.09673276905966433
641347707,-0.008431771128311562,-0.0061499265393452785,-0.020321030192244603,-0.10108432236802468,-0.019896446918909846,-0.1577778017707481,0.9812178863233767,0.02469818838587326,-0.1638900523892869,0.09865541969229213
641347711,-0.008844846154138079,-0.0062303850508089445,-0.02095335789355523,-0.10545319054523392,-0.020332808812923042,-0.1583860488845655,0.9803928773393601,0.025033717223548364,-0.1675738191523613,0.10064782508766407
641347715,-0.009276581714565593,-0.0063126079428381335,-0.021588031288685014,-0.11041458966852309,-0.020778637201671578,-0.15895064868032638,0.9795093430895536,0.025445872452775083,-0.17134947928169736,0.10272628696969122
641347719,-0.009729380824992634,-0.00639664420626933,-0.022225197111079505,-0.11598496554499783,-0.021239494513926697,-0.15963226251691923,0.9785983772751954,0.02591282188991649,-0.17520222682945674,0.10482815132082163
641347723,-0.010204808333695763,-0.006482507092276179,-0.022865378858177472,-0.12172878880656651,-0.021691948489497792,-0.16045861103206363,0.9785983772751954,0.02591282188991649,-0.17520222682945674,0.10482815132082163
641347727,-0.01070357216872979,-0.006570039046317224,-0.023508960631116876,-0.12765312871044687,-0.02207402853102477,-0.16133227543763923,0.9776273904189746,0.026413782071047942,-0.17915314329713788,0.10701383128860026
641347731,-0.011226476971002743,-0.006658836644609516,-0.02415607584170628,-0.133799272426029,-0.022324770615121205,-0.1622253298570618,0.9766205300839286,0.026976949213371085,-0.18311109438292442,0.10930702179149965
641347735,-0.011774618946195834,-0.0067483041309363105,-0.02480666396458269,-0.14027171517051706,-0.022408972548275705,-0.16306873158114318,0.9755862381843307,0.027594910563608924,-0.18714613288713433,0.11162361476350197
641347739,-0.012349074721637272,-0.006837773037902223,-0.02545993317205871,-0.14695617255020202,-0.022325480934680723,-0.16356587215686755,0.9744926703368044,0.02819799145661512,-0.1912430002173644,0.11402028670607328
641347743,-0.012949989444989535,-0.006926685974266519,-0.026114383987887086,-0.15350118912592964,-0.022130987247467346,-0.16365953575732048,0.9744926703368044,0.02819799145661512,-0.1912430002173644,0.11402028670607328
641347747,-0.013576833750096167,-0.007014764285435546,-0.0267682445686699,-0.1599209634273869,-0.02190816833704566,-0.16327075463408627,0.9733498387410895,0.02882477285629803,-0.19535430094846568,0.1164551670655859
641347751,-0.01422884158457388,-0.007102332550220239,-0.027418961818440203,-0.16608295381146954,-0.021875964055301098,-0.16208787025106622,0.9722289138384049,0.0294860260268427,-0.1994170830253123,0.1189152381196435
641347799,-0.023564939240549858,-0.00872982366249461,-0.03484499039529636,-0.2229211151875296,-0.04593616562279772,-0.14732998711794018,0.9614383545145876,0.03758281651553532,-0.23172744628555894,0.14325444024806094
641347803,-0.024462086492693623,-0.008922050804269362,-0.03543258286781326,-0.22565251088435237,-0.050177405264577826,-0.14646624914051137,0.9614383545145876,0.03758281651553532,-0.23172744628555894,0.14325444024806094
641347807,-0.025369249742771428,-0.009131765608325432,-0.036016778119878384,-0.2279291141545493,-0.054679996763457014,-0.14563137689204908,0.9603336009443753,0.03854676595954837,-0.23456796137100736,0.14566805376395914
641347811,-0.02628781455839939,-0.009359057861116715,-0.03659799011728728,-0.2313532936594313,-0.05896612963218415,-0.14497462181240078,0.9591884176459308,0.03958209540244949,-0.2376119150414912,0.14815217272474018
641347815,-0.027222379248026063,-0.009603391266624855,-0.03717837883932701,-0.23592905115390628,-0.06320057312188569,-0.1452197392074619,0.9578893165680469,0.04065170568589173,-0.2410130211069856,0.1506716743337173
641347823,-0.029149265116446922,-0.01014377980832717,-0.03835539348957554,-0.2457924159513087,-0.07189656230369275,-0.14903392335467203,0.9564755492591726,0.04169331533929001,-0.24480424159176817,0.15323022072757703
641347859,-0.039083163820200786,-0.013500899266704058,-0.044025810163550345,-0.30609084536835035,-0.11461007427280111,-0.16598922519948373,0.9416374301275824,0.04958515377089348,-0.2822768475380391,0.17659741894655362
641347863,-0.040324655756311875,-0.013969354554421654,-0.04469085412971713,-0.31465512268719326,-0.11961756958599677,-0.1665327578839083,0.9416374301275824,0.04958515377089348,-0.2822768475380391,0.17659741894655362
641347867,-0.04160161977694461,-0.014459723951819905,-0.045355117258202425,-0.32382688762917405,-0.12556712911312898,-0.16559880635874152,0.9395459011606855,0.050590146714267134,-0.2869524544738153,0.1798720564931413
641347871,-0.042913447055687365,-0.014977082905655454,-0.04601467137168505,-0.33208675174220154,-0.1331123478046456,-0.1641782503825721,0.9374794194577515,0.05172159886287339,-0.29134464630440315,0.18325635975905402
641347875,-0.04425629789177781,-0.015526773090180567,-0.04666996353406214,-0.33933866630302173,-0.1417327444579103,-0.1634678308059711,0.9352834599877842,0.05274730634898289,-0.29602945421889815,0.18664816146404617
641347879,-0.04563014744057164,-0.016112919479514962,-0.04731977357669256,-0.3475861080938918,-0.15134045020928827,-0.16143719050923916,0.9330903486393801,0.054033222989702714,-0.30045276769174645,0.19017601732140732
641347883,-0.047038461328149074,-0.01673873526701496,-0.047957653270198,-0.35657083569482545,-0.16156744354070976,-0.15750265624348156,0.9330903486393801,0.054033222989702714,-0.30045276769174645,0.19017601732140732
641347887,-0.04848201428759117,-0.017403521568769714,-0.04857990827556863,-0.3652056440262215,-0.17082570733666638,-0.15362484644183497,0.9308988820858357,0.055368511417231744,-0.30464746026732115,0.1937861073335418
641347891,-0.04995742478369067,-0.018102772875946384,-0.049189060126409036,-0.3724996040235282,-0.17879994625166973,-0.1509510789783673,0.9286537445534822,0.056743429528381434,-0.3088306448670834,0.1974773939571463
641347895,-0.05146093197317068,-0.018834958446422138,-0.049789597308259,-0.37925399071647525,-0.18729283898620683,-0.14931751194661602,0.9264168254072218,0.05814213662611255,-0.3128797069705007,0.20116643412253932
641347899,-0.05299052974645672,-0.019602824635276926,-0.05038400664112378,-0.3855448959265463,-0.19664025544118763,-0.14788715448577552,0.9241160051424373,0.05971349223341932,-0.3168268858607348,0.20507011722300222
641347903,-0.054543172420734067,-0.020408393380810862,-0.05097228585554984,-0.3907764412121281,-0.20614411732578022,-0.14625245272725404,0.9241160051424373,0.05971349223341932,-0.3168268858607348,0.20507011722300222
641347907,-0.05611739994419307,-0.02125184591015208,-0.05155407972034896,-0.396337320517373,-0.21558214734482947,-0.1446444796723042,0.9217925275024836,0.06115886922108103,-0.3207925188649821,0.20894263211283365
641347911,-0.05771516438674535,-0.02213380439192347,-0.05213043453681091,-0.40254490075876737,-0.2253970935408653,-0.14353292855867222,0.9193595471325029,0.06283355724927286,-0.32473298352750246,0.21302874680622702
641347915,-0.05933626602453125,-0.02305514507078704,-0.052705223739059004,-0.40800591813418285,-0.2352732458909191,-0.14386167256537388,0.9193595471325029,0.06283355724927286,-0.32473298352750246,0.21302874680622702
641347919,-0.06097843567372409,-0.024015874889503228,-0.053283081780727694,-0.4130789064622366,-0.24509166346717592,-0.14506734826897014,0.9141884275836212,0.06594335580208179,-0.33302345000795885,0.2212889457083449
641347923,-0.06264176672081041,-0.025016654018319234,-0.05386530135277887,-0.4185866170809289,-0.2552979009408282,-0.14604243775661863,0.9141884275836212,0.06594335580208179,-0.33302345000795885,0.2212889457083449
641347927,-0.06432698710437038,-0.026059260888123357,-0.054451687271092127,-0.4240235746990495,-0.2660055339612329,-0.14715052140000934,0.9115350782316871,0.06757827630427514,-0.33703598760672593,0.22564901840216794
641347931,-0.06603224165763867,-0.02714441891283935,-0.05504455970481854,-0.42860370193509634,-0.27657347839676344,-0.1492856954631951,0.9086521505367742,0.06945051574405557,-0.3415495477882415,0.2299616379260621
641347935,-0.06775474475083824,-0.028271040001866882,-0.055647478111033905,-0.4326478446646894,-0.28673706611700256,-0.15217350764448975,0.9057592739751059,0.07100675618954143,-0.3458665214548131,0.23433669632163506
641347939,-0.06949501036471707,-0.029440111686050714,-0.05626223297828657,-0.4374849622747267,-0.29779877597491383,-0.15520392598184446,0.9028054077494609,0.0726771003200974,-0.35011382883854525,0.23888116858774205
641347943,-0.07125605040471704,-0.030655229089361392,-0.05688961859539023,-0.4430350577252536,-0.309759925680425,-0.1584888825699874,0.9028054077494609,0.0726771003200974,-0.35011382883854525,0.23888116858774205
641347947,-0.07303784340723793,-0.03191782383079512,-0.057531623088926745,-0.44786144353519475,-0.3215374450364386,-0.16251336419826676,0.8996083549714977,0.0747178567235888,-0.35473178692527163,0.24340046133571325
641347951,-0.07483628807940527,-0.0332260345254223,-0.058191871411194744,-0.45136089254847733,-0.33256790227715094,-0.1676107969357313,0.8963238439989156,0.07670702002897994,-0.35945859671620006,0.24801725800726976
641347955,-0.07664898053352003,-0.03457828728085704,-0.058873511646269326,-0.4549853345089004,-0.3435584754402194,-0.17320932060155836,0.8929000582054343,0.07876325017074808,-0.3641875868382532,0.2527045685060161
641347959,-0.0784776712564815,-0.03597570952339374,-0.05957914662069056,-0.45936002697184075,-0.3551526458281306,-0.1796081666090597,0.8894244697561837,0.08087728004308761,-0.3688806233838831,0.25747344816319934
641347963,-0.08032418996750217,-0.03742014398504109,-0.06031210796191781,-0.4638993285384909,-0.36706458499554573,-0.18687250400456556,0.8894244697561837,0.08087728004308761,-0.3688806233838831,0.25747344816319934
641347967,-0.08218696163056449,-0.038911797064621376,-0.06107600782526448,-0.46748650299267136,-0.37876195479459634,-0.1950774276687705,0.8858021331938747,0.08298569656400101,-0.37367362266308113,0.2623113514597042
641347979,-0.08783281444116212,-0.04366706669392799,-0.06358824675586519,-0.4734889654402671,-0.4137829834231722,-0.22362906076468,0.8743200978268102,0.08925853621941571,-0.38827714896951565,0.2771985741442872
641347983,-0.08972893981945128,-0.045346010660155846,-0.06450314714987389,-0.4745737237043158,-0.4256889996907552,-0.2338211362396653,0.8743200978268102,0.08925853621941571,-0.38827714896951565,0.2771985741442872
641347987,-0.09162771766394326,-0.04707118896723768,-0.06545970645549576,-0.47481519854167503,-0.43690015385016234,-0.24445851657127013,0.8703554427583513,0.09121796096316152,-0.3930887597638204,0.28224114729355354
641347991,-0.09352530264670258,-0.0488391764935879,-0.06645983895389274,-0.47397729283798706,-0.44709360932494885,-0.25560773262722003,0.8663248440826214,0.0931051721341806,-0.39784175122422616,0.28729000996699117
641347995,-0.09541758736950869,-0.0506475718392432,-0.06750490828217955,-0.47216506856506274,-0.45710406350270094,-0.2669269315161833,0.8622676278574626,0.09486126633151133,-0.4024579127032039,0.2923888209436696
641347999,-0.09730106117506167,-0.0524968917521986,-0.06859500217257382,-0.4695718342114312,-0.4675558929749981,-0.2781200136809515,0.8582093629125915,0.0965536773502935,-0.4069510070170842,0.29752351936968446
641348003,-0.09917323106158282,-0.054388755311844096,-0.06972956445119999,-0.4665131090491491,-0.4783758868477503,-0.2891611256321313,0.8582093629125915,0.0965536773502935,-0.4069510070170842,0.29752351936968446
641348007,-0.10103232203700484,-0.056323764687164005,-0.0709083400871704,-0.46303237866186053,-0.4891288008122054,-0.3002266923530719,0.8541322517480245,0.09815982791295597,-0.41130249157194915,0.3026677913213854
641348011,-0.10287633035961195,-0.05830172250663971,-0.07213216925347317,-0.4589717826416951,-0.49985010892564546,-0.31168789079831344,0.8500562582243586,0.09969264167378586,-0.41559946598596176,0.30780645830396697
641348015,-0.10470352854057012,-0.060323488031103295,-0.07340359530123776,-0.4546273078373865,-0.5110326533061488,-0.3240251330839789,0.8458895029458434,0.10117731491553272,-0.41985412278998646,0.3129714531807103
641348019,-0.10651417642545323,-0.0623912561168951,-0.07472673716826043,-0.4506966346041657,-0.5228513895897527,-0.3375458004273617,0.8416126237152339,0.10268567469344503,-0.4242317722497152,0.3181039386777411
641348023,-0.1083101065884662,-0.06450702680936107,-0.07610561747820158,-0.4472684469023162,-0.5350339566432332,-0.35189435454320833,0.8416126237152339,0.10268567469344503,-0.4242317722497152,0.3181039386777411
641348035,-0.11362227319976118,-0.07116779564495915,-0.08060866776813805,-0.43809265498018124,-0.5750941826231135,-0.39861402711287025,0.8276487810413189,0.10729080412536085,-0.4384054762183778,0.33357195463302597
641348039,-0.11536898453446257,-0.07349730763500309,-0.08223657593789568,-0.4352630123705145,-0.589661812398857,-0.4153400577659497,0.8224055773797811,0.10898404499251216,-0.4437257952393613,0.3388890641618883
641348063,-0.12561228633998758,-0.08862559343531966,-0.09340158816394452,-0.4183454714232381,-0.6710286709608567,-0.5150776277381202,0.7975535978804373,0.11681652551585447,-0.4688286199252987,0.3611966838558782
641348067,-0.12727980329204713,-0.0913327844284238,-0.09549363869864745,-0.41541300460653524,-0.6825668255912122,-0.530947639613347,0.7905124639285358,0.11886297071153282,-0.47569080839251376,0.3669773740659323
641348071,-0.1289360662507327,-0.0940854652897223,-0.09764576985854682,-0.41271847473625084,-0.6937736050580371,-0.5451179403363381,0.7833351789620538,0.1206059400792143,-0.4826587601495741,0.3726820591065024
641348075,-0.13058013821503703,-0.09688965519957135,-0.09984644243365953,-0.40931750741590656,-0.7083213498664938,-0.5552183472200137,0.7761595946724763,0.12223751231554122,-0.48860557557181084,0.37930691839108893
641348079,-0.1322037243780349,-0.09974604292590719,-0.10208496352738047,-0.402475574083033,-0.7198725133014234,-0.5640421996404595,0.7697762706257765,0.12372146281617197,-0.49335658601371923,0.3856927403652029
641348083,-0.13379382326651162,-0.10263361137038157,-0.10436300334521054,-0.3925738701553213,-0.7239117089357704,-0.5749777092745709,0.7697762706257765,0.12372146281617197,-0.49335658601371923,0.3856927403652029
641348087,-0.13535228062019938,-0.10553959777078772,-0.10668803714886059,-0.38665480668855645,-0.729081491267307,-0.587539192550457,0.7626889604086757,0.12496166980676879,-0.4994627611952166,0.39141955562698344
641348091,-0.13690207161080192,-0.10848052958325644,-0.10905901632099776,-0.3882406886127092,-0.7413844149670472,-0.5979503935181322,0.7562958774941738,0.12607974193105326,-0.5040135201913928,0.39755912219313816
641348099,-0.13999883395799007,-0.11450825101429792,-0.11391546036368173,-0.3859498981843256,-0.7655459427933233,-0.6161606171528617,0.7438258019334715,0.12798947077212855,-0.5118746663411153,0.4102830587081323
641348103,-0.14152586093337816,-0.1175828580564661,-0.11640340611620748,-0.37756358950972413,-0.7717575782907643,-0.6278122591100076,0.7438258019334715,0.12798947077212855,-0.5118746663411153,0.4102830587081323
641348107,-0.1430200018559204,-0.1206841362505017,-0.11893725497649411,-0.36950687176139063,-0.7788815187270374,-0.6391121710333134,0.7375473684853464,0.12871434937644197,-0.5158360970155742,0.41635443800290667
641348111,-0.14449039014511844,-0.12382181331288389,-0.12151142429896446,-0.36568727283763797,-0.7899570124640599,-0.6479724902018587,0.731488283240485,0.12933492786912343,-0.5192061298699138,0.4226067167912094
641348115,-0.14594634089595837,-0.12700223844495426,-0.12411623763089397,-0.3622881025823332,-0.8002555535711222,-0.6544341757628939,0.7256225303128103,0.12980483998602033,-0.5221003448065611,0.4290158276076016
641348119,-0.14737988397603927,-0.13021455295700884,-0.12674801961131904,-0.35448343745811645,-0.8059017024561731,-0.6614568144496374,0.7198460182169917,0.13006034107833453,-0.5248396258419163,0.43526838208066004
641348123,-0.1487752578362009,-0.1334437102016285,-0.12941162540767928,-0.3432034926227032,-0.8086769198536553,-0.6703460837304795,0.7198460182169917,0.13006034107833453,-0.5248396258419163,0.43526838208066004
641348127,-0.15012596326545344,-0.13668579564001784,-0.13211185895959415,-0.33214922200355723,-0.812365799341009,-0.6797706922269618,0.7139080815203473,0.13025876518119345,-0.5278260014472742,0.44132799634221465
641348131,-0.15143799012024184,-0.13994703065060535,-0.13484714736853542,-0.32386420539064026,-0.8182517059527394,-0.6878735122436741,0.7080742167503178,0.13044139608675134,-0.5303543706054349,0.44758272555819323
641348135,-0.15271971516743163,-0.14322787472335058,-0.137611096750179,-0.316998318204249,-0.8221703304198809,-0.694101178578103,0.7022381800314703,0.13049328256558815,-0.5327477781052072,0.453869233030462
641348155,-0.15870165881341844,-0.1596584612882266,-0.15172511039497164,-0.2811960463944309,-0.820888326067723,-0.7173001859011615,0.6762846881205277,0.130772655536184,-0.5446426234527931,0.47841029135067215
641348159,-0.1598096995845213,-0.16293512040784258,-0.1546013753159978,-0.2728243391569978,-0.8174412337402684,-0.7208322746119191,0.6691259662380467,0.13107967707993992,-0.5480735276874475,0.48446443196591343
641348163,-0.16088095885971426,-0.16619381756398582,-0.15749185360696344,-0.26280529843948547,-0.811907344331346,-0.7244068708709052,0.6691259662380467,0.13107967707993992,-0.5480735276874475,0.48446443196591343
641348183,-0.16559259315397148,-0.18211424334801932,-0.17203243592447615,-0.20835813098623635,-0.7801352340720031,-0.7296513608803655,0.6393011953618358,0.1326962980751115,-0.5622435862840374,0.5074928303848442
641348187,-0.16640184422306012,-0.18522268658152902,-0.17494791480669775,-0.1962674035580848,-0.7740863826828495,-0.7280880802304355,0.6319876355089067,0.13302708066442626,-0.565555634997057,0.5128655956364827
641348191,-0.16716191000877142,-0.18830905629481434,-0.17785520063759586,-0.18376548929756725,-0.7690984739598198,-0.7255548352186231,0.6248433069784979,0.13326276318946048,-0.5687680851411685,0.5179925245954996
641348195,-0.16787403270707066,-0.19137511403707141,-0.18074788657896848,-0.1722958598520492,-0.7639303971687148,-0.7207881354676876,0.6180584816144616,0.13330446795968762,-0.5715952472119502,0.5229956850697536
641348199,-0.16854277686119165,-0.19441781609635253,-0.1836185190971082,-0.16207621720844748,-0.7574206324718366,-0.7145281236021634,0.6117227923543371,0.13299287619601338,-0.5740011396919562,0.52783492580987
641348203,-0.1691719647026427,-0.19743256393395345,-0.18646372110455867,-0.15251770351707386,-0.7499532863286259,-0.7080728801230748,0.6117227923543371,0.13299287619601338,-0.5740011396919562,0.52783492580987
641348207,-0.16976443070209962,-0.20041690758442607,-0.18928356385842085,-0.14371529621138285,-0.742218538907687,-0.7018484968080115,0.6058558305117543,0.13236535715333572,-0.5760910322463001,0.5324969366440836
641348211,-0.17032476445648473,-0.20337055301579507,-0.1920775537083918,-0.13645158098116855,-0.7346041767768141,-0.6951464281774573,0.6005258494851801,0.13135082887034016,-0.5777033512553695,0.537004214752367
641348219,-0.17137272764184408,-0.2091869332738657,-0.19756560937112547,-0.12553921535866994,-0.7194908877408461,-0.6768674875059562,0.5919763315398134,0.12798698215838858,-0.5789899021573008,0.5458635148145156
641348223,-0.1718661395632181,-0.21204961162220817,-0.20025038147142354,-0.12116674532835126,-0.7118482864303972,-0.6655185626430844,0.5919763315398134,0.12798698215838858,-0.5789899021573008,0.5458635148145156
641348227,-0.17234314082580496,-0.21488186372066698,-0.2028889807846002,-0.11733388596507288,-0.7042777627990104,-0.6537810939452335,0.5884516935568802,0.12580398080330296,-0.5789538722087494,0.550145812740761
641348231,-0.1728063935764133,-0.21768437379443092,-0.20548050944276122,-0.11429248933910563,-0.6969772740829604,-0.6419832351352839,0.5854077575823772,0.12344471909579613,-0.5785559510677665,0.5543676528138249
641348235,-0.17325884070036685,-0.22045892215186125,-0.2080238297610543,-0.11193107263765757,-0.6902969046322055,-0.6296769240112583,0.5826207681824207,0.12107076227317376,-0.5778239018657046,0.5585929752696637
641348239,-0.17370337324037374,-0.22320797374041804,-0.21051797294966818,-0.11033519736579195,-0.6842288896461932,-0.6173946702956847,0.579944639446186,0.11882548596707504,-0.5769282067515261,0.5627482253664685
641348243,-0.1741426597181932,-0.22593346868283767,-0.21296385040829882,-0.10930804154393538,-0.6785185815636258,-0.6055440590196447,0.579944639446186,0.11882548596707504,-0.5769282067515261,0.5627482253664685
641348247,-0.17457901044977617,-0.22863649874530872,-0.21536429680932592,-0.10886732424754653,-0.6729964496719018,-0.5946791414939028,0.5771491913673424,0.11686145840555118,-0.5761174784241241,0.566859965702991
641348251,-0.17501531269223114,-0.23131811007517827,-0.21772465165053698,-0.1092837969799421,-0.667809215262867,-0.5854982791116229,0.5739945903162754,0.1153290814560402,-0.5755988371639362,0.5708862018537367
641348255,-0.17545425042068075,-0.23398032732732346,-0.2200509624417028,-0.11018506724486014,-0.6632994108097325,-0.5776571164712857,0.570412657403911,0.11430281514948012,-0.5754226839187679,0.574844433281116
641348259,-0.17589722058959384,-0.23662637207640602,-0.22234768722478215,-0.1113000172116905,-0.6597229637315446,-0.5707052750683869,0.5663118112720728,0.11378003209838589,-0.5756942138443397,0.5787247278829869
641348263,-0.17634478293168324,-0.2392595278932519,-0.22461746508590766,-0.11248115383301314,-0.6568549446913923,-0.5641836554943694,0.5663118112720728,0.11378003209838589,-0.5756942138443397,0.5787247278829869
641348267,-0.17679723029926228,-0.2418824234078769,-0.22686194910761398,-0.11374252995650533,-0.65459281262112,-0.5580583553587903,0.5617425134074485,0.11380747111387701,-0.5762997153612643,0.5825329830778383
641348271,-0.17725495636716343,-0.2444972986405673,-0.2290827362722326,-0.11512050399406516,-0.652844803724078,-0.5523352269505212,0.5567236044415296,0.11433099460206825,-0.577314393594414,0.5862499111778179
641348275,-0.17771798529745814,-0.2471048001142872,-0.23127968431337367,-0.11639396115328979,-0.6509059331358746,-0.5461387936200115,0.5567236044415296,0.11433099460206825,-0.577314393594414,0.5862499111778179
641348279,-0.17818644901140257,-0.24970362143231165,-0.23344913434235295,-0.11783789581892141,-0.6485047258763526,-0.5385862208696282,0.5459856366416842,0.11630033468334233,-0.5798575789454545,0.5934286453520017
641348283,-0.17866119910900466,-0.2522923278690537,-0.23558630769891442,-0.1195371529821247,-0.6458484924946619,-0.5300004574111009,0.5459856366416842,0.11630033468334233,-0.5798575789454545,0.5934286453520017
641348287,-0.17914272317342397,-0.2548701179998214,-0.23768735720807757,-0.12122487922752574,-0.643046572889184,-0.5205242971704699,0.5407065408739729,0.1173882984931166,-0.5810018215628072,0.5969229356589986
641348291,-0.17963108865709956,-0.2574357564468517,-0.23974783382516682,-0.1229578626102726,-0.6397726506259618,-0.5097140113741493,0.5357324576904976,0.11836742736330239,-0.5818967808967259,0.6003383940963987
641348295,-0.18012664157933894,-0.2599860731838873,-0.24176214149170805,-0.12481859850942008,-0.6353857178918356,-0.497439821896467,0.5312138802327032,0.11907841648531647,-0.582397916174932,0.6037055872114819
641348299,-0.18063017015906901,-0.2625159228796098,-0.24372448827622545,-0.12694569135561934,-0.6295391299694136,-0.48373357036223313,0.5273093710093409,0.11937899389790979,-0.5824489094724152,0.60697284180855
641348303,-0.18114254018899645,-0.2650204759007076,-0.24563027720153716,-0.12923932360809146,-0.6227373805794929,-0.46916089229361513,0.5273093710093409,0.11937899389790979,-0.5824489094724152,0.60697284180855
641348307,-0.18166475063648516,-0.26749617589412134,-0.24747704270600432,-0.13186590013625873,-0.6151126161273824,-0.4542218599399717,0.5242498746793915,0.11914723801790833,-0.581901930427178,0.6102281320597708
641348311,-0.182198728740222,-0.2699390456660609,-0.24926377011276815,-0.1351231517321566,-0.6063222698423993,-0.4391418434419492,0.5216487955296705,0.11858879756522975,-0.5809933442565719,0.6133899279241393
641348315,-0.18274652791742496,-0.2723444481359938,-0.25099067434185984,-0.13877643686933122,-0.5963789651240464,-0.42431027110389147,0.5196792924590983,0.11746908809702511,-0.579564469236816,0.616618809252233
641348319,-0.18330879203636807,-0.2747081279718323,-0.2526580376608268,-0.14235562260222873,-0.5854609527952096,-0.40937138837959147,0.5180532283296791,0.11608337730023979,-0.5780003810894692,0.6197265466889468
641348323,-0.18388486804802665,-0.27702725403523,-0.25426473844126773,-0.14568238322705135,-0.574102078903633,-0.3939790018408854,0.5180532283296791,0.11608337730023979,-0.5780003810894692,0.6197265466889468
641348327,-0.1844737302366689,-0.2793010989094489,-0.2558095203751599,-0.14874871109408172,-0.5628203582058019,-0.3784119651052175,0.5166985441756777,0.11464476297139761,-0.576151428629232,0.6228614670151116
641348331,-0.1850728430109373,-0.2815294102775424,-0.2572944888521622,-0.15080767604010745,-0.5513353258409557,-0.36407227339592996,0.515465709889559,0.11309205892799651,-0.5742635831970015,0.6258976912673965
641348335,-0.18567271195031873,-0.2837228995775428,-0.25871711047472434,-0.14912679365060508,-0.5454093241592404,-0.34723853788512027,0.515465709889559,0.11309205892799651,-0.5742635831970015,0.6258976912673965
641348339,-0.18626090610017176,-0.2859051871018605,-0.2600578545791659,-0.14497028127590866,-0.5457344379996076,-0.3231335143356672,0.5115733559423643,0.11142632413479045,-0.5721249018918517,0.6313249759735614
641348343,-0.18683350090598239,-0.2880898520265041,-0.26129309075415064,-0.141327121629405,-0.5465980243221866,-0.29448457315670645,0.5115733559423643,0.11142632413479045,-0.5721249018918517,0.6313249759735614
641348347,-0.18739331392440706,-0.2902691209055966,-0.26243111449093254,-0.13857938758292748,-0.5430364152240523,-0.27452729523425723,0.510054744603286,0.11054813593396132,-0.5697336067333827,0.6348614358031268
641348351,-0.18795130403526603,-0.29241855883705303,-0.2635222243803458,-0.14041566784656137,-0.5316825505041752,-0.27102764947237545,0.5070156778176426,0.11133742977161365,-0.5694786216186177,0.6373750362681457
641348355,-0.18853022401360095,-0.2945195093730777,-0.2646075832748707,-0.14904432132089399,-0.5187927175081606,-0.2716517977900888,0.5037695298689931,0.11224380487597033,-0.5692580477358324,0.6399747816997249
641348359,-0.1891486292450469,-0.29657829608422337,-0.26568684850664626,-0.16015829440209264,-0.5106006380646684,-0.2679808180976829,0.5006337433711299,0.11307576744912717,-0.5686516809785769,0.6428355856929991
641348363,-0.18981001886049903,-0.29861225802601254,-0.2667469757226564,-0.17053651332396869,-0.5063803328299252,-0.2620827899073906,0.5006337433711299,0.11307576744912717,-0.5686516809785769,0.6428355856929991
641348367,-0.19050376500986851,-0.3006318665981751,-0.2677832539235564,-0.17633656136077439,-0.50342395325135,-0.2560563105426176,0.4971163616717474,0.11438345852870402,-0.5685557175367002,0.6453990105893922
641348371,-0.19120795268679688,-0.3026362313839559,-0.2687945634909409,-0.175757277103408,-0.4987584396390684,-0.249598473149625,0.49370872299518576,0.11589316692663709,-0.5683506183235592,0.6478979680958713
641348375,-0.1919072984156424,-0.30461314212950474,-0.2697745324454585,-0.1739155873193631,-0.4896969331353666,-0.2403860041091974,0.49039990985257514,0.117327650640982,-0.5682096549335316,0.6502786438030446
641348379,-0.19260396437258134,-0.3065498526448803,-0.2707104246772155,-0.17441739115010776,-0.4786583245524318,-0.22756011176931398,0.48751177208832785,0.11847948669689073,-0.5677385646368514,0.6526729631115189
641348383,-0.1933067640880486,-0.3084433592534579,-0.2715906266621014,-0.17698246658351394,-0.46809497973635655,-0.21254088067361673,0.48751177208832785,0.11847948669689073,-0.5677385646368514,0.6526729631115189
641348387,-0.19402043059502452,-0.31029754383368424,-0.2724122042962394,-0.17985078690444847,-0.4589973103768164,-0.19824793639539454,0.48503108242237863,0.11925606457519014,-0.5667931186693246,0.6552001764427142
641348391,-0.19474449106222189,-0.31211666385712533,-0.2731821396652009,-0.18217944669423228,-0.45056270134374077,-0.1867197480853367,0.48282199067182263,0.11980813913156915,-0.5657005790514273,0.6576629968933886
641348395,-0.1954776370507465,-0.31389747644287264,-0.27390948598558873,-0.184393547568079,-0.439843591529911,-0.17695341210859847,0.48282199067182263,0.11980813913156915,-0.5657005790514273,0.6576629968933886
641348399,-0.19622117839575434,-0.31563143170765756,-0.27459756095861265,-0.18737712493583816,-0.4271340408625555,-0.16708407440335246,0.4788080262181717,0.12050252476662895,-0.5633164954708729,0.6624885008954624
641348403,-0.19697785252388164,-0.3173136054081692,-0.2752452497866273,-0.19095993912780723,-0.41395280939328477,-0.15676033960395416,0.4788080262181717,0.12050252476662895,-0.5633164954708729,0.6624885008954624
641348407,-0.19774649128908578,-0.31894179598647177,-0.2758504810937715,-0.19335944347426198,-0.40014247975799455,-0.14585531396817386,0.47711119120415574,0.12077457905205696,-0.5617886337906026,0.6649748970495795
641348411,-0.19851554660343315,-0.3205169178654729,-0.2764221415225691,-0.19116821369942086,-0.38741845974255124,-0.13997490043062585,0.47533983282621717,0.12129720842752725,-0.559949561275932,0.667692977368407
641348415,-0.1992743490251324,-0.3220420760993188,-0.27698776689743965,-0.1882329971502092,-0.3751606571803937,-0.14283778700464678,0.47260409191841635,0.1229345868083358,-0.5596523479624511,0.6695512863457217
641348419,-0.2000343501103549,-0.32351040793551883,-0.2775648880624378,-0.19176754546103456,-0.3590052609196212,-0.1457227954944222,0.4699900742125294,0.12423033682625109,-0.5590759246676728,0.6716401618468456
641348423,-0.20081861381351168,-0.3249070310346976,-0.27814513332384916,-0.2003643061173643,-0.33930628866976836,-0.14439983521125146,0.4699900742125294,0.12423033682625109,-0.5590759246676728,0.6716401618468456
641348427,-0.2016365924517746,-0.32622357209545755,-0.27872107470492796,-0.20862501301409214,-0.318964241710198,-0.14357085532816344,0.46773259047368765,0.1249847593364195,-0.5582017953660496,0.6738081914706925
641348431,-0.20247692932098552,-0.32746315489276656,-0.27930035742173875,-0.21154342159136882,-0.30082715694431084,-0.1460705030772351,0.46537460008270587,0.1260466774563595,-0.5578840956948504,0.6754944536017835
641348435,-0.20331903009306734,-0.32863228054573573,-0.27989028464851184,-0.20950696444954298,-0.2837356695402722,-0.14889311030931296,0.4631662748475346,0.12719606215322501,-0.5575650548545699,0.6770761771911834
641348455,-0.207348676740551,-0.33339328575434557,-0.28294036772469117,-0.19345770029882095,-0.19236485132071135,-0.15611519730862097,0.45685001577447687,0.1287796773498502,-0.5557142154439446,0.6825678892384635
641348459,-0.20811815299379385,-0.33412376041643144,-0.2835657706885853,-0.1912804263226103,-0.17287247972221434,-0.15658628463843752,0.45578092239995144,0.12871480015827205,-0.5553707047875003,0.6835533048387186
641348463,-0.2088817689049594,-0.33477362309632736,-0.2841901029985461,-0.19052752926016756,-0.15205886022573184,-0.15557987034194437,0.45578092239995144,0.12871480015827205,-0.5553707047875003,0.6835533048387186
641348483,-0.21265575883109306,-0.3368557781017743,-0.2872147645686204,-0.1868714633531981,-0.05615664031896368,-0.14688628666548575,0.4535002299164294,0.12640352250012218,-0.5539073235362882,0.686694347974287
641348487,-0.213401341993375,-0.3370504011209219,-0.28779701812399994,-0.18592011778777467,-0.041154869254820384,-0.1442404910243021,0.4531272759418112,0.12571238081777794,-0.5537536199713549,0.6871877761871119
641348491,-0.2141435900443555,-0.337192702414213,-0.2883675423078252,-0.1852039077024716,-0.0299957773907358,-0.14102160088831245,0.45273353850326836,0.12505382861274442,-0.5536603295539667,0.6876601228984386
641348495,-0.2148838284699417,-0.33729517575669227,-0.2889247975056217,-0.18491530509063445,-0.0212408938488942,-0.13760599800995577,0.4521680634324843,0.1246690984284976,-0.5538306179785061,0.6879341339868109
641348499,-0.2156241585325274,-0.3373651976240001,-0.2894670657966292,-0.18524972620221933,-0.013770039805010997,-0.13352814749378286,0.4514498543502486,0.12444994860649394,-0.5541880628228857,0.6881790743039767
641348503,-0.2163667260521206,-0.33740657159997484,-0.28999167139353943,-0.18603403359437648,-0.006916948182354473,-0.12877465096134033,0.4514498543502486,0.12444994860649394,-0.5541880628228857,0.6881790743039767
641348507,-0.2171129834700606,-0.3374230586708586,-0.2904959808787292,-0.18709467537563257,-0.0013265872595309997,-0.12338009163352479,0.45062824951414343,0.1243760567096805,-0.5546070580144276,0.6883967320753772
641348511,-0.2178641703743824,-0.33742271132240353,-0.29097682784119744,-0.18849877678526406,0.0015002614870499777,-0.11704338960060129,0.44963327622144866,0.12450709079166855,-0.5550512774297414,0.6886442308588391
641348519,-0.21939152477720783,-0.33741213567918454,-0.2918496221861392,-0.1933398239210939,0.0011436493177018011,-0.10115519663483331,0.44848676665580145,0.12487414455369594,-0.5555833750863794,0.6889067647065239
641348523,-0.2201719815472498,-0.3374115313593273,-0.29223537226516494,-0.19688856109988223,-0.0008414893890680251,-0.0917198428780478,0.44719245746328123,0.1255135580896643,-0.55615445978312,0.6891850787123659
641348527,-0.22096784504933817,-0.33742089785146223,-0.29258212691429436,-0.2010431899443007,-0.003841756678397986,-0.08165748168666628,0.44578855147262486,0.12629936675043985,-0.5566744263791432,0.6895187224623877
641348531,-0.22178111309740695,-0.33744518458234446,-0.29288797806787403,-0.20559083409008402,-0.008301608762709953,-0.07126809510317503,0.44431916010746664,0.12727269040751152,-0.557139240190796,0.6899162123802561
641348535,-0.2226129576974618,-0.33749005756205996,-0.2931522445740536,-0.21033146593734972,-0.014134881095051413,-0.060865157986612586,0.4428743689499106,0.12839354080080267,-0.5574499816160179,0.6903852396981064
641348539,-0.22346507432020613,-0.33755915305600365,-0.2933748627152249,-0.2157268454348022,-0.020412865876793543,-0.05044391259902762,0.44145858523057707,0.12964598875336958,-0.5576325920314928,0.6908828162214096
641348543,-0.22434013552925763,-0.3376532271917559,-0.29355567418476086,-0.2218037590909467,-0.026624201999320977,-0.0399618221689497,0.44145858523057707,0.12964598875336958,-0.5576325920314928,0.6908828162214096
641348547,-0.2252407681131704,-0.33777217898226375,-0.29369513434836847,-0.22851253286543438,-0.03285169325460698,-0.02976825963484366,0.44012728212422814,0.13080393830500778,-0.5577896196467397,0.6913869663359464
641348551,-0.22616953594561748,-0.33791637003026964,-0.2937953180349063,-0.23587138335809915,-0.03924383074832977,-0.020323583634098183,0.43889982741631367,0.1319359604504735,-0.5578221588302099,0.6919662414777578
641348555,-0.22712788192665667,-0.3380862288032042,-0.29385956266495056,-0.24330160716149776,-0.045685555718957355,-0.011798731388011213,0.4377913856311277,0.13301581577550986,-0.5576724154395363,0.6925320462526076
641348559,-0.2281153427994612,-0.33828066468369794,-0.29389110207577923,-0.25042882924076026,-0.05153238452789526,-0.00397097402631719,0.43694289594314484,0.13410534707664812,-0.5572467106771177,0.6932143744050786
641348563,-0.2291308124035481,-0.33849712215617506,-0.29389191269583853,-0.2573059728026902,-0.05669635171066994,0.003565663996664842,0.43694289594314484,0.13410534707664812,-0.5572467106771177,0.6932143744050786
641348567,-0.23017325551426204,-0.338733287898466,-0.2938629435685804,-0.263915582554281,-0.061386519434823,0.010918899632392648,0.4362026618842167,0.13515302179467,-0.5567224588596058,0.6939288393902954
641348579,-0.23344460275043905,-0.33953687415267014,-0.29361380210574345,-0.28130895680855295,-0.0725445229325349,0.030604677507097874,0.43445840070992703,0.13848412721642184,-0.5546016169659738,0.6960456270415587
641348583,-0.23457994334678603,-0.33983278008860646,-0.29348003126885447,-0.286361341364937,-0.07540844503563467,0.036280740937385716,0.43445840070992703,0.13848412721642184,-0.5546016169659738,0.6960456270415587
641348587,-0.23573486158183352,-0.3401397527085696,-0.29332431307235896,-0.29109777615880433,-0.07807786494594483,0.04157835731036094,0.4338968392450319,0.13975086607064505,-0.5539478929696333,0.6966841026905374
641348591,-0.2369078016839221,-0.3404578116410714,-0.2931476123078878,-0.2953722748854831,-0.08095160130494539,0.04677202492521905,0.43336383257379424,0.14102987196512606,-0.5532289760481601,0.6973032850634598
641348595,-0.23809652740716006,-0.34078739368055283,-0.2929499825069324,-0.2989905867334996,-0.08383941843575114,0.052042875552462786,0.43289938292680175,0.14235037027806288,-0.5525078927660736,0.6979128138130982
641348599,-0.2392983917996824,-0.34112759727884323,-0.29273105302883673,-0.3019416095276706,-0.08626238070945272,0.0574218634953541,0.4324856928040708,0.14368978373188465,-0.5517661005294558,0.6984863750158024
641348603,-0.24051129024021797,-0.3414767696503367,-0.2924903628126012,-0.3045076107401108,-0.0883238050372872,0.06292324462239123,0.4324856928040708,0.14368978373188465,-0.5517661005294558,0.6984863750158024
641348607,-0.24173402664363983,-0.3418344048585578,-0.2922270197869188,-0.30686059097081225,-0.09049379907329132,0.06874826821883097,0.4321806308573616,0.1449628950019794,-0.5509075911907939,0.6990902047282124
641348611,-0.24296593307584702,-0.3422017333049763,-0.2919395116066209,-0.3090926251327773,-0.09317042413594788,0.07500582193009514,0.43202755782816993,0.14611931711105264,-0.5498982655261935,0.6997268418579087
641348615,-0.24420669776265203,-0.34258039356831177,-0.29162721715814915,-0.31128971826973273,-0.0961597075317881,0.08114140230577,0.43198124465196025,0.14719126698944796,-0.5487966683601597,0.7003933749503439
641348639,-0.2517562677449867,-0.34504189999392293,-0.28933291615616397,-0.3178411135914917,-0.10896582793580911,0.11005034785966455,0.4311904876360948,0.15283231541984024,-0.5431176741584378,0.7040895847821181
641348643,-0.2530272150669385,-0.34547988393392787,-0.28888585549520823,-0.3176325473843931,-0.11002614206665633,0.11347998261821146,0.4311904876360948,0.15283231541984024,-0.5431176741584378,0.7040895847821181
641348647,-0.2542968923365832,-0.34592078681116245,-0.2884264150629292,-0.3172060874379711,-0.11042529655063518,0.11624023352129147,0.4307288060130675,0.15426924676775877,-0.5421798644723683,0.7047854568795766
641348651,-0.25556432135632073,-0.34636168204471485,-0.2879567715403714,-0.31650842243078403,-0.11002232022556895,0.11858152775760224,0.4300684851413079,0.15581584662910464,-0.5413465188185963,0.7054833658775772
641348655,-0.25682750091306694,-0.34679878327343494,-0.2874782724924576,-0.31508135594232567,-0.10852829413448618,0.12066799619931118,0.42925991199811037,0.15751547574537347,-0.5406150982895414,0.7061492125522258
641348659,-0.2580837733462582,-0.34722679372082216,-0.28699241617923704,-0.3130548606533197,-0.10547692955911557,0.12226016041097378,0.42823707405501465,0.15943294052421975,-0.5401045608572543,0.7067590039474759
641348663,-0.25933152334052534,-0.3476404360817827,-0.2865010194413957,-0.3108201364802425,-0.10134425092114147,0.12343820850968569,0.42823707405501465,0.15943294052421975,-0.5401045608572543,0.7067590039474759
641348667,-0.2605707065203787,-0.3480363364355896,-0.28600589740563703,-0.30877145344645546,-0.09660592598232041,0.12412280936966776,0.42712518527901605,0.16151493694559696,-0.539745292395471,0.707216657406422
641348671,-0.2618024375839563,-0.3484120208900985,-0.2855096855535163,-0.3070940783423385,-0.09123630127212316,0.12398311669068801,0.4259795009049008,0.16370696883916397,-0.5395020704511908,0.7075917730848165
641348675,-0.2630278706835307,-0.34876495240511424,-0.28501628565028203,-0.30562247144484844,-0.08522945623575033,0.12271683492643522,0.42496905666803164,0.1658234174726871,-0.5392125567521519,0.7079374948075102
641348679,-0.2642477503627292,-0.3490926671620698,-0.28453037956971056,-0.3043173681543939,-0.07862792224205711,0.12023620535930127,0.4239980735372806,0.16790724309967248,-0.5390894625773992,0.708096457804251
641348683,-0.265462692921644,-0.34939333792623317,-0.2840557412889179,-0.3031539113030118,-0.0717074598396265,0.11708293503701707,0.4239980735372806,0.16790724309967248,-0.5390894625773992,0.708096457804251
641348687,-0.26667354938349036,-0.3496659961980503,-0.28359350204756206,-0.3022743196201666,-0.06462167606891861,0.11403668564090691,0.42324710919433384,0.16979316339545067,-0.5389874964725159,0.7081907354711019
641348691,-0.26788180762986413,-0.34991006132017116,-0.2831422279318728,-0.30185480356672334,-0.05741088499152841,0.11160037220370986,0.42270643550651416,0.17147563392978432,-0.5389763386908525,0.7081117741414342
641348695,-0.2690888652551913,-0.35012589993656984,-0.28270000018803615,-0.301674009096885,-0.05050842320782073,0.1095134997146223,0.42270643550651416,0.17147563392978432,-0.5389763386908525,0.7081117741414342
641348699,-0.27029504084663436,-0.3503168788829205,-0.2822661892626408,-0.3014137866246319,-0.04498104996750902,0.10739196298304617,0.42254837779890325,0.17369149020189462,-0.5386269967430063,0.7079086382508095
641348703,-0.27149993412661344,-0.3504883905720215,-0.2818409733038754,-0.30103285336490354,-0.04077479458299384,0.10521601639964859,0.42254837779890325,0.17369149020189462,-0.5386269967430063,0.7079086382508095
641348707,-0.2727032683744142,-0.3506456432806904,-0.28142436048530034,-0.30063427053548947,-0.03785155975145101,0.10309039288787941,0.4228206518870418,0.17442016226570012,-0.5382740345700078,0.7078435300801118
641348711,-0.2739049612839321,-0.35079524908139476,-0.28101625457580653,-0.3002121842234505,-0.03695134060072292,0.10096256185903145,0.4231537060814882,0.17500507218038805,-0.5378572811798402,0.707799428901519
641348715,-0.275104577154437,-0.35094583600713597,-0.2806168828122329,-0.29959575102898167,-0.03834212226988863,0.09872331992778793,0.423418581386861,0.17566444212601434,-0.5374909287374783,0.7077728271853363
641348719,-0.27630079991081474,-0.3511072410434406,-0.28022614265870827,-0.2985156271599004,-0.042360395882421076,0.09664675683454141,0.4235231003698362,0.1764512920555628,-0.5370941671489302,0.707837522760268
641348723,-0.2774919614589505,-0.35128828822129937,-0.27984317537459436,-0.29706514690798136,-0.048163193046968825,0.0948368852224149,0.4235231003698362,0.1764512920555628,-0.5370941671489302,0.707837522760268
641348727,-0.27867674861873143,-0.35149501474253775,-0.27946682382491855,-0.2953284329824711,-0.05520006757222971,0.0933388896154818,0.4234546234431889,0.17741862236330186,-0.5367044597372036,0.7079301910242212
641348731,-0.279853862855195,-0.35173288796230884,-0.2790952954359078,-0.2932286852493041,-0.06373654231332106,0.09242530488989548,0.4231223944402745,0.17865869058015355,-0.5363458935264531,0.7080868740335236
641348735,-0.28102197134834567,-0.35200756189129195,-0.2787259907509995,-0.29082556132604,-0.07360042217822524,0.09222703756422591,0.42252633046939286,0.18036937689040458,-0.5361253280259746,0.7081687300531254
641348759,-0.28776280867300813,-0.3545254822004614,-0.2764485588200309,-0.27091088239583283,-0.13622627025255862,0.09755895668316047,0.4168613375140604,0.19182306609011324,-0.5345898114368988,0.70969685344764
641348763,-0.28883799885876416,-0.35509096095100884,-0.2760546979849582,-0.2666842104821906,-0.14651310502116516,0.09937146085317665,0.4168613375140604,0.19182306609011324,-0.5345898114368988,0.70969685344764
641348767,-0.28989586218741026,-0.35569651208619185,-0.2756526936192985,-0.2622474538408607,-0.15626246257034848,0.1016307219766667,0.4155032566630868,0.1942924396419382,-0.5340053336766926,0.7102181379285591
641348771,-0.29093551928737116,-0.3563386752507915,-0.27524142561863263,-0.2575810961395761,-0.16481911972947624,0.10400327835626998,0.4142138157280586,0.1966054254279321,-0.5333118300465771,0.7108686105212445
641348775,-0.2919561675059284,-0.35701202970656537,-0.27482163951729016,-0.25274301313904934,-0.17185810815746747,0.10588977231495653,0.4131378944989944,0.19874946675257033,-0.5324337834135955,0.7115788750394078
641348779,-0.2929580679587444,-0.3577110162130824,-0.27439585439895925,-0.2482072132689569,-0.17763514510103773,0.10700278685048807,0.4122547123060719,0.20041549678924772,-0.5313695154536608,0.7124169809120513
641348783,-0.2939426739910783,-0.3584318881993126,-0.27396666285114535,-0.24409580289798882,-0.18280084801407845,0.10759298705645946,0.4122547123060719,0.20041549678924772,-0.5313695154536608,0.7124169809120513
641348787,-0.2949124178367381,-0.35917243226314904,-0.27353545462587064,-0.2407761199319008,-0.18747118390415365,0.10801112558089421,0.4116869497969101,0.20172470879181767,-0.5300654296973576,0.7133399203859309
641348791,-0.29587094046902945,-0.3599301271214488,-0.2731029569928943,-0.23848519621377373,-0.1913762452457179,0.1082376909072889,0.41131147088522263,0.2027782352913247,-0.5287001521703479,0.7142537278022802
641348795,-0.29682076652294676,-0.3607020087551238,-0.27267052386973284,-0.2364278307448766,-0.19456457159178536,0.1079788706734306,0.411031988944639,0.2036172017474621,-0.5272599340268125,0.7152333242189096
641348799,-0.2977616302409839,-0.36148645823563436,-0.2722403311037069,-0.23400402827368336,-0.19766016866348973,0.10711751233955467,0.4107902627764317,0.20435127108545278,-0.525858953461215,0.7162143419022184
641348803,-0.2986921563806751,-0.3622838785491878,-0.2718142546505521,-0.23125904157191995,-0.20104998811324903,0.10592071423784703,0.4107902627764317,0.20435127108545278,-0.525858953461215,0.7162143419022184
641348807,-0.29961182876735193,-0.36309614226748055,-0.2713927417860473,-0.22857715176650073,-0.2050818710331253,0.10483571801454665,0.4104629327661341,0.20511277757619992,-0.5244716612025545,0.7171846768012469
641348811,-0.3005216392370882,-0.3639266831935333,-0.2709747998322101,-0.2263280831016411,-0.21018859199324824,0.10413525890403445,0.40998294325377826,0.2060432424988139,-0.5231603526919275,0.7181659375714515
641348815,-0.3014232473279343,-0.3647794640869821,-0.2705591476442566,-0.22447596232142514,-0.21620185473115675,0.10369083507272707,0.40998294325377826,0.2060432424988139,-0.5231603526919275,0.7181659375714515
641348819,-0.3023171567016331,-0.36565809298088153,-0.2701448045274536,-0.2224787245279963,-0.22311259221855714,0.10348072332876145,0.40818810417187357,0.2086831009937033,-0.5208616540821203,0.7200797010961802
641348823,-0.3032024986308887,-0.36656569053172844,-0.2697308568877759,-0.2201922400998121,-0.23068618320489542,0.10349309651006729,0.40818810417187357,0.2086831009937033,-0.5208616540821203,0.7200797010961802
641348827,-0.3040781902250387,-0.36750482830583686,-0.26931637527231367,-0.21765355697516736,-0.23888270384930524,0.10374771122107539,0.40678391132005254,0.21072524792874925,-0.5199989349627306,0.7209116450419887
641348831,-0.3049432972235342,-0.3684783709699313,-0.2689002226356528,-0.21489994227258422,-0.24788862819790144,0.10432860710937038,0.4049969394987246,0.21315315979724306,-0.5192789218218069,0.7217125148452748
641348835,-0.30579776192263464,-0.3694892676279139,-0.2684812496250538,-0.21233240727763908,-0.25755970079339924,0.10515789819010085,0.40293170769086506,0.21588863992216692,-0.5186519588054777,0.7225137022448506
641348839,-0.30664245229710396,-0.3705404227140463,-0.26805854904034637,-0.21001277995701456,-0.26801784227280195,0.10619239416363215,0.40063157663796944,0.21888130132622638,-0.5180839466898479,0.7233177461482961
641348843,-0.30747803373250543,-0.3716346068921857,-0.2676314729942609,-0.20777793774370648,-0.27907424679690174,0.10734562887910301,0.40063157663796944,0.21888130132622638,-0.5180839466898479,0.7233177461482961
641348847,-0.3083041417187883,-0.3727733011455321,-0.2671989924186169,-0.20527605539770727,-0.29027287987628936,0.10889465894288622,0.39813624494484734,0.22204779500784944,-0.517478504780438,0.7241664370116412
641348851,-0.30911904836933646,-0.3739562796639167,-0.2667589809090814,-0.20217726987637538,-0.3012163793160267,0.11111109582485235,0.39557945697267227,0.22526992205943042,-0.5167956168761489,0.725028140009178
641348855,-0.30992055797616935,-0.37518218230107897,-0.2663088804771906,-0.19857753354007304,-0.3117349392650994,0.11393912012056286,0.39308203342833015,0.22844944743396103,-0.516010445270687,0.7259583199333622
641348859,-0.31070722628200204,-0.37645027639338274,-0.2658461395055224,-0.1947566193762745,-0.3223121068867808,0.11743136571354422,0.39072366955901394,0.23139184945806238,-0.5150232311999488,0.72699869273083
641348863,-0.31147861815453987,-0.37776122508323884,-0.265368510706593,-0.19093931689264956,-0.33316223804126854,0.12138303375114096,0.39072366955901394,0.23139184945806238,-0.5150232311999488,0.72699869273083
641348867,-0.3122351121783062,-0.3791157359121176,-0.26487425371276996,-0.18730769499050953,-0.34409317639812254,0.12574546316037055,0.3885937058528934,0.23410603107287958,-0.5137713951557752,0.7281606862797955
641348871,-0.3129775684510798,-0.3805133047121369,-0.26436178617579487,-0.18392044139632385,-0.3546912236115244,0.13048830532718064,0.38674477853957656,0.23642781921233766,-0.5122140957455354,0.7295075506729584
641348875,-0.31370650167718395,-0.3819516572632253,-0.2638304433943381,-0.18054617165574402,-0.3644850519326648,0.13518308540122112,0.38674477853957656,0.23642781921233766,-0.5122140957455354,0.7295075506729584
641348879,-0.31442132583014454,-0.38342795042783845,-0.26328070953043675,-0.17686590482456177,-0.37366153037393557,0.1396838465494363,0.3836190088982899,0.24032518950444368,-0.5084411747677746,0.7325291505940513
641348883,-0.31512087770416386,-0.3849405625101207,-0.26271316289201724,-0.17291003218510675,-0.3826445107671842,0.1440894726603232,0.3836190088982899,0.24032518950444368,-0.5084411747677746,0.7325291505940513
641348887,-0.3158048332108769,-0.38648941735032205,-0.26212812618762105,-0.16906772117141247,-0.3917829093334926,0.1484288795377704,0.3822187324464601,0.24202972785837096,-0.5063111766010597,0.7341517854286387
641348891,-0.3164744034950565,-0.3880751498015789,-0.26152583392252576,-0.16571742091840827,-0.4010833162949493,0.15271725300985936,0.38079034825733327,0.24370093164105341,-0.5041170286407198,0.7358318418586259
641348895,-0.317131426366988,-0.3896975414989864,-0.2609063399072794,-0.1627940150473342,-0.41011253240878986,0.15702975461331425,0.37925049894703045,0.2455003605015922,-0.5018962081802735,0.7375668554858257
641348899,-0.3177763187844129,-0.39135500171772125,-0.2602696029629525,-0.1596521936651348,-0.4186175769586544,0.16133871755015983,0.37750243686230944,0.24755106763457377,-0.4996935912960049,0.739285059793872
641348903,-0.31840790295402993,-0.39304580705356534,-0.2596157349135075,-0.15613989114335916,-0.4267850909633928,0.16559530717234092,0.37750243686230944,0.24755106763457377,-0.4996935912960049,0.739285059793872
641348907,-0.3190244687808002,-0.39476885335212925,-0.25894463093693076,-0.15214302224177212,-0.43473805831856105,0.16995668111601353,0.3753834763308609,0.2500442907118623,-0.49756183936444254,0.7409306919527358
641348911,-0.31962387641159207,-0.39652334260385547,-0.25825563547881747,-0.14756079315414544,-0.44250656754454576,0.17454104794062117,0.37308187185471053,0.2528562258567329,-0.4954620538253883,0.7425454539385417
641348915,-0.3202048937522811,-0.39830917057364773,-0.2575479797696957,-0.1429478771903698,-0.4504074173515994,0.1792868066202806,0.3704486204802819,0.25604839547532543,-0.4934660952633181,0.7440913059118511
641348919,-0.32076800610707074,-0.40012737148187194,-0.25682088501854544,-0.1386083002044318,-0.45869303676050854,0.1842605689548356,0.3675223031714832,0.2596107873679003,-0.4915320931246042,0.7456156432978132
641348923,-0.32131416348820135,-0.40197928169484404,-0.25607345238162926,-0.134470390360872,-0.46726206972555195,0.18945574950324767,0.3675223031714832,0.2596107873679003,-0.4915320931246042,0.7456156432978132
641348927,-0.321843254178972,-0.40386529022239465,-0.2553045243540656,-0.13007495502445976,-0.4757421940497582,0.19500826427860254,0.36435292877043746,0.26347080982655885,-0.48960927391447395,0.7470765210334067
641348931,-0.322352626486751,-0.4057835659435836,-0.254512198430302,-0.12461119886503921,-0.48339566654472527,0.20115469760319782,0.3609961250588981,0.2675495210803494,-0.4876442451329761,0.7485416709513448
641348935,-0.32283672664593244,-0.4077302428486705,-0.25369378370636336,-0.11743888072566558,-0.4899427859987236,0.2080526643661225,0.3609961250588981,0.2675495210803494,-0.4876442451329761,0.7485416709513448
641348939,-0.3232885323775167,-0.40970252517977696,-0.25284534464105773,-0.108463985066479,-0.4961983795545236,0.21616686828667797,0.3539904119412569,0.2762396671234732,-0.48340197272150387,0.7514678643882771
641348943,-0.32370239639986387,-0.41170022164125686,-0.25196248263516685,-0.09846802610710813,-0.5026498511854154,0.22526413465875,0.3539904119412569,0.2762396671234732,-0.48340197272150387,0.7514678643882771
641348947,-0.32407600031828754,-0.41372339072416847,-0.2510419131228976,-0.08833393310473917,-0.5089346902704013,0.23502062147587674,0.35060354927768056,0.28050608989208503,-0.4809664059442045,0.7530530731545537
641348951,-0.32440922783008347,-0.41576905662766483,-0.2500814309595431,-0.07827982279322483,-0.5138982614777915,0.24522046020136853,0.34738063894610133,0.2845146943262473,-0.47820132230591084,0.7547684330665066
641348955,-0.3247014930811891,-0.41782960993094437,-0.2490803463624929,-0.06785280275960053,-0.5163783901619717,0.25532183832372524,0.3444628380609696,0.2881557234326284,-0.4751508136715416,0.7566523620987458
641348959,-0.3249502357997706,-0.41989477756015864,-0.24803940953102663,-0.056518556531152064,-0.5162054244451579,0.2651465774094076,0.34184872535560606,0.2913899396332904,-0.47170998292295,0.7587426160236479
641348963,-0.32515238747233427,-0.4219560162751306,-0.24695958935640652,-0.04455727975067814,-0.5144139330408115,0.2747635099006454,0.34184872535560606,0.2913899396332904,-0.47170998292295,0.7587426160236479
641348967,-0.3253067638581278,-0.42400634641338,-0.2458425523346854,-0.03263091314608518,-0.5107511360838902,0.2837550009599138,0.3396331801602132,0.2940761196866963,-0.4678583995844626,0.7611105888106119
641348971,-0.32541458797769823,-0.42603591983534866,-0.2446920791071861,-0.02128114663914149,-0.5040355749004652,0.2914816127897359,0.3375796444643844,0.29648293328907827,-0.4638129176573987,0.7635683435539018
641348975,-0.3254784961306996,-0.4280317452573484,-0.24351432807850285,-0.010672929861549591,-0.4938771360993955,0.2973939015518881,0.3356398976514385,0.29855736607565675,-0.4596446330735839,0.7661084870589562
641348979,-0.3255003038165921,-0.4299790267498972,-0.24231824933601,-0.0002309130846898707,-0.4797636101749991,0.30064546969452266,0.3337249689860704,0.3006077258085914,-0.45546004676585805,0.7686285921940201
641348983,-0.3254799236048034,-0.43186464856939744,-0.24111311116021059,0.010421018979055586,-0.4630472995751167,0.3019236182051835,0.3337249689860704,0.3006077258085914,-0.45546004676585805,0.7686285921940201
641348987,-0.32541649567255987,-0.43367897515650644,-0.2399063999645718,0.02129294714269927,-0.4441159939793763,0.30143197961421414,0.3316380130331943,0.30275847297863673,-0.45145034983771476,0.7710910717642195
641348991,-0.3253096045485818,-0.43541047339754757,-0.23870698791181394,0.03215261484632142,-0.42163312654117663,0.2982740467647159,0.3293248093072247,0.30518864713858795,-0.4477031141105977,0.7732818789096324
641348995,-0.32516016955879234,-0.43704447087923537,-0.23752508205324802,0.04256488004841109,-0.39536561430272255,0.2926788825182495,0.3293248093072247,0.30518864713858795,-0.4477031141105977,0.7732818789096324
641348999,-0.32497013399381836,-0.43856581644915515,-0.2363700613799311,0.05245290243859234,-0.36530717065717383,0.2848314541402022,0.32381364006322255,0.3110071806695557,-0.44122422245317366,0.777007292698154
641349003,-0.3247410926634458,-0.4399620664483494,-0.23524936512730135,0.06206776274769522,-0.3328178289399535,0.2755166721746697,0.32381364006322255,0.3110071806695557,-0.44122422245317366,0.777007292698154
641349007,-0.3244737022676637,-0.4412250379985537,-0.23416788081311388,0.07162743514337197,-0.29866794616220677,0.2652254849190675,0.32065222419676054,0.31442146185854003,-0.4386267691168094,0.7784003696798456
641349011,-0.324168442693073,-0.4423463801795117,-0.23312947574749118,0.08100235215197031,-0.2620031443167839,0.2539770478922814,0.31731787295955816,0.3180391257505147,-0.43639217280088877,0.7795510052031531
641349015,-0.3238262249356519,-0.4433149504992631,-0.23213695302229317,0.09010652655857423,-0.2222820155589169,0.24228431470672473,0.31384767153945126,0.3218075444981786,-0.43448483850544417,0.7805043538232186
641349019,-0.32344748341025953,-0.44411839897569,-0.23119228680459722,0.09926423613759847,-0.17944222265453735,0.2300487941412538,0.31026785376249244,0.3256014845758207,-0.4329269569905685,0.7811929072355092
641349023,-0.3230315335967606,-0.4447467391849531,-0.23029759869237507,0.10871067061185051,-0.13472788197702412,0.21729526196981722,0.31026785376249244,0.3256014845758207,-0.4329269569905685,0.7811929072355092
641349027,-0.32257714709318713,-0.4451943216398692,-0.2294546630177902,0.11848258117490512,-0.08906334548102621,0.2041725753226225,0.3066814484237886,0.3294405317088666,-0.4317415525901931,0.7816555304709956
641349031,-0.3220832748323309,-0.4454574086216141,-0.22866436281454539,0.12845354925320374,-0.04248014539141379,0.19097752629977446,0.30324411495985015,0.3330397005066618,-0.4308444036114755,0.7819846244911823
641349035,-0.32155067094658407,-0.4455318160789492,-0.22792577518321938,0.13784839362019927,0.005276416723855246,0.17831628936322583,0.3001133811302275,0.3361321756255026,-0.4301268427609625,0.7822729628045402
641349059,-0.31765414703513317,-0.44166345144110325,-0.2245045587924135,0.18686193233404047,0.31708730309663974,0.10678507653726625,0.2899878814755907,0.34171660902467876,-0.4285847358160394,0.7844963631527333
641349063,-0.3168917425960213,-0.44028220079621166,-0.2241003725285958,0.1943402872218976,0.3735380193491563,0.09530805537157225,0.2899878814755907,0.34171660902467876,-0.4285847358160394,0.7844963631527333
641349067,-0.3161000476705738,-0.4386706171079269,-0.22374231510181436,0.20150717550184494,0.4322538247932526,0.08372065801915002,0.2885700580616125,0.3415174919844611,-0.42909562437384285,0.7848414133595191
641349071,-0.31527975500540417,-0.43681928496114436,-0.2234319533584262,0.208639157082963,0.49341224859801525,0.07146021367493237,0.28695582229839756,0.3414412921591867,-0.43013533683181143,0.7848765939009856
641349075,-0.31442911498209347,-0.4347186233176616,-0.2231720364834989,0.2166808545723872,0.5569185731433706,0.05849822378871691,0.2850710839078724,0.3417370413630869,-0.43173029515221606,0.7845613064713982
641349079,-0.3135440679221285,-0.43235994745499046,-0.222963835780421,0.22584267541009573,0.6224193581921964,0.04560212775022327,0.2828824198388875,0.3424903294677406,-0.4339783758056093,0.7838111449671653
641349083,-0.3126211114969454,-0.42973697226843544,-0.22280663482631166,0.23563553718147598,0.6890682350853159,0.032998349304450114,0.2828824198388875,0.3424903294677406,-0.4339783758056093,0.7838111449671653
641349087,-0.3116588950017509,-0.4268458397105914,-0.22269840488911627,0.2454727104157459,0.7564980438367004,0.02111661929325006,0.2803541605820822,0.3436526238483821,-0.43695366627596244,0.782533484898603
641349091,-0.31065811733016957,-0.423683118490902,-0.22263508227391154,0.2549161253749243,0.8248625660080117,0.010544688309118859,0.2776695657160212,0.34497043889178886,-0.44040963453919296,0.7809955914598772
641349095,-0.3096204843382052,-0.42024489291479916,-0.22261138980726694,0.2639003706072619,0.8942502220434114,0.0013015450131788151,0.27488447258012694,0.34639449129105615,-0.44442634559535854,0.7790747756210621
641349099,-0.30854678011999187,-0.41652660965892296,-0.2226209109499987,0.2729517384994181,0.9648914058946754,-0.006062116379060575,0.27202520348035686,0.34774206538619135,-0.4489855353293992,0.7768520849748413
641349103,-0.3074361673961325,-0.4125239219154715,-0.22265713407550233,0.2823546234302644,1.0364524658310479,-0.012049446372758942,0.27202520348035686,0.34774206538619135,-0.4489855353293992,0.7768520849748413
641349107,-0.30628693170270876,-0.40823361630693356,-0.22271462757849547,0.29226322328160953,1.1087003384379304,-0.01669730512380916,0.2692130261799577,0.3488938585991989,-0.4539330233162636,0.774421112633013
641349111,-0.30509627450919413,-0.40365293588034473,-0.22278662969340438,0.3030653734757205,1.181639874856495,-0.019303752330648974,0.26655238515251095,0.3497682961834372,-0.45933032637388715,0.7717732536920061
641349115,-0.3038611555218854,-0.3987803373142311,-0.22286533600777256,0.3144941201786341,1.2546594082003202,-0.020049404853443562,0.26404776213803055,0.35035282703158616,-0.46509221320714655,0.7689055165996749
641349119,-0.3025802165611613,-0.3936167459384829,-0.22294261957228134,0.3259753601834352,1.3271362796737924,-0.018592377400944632,0.26181878010490345,0.3504787767788413,-0.4712931242882642,0.7658292603130449
641349123,-0.3012536042065493,-0.3881640202879286,-0.2230111146545642,0.33733081712257423,1.3992265456033426,-0.015655163740486186,0.26181878010490345,0.3504787767788413,-0.4712931242882642,0.7658292603130449
641349127,-0.29988100075364216,-0.3824237239749836,-0.22306505834817408,0.34897090933099323,1.4709216108691778,-0.011316683064453721,0.25988405615644083,0.3501232095711757,-0.4778040894454496,0.7626070587520706
641349143,-0.2938518419606919,-0.3566368521091299,-0.2229365838697506,0.40467393978778515,1.7524373723625382,0.027375992867389835,0.25577498232483514,0.34671151851497983,-0.4992109818471033,0.7517775282213968
641349147,-0.2921991518486352,-0.3494895054679323,-0.22279502259953565,0.42167111624056797,1.821235948236248,0.043404642240089844,0.25489533001442544,0.3448635737942886,-0.5069664801965404,0.7477142813922086
641349151,-0.2904748235528227,-0.3420700797517962,-0.2225820531444892,0.4404930316656745,1.8884769098317995,0.06308008528314137,0.2541136035370414,0.34284214140197844,-0.5149783951724635,0.7434467819628621
641349155,-0.2886723968848714,-0.3343847195884804,-0.22228422172334136,0.4607203023099897,1.9542031718261266,0.08583562529078259,0.2533196649700773,0.34073176807812056,-0.5232990016339222,0.7388339612988114
641349159,-0.28678615575813104,-0.3264362998930419,-0.22188740354787095,0.4824002610601757,2.0200066758931206,0.11257346244441611,0.25242088982384847,0.338606541306686,-0.5319768322056824,0.7339114889094175
641349163,-0.28481129286122797,-0.31822253855079036,-0.22137791569634552,0.5050311873913582,2.086873995232661,0.14217046331830593,0.25242088982384847,0.338606541306686,-0.5319768322056824,0.7339114889094175
641349167,-0.28274391274590277,-0.3097386862451225,-0.22074580471626865,0.5286588702712406,2.1550521576012693,0.17388502672013334,0.2512776167599776,0.33661883372856877,-0.5409615194691657,0.7286431876900766
641349171,-0.2805789812530758,-0.3009803379233398,-0.21998240331311122,0.5538068761422599,2.224122003290105,0.20781567485857907,0.24972736966382425,0.3349895414796802,-0.5504391823009092,0.7227828739481209
641349179,-0.27593976493849887,-0.28263460731151696,-0.2180203710563135,0.6059972025019696,2.362310649665599,0.2826923893408506,0.24553580368867065,0.33284616608274553,-0.5711003418504009,0.7090749905992896
641349183,-0.27346312107297294,-0.27304587879673897,-0.21680823243644415,0.6323247302609991,2.432053607723409,0.3233769205938218,0.24553580368867065,0.33284616608274553,-0.5711003418504009,0.7090749905992896
641349187,-0.2708816934110916,-0.2631722923143697,-0.21542715933028186,0.6583891006796754,2.5047396334612158,0.3671596324873261,0.2429782976322165,0.3319481975007005,-0.5821213317183845,0.7013668588026115
641349191,-0.2681955517994133,-0.2530006094148056,-0.21386160882078215,0.6846817051594849,2.5811018163208352,0.41561562226253657,0.24028750731009332,0.33117110923305637,-0.5936679332003096,0.6929208325419582
641349195,-0.26540234486909725,-0.2425226245672047,-0.21209575009128803,0.7119217599985249,2.657890607479622,0.46731374248451396,0.23775388523969723,0.3301754001601017,-0.6057389755673325,0.68376179050379
641349199,-0.26249987698886434,-0.23174090164010946,-0.21011686709383084,0.7393121801179345,2.732970856067996,0.5221277562440841,0.23582211931415306,0.3286390024974487,-0.6182062607512515,0.6739556371779468
641349203,-0.25948882715639293,-0.2206600387958734,-0.20791475475039187,0.7662127361177624,2.8074605660500342,0.5789284154754077,0.23582211931415306,0.3286390024974487,-0.6182062607512515,0.6739556371779468
641349207,-0.2563705654054217,-0.2092800545500854,-0.20547937610806893,0.792918139367855,2.8825315568439756,0.6387609056860548,0.23482399148001482,0.32620796216579895,-0.6312105919468985,0.6633408650719026
641349211,-0.25314357725681397,-0.19760142993323543,-0.20279457097908352,0.8205759349359995,2.956780751580998,0.7036416588066591,0.2344260004864756,0.32322481933674774,-0.6444132662164391,0.6521586024159823
641349215,-0.24979965305412696,-0.18563441651674312,-0.19984188779083173,0.8513861664075032,3.026725956665153,0.7726999353192379,0.23515274461972652,0.3193430410665804,-0.65778618886172,0.6403357629461892
641349219,-0.246322694655754,-0.17339988407187737,-0.19660258297189484,0.8870930327789899,3.0905402657677166,0.846952474149209,0.23706104940002032,0.3145541249021415,-0.6711766892042742,0.6279841843306659
641349223,-0.2426962528492958,-0.16091673495483783,-0.19305851910086058,0.9261278704500975,3.151034292752055,0.9250794613679204,0.23706104940002032,0.3145541249021415,-0.6711766892042742,0.6279841843306659
641349227,-0.2389080773472746,-0.1481970738592143,-0.18919384284847565,0.9679598805605014,3.208796255059706,1.0072586648245478,0.2399219130008094,0.3090015405431791,-0.6845969793336817,0.6150562615865949
641349231,-0.23494439397799044,-0.1352601008527381,-0.1849894901362149,1.0138818040815734,3.2596902481783987,1.094917691305821,0.24336015361661248,0.3028892174053579,-0.6982038037294944,0.6012725649299675
641349235,-0.23078887374276494,-0.1221420437559821,-0.18042874651345495,1.0638783135311805,3.2993383001996004,1.1854541200741582,0.2473063806493458,0.29628203640572565,-0.71207612372138,0.5864979287329314
641349239,-0.2264253262843818,-0.10889319873124896,-0.17550218322205746,1.1178954156603924,3.3250842121669693,1.2778275256245788,0.2516750647663123,0.2892108127666623,-0.7261164549444689,0.5707616668535891
641349243,-0.2218412075525825,-0.09555807794572214,-0.17020373189018373,1.1741639502392642,3.342476180596437,1.371398140312283,0.2516750647663123,0.2892108127666623,-0.7261164549444689,0.5707616668535891
641349247,-0.21702868573279066,-0.08216985637617641,-0.16452604690240624,1.2320969596566456,3.3516346041764304,1.4674443535764559,0.2560576756202748,0.28196844384503533,-0.7404682456770586,0.5537399400467244
641349251,-0.21197837845276984,-0.06877292385808183,-0.15845378818395342,1.2930566803537615,3.34683165487086,1.568685005649951,0.2603221555564533,0.274581255672272,-0.7546173513008538,0.5360741465922729
641349255,-0.2066771892537394,-0.05542532658940871,-0.15196618122109778,1.3575379191614658,3.326966979465699,1.675118475777867,0.2645241323566014,0.26697030647742026,-0.7685103793159034,0.5178320183229477
641349259,-0.2011148474621563,-0.04219165922814516,-0.14505033963106334,1.4236329766300881,3.289866701166078,1.782802319239355,0.2683177296910338,0.2594432995651858,-0.7822689458168679,0.4987208096947704
641349263,-0.19528826155968912,-0.02912793606951288,-0.13770619086637073,1.4896599746034997,3.241994878150061,1.8892720631069442,0.2683177296910338,0.2594432995651858,-0.7822689458168679,0.4987208096947704
641349267,-0.18920229076186756,-0.01627774000387039,-0.12994238340259043,1.5533254243072743,3.183103154671185,1.9926316687832044,0.2716024632604287,0.25208694803625303,-0.7959868180812535,0.4786680090974405
641349271,-0.1828715695324461,-0.003696140667970839,-0.1217757390681648,1.6120351904034618,3.1076965132785905,2.0906904984296126,0.27471375013837096,0.2446173711017252,-0.8091814248462224,0.4581719558441762
641349275,-0.1763163383452762,0.008557488653936364,-0.11322635781169914,1.6655804031814743,3.0191181476750106,2.1840001298032203,0.27749547824378523,0.23720022363323856,-0.8219999258892319,0.43709240649196396
641349299,-0.13360889425539343,0.07244259213573688,-0.055621704828110366,1.893373270975424,2.3046404758083665,2.6163876188291777,0.2941227057535593,0.20019833916215035,-0.8750694686001053,0.3281719897273229
641349303,-0.12598848730195397,0.08136844601948982,-0.0450543984898337,1.9168302057443072,2.158286466068106,2.6672655503091565,0.2941227057535593,0.20019833916215035,-0.8750694686001053,0.3281719897273229
641349307,-0.11828471582853944,0.08969948812532581,-0.03430310070799551,1.9350555309629602,2.0072345868498855,2.708383340609935,0.29986216060256476,0.19259174317860872,-0.8825567079863414,0.30667525669319606
641349311,-0.11052268440124963,0.09742215827074652,-0.023415337517325954,1.9459601826819453,1.854100485860467,2.7354982547248454,0.3062801287230987,0.18498732566345677,-0.8891830984389626,0.2851827753513308
641349315,-0.10273331062193958,0.10453354380534505,-0.01244448721558212,1.9487267069730767,1.701592281438795,2.749926896147071,0.3137210484135532,0.17744066224187288,-0.894713500420139,0.2638273568327479
641349319,-0.09495075046182848,0.11103889434724562,-0.0014389969255603104,1.9425533730824744,1.551082989511489,2.7528182488638335,0.3221713254351005,0.17002398604529967,-0.8990882598467709,0.24273983404407312
641349323,-0.08720325854828427,0.11694555864459888,0.009565310468841492,1.9311925836896289,1.4022491591651385,2.7493354483370678,0.3221713254351005,0.17002398604529967,-0.8990882598467709,0.24273983404407312
641349327,-0.07951127419309338,0.12226041097611057,0.020541662172025597,1.9147995939058133,1.2551770065907022,2.7388404032549856,0.33161886691318987,0.16299254390274615,-0.9023078517162408,0.22206299492410528
641349331,-0.0719024372870212,0.12699248314920936,0.03145242116063984,1.8896188591302794,1.1108590799586922,2.7165390910521383,0.34159213270067834,0.1562463563160308,-0.9045643528624572,0.20164146503476366
641349335,-0.0644135905603504,0.1311560647424555,0.042251199801272975,1.8548045042051235,0.9709317166643879,2.682850229264428,0.3523200808498448,0.15004024541062044,-0.905688962254646,0.18182240599276966
641349359,-0.023831503024713353,0.14534396683197792,0.10280636407642282,1.52703612376463,0.21139345746248006,2.363413460331393,0.41343416340591366,0.1302375905429533,-0.8960769608493169,0.09544476429319418
641349363,-0.017865923542167136,0.14596156738179286,0.11212007658090732,1.4557536175084786,0.09740681744498945,2.2934427919108558,0.41343416340591366,0.1302375905429533,-0.8960769608493169,0.09544476429319418
641349367,-0.012187084031575956,0.1461412162771877,0.12114550660203748,1.3836661377871116,-0.007582369747569748,2.2192722186542215,0.42530995483886946,0.12895980194568724,-0.8921222173929166,0.08120823586674206
641349371,-0.0067970033725985686,0.14592480456160054,0.12986908971787267,1.3113741917015822,-0.10062348804601816,2.1425193392633726,0.43653118777027855,0.1281822386806601,-0.8879275583465691,0.0676144170855493
641349375,-0.0017040912923415317,0.14535691264507675,0.1382782699518162,1.2350818484269364,-0.1833224702158704,2.0620707777083926,0.44714038191685856,0.12803620026957385,-0.8835248392700596,0.05513654784229621
641349379,0.0030773928265787984,0.14448023217059125,0.14635730641578296,1.155660211033229,-0.25501776702687207,1.977447454274995,0.457096351280034,0.12836116181252838,-0.8790210295740394,0.04382944190361307
641349383,0.007540346858623786,0.14333125935004373,0.15409316960526895,1.0758168049892647,-0.3194686432468922,1.890484140468,0.457096351280034,0.12836116181252838,-0.8790210295740394,0.04382944190361307
641349387,0.011689064114240677,0.1419390685750036,0.16148147861386997,0.9985418228191807,-0.37662674427317694,1.803670363832512,0.46578314812592403,0.12926856887198385,-0.8747579075715558,0.03377323691621617
641349391,0.015537622848269117,0.1403374584309489,0.16852556376281805,0.9257375441950394,-0.4241783277541696,1.7183722106415353,0.47345601555806804,0.1304144050589881,-0.8707562921184954,0.024332509322154305
641349395,0.0191024297956998,0.13855744587416394,0.17523083983075405,0.8566659295203016,-0.4658279506383172,1.6342658233264653,0.4798597598353997,0.13188479298728323,-0.8672183579343078,0.015852840207641106
641349399,0.022398501083830666,0.13661725555016863,0.1816024435397009,0.7913697145451325,-0.504267211359332,1.5515360311469548,0.4852175598753714,0.13365335260613176,-0.8640674590687258,0.008472292684565508
641349403,0.02543895126042287,0.13452596374269524,0.18764535602399912,0.728855373750969,-0.5413786923773642,1.4699202110021505,0.4852175598753714,0.13365335260613176,-0.8640674590687258,0.008472292684565508
641349407,0.02823681262421614,0.13229188525235736,0.19336655399809094,0.6700753081456666,-0.5756605527915815,1.3906787760437567,0.48941827094719886,0.13555836686533895,-0.8614449566056641,0.002411363332217087
641349411,0.03081026525938345,0.12993179734466934,0.19877860982634343,0.6166510094379866,-0.6043834010524252,1.315349138082491,0.49281132254726545,0.13742898386307784,-0.8592013753882655,-0.0030576484969928597
641349415,0.03318108347941075,0.12747042156426608,0.20389653726661028,0.5687581005756625,-0.6263044891491997,1.2436145820509357,0.49481665439102684,0.139253581996711,-0.8577421769081259,-0.007853556436636211
641349419,0.03537208704133681,0.12493378255268489,0.20873423017395773,0.5267436803873689,-0.6420150166413927,1.1752318716227885,0.49608719694978365,0.14098643019466495,-0.8566597249307293,-0.012268458730335774
641349423,0.03740209359883035,0.12234031380633278,0.2133022347101507,0.4882595983594008,-0.654719356534661,1.108770396473694,0.49608719694978365,0.14098643019466495,-0.8566597249307293,-0.012268458730335774
641349427,0.03928492402207031,0.11970152051264661,0.21760903354512673,0.4531556132605773,-0.6646772903084263,1.0446290210143203,0.4961406667532305,0.14247699899216548,-0.8563005496056877,-0.01630356336163241
641349431,0.041035456735165704,0.11703023927318697,0.2216657328167815,0.4221107432871212,-0.6709633294213976,0.9837206148130668,0.4956059268072286,0.14379513722006604,-0.8563033809626373,-0.02022495268807195
641349435,0.042666978380290675,0.11434049760646092,0.2254838701943682,0.39365007927536505,-0.6739075039416242,0.925348073980274,0.49451341419898653,0.14491042176166946,-0.8566492982724887,-0.023942988183911107
641349439,0.04418858341822122,0.11164543132128438,0.2290734187713675,0.3671524396899052,-0.6736256386466479,0.869426214519378,0.49309548088365307,0.14580102881564555,-0.857224650494737,-0.02751601070419088
641349443,0.0456065006692699,0.10895524135296022,0.2324425765237594,0.3418061858344337,-0.6714693455154285,0.8151526616765763,0.49309548088365307,0.14580102881564555,-0.857224650494737,-0.02751601070419088
641349447,0.04692494266864317,0.10627541639425318,0.23559851952986616,0.31741481385220294,-0.6684431338380925,0.7628188413767993,0.4915775326781761,0.14649516298150256,-0.8578394582348986,-0.030916012167927887
641349451,0.04814790838038584,0.10360815117986427,0.23855044461504535,0.29406804201913,-0.6651894733563614,0.7131437012127957,0.4902171178204539,0.14706287985366084,-0.8584120033157501,-0.03421352596102764
641349455,0.04927828843869274,0.10095220099478976,0.24130755315152216,0.2711219871343202,-0.6627856191808944,0.6654105670256064,0.4893357247843406,0.1476019981578931,-0.8586990023227614,-0.03725533003551157
641349459,0.050316683221322905,0.09830400457714816,0.24387693180431264,0.24807540418076351,-0.6613125896399048,0.6192787593696323,0.48910979367616914,0.14813659933014978,-0.8586179118871771,-0.04001707285887807
641349463,0.051262499902078255,0.09566085537752729,0.24626376171409814,0.22483293619691283,-0.6602620101705338,0.5741361955231234,0.48910979367616914,0.14813659933014978,-0.8586179118871771,-0.04001707285887807
641349475,0.05354114605381611,0.08776450552365392,0.252376346212999,0.15494142242606262,-0.6557962988083601,0.4446278876270148,0.49252968262837504,0.14979235824694553,-0.8560556735528739,-0.046050991624747434
641349479,0.054114854143603286,0.08514529179112644,0.25407387090958916,0.1319126224675247,-0.6538105674553799,0.4041344606680792,0.4944958337076112,0.150389102116042,-0.854762497834501,-0.0473708873429651
641349483,0.05459717257158523,0.08253389517084743,0.2556117882364715,0.10924659152344635,-0.6518877426841234,0.3648242027731046,0.4944958337076112,0.150389102116042,-0.854762497834501,-0.0473708873429651
641349503,0.05577305237677695,0.06958139292770263,0.2610558719406728,0.008341388995725826,-0.6433624816303563,0.17958416764702642,0.500772844026322,0.15314585374141743,-0.8505237189822122,-0.04894183407997557
641349507,0.055773991527157625,0.06701122107867856,0.2617072887879392,-0.007871813805389753,-0.6417234428816759,0.14612425598616854,0.5009571057562283,0.15369599943587453,-0.850305756653666,-0.04850003063174302
641349511,0.055715170018158205,0.06444858216861085,0.2622299746336496,-0.02153894069432015,-0.6395960121521809,0.11521866686903351,0.5007685569420987,0.15420373624633665,-0.85037362167192,-0.04786491908187668
641349515,0.05560570774509544,0.06189644207786345,0.26263244370985894,-0.03319219583706248,-0.6364740332215212,0.08601587123564294,0.4999788747242331,0.15455900634779607,-0.8508186718669704,-0.04702899260899043
641349519,0.055453722528392084,0.05935924454657953,0.26292112266457995,-0.04280041251461461,-0.6321247324204385,0.05832360612487511,0.49862692413360243,0.1547848340741843,-0.8516213215133916,-0.04609528000819116
641349523,0.05526594062676535,0.05684096258764855,0.2631010781814781,-0.05109053829875397,-0.6270162470450532,0.03165415232420747,0.49862692413360243,0.1547848340741843,-0.8516213215133916,-0.04609528000819116
641349527,0.055047141801942125,0.05434334507594668,0.26317657442892173,-0.05830887411285887,-0.6217925088058809,0.006093971397597937,0.4966544583832747,0.15485048430071902,-0.8528293441715045,-0.04513786317524543
641349539,0.05424812342251081,0.04696105274149484,0.26283729642449766,-0.07486085579235927,-0.6085895469360928,-0.06264030546827201,0.48961000224379453,0.1544201329462539,-0.8571268503963126,-0.04182898949375269
641349543,0.053940159794138964,0.04453349779641449,0.2625456120587743,-0.0791209583935651,-0.6051879256040825,-0.08320187739339777,0.48961000224379453,0.1544201329462539,-0.8571268503963126,-0.04182898949375269
641349547,0.053616235819166636,0.04211854694831187,0.2621744910262595,-0.0828410290925977,-0.6022874984472261,-0.10235863886399732,0.4874274060335357,0.15411173856692417,-0.8585016343905542,-0.040632215891310164
641349551,0.053277845059823,0.03971446008777911,0.2617295253060045,-0.08635435057922027,-0.599755931819155,-0.1201242212634903,0.48546020344048507,0.1537929678231948,-0.8597338344154615,-0.039365563654256835
641349555,0.05292545863585242,0.03732015344439596,0.26121574422060106,-0.0898388614060681,-0.5973973898724215,-0.13676632143823975,0.48386703707099193,0.15346532487344483,-0.860722364508361,-0.038030995173741644
641349559,0.052559815902174664,0.03493504225260919,0.26063759568220535,-0.09298250543281023,-0.5951582060209639,-0.15230794775961623,0.48264342518504266,0.15314136082499474,-0.8615524559643757,-0.036625518897619086
641349563,0.052182396679368005,0.032558739817936416,0.2599986722770815,-0.09572710597052085,-0.5929930113154245,-0.16715375480229572,0.48264342518504266,0.15314136082499474,-0.8615524559643757,-0.036625518897619086
641349567,0.05179468589419486,0.030190286359262877,0.25930156015252737,-0.0981282866160526,-0.5912337180213455,-0.18140230747477218,0.48199285293604344,0.15287566871039654,-0.8620119302466231,-0.03525487669428376
641349571,0.05139796391991716,0.027827270495928993,0.25854942166402073,-0.10023270052279552,-0.5902742136455951,-0.19466693677854194,0.4815921460751144,0.1525776935383682,-0.8623540112540814,-0.033765837202083065
641349575,0.050993082672949684,0.025466578539019485,0.25774702145940476,-0.1022079229609421,-0.5900717648091581,-0.20653316552944015,0.48155733156104297,0.1522504352433618,-0.8624753721540698,-0.03216663836582584
641349579,0.0505810333678906,0.02310538120804974,0.25690000514655487,-0.10381672956859975,-0.5905269006757159,-0.21697499089549832,0.48181686640564303,0.15190756816180306,-0.862457135048665,-0.03044239414007613
641349583,0.05016330876478321,0.020741511506035745,0.2560127251456171,-0.10504557198509361,-0.5914079503312816,-0.22666500957336708,0.48181686640564303,0.15190756816180306,-0.862457135048665,-0.03044239414007613
641349587,0.04974179235905503,0.01837339565630284,0.25508815450983413,-0.10571263087899696,-0.5926499745351711,-0.2356203083181232,0.48228365099075154,0.15153391379888687,-0.862319263798464,-0.028606028179121057
641349591,0.04931917803318614,0.01599993692967776,0.2541303005811276,-0.10559453205544812,-0.5940793887773672,-0.24330665603513635,0.4827915554473489,0.1511161480123363,-0.86218990897193,-0.02676562753451267
641349595,0.04889781454346246,0.013621835490924713,0.25314479745650564,-0.10508721280639301,-0.5949713305991566,-0.2494449062758596,0.4827915554473489,0.1511161480123363,-0.86218990897193,-0.02676562753451267
641349599,0.048478637889558966,0.011242232898354416,0.2521370005788887,-0.10450111414535543,-0.5948299656859912,-0.2544535325326072,0.48332169723240986,0.14998976343384945,-0.8621713281919481,-0.023206921062809527
641349603,0.048061809834273744,0.008864581145941571,0.25110992897336304,-0.10391291349725594,-0.5939959105204315,-0.2590822702302276,0.48332169723240986,0.14998976343384945,-0.8621713281919481,-0.023206921062809527
641349607,0.047647402046119676,0.006491116211568516,0.2500645842606845,-0.10329098057977652,-0.5927365566660958,-0.2635900861090345,0.48283607387854477,0.1492644396359104,-0.8626105564092708,-0.02157460745801809
641349611,0.04723561418472336,0.004123176655515379,0.24900150472093535,-0.1026029501183835,-0.5912332213604731,-0.2679496837655429,0.4819323028774878,0.14850686817250297,-0.8632974892422547,-0.020018726520355495
641349615,0.04682610744493728,0.0017607103742438624,0.24792168815226548,-0.10215041977465424,-0.5899999192752852,-0.27195860056938725,0.48038505292168443,0.1476922225137423,-0.8643109334135761,-0.018527289688421683
641349619,0.046416845987610054,-0.0005980040866214857,0.2468266873775629,-0.1024803088889575,-0.5893573111573889,-0.2755417867819101,0.4783685232474607,0.14685085964923922,-0.8656109612020406,-0.017074449653642437
641349623,0.04600498379175821,-0.0029551407476929637,0.2457178623681287,-0.10345078903696564,-0.5892110193783502,-0.2788707179351754,0.4783685232474607,0.14685085964923922,-0.8656109612020406,-0.017074449653642437
641349627,0.04558814011301932,-0.005312246895559712,0.24459682077782605,-0.10497105033247782,-0.589342054555024,-0.281650077216152,0.47590798464695955,0.14607803704436784,-0.8671183327991228,-0.015632402304498833
641349631,0.04516360809589514,-0.007670284356189028,0.2434665312178824,-0.10729495822961173,-0.5896766757596342,-0.28349470275566835,0.4732721291692311,0.14534819425171835,-0.8687201422582516,-0.014210597294810196
641349635,0.044727897108371585,-0.010030184352127318,0.24233061986447005,-0.11056053553216463,-0.5902733222095103,-0.28446097395049913,0.4706644559381931,0.1446550640999375,-0.8702749288391984,-0.012806217238138212
641349659,0.041822012611786696,-0.024296705391862163,0.2355416154061089,-0.13159650584990923,-0.5986034311017268,-0.281289397579596,0.4642409042699905,0.14306185954438022,-0.8740519515590666,-0.005048748115245361
641349663,0.04128964441338744,-0.02669555345954391,0.23442033158750444,-0.1345875933497172,-0.6008206027391473,-0.2793525117226351,0.4642409042699905,0.14306185954438022,-0.8740519515590666,-0.005048748115245361
641349667,0.040746273373675625,-0.02910310706704534,0.2333077449266243,-0.1370979265061916,-0.6029562010115688,-0.27694081871744636,0.46467282218445216,0.14299667593292187,-0.8738320287021062,-0.003466436833004849
641349671,0.04019426427808248,-0.03151801858291226,0.23220529569866133,-0.13890662129038175,-0.6044995569218912,-0.27428379526403107,0.46542605999526543,0.14294301706188928,-0.8734540453434327,-0.0019291702045511339
641349675,0.03963725135746336,-0.03393846531609751,0.23111382876864392,-0.13959983901917836,-0.6057238096707311,-0.2714496697446712,0.46645650627879587,0.1428597630597936,-0.8729220361666994,-0.0004454646535512752
641349679,0.03908021672023017,-0.03636382140773263,0.23003401641107374,-0.13891747959742004,-0.6069542361468272,-0.26845650904041274,0.46755475890443277,0.14272649462737064,-0.8723577960891111,0.00102260975807833
641349683,0.03852764312511492,-0.038794295045552714,0.22896642714829155,-0.13736931796020427,-0.6082825827632159,-0.265338122350686,0.46755475890443277,0.14272649462737064,-0.8723577960891111,0.00102260975807833
641349687,0.03798190704398405,-0.04122961070475215,0.22791148467385952,-0.1354987226052318,-0.6093752468365045,-0.2621331148653264,0.4685880225744016,0.1425017798850466,-0.8718320540837312,0.00230281618516065
641349691,0.03744378792428058,-0.043668003305534865,0.22686951811050457,-0.1335608372465012,-0.6098210535548527,-0.25885016681214357,0.46951078415710423,0.14218479922949384,-0.871381070146863,0.00354266739340392
641349695,0.0369130888179182,-0.046106513457335435,0.22584094370446905,-0.1317887159346888,-0.609434022345432,-0.25543703620561137,0.4701606504296008,0.14179856861233725,-0.8710841036457477,0.0046348214251902276
641349699,0.03638922603900556,-0.04854239006401166,0.22482647220299065,-0.13014267352163283,-0.6085042809926803,-0.25179871453358565,0.47043572979640125,0.1413297033524178,-0.8710007425363993,0.0056530816974282305
641349703,0.03587187847677707,-0.0509743570394771,0.22382685436779448,-0.1285311075926095,-0.6074792067400387,-0.24801020306449892,0.47043572979640125,0.1413297033524178,-0.8710007425363993,0.0056530816974282305
641349707,0.035360760182171845,-0.05340304177460935,0.22284212959170974,-0.12702803971000368,-0.6068631608260846,-0.2443521849778772,0.47007136489210855,0.14081228032081206,-0.8712880041890225,0.006565777992448452
641349711,0.03485479435546776,-0.05583043047632735,0.22187138193825862,-0.12595487364203894,-0.6068311900329192,-0.2410216417476882,0.46935561555122285,0.14028931006486695,-0.8717340770254975,0.007432012092472184
641349715,0.03435091049280798,-0.058257930734407055,0.22091330437422146,-0.1259870576878498,-0.6069189390069316,-0.23801714027088608,0.468070847286529,0.13977744450264223,-0.87252416066272,0.008183401138961377
641349719,0.03384404664152443,-0.060685858636532995,0.21996700695683372,-0.12744486795392393,-0.607045012056038,-0.23513156842298846,0.46646100850889266,0.13927857430999602,-0.8734504782062232,0.008870530490470374
641349723,0.03332970738238253,-0.06311452214809779,0.21903237769127482,-0.12972476161702942,-0.6072867437263565,-0.23218306435646757,0.46646100850889266,0.13927857430999602,-0.8734504782062232,0.008870530490470374
641349727,0.032804875873751554,-0.06554470821688034,0.21810991585982165,-0.13269099269845883,-0.607806290664916,-0.22904785137011868,0.46458800814193213,0.13885639663598803,-0.8745275375662718,0.009528230494316725
641349731,0.03226623321221255,-0.06797812503369143,0.21720056660280002,-0.13663033807104102,-0.6089021177406253,-0.22562677714069249,0.4625852925092468,0.13842053624324757,-0.8756223199169106,0.010166731290215836
641349743,0.03053067720805256,-0.07532780050205193,0.2145639407691507,-0.15262899595562426,-0.616043793652791,-0.21381086180085865,0.4590888507435152,0.1377729797619467,-0.8775617295748515,0.011543548459530095
641349747,0.029906839642819455,-0.07779969610202132,0.21371830046754936,-0.15928978666092936,-0.619904006331905,-0.2090092889998094,0.457791216569314,0.13768697263776453,-0.8782471927100501,0.0122243435812317
641349751,0.029255156597280434,-0.0802887855445071,0.21289333284402726,-0.16655173610858137,-0.6246407149109806,-0.2034745227612444,0.45689946300204687,0.13766176797270835,-0.8787042445056443,0.01291637844492946
641349755,0.02857397003075203,-0.08279831771088354,0.21209146636052062,-0.17404154715562062,-0.6301253682772439,-0.19745871899207795,0.45659003014804667,0.13772144720272855,-0.8788503415928779,0.01364400458312498
641349759,0.027863245556594717,-0.08533092285207954,0.21131487051658163,-0.1813206899230353,-0.6361772023207526,-0.1908392029774228,0.4569522584954833,0.1378749132689705,-0.878622904463592,0.01441864987403263
641349763,0.0271239919183727,-0.08788819060463715,0.21056577379233654,-0.18830612918797268,-0.6424566739580551,-0.1837091591451186,0.4569522584954833,0.1378749132689705,-0.878622904463592,0.01441864987403263
641349767,0.026357644208197348,-0.09047029049107519,0.20984615711996027,-0.19486772589970378,-0.6485932692609672,-0.17609917704301495,0.45797351683943865,0.13797390831179163,-0.878063709603305,0.015275834808226585
641349779,0.023928448902312285,-0.09834571051281554,0.20787842368378084,-0.20999815841447358,-0.6639767343624247,-0.1518563956535544,0.46249196297442713,0.1385094445769356,-0.8755647483713564,0.017520796312138154
641349783,0.023081241304956056,-0.10100982929772169,0.20728740489866737,-0.21360564026364037,-0.6680826580906497,-0.14365299690318706,0.46249196297442713,0.1385094445769356,-0.8755647483713564,0.017520796312138154
641349787,0.022220973402425973,-0.10368950637526236,0.20672913501121154,-0.2165283110014004,-0.6717558806796841,-0.13548194682473091,0.46387929528188654,0.13873053536863766,-0.8747768553103004,0.018080601218083664
641349791,0.021350656888932434,-0.10638285284462597,0.2062028561353071,-0.21862994574536831,-0.674917354002119,-0.1276574911274923,0.4649274217131061,0.13897500627662474,-0.8741689350321921,0.018510580956949185
641349795,0.02047309071712553,-0.10908792444589184,0.20570640854718686,-0.22015314015808468,-0.6776184466308189,-0.12056630293261844,0.4655040135853871,0.1392598957364352,-0.8738194962221344,0.018794900419900062
641349799,0.019589509977722876,-0.11180367309118344,0.20523698291835507,-0.22163722954324108,-0.6802558760149815,-0.11414651148326915,0.4657002797099393,0.13961227673616516,-0.873641513771358,0.01894536003211786
641349803,0.018699659864970047,-0.11453023944342464,0.2047926189714257,-0.22328782683317408,-0.6830273001056139,-0.1080354619814161,0.4657002797099393,0.13961227673616516,-0.873641513771358,0.01894536003211786
641349807,0.01780275799716857,-0.11726834852487637,0.20437267759501385,-0.22516310706756565,-0.6860272406202564,-0.10193522622450671,0.46550770366309585,0.14003618395946765,-0.8736761075513515,0.019006071217236853
641349811,0.016897333300928994,-0.12001944536786972,0.2039775273918139,-0.22754924105222243,-0.6895211808764204,-0.09563987537546746,0.46506488968121523,0.14051681984081132,-0.8738462646530849,0.018950253436530173
641349815,0.015980763850371386,-0.12278608139457899,0.20360812738192424,-0.2307354842265807,-0.6937968324782137,-0.08906012956936613,0.4645790875048059,0.14102339709883854,-0.8740323509317622,0.01889002842520321
641349819,0.015049721119556258,-0.1255720579443094,0.20326563580701174,-0.2347858811809838,-0.6991914423869912,-0.08218565788688058,0.46421857939298966,0.141620446456448,-0.8741040550465117,0.018783431561519265
641349823,0.014101466903502672,-0.1283812453061354,0.2029510218344057,-0.239341226845809,-0.7054022385260079,-0.07512132841613549,0.46421857939298966,0.141620446456448,-0.8741040550465117,0.018783431561519265
641349827,0.013134701815983472,-0.13121709312720847,0.20266508861633084,-0.24404131691379102,-0.7125216720105223,-0.06784528062129326,0.4639514380706897,0.14243617343278053,-0.8741529779142256,0.018548297611894027
641349831,0.012149443789728683,-0.13408418996709254,0.20240920560496042,-0.24858769621360358,-0.7210267479315152,-0.060096225063920955,0.4640001662826133,0.14335606919793914,-0.8739612363725884,0.018356708814513234
641349835,0.011146519293531169,-0.13698656787396776,0.20218533197172553,-0.2528745518851536,-0.730162205506095,-0.051840591553529144,0.46441141435997524,0.144387154399518,-0.8735751827152409,0.01817382085154795
641349839,0.010126485930784072,-0.1399245688709716,0.20199504583025746,-0.25714212948839416,-0.7388382929958177,-0.04330247918050775,0.46517366035645186,0.14550909262995304,-0.8729777701243385,0.01793070415178616
641349843,0.009089205587730173,-0.14289613483647354,0.20183912352675196,-0.26149804203855537,-0.7469446897551534,-0.03465867257224185,0.46517366035645186,0.14550909262995304,-0.8729777701243385,0.01793070415178616
641349847,0.008034888589509846,-0.14589913230064658,0.20171795441198342,-0.2656604570716082,-0.7545540423313664,-0.025925884812025835,0.46638553421883666,0.146556140537703,-0.87217039471964,0.01780805703339397
641349851,0.006965189774414366,-0.14893084426202394,0.20163197271345865,-0.2691889504761316,-0.7613019383573175,-0.017064964450361673,0.4679020537066949,0.14765919715648018,-0.8711983107126013,0.01761816053061105
641349855,0.005882731411305802,-0.1519874930847892,0.20158133027110345,-0.2720402310781503,-0.7670224730253179,-0.008256256727239227,0.4695753335073513,0.14880644809059185,-0.8700788685468456,0.017317369834879193
641349859,0.004789616055578974,-0.15506536306810897,0.201565241393416,-0.2745174467852642,-0.7719125186345692,0.00021181788351986273,0.4714438800753208,0.1499845030706745,-0.8688813703405521,0.016913083728964107
641349863,0.00368679673092302,-0.15816197224293313,0.20158242942810692,-0.2768922155427128,-0.7763920687775074,0.008382199461939691,0.4714438800753208,0.1499845030706745,-0.8688813703405521,0.016913083728964107
641349867,0.0025747018938293833,-0.1612760558810505,0.20163157933693174,-0.27915520300410573,-0.7806497502811864,0.016192754950474075,0.47341469078574727,0.15115149713130543,-0.8676061141312945,0.01643312588310042
641349871,0.0014540079565269336,-0.16440668753817436,0.2017105043659104,-0.281191765647119,-0.7846660782807349,0.02326975953885258,0.47535506440896524,0.15234891430863357,-0.8663497786511265,0.015863529511493335
641349899,-0.00661503606160324,-0.1867527320507111,0.2027690996471527,-0.295168521362179,-0.8114799583290324,0.05234418912131168,0.4842579440839526,0.1601696586711463,-0.8600509333546764,0.01146385228096991
641349903,-0.0078002145876756,-0.19000596286997065,0.20298030842816703,-0.2974207416740006,-0.8151354513007362,0.05326020138584625,0.4842579440839526,0.1601696586711463,-0.8600509333546764,0.01146385228096991
641349907,-0.008994505040908266,-0.19327311919275975,0.20319300099137022,-0.29972448494233217,-0.8184427100938139,0.053086080215756316,0.48544514509207665,0.16171513716612118,-0.85910613282477,0.010637740557930764
641349911,-0.010196711407263921,-0.19655322151151888,0.20340387427013457,-0.30137869823549485,-0.821608449285758,0.052350559166409946,0.4866012523989627,0.16328244784473311,-0.858176138242702,0.009874282852443739
641349923,-0.013816069639579522,-0.2064708609475868,0.20400342780630862,-0.30184767381710526,-0.8313314567255581,0.0475750301959323,0.4890781812032795,0.16653155381630097,-0.8561495060260991,0.008502924427564285
641349927,-0.015020541126355529,-0.20980153488441397,0.20418897556311305,-0.3003880695708981,-0.8340055116880266,0.045198848206277537,0.49046980059496237,0.1682485659740527,-0.8550080863833891,0.007883874308815209
641349931,-0.016216759062244842,-0.21314029290795306,0.20436469167879331,-0.2977208983737589,-0.8353735000815212,0.04265920963385542,0.4919796133060462,0.1699589244429729,-0.853831896932244,0.007215093826801244
641349955,-0.02304576207802985,-0.23316905795042103,0.20512505193482272,-0.2713626862749919,-0.833690253457476,0.020704145035262595,0.5009597135849977,0.177215883235197,-0.8471323969314403,0.003635426931363983
641349959,-0.024120460342707747,-0.23650115022012158,0.2051973265337726,-0.2659864460639566,-0.832355881392804,0.015433154439680788,0.5024514829150996,0.17833193801765485,-0.8460055643652256,0.002781485949885698
641349963,-0.025174138947014965,-0.23982745795993146,0.2052472252035434,-0.26085285608965203,-0.8307979885121425,0.009516180445731638,0.5024514829150996,0.17833193801765485,-0.8460055643652256,0.002781485949885698
641349983,-0.030212715815783938,-0.256418477156818,0.20512921835309195,-0.24300483078724533,-0.8283039311765095,-0.02131686549087676,0.5079935633123258,0.18169015088809715,-0.8419805743840845,-0.0004102645533688998
641349987,-0.03118260432241244,-0.25973362146832407,0.20503158762725826,-0.2419394225270052,-0.8292682245765305,-0.027498497425970134,0.5093585511840686,0.18247185966950025,-0.840978712697969,-0.0011212294598302308
641349991,-0.03215183456411995,-0.26305325537780294,0.204909550252847,-0.24267569832675134,-0.8305487301629101,-0.03352018977966757,0.5108003284366611,0.18325798965203477,-0.8399112799515491,-0.0017355351929537743
641350019,-0.039078055104297224,-0.28639532069740675,0.20341409842901537,-0.2520543402573399,-0.8367416498087918,-0.0732977976368773,0.5212774435070106,0.18922639696511462,-0.8321154664320719,-0.004414206562238621
641350023,-0.040088727254143315,-0.2897430174931134,0.20311018515135282,-0.25328173466570497,-0.8371067480445322,-0.07865884119439082,0.5212774435070106,0.18922639696511462,-0.8321154664320719,-0.004414206562238621
641350027,-0.04110402224106341,-0.2930911863751155,0.20278560362855547,-0.2543657587943404,-0.8369776929565369,-0.0836319202042783,0.5235927614370183,0.1903119466705424,-0.8304274933790348,-0.00473107079686419
641350031,-0.04212288323385694,-0.29643726877417154,0.202441666237122,-0.2550647376024248,-0.8360635065714704,-0.08833677551245092,0.5261115784909436,0.19139122920461688,-0.8285980595857692,-0.005045117645051389
641350035,-0.04314370866388455,-0.299778089837272,0.20207815220080438,-0.2553479774113785,-0.8343470249787497,-0.09342024264636259,0.5286496832327208,0.19239530661381904,-0.8267144881986184,-0.005340323861747043
641350039,-0.04416464351011322,-0.30311089905162,0.20169342934484813,-0.25511944570295764,-0.8320575821952387,-0.09894118533176575,0.531139567357817,0.1933463696582416,-0.8249020127432931,-0.00564292327300403
641350043,-0.0451840387501194,-0.30643398612983974,0.20128629727389946,-0.25457817430013185,-0.8294859569146573,-0.1046248501425679,0.531139567357817,0.1933463696582416,-0.8249020127432931,-0.00564292327300403
641350047,-0.046201171428303545,-0.30974624915424603,0.20085630997416298,-0.25398816479193936,-0.8266455552884915,-0.11036879972566459,0.5335389877656378,0.19422146851334637,-0.823140222302836,-0.00596105975552208
641350051,-0.047216326949903395,-0.3130461319241189,0.20040275517486,-0.2535895960079864,-0.823295829647943,-0.11640859992582951,0.5357782697910365,0.19505244756251017,-0.8214857933787127,-0.0062794747168979925
641350055,-0.04823059207968928,-0.3163316913149775,0.1999240424496599,-0.25354296888495453,-0.819483865781362,-0.1229477626742277,0.537877079257037,0.19588005413025478,-0.8199328229642302,-0.0065714816865141135
641350059,-0.04924529594602611,-0.3196017875403945,0.1994188129828626,-0.253808964283461,-0.8155642469271168,-0.12966697072442412,0.5397468207694033,0.19664649407421297,-0.8185075504736457,-0.0068522451886645075
641350063,-0.05026150035841348,-0.3228563167007568,0.19888681104476227,-0.2542932419102238,-0.811700333254067,-0.136333998325738,0.5397468207694033,0.19664649407421297,-0.8185075504736457,-0.0068522451886645075
641350067,-0.05128046403280492,-0.326095346363413,0.1983286875606085,-0.2551885952854983,-0.807814498074005,-0.1427277437511472,0.5415128023632398,0.1973813792900615,-0.8171663115396853,-0.007059577820873075
641350071,-0.0523046586095986,-0.3293183148992235,0.19774599989274697,-0.25690869311133885,-0.8036697698312494,-0.14861609017963062,0.5432251129782674,0.1981558941895309,-0.8158135646299127,-0.007185713841611707
641350075,-0.05333689951402227,-0.3325242033487425,0.1971408219701886,-0.2592117591004958,-0.7992744549282572,-0.15397287109955107,0.5449422974389913,0.1989729502271682,-0.814494538808863,-0.007198436320536683
641350079,-0.05437782052836556,-0.33571328388181826,0.19651554197103022,-0.2612487480711498,-0.7952658116096126,-0.15866712847963374,0.5466314682305276,0.1998395876092839,-0.8131373129531789,-0.006995467144679635
641350083,-0.05542596920154451,-0.33888739259844924,0.19587244538460297,-0.26282558851832477,-0.7917885467058831,-0.16288116473398642,0.5466314682305276,0.1998395876092839,-0.8131373129531789,-0.006995467144679635
641350087,-0.05647954174645518,-0.3420484352365618,0.19521308768911905,-0.26396068393700783,-0.7887327723503974,-0.16679768300797201,0.54832110563714,0.20076469530651148,-0.8117878668095343,-0.006636096232480404
641350091,-0.057536444869801195,-0.34519773865967507,0.19453879328223192,-0.26449087773599994,-0.7859189392062395,-0.17034952043559548,0.5500138230758024,0.20171755216458048,-0.8103854146834168,-0.0061236876830513265
641350095,-0.05859403000050752,-0.3483348994518005,0.19385110309174203,-0.2643016876171645,-0.7826614568564758,-0.17349557480935748,0.5516606548359,0.20269403501993277,-0.8090373926005539,-0.0054618980448740695
641350099,-0.059648636906441385,-0.351457258096348,0.193151529234957,-0.26300176534976816,-0.7785178654172522,-0.17629135358316125,0.5531488439896486,0.20366901371690554,-0.8077904564803645,-0.0047981460155478994
641350103,-0.060696396931912346,-0.35456174335051116,0.19244107989067813,-0.26087824738571364,-0.7737247616643305,-0.1789333185562636,0.5531488439896486,0.20366901371690554,-0.8077904564803645,-0.0047981460155478994
641350107,-0.06173428347406868,-0.35764611599620477,0.19171970851278486,-0.2580650236924554,-0.768461561182479,-0.18175237039036937,0.554514366466289,0.2044619389561192,-0.8066678346262449,-0.003982826978144394
641350135,-0.06851989088790891,-0.3786581525824614,0.1863070643837646,-0.2266212201532759,-0.7323981949787085,-0.20486506739679186,0.55712203504049,0.2074115078524993,-0.8040838199903498,-0.00047471424730233247
641350139,-0.06941539827557874,-0.3815784840519416,0.18548100761715072,-0.2211324736816419,-0.7277675397614006,-0.2081633159101446,0.55712203504049,0.2074115078524993,-0.8040838199903498,-0.00047471424730233247
641350143,-0.07028937091823174,-0.3844805021052115,0.1846424688199821,-0.215853847644861,-0.7232414868735462,-0.21110608267416908,0.5574825710933287,0.2075577846936445,-0.8038064457342323,-0.00011769503783254365
641350147,-0.07114368876302339,-0.3873637777706753,0.18379298933679117,-0.2113050747509591,-0.7183963458583569,-0.21363365892128586,0.558091746854716,0.20772305956737463,-0.8033695207885334,0.00009649711540704597
641350163,-0.07447770274367836,-0.39869524536891404,0.18030398748214427,-0.2054466728309124,-0.6980371039214848,-0.22249157290957597,0.5629831832876518,0.20792189906010183,-0.7998615272727208,0.0006822797213653642
641350167,-0.0753044753411508,-0.4014785215376409,0.17940922196517603,-0.20793962590530474,-0.6936009804419562,-0.22489118557454657,0.5655155349728903,0.20791505444094954,-0.7980765234307465,0.0011888756067409134
641350171,-0.07614671953856779,-0.40424675299629054,0.17850373196201177,-0.21318247280318922,-0.6905147488828636,-0.22785381600758384,0.5684405455732021,0.20801679981175508,-0.7959852841191166,0.001835675817698612
641350175,-0.07701299321407921,-0.40700659300948183,0.17758435582087845,-0.21995436495252668,-0.6894052577127766,-0.23183425455907583,0.5716170719446478,0.20827603196194439,-0.7936144352695669,0.002692821634461051
641350179,-0.07790600309678967,-0.4097668378657283,0.1766469350144813,-0.22655057640270143,-0.6907171704104587,-0.23687614863949832,0.5750143184235635,0.2086867594049197,-0.7910717854547915,0.0037811021091573305
641350183,-0.07882413032031216,-0.4125355497346946,0.17568816966292408,-0.2325130353585412,-0.6936387640726664,-0.24250652713912024,0.5750143184235635,0.2086867594049197,-0.7910717854547915,0.0037811021091573305
641350187,-0.07976497245157217,-0.415317182863893,0.17470656633265297,-0.23790803027146354,-0.6971778005265561,-0.2482951379964344,0.5784499418969231,0.20919821423411328,-0.7884202122205229,0.005116913033807624
641350191,-0.08072611478679471,-0.4181124027423603,0.17370152882564546,-0.2426631373398063,-0.7004321387070838,-0.2542236155073153,0.5820146985313713,0.20971813891860275,-0.7856356285426062,0.006664212352084142
641350199,-0.08269665127813758,-0.42372043335054194,0.1716142111296896,-0.24997098549590857,-0.7015755133383265,-0.26760580848165105,0.5854193968809954,0.21033771991677974,-0.7829136383433595,0.008260943996051984
641350203,-0.08370135126475467,-0.426522220718897,0.17052876271935588,-0.25237900781263856,-0.6993181708392066,-0.27511839668521676,0.5884296480901046,0.21097431699767727,-0.7804775611767152,0.009766809572019863
641350207,-0.08471369616373406,-0.4293128529597072,0.16941290654239177,-0.2537934416770585,-0.6959979495658942,-0.2828096917968422,0.5909668829347137,0.21154785677893068,-0.7783769588284358,0.01123333325689907
641350211,-0.0857286372345364,-0.43208978890847843,0.1682664760358738,-0.25367709372411107,-0.6924700248196969,-0.29040556146213936,0.5930596701789917,0.21200974609689205,-0.7766173561700427,0.012749781029466223
641350215,-0.08673950337763203,-0.4348537423307929,0.1670893517039362,-0.2517559778237052,-0.6895066863375183,-0.29815660450665943,0.594733578652655,0.2124274187467009,-0.7752125160178664,0.014302092035817116
641350219,-0.08773952672791469,-0.4376073658829297,0.16588040048438787,-0.2482556973176182,-0.687305089730897,-0.3063190052675045,0.5959759631802742,0.21271347707262056,-0.7741334970607712,0.015817227511692733
641350223,-0.08872389271424944,-0.44035319934859685,0.16463836591466324,-0.24392729584975484,-0.6856116431026779,-0.3146982795948149,0.5959759631802742,0.21271347707262056,-0.7741334970607712,0.015817227511692733
641350227,-0.08969023985891975,-0.4430929090020329,0.16336356383223324,-0.23924627648539712,-0.6842431836153534,-0.32270276162018685,0.5969566157675553,0.21291420724120547,-0.7733144302008791,0.017364022960196235
641350231,-0.09063733463022541,-0.4458272203504614,0.16205891025296065,-0.23430110916743535,-0.6829124905988968,-0.3296240280161137,0.5977941767902596,0.2130018880326371,-0.7725912029109971,0.018930876337406144
641350235,-0.09156446808167232,-0.4485547808721338,0.16072898592857277,-0.22926561655601488,-0.6808677702373004,-0.33533813417783076,0.5985682586038795,0.21297987795782342,-0.7719709159363174,0.02042066185490843
641350255,-0.09594810684466261,-0.46199983118876786,0.15380138474887226,-0.2090982597430141,-0.6636372614261076,-0.35742198379221984,0.6025074184206478,0.2115649715865972,-0.7690996266086554,0.0262674689065735
641350259,-0.09678061501080777,-0.4646454278952776,0.1523647061516876,-0.20715582332956956,-0.6591610918287584,-0.3609173148001069,0.6038035344659582,0.21101059189585952,-0.7681973308935879,0.027599541322409438
641350263,-0.0976082208174056,-0.46727268264228977,0.15091449826762732,-0.20664707996934187,-0.6544662816773338,-0.3641866272300291,0.6038035344659582,0.21101059189585952,-0.7681973308935879,0.027599541322409438
641350283,-0.10183435893007317,-0.480202483465365,0.14347610269648955,-0.21596673129741537,-0.6385138006301884,-0.3796529298837472,0.6112863750038807,0.20866384310960878,-0.7626892807990674,0.0331054241249491
641350287,-0.10270845466971237,-0.48275507655167266,0.1419518128987281,-0.22108113852218805,-0.6377827425236618,-0.3824919689969767,0.6136513618269039,0.20816226915734903,-0.7608444067967521,0.034652010947151035
641350291,-0.10360591236485558,-0.48530803643094983,0.14041706080217786,-0.22764770904941625,-0.6386971971149139,-0.38488407927814067,0.6165687678122506,0.20769745255159394,-0.7585377012212553,0.03633123473466687
641350319,-0.11041143225699301,-0.5033448229579869,0.12950960499729164,-0.25846085467468555,-0.6496446976734465,-0.39421990678516183,0.6345761598258379,0.20625247605192187,-0.7433711493403452,0.04630806207116034
641350323,-0.1114479392762809,-0.5059463757585572,0.12793191673912688,-0.25979265496925374,-0.6511317026117083,-0.3946242222972151,0.6385556450576877,0.2060376477747361,-0.7398895964141521,0.048377856647998985
641350327,-0.11248755468968946,-0.5085538065043155,0.12635257638505037,-0.2600150517350304,-0.6525836702674277,-0.3950459547410316,0.6425807319010401,0.20576615696659578,-0.7363313286165025,0.050448694356345414
641350331,-0.11352614351799316,-0.5111667888965161,0.12477044048298709,-0.25927936241682126,-0.6539075258329007,-0.3960219962906133,0.6465676103274512,0.2054802327575843,-0.7327967613255298,0.05247026831650303
641350335,-0.11455969671534329,-0.5137846629484747,0.12318374474391548,-0.25749723625824517,-0.6550295001463824,-0.39732587324519375,0.6504788170139137,0.20511655054560868,-0.729273254954009,0.05438957813420364
641350339,-0.11558455059009232,-0.5164066634940399,0.12159216993870174,-0.2549297011162718,-0.6559707726361951,-0.39846152936167917,0.6543966718010035,0.2047306636030291,-0.7257330743116102,0.05626440398130289
641350343,-0.11659856778816102,-0.5190323026928799,0.11999642542863692,-0.252078897918079,-0.6568488267838194,-0.39941072567073405,0.6543966718010035,0.2047306636030291,-0.7257330743116102,0.05626440398130289
641350347,-0.11760111463237094,-0.5216611683696077,0.1183966839334903,-0.24919452418687954,-0.6575840115800652,-0.4004600219025782,0.6583266995602417,0.20423330595106914,-0.7221476506341645,0.05804615269415264
641350351,-0.11859221802208524,-0.5242922256166115,0.11679204236098499,-0.24635717067026675,-0.6579446119218167,-0.4018607643500762,0.6623637712395243,0.2036845126021025,-0.7184922402834877,0.05970737314948549
641350355,-0.11957240000431536,-0.5269240151189128,0.11518141442846877,-0.2437338204447946,-0.6579501392288608,-0.40345320190803535,0.666506093025205,0.20306949157880216,-0.7146801161883833,0.061287689442717286
641350359,-0.12054311331370213,-0.5295554944269701,0.11356483227982539,-0.24162283424858794,-0.657789514799784,-0.4048378724136527,0.6708659552299916,0.2023549027217188,-0.7106568427173932,0.06277811853510518
641350363,-0.12150642541860517,-0.5321862988733442,0.1119432045709709,-0.24003321820293097,-0.6576127083872484,-0.4059759820135954,0.6708659552299916,0.2023549027217188,-0.7106568427173932,0.06277811853510518
641350367,-0.12246444275842396,-0.5348162238284954,0.11031711799999322,-0.23897545170646556,-0.657349769188293,-0.4070673034752436,0.6755116168405558,0.20161006211954302,-0.7063272508850472,0.06421087176878809
641350371,-0.12341991482639361,-0.5374447291630786,0.1086865000626111,-0.23876058227836533,-0.6569028981033377,-0.40824166521581695,0.6804864385983932,0.20078458279498046,-0.7016572414674511,0.06558848805134676
641350375,-0.12437643733612247,-0.5400714074326635,0.1070508027675526,-0.23950067258606011,-0.6564362366890648,-0.40960698231342807,0.6857630634483455,0.1999366370255695,-0.6966127292112212,0.06697436649426725
641350379,-0.12533808363679602,-0.542696809170408,0.1054094763740319,-0.24132247775070945,-0.6562646321831904,-0.4110562144469252,0.6857630634483455,0.1999366370255695,-0.6966127292112212,0.06697436649426725
641350383,-0.12630804894057607,-0.5453219239995791,0.10376252526999039,-0.24366017413931004,-0.6562927824023957,-0.41241933757383614,0.6913166732428346,0.19909029786495402,-0.6912100158402686,0.0683885454675402
641350387,-0.12728757849673314,-0.5479471507291043,0.10211058665400286,-0.24610460393921957,-0.6563205823601939,-0.4135499704199294,0.6971231949282172,0.19822074716555602,-0.6854290629846027,0.06984732669507665
641350391,-0.12827832117763924,-0.5505727686445668,0.1004546997504765,-0.2492667365138327,-0.6564883753711083,-0.41439348134325293,0.7031800150875189,0.1973587060816465,-0.6793306563387359,0.071354074275989
641350395,-0.12928369252190436,-0.5531997123001283,0.09879593666557791,-0.253418935618732,-0.656983452409646,-0.41498806110603825,0.7093971226480293,0.19654754094292567,-0.6729025428329216,0.07294109362052564
641350399,-0.13030712027544675,-0.5558295179655208,0.09713540873943753,-0.2582949411524599,-0.6579193802866025,-0.4152759019641538,0.7156999830694168,0.19571569479069606,-0.6662383956765567,0.07461878903410912
641350403,-0.13135091517161748,-0.5584637054701372,0.09547411774105176,-0.26360250693291126,-0.6591743720215791,-0.4153695972287338,0.7156999830694168,0.19571569479069606,-0.6662383956765567,0.07461878903410912
641350407,-0.13241609606108928,-0.5611035995755406,0.09381296210517877,-0.26898793780298724,-0.660772680680092,-0.4152082207077635,0.7220511386168789,0.19494024107286986,-0.6593919799165593,0.07634387428463696
641350411,-0.1335023320764927,-0.5637511472404257,0.09215334973814164,-0.27413006989871974,-0.6630011517625047,-0.41459796281079986,0.7283979614431139,0.19418409460161135,-0.6524084501080716,0.07815194437207668
641350415,-0.1346084817961168,-0.5664089877116618,0.09049713838282782,-0.27894478991333477,-0.6659190838555558,-0.41350771484611093,0.7346807890827154,0.1935176807242055,-0.6452970873274102,0.080016387335204
641350419,-0.1357330179137143,-0.5690794413089733,0.0888466482872213,-0.2833232688854111,-0.6693077148001638,-0.41173733295714493,0.7408743507435404,0.19284574197527826,-0.6381371313831008,0.08190939906250005
641350423,-0.13687462210460344,-0.571763965473775,0.08720429352440498,-0.28747882655915014,-0.6729543676006908,-0.40944004845101767,0.7408743507435404,0.19284574197527826,-0.6381371313831008,0.08190939906250005
641350427,-0.13803195527354448,-0.5744631363420295,0.08557209818946743,-0.291187757911365,-0.6766310665265604,-0.4066576190177604,0.7469757349710414,0.1922268231793351,-0.6308963653447998,0.08387620861850043
641350431,-0.13920222003309943,-0.5771766754833667,0.08395209695054186,-0.2939446218661126,-0.6801385041420595,-0.40334300044502747,0.752987480672799,0.19162682511248125,-0.6236251761898013,0.08587345526170925
641350435,-0.1403817611401211,-0.5799037140958049,0.08234556035755239,-0.295825931644725,-0.6833808020770257,-0.39992529604970506,0.7588428246382142,0.19101904733358793,-0.6164124573499151,0.08787116851999438
641350439,-0.1415680333039831,-0.5826433875301043,0.08075233701617464,-0.2973101502862787,-0.686455915072658,-0.39668637463916984,0.7588428246382142,0.19101904733358793,-0.6164124573499151,0.08787116851999438
641350443,-0.14275953499983982,-0.5853950615025287,0.07917182232267715,-0.2984406976420819,-0.6893810711395771,-0.3935709721095721,0.7645039309973127,0.19036461084117298,-0.609263739284867,0.08981821632212716
641350447,-0.14395416302198644,-0.5881579082556737,0.07760350768837711,-0.2988733134312325,-0.6920423054328919,-0.3905863450404497,0.7699392589924964,0.18970641534986046,-0.6023231706612528,0.09173912436631643
641350451,-0.14514945960230116,-0.5909309289292685,0.07604622501385684,-0.298774976726129,-0.6944680313644871,-0.3880549922196843,0.7750394297656045,0.1890192561945941,-0.595677404040875,0.09359764662676978
641350455,-0.14634405225381372,-0.593713258980149,0.07449779647556275,-0.2985213490301489,-0.6966969940758234,-0.3861592769273629,0.7797821640766398,0.188293107205123,-0.5893931281249392,0.09537046073198219
641350459,-0.1475380047063965,-0.596504201300471,0.07295584268886438,-0.298454877261243,-0.6987741660851626,-0.3848176164218229,0.7841570771788955,0.18751383301814953,-0.5835359083855448,0.09710130555862068
641350463,-0.14873224871128715,-0.5993033565218193,0.07141863443425714,-0.2986671251840886,-0.7008034445889869,-0.3837865108817966,0.7841570771788955,0.18751383301814953,-0.5835359083855448,0.09710130555862068
641350467,-0.14992758494691924,-0.6021105708298415,0.0698851456229769,-0.2990009926319522,-0.7028037094221138,-0.38295789475832126,0.7881337319851631,0.1867118567503712,-0.5781246655517814,0.09870054258094202
641350471,-0.1511241976312831,-0.6049256636598757,0.06835435982214753,-0.29930534954998234,-0.7047427055949617,-0.3824350056563622,0.791725518764806,0.18592568485630276,-0.5731520008408832,0.10023747391712534
641350475,-0.1523219602701913,-0.6077484685495746,0.06682519626233592,-0.29957596990412205,-0.7066597392545573,-0.3821467742494434,0.7949917274362641,0.18510933758927017,-0.5686268032234842,0.1017405798514347
641350479,-0.15352083019918833,-0.6105789711314076,0.06529723122015141,-0.299858994594403,-0.7085915516618918,-0.3818357468428159,0.7980095059568426,0.18430365075369984,-0.5643946137956755,0.1031960919793351
641350483,-0.15472100151224125,-0.613417308566603,0.0637706985830022,-0.3002266619320578,-0.7105771659358132,-0.3814305717317862,0.7980095059568426,0.18430365075369984,-0.5643946137956755,0.1031960919793351
641350487,-0.15592281881101933,-0.6162636484256738,0.062246055424737705,-0.30068198745698765,-0.7125927635995815,-0.3808910074004643,0.8008159395143772,0.18345599650229064,-0.5604198375574891,0.10464916485596887
641350491,-0.15712647688205025,-0.6191179914830262,0.06072414254289636,-0.30114704805848097,-0.7145787650765548,-0.380065433520209,0.8035048503370517,0.1825627266688676,-0.5565546637056435,0.10610823480740478
641350495,-0.15833187838287507,-0.6219799760757951,0.05920630452908996,-0.30155370235393314,-0.7164135313079194,-0.37885357338299197,0.8061373966663451,0.18159603155370732,-0.5527835356101617,0.10760215466487394
641350499,-0.15953902276671694,-0.6248487642553429,0.05769420114337418,-0.3020184895669975,-0.7179805584659502,-0.3771981194748962,0.8061373966663451,0.18159603155370732,-0.5527835356101617,0.10760215466487394
641350503,-0.16074794903089956,-0.6277232511656706,0.05618934092301072,-0.3024446425243068,-0.7192628966979518,-0.37523199070683455,0.8087662808589525,0.1805963744142693,-0.5489501260440948,0.10913532607079224
641350507,-0.16195789639237293,-0.6306024057018207,0.05469282824287859,-0.30252903821238036,-0.7203143713770982,-0.37302434935923195,0.8114574409339405,0.1794955707732754,-0.5450466497071986,0.11069174533882226
641350511,-0.16316728593835236,-0.6334858048893529,0.05320573455291272,-0.3021657347773411,-0.7213852223889932,-0.3705224956237031,0.814147179742249,0.17835552955434375,-0.541038276252156,0.11228592037922869
641350515,-0.16437443408330607,-0.6363741314053547,0.05172971271819958,-0.3014083376995173,-0.7227780356118797,-0.367488421732867,0.8169525673741738,0.17710253582047003,-0.5368783413772402,0.11386401163569976
641350519,-0.16557820091142975,-0.6392685220072502,0.050268319136841245,-0.30047507636231724,-0.7244172653358557,-0.3632083689462988,0.8197995219339477,0.1757843631319751,-0.5325975802072338,0.11548426589516758
641350523,-0.1667782805998553,-0.6421696271765759,0.04882625116792499,-0.2995647678504588,-0.7261353193270177,-0.3578256155118308,0.8197995219339477,0.1757843631319751,-0.5325975802072338,0.11548426589516758
641350527,-0.16797476647722379,-0.6450772182719129,0.047407700534812705,-0.29867817083378406,-0.7276602283414794,-0.3514497010443091,0.8227410438158393,0.17441365107608336,-0.528132668140044,0.11710921983462474
641350531,-0.1691675848095225,-0.6479902262658593,0.046016917637530144,-0.29773099531556424,-0.728843768631747,-0.34394174759697027,0.8257096247153157,0.17301259041288788,-0.5236088387013815,0.1187126396280187
641350535,-0.17035654705430037,-0.65090826192772,0.04465726654244542,-0.296750127073381,-0.7301740622985875,-0.3358837999453899,0.8285436360620868,0.1716348437388908,-0.5192061335953835,0.12030172008865059
641350539,-0.17154176139222807,-0.6538326876955189,0.04333069042917858,-0.2958570418904718,-0.732038821600908,-0.32740425668803047,0.8312281973989207,0.17033968700202057,-0.5150046317926185,0.12181463239050033
641350543,-0.17272375593043293,-0.6567653936680399,0.042038707427994766,-0.2951402272119534,-0.7343141646595532,-0.318587243903876,0.8312281973989207,0.17033968700202057,-0.5150046317926185,0.12181463239050033
641350547,-0.17390348843512782,-0.6597075689785646,0.04078256383694347,-0.2947260251354921,-0.7367734906028425,-0.3094845516217732,0.8336224636194522,0.1691481933214686,-0.5111239618496781,0.1232796528483675
641350555,-0.1762632662784956,-0.665618787323269,0.03838036390547683,-0.29521843570644735,-0.7410310955732483,-0.29106543124488476,0.8375225479162133,0.1673032122119003,-0.5046435595143026,0.12597727102502937
641350559,-0.17744614363414965,-0.6685857609969941,0.03723392408090505,-0.29622024212058196,-0.7424557412893312,-0.28215448104100893,0.8390309049000234,0.16661562555898926,-0.5020942140991618,0.12716650800232843
641350563,-0.17863390584203084,-0.6715576634681548,0.036122613954165037,-0.2976608618200198,-0.7434954942910559,-0.27350058232899693,0.8390309049000234,0.16661562555898926,-0.5020942140991618,0.12716650800232843
641350583,-0.1846583446645818,-0.6864453374400568,0.031063164175003932,-0.30478302043507804,-0.7452719028991425,-0.23244439558711366,0.8432244761092271,0.16515556742672324,-0.4943832239358789,0.1313705366048975
641350587,-0.18587971429423675,-0.6894254163434046,0.030148517157791332,-0.3059017943923957,-0.7447675487747533,-0.22487911301918664,0.844242698195401,0.16495252932967738,-0.4924205440630084,0.1323806818728256
641350591,-0.18710488795426364,-0.6924027442989262,0.029263124425938234,-0.30668503562104743,-0.7438964289860917,-0.21781725290736242,0.8453766492027888,0.16478031483731834,-0.49026153473260126,0.1334244541613675
641350595,-0.18833243982612854,-0.6953762267571932,0.02840474220615621,-0.3070909003114054,-0.7428448001473902,-0.21137385698364922,0.8466904733368108,0.16455594749504104,-0.48781168357321747,0.13452547387960234
641350599,-0.18956088654710043,-0.6983453745717032,0.02757050155118765,-0.307132460174545,-0.741729107107611,-0.2057464705006314,0.848147159919025,0.16433543321977048,-0.48499541291301773,0.135678583114771
641350603,-0.1907891516566014,-0.701310081379264,0.026757633385649814,-0.3070000945759387,-0.7406242966727785,-0.2006876122682868,0.848147159919025,0.16433543321977048,-0.48499541291301773,0.135678583114771
641350607,-0.1920164524755854,-0.7042703008521057,0.025964303103721914,-0.30665031491606914,-0.7394854397480799,-0.19597752869566293,0.8498245414617887,0.16404647834118208,-0.48180381422265217,0.1369348394287087
641350611,-0.19324136096692868,-0.7072256062862631,0.025188710204321136,-0.30580393075556167,-0.7381672773305626,-0.19181892100472647,0.8517081845642307,0.1637272912762169,-0.4781876237539322,0.13827054231473856
641350615,-0.19446183371038334,-0.7101747936647986,0.02442802761382822,-0.3044324409717744,-0.7364264119372356,-0.18852237424173193,0.8537494960627029,0.1633493032607064,-0.4742361074856341,0.13968016690133933
641350619,-0.19567631991041892,-0.7131159503515285,0.023678518745517917,-0.30281065904601284,-0.7341519314277133,-0.1862320599134191,0.8537494960627029,0.1633493032607064,-0.4742361074856341,0.13968016690133933
641350623,-0.19688393691863051,-0.7160472233068343,0.022936924486139442,-0.30099784505978433,-0.7314845462252036,-0.18456506977581869,0.8559714257817437,0.16287027119405587,-0.46995740929445784,0.1411433022715532
641350627,-0.19808363863311532,-0.7189669598333599,0.022201346725946987,-0.29885301218262156,-0.7283837170375955,-0.18322381032040955,0.8583309855268242,0.16231613645294898,-0.4653674583573474,0.14265554119475993
641350631,-0.19927412232669253,-0.721873073591584,0.021470471041535485,-0.29638883460598187,-0.7246731620744601,-0.18221403188534083,0.8607977521812472,0.16165646195017724,-0.4605558932000461,0.14423580440004902
641350635,-0.20045415259081742,-0.724763103381656,0.020742701284439787,-0.2936262974564638,-0.7203417329614823,-0.18167084666250838,0.8633105675035333,0.16091905738546394,-0.455538270452531,0.14585523905618936
641350639,-0.20162293497862607,-0.7276349305169915,0.020015905999842987,-0.29076489644785714,-0.7155718347062563,-0.18172679563589142,0.8658159840430535,0.16011235070257135,-0.45050725743565234,0.14751318016684445
641350643,-0.20278048034533214,-0.7304873577196522,0.019288161501926047,-0.28800778690518036,-0.7106417666241299,-0.1821454533225788,0.8658159840430535,0.16011235070257135,-0.45050725743565234,0.14751318016684445
641350647,-0.2039271648251542,-0.7333200272645496,0.018558578729849194,-0.28533445300585136,-0.705693005824559,-0.18264593271584786,0.8682468660422421,0.15923408706098138,-0.44556991762817055,0.14918152558292225
641350651,-0.20506307380149014,-0.7361328594293867,0.017826941232022574,-0.2826200351621165,-0.7007230765939905,-0.18317281619746165,0.870579518582627,0.1583754007625102,-0.4407544472472871,0.15088442286745957
641350655,-0.20618821902637627,-0.7389258324649476,0.01709305386516509,-0.27995257728095524,-0.6957634411864774,-0.18377086723128025,0.8726985852899611,0.1574810226018601,-0.43623900570358787,0.15258637667680286
641350659,-0.20730343444353475,-0.7416990061699661,0.016356968191901636,-0.2776551312982844,-0.6908234113227951,-0.18427196940044543,0.8746258983478816,0.15658204628026917,-0.43208624701462517,0.15427258106311387
641350663,-0.20841023886384752,-0.7444524566083421,0.015619256247583667,-0.2757470788581054,-0.6859018078652558,-0.1845840027585397,0.8746258983478816,0.15658204628026917,-0.43208624701462517,0.15427258106311387
641350667,-0.2095098392574887,-0.7471860211599405,0.014880949902814833,-0.27405311796247855,-0.6808804679339288,-0.18456916962587763,0.8762847624436476,0.15575696651232873,-0.42838769199969345,0.15600464691243693
641350671,-0.2106029174897455,-0.749898958931072,0.014143516468915174,-0.2724859981659243,-0.6755884176317836,-0.18414754732395142,0.8776591738909221,0.15499799799779473,-0.42521152513607074,0.15771663620570547
641350675,-0.21169006365684712,-0.7525903866156094,0.013408026611404895,-0.27108708538487974,-0.6701254246369494,-0.1835973814311879,0.8787157981184601,0.1543332484739643,-0.42261516801915716,0.15947269873654402
641350679,-0.21277215679868616,-0.7552600953995297,0.012675001869127801,-0.26995948553463994,-0.6647289673231781,-0.18291498970735937,0.879465317910542,0.15374902963390016,-0.4206260578017088,0.1611872306628625
641350683,-0.21385013513491036,-0.7579084946998401,0.011945049569436579,-0.26902968257746096,-0.6594706828320507,-0.18206116013825163,0.879465317910542,0.15374902963390016,-0.4206260578017088,0.1611872306628625
641350687,-0.2149246205297227,-0.7605361026210775,0.011219281904752196,-0.26821301482871324,-0.654333277786637,-0.18082267220393988,0.8798844108956629,0.15331203017880785,-0.41925422065397666,0.1628825112246584
641350691,-0.2159958688349309,-0.7631433532359619,0.010499870590606789,-0.2674111377753918,-0.6492920296555513,-0.17888298486876414,0.8800120305846979,0.15298779230833684,-0.4184396159753825,0.164604067524041
641350703,-0.21918827200126256,-0.770842794882978,0.00840230295356406,-0.264656056613215,-0.633948244847131,-0.17071162130502401,0.8795218612264672,0.15272487566864335,-0.4181817082296611,0.1679621071601436
641350707,-0.2202440108845566,-0.7733682938327459,0.007726952810887338,-0.2632133850338148,-0.6288012300367688,-0.16696345003333704,0.8790716782655781,0.1527625988431601,-0.4184668566096137,0.16959064500142385
641350711,-0.22129210015066164,-0.7758733521853379,0.007068830549831015,-0.2608312480187026,-0.6237279462592727,-0.16209768049482426,0.878629639181389,0.15282073293463438,-0.4187290551650281,0.17117693974210946
641350715,-0.22232833853298822,-0.7783582045123432,0.006432247436024852,-0.2572879431445846,-0.6186982172433239,-0.15619387640825724,0.8783122179890477,0.1528812103465316,-0.41873563434446637,0.1727508817567351
641350719,-0.22334772479036968,-0.7808231491525299,0.005820947185042753,-0.2524051855461493,-0.6137741028500685,-0.14945624908279218,0.8783148248864496,0.15284119321406517,-0.418119788129634,0.17427925475771766
641350723,-0.22434583949561537,-0.7832686095070633,0.005237420177394657,-0.24665216707669452,-0.6089560744166216,-0.142307254741256,0.8783148248864496,0.15284119321406517,-0.418119788129634,0.17427925475771766
641350727,-0.22531974404678543,-0.7856949633695477,0.004683001562484794,-0.24030010850832964,-0.6042208568255657,-0.13490205271367528,0.8785922308090593,0.15273289846757895,-0.41694006134503653,0.17575914729050984
641350735,-0.22718179804163835,-0.7904882979443084,0.0036655916229418415,-0.22521339020489942,-0.59411278686461,-0.11945043217206286,0.8801246263859188,0.15226522628932138,-0.41263887156209167,0.17865040420423878
641350739,-0.22806568742597588,-0.7928536244100238,0.0032030391737891007,-0.21673130196387042,-0.5885504459931199,-0.11182579240430748,0.8801246263859188,0.15226522628932138,-0.41263887156209167,0.17865040420423878
641350743,-0.22891501932499153,-0.7951961743249962,0.00277025093855688,-0.20793464754395966,-0.5827245114930631,-0.10456832521180302,0.8813577093471381,0.1518713770866884,-0.4095659272179989,0.18003657789063054
641350747,-0.2297287178339678,-0.7975150689296083,0.002365368232645288,-0.1989146069441808,-0.5767227908129917,-0.09787302774399287,0.8827965872529595,0.15138882538256668,-0.406060611383512,0.1813457964127725
641350751,-0.2305061331819463,-0.7998097075972285,0.001985395608855047,-0.18979306704505491,-0.5705965429971062,-0.09211328415112757,0.8843493061982393,0.1508393893900818,-0.40224628926130224,0.1825699959915622
641350755,-0.23124707846298415,-0.802079349150936,0.0016267605689174824,-0.18067957347386715,-0.5642242338566782,-0.0872042358176548,0.88600690270295,0.15024817132387414,-0.398293423441616,0.18371515973129104
641350759,-0.23195215181441176,-0.8043227001149051,0.0012861730589990945,-0.17185710223993741,-0.5574512481278574,-0.08308951914153911,0.8876503638443631,0.14966733800437315,-0.394384296498597,0.18479475799892014
641350763,-0.2326226452237346,-0.8065384202229596,0.0009609677522649006,-0.16338960242149125,-0.5504088058994091,-0.07951313422555782,0.8876503638443631,0.14966733800437315,-0.394384296498597,0.18479475799892014
641350795,-0.23692024210169102,-0.8233451154549122,-0.0011034365877242527,-0.10521020245078427,-0.5000096460976236,-0.049512137023764266,0.8946192180964512,0.14651162490060937,-0.3771740665146063,0.18946570530350582
641350799,-0.23732999925120038,-0.8253352547690382,-0.001292768878430528,-0.09966837230389203,-0.4950600109654125,-0.04515400832937341,0.8946192180964512,0.14651162490060937,-0.3771740665146063,0.18946570530350582
641350803,-0.23771924410307346,-0.8273070335093766,-0.0014638452272114717,-0.09495405363265243,-0.49082935920379117,-0.0403841660610984,0.8948535408250556,0.14643096475677195,-0.37652853948290854,0.18986670368243663
641350807,-0.2380902449361599,-0.8292629231304784,-0.0016151717329045733,-0.09054636291057268,-0.48711545134711637,-0.03527908678545236,0.8949280287970163,0.14641875918676373,-0.3761497812265436,0.1902352727792525
641350811,-0.23844400438223085,-0.8312054694456159,-0.0017450620386855467,-0.0863333601248996,-0.48415770622159743,-0.029666066105034365,0.8949264920407771,0.1464327790605015,-0.37593737636737845,0.19062171947365003
641350815,-0.23878106831557988,-0.8331375617215496,-0.001851499134801939,-0.08219860654961819,-0.4818884317452476,-0.02355248195316182,0.8948541629784905,0.1465519801194483,-0.37583615815053145,0.19102902972957025
641350819,-0.23910157209254917,-0.8350614334539456,-0.0019325491895559386,-0.07805328193502221,-0.48004743445271764,-0.01697254542383793,0.8948033680622672,0.14673009854986782,-0.3757045913263805,0.19146339900307507
641350823,-0.23940542437409276,-0.836978285775028,-0.001986676632434937,-0.0738728588367697,-0.47837872608847976,-0.010091176015661169,0.8948033680622672,0.14673009854986782,-0.3757045913263805,0.19146339900307507
641350827,-0.23969245154341073,-0.8388887035961013,-0.002012791811204539,-0.06964072582221145,-0.4768301844482156,-0.002966413369139921,0.8947299958684729,0.14692601448027098,-0.375546710578579,0.19191631087049787
641350831,-0.23996223223830002,-0.8407932898291964,-0.0020101043646484863,-0.06524962162243592,-0.47546293209931256,0.004310136647166471,0.8947234613946706,0.14715200892142696,-0.37518876372716126,0.19243918985243608
641350835,-0.24021388403864696,-0.8426924945661248,-0.001978574186498151,-0.060576278551031745,-0.4741394363648928,0.011454952428001104,0.8947866760954083,0.14734953704883005,-0.374662967702471,0.19298680688435427
641350855,-0.2411626133711654,-0.8520909226882664,-0.0014134519414396897,-0.0342966547008119,-0.46570337584926436,0.045057272077845024,0.8959284738732897,0.14808866650600078,-0.37042129322888084,0.19538342480761545
641350859,-0.24128827645177506,-0.8539497521027634,-0.0012209115989311637,-0.028534885604021887,-0.4637113313992161,0.05121289917641798,0.8959284738732897,0.14808866650600078,-0.37042129322888084,0.19538342480761545
641350863,-0.2413905503176136,-0.855800574471813,-0.0010044078981401735,-0.022602047315261393,-0.4616998531255897,0.05703895121907714,0.8963033492588905,0.1481964909119412,-0.36909184633779524,0.19600957753429132
641350867,-0.24146895883765837,-0.8576433835760585,-0.0007652023899968,-0.016602212707119448,-0.45970469899715066,0.06256380285260958,0.8966756112275173,0.14833503647215251,-0.36782318514122203,0.1966390943600798
641350871,-0.24152365715986465,-0.8594781900745163,-0.0005049423749258685,-0.010746948396018466,-0.457698550231723,0.06756620468285619,0.8969599539746536,0.1485039166691564,-0.36672200057095433,0.19721942753527755
641350875,-0.24155550022616346,-0.8613045323309407,-0.0002258686783230369,-0.0051745847533799785,-0.4554725779805007,0.07197064361855962,0.8971433793366188,0.14871971729392622,-0.3659146437936042,0.19779768003566434
641350879,-0.24156562464798248,-0.8631212391501324,0.00006970819743745151,0.00011237384386461081,-0.4528808316153164,0.07581779426168457,0.8971628607488937,0.14899207799923453,-0.3654411170397594,0.19834462648304169
641350883,-0.2415549564142171,-0.8649270757004808,0.0003799981444821813,0.005221743038834158,-0.45003744355885844,0.07932717926068032,0.8971628607488937,0.14899207799923453,-0.3654411170397594,0.19834462648304169
641350887,-0.2415242261479018,-0.8667213569884707,0.0007036241893628692,0.010143390118806264,-0.4471032004361484,0.0824858431796636,0.8969935055545067,0.14934169376910153,-0.36542889470513773,0.19884030860501734
641350891,-0.2414742627857258,-0.8685038743348847,0.0010389740722928247,0.014838290969198399,-0.4441554727708422,0.08518909828531414,0.8967280127525361,0.1496978551891796,-0.3657182714931664,0.19928905353461357
641350895,-0.24140562322838466,-0.8702746372095709,0.0013845593059343222,0.019481487701385112,-0.44122596457223606,0.08760351853543454,0.896323394148453,0.15008650363615247,-0.36632517658078945,0.19968645404121
641350899,-0.2413182119703574,-0.8720336961833105,0.0017395641145162685,0.02422414131223642,-0.4383035222975708,0.08989888575553867,0.89578114551833,0.15055025475758171,-0.3672433344143467,0.20003475099481366
641350903,-0.24121162816994524,-0.8737810747853654,0.002103715591594745,0.029067758893843967,-0.4353857787298474,0.09217685278369954,0.89578114551833,0.15055025475758171,-0.3672433344143467,0.20003475099481366
641350907,-0.24108552057297583,-0.875516910379333,0.0024769297987183485,0.033986039590851766,-0.4325320182539774,0.0944302507781022,0.8951898566681986,0.1510065046458293,-0.368380100945438,0.20033939475755225
641350911,-0.240939533777194,-0.8772417014329343,0.0028591455362278156,0.03900735830006585,-0.4298635085467136,0.09667761797663131,0.8944839621259589,0.1514989921775624,-0.3697250914273566,0.20061452069272362
641350915,-0.24077320844220043,-0.8789563214746979,0.003250321610939481,0.044155309196713906,-0.4274465123350854,0.09891041937920121,0.8937572841197946,0.15202406918660624,-0.37113049505682055,0.20086856512639661
641350919,-0.24058595264617688,-0.8806616541295992,0.003650122109637337,0.049472588815061384,-0.4252198151155206,0.10098982996972679,0.8937572841197946,0.15202406918660624,-0.37113049505682055,0.20086856512639661
641350923,-0.24037728408572315,-0.8823582934195905,0.004057925960030947,0.05486169141181165,-0.4230998298801405,0.10291209522707802,0.8929960598333753,0.1525676748190567,-0.3726218806635463,0.20103409426343177
641350927,-0.2401473537383327,-0.8840466839321593,0.004473129873841721,0.06010348228340632,-0.4210954264043029,0.10468986167830917,0.8922322221299817,0.153142001605778,-0.3741740519647845,0.20120298749957966
641350931,-0.23989708233992277,-0.8857271949491322,0.00489495484006315,0.06503221692156572,-0.419160082082155,0.10622262143240525,0.8914583582563375,0.1537386076324968,-0.3757029008945175,0.20130519203452196
641350935,-0.23962803392800155,-0.8874000000049218,0.0053223980420966195,0.06949198903903973,-0.41724244581262615,0.10749897958432963,0.8906915150302874,0.15428856332800067,-0.3771969055064217,0.20136104427582302
641350939,-0.2393422088882485,-0.8890650439477469,0.005754246632562068,0.07342053083748046,-0.4152795255998856,0.10842531564839446,0.8900036135751891,0.15489414680525807,-0.37862317828561276,0.20136350401717296
641350943,-0.23904131201671713,-0.8907220610154468,0.006189209867672821,0.07702790492820602,-0.4132290082501089,0.10905630190698179,0.8900036135751891,0.15489414680525807,-0.37862317828561276,0.20136350401717296
641350947,-0.23872655376176619,-0.8923705944534537,0.006626228260510216,0.08035122254726287,-0.41103771075329926,0.10945289451171589,0.8893968891728451,0.1554086844606039,-0.379872698950386,0.2013013613203331
641350951,-0.2383992214295218,-0.8940100933628828,0.007064362092651381,0.08331494357493256,-0.4087117439613067,0.10961402155886643,0.8888476469047831,0.1559233105958544,-0.38097366371794317,0.20119876374834061
641350955,-0.23806047879027312,-0.8956403985191317,0.007503085036332173,0.08605637604940677,-0.4064408341631027,0.10974745028152985,0.8884385735703413,0.15632873483275378,-0.38181376271686046,0.20110190898784513
641350959,-0.2377110181971656,-0.8972619261193471,0.007942528753682449,0.0886739205043446,-0.40432296594460987,0.10997440839360771,0.8882104770329238,0.15666952962180825,-0.38223779194929475,0.20094813743309026
641350963,-0.23735117761152902,-0.8988751665048069,0.008383012235720015,0.09124637231395613,-0.40229722678532287,0.1102673326251751,0.8882104770329238,0.15666952962180825,-0.38223779194929475,0.20094813743309026
641350967,-0.2369809004060241,-0.9004804031085536,0.008824836945685042,0.09389223043850309,-0.4003210750880325,0.11064502235733849,0.8882393214818483,0.15685523124574213,-0.382261288486507,0.20078813409894397
641350971,-0.2365997181901887,-0.9020782357510867,0.009268447654654658,0.0966988774791832,-0.39859524617849174,0.11116033212746976,0.8884439848150378,0.1569007257499917,-0.3818127093403111,0.20060822464898037
641350975,-0.23620715454554259,-0.9036700082390591,0.009714199319905345,0.0995829448438836,-0.3972909978076707,0.11171550049787368,0.8888826393100313,0.15683337018971527,-0.3809554536221934,0.200442494336583
641350979,-0.23580324527195073,-0.9052571394683794,0.010162085276193934,0.10237169195204468,-0.39627461685250237,0.11222747764642098,0.8888826393100313,0.15683337018971527,-0.3809554536221934,0.200442494336583
641350983,-0.2353883132188624,-0.9068403878375974,0.010611980154053895,0.1050943345921267,-0.39534956775649577,0.11271996128355963,0.8894700536717053,0.15665615611705833,-0.3796850395921402,0.20027839205443143
641350987,-0.23496252537188916,-0.9084202342841319,0.01106389039166631,0.10779958889448153,-0.3945736555107845,0.11323515752264798,0.8902220825676105,0.15637011269301737,-0.37815562811648695,0.2001018625368265
641350991,-0.23452641647892278,-0.9099976531949576,0.011517540843575627,0.11025485758871546,-0.3941357999020627,0.11359006843201025,0.8910461015080622,0.15604932740156358,-0.37641575181999953,0.19994857529312876
641350995,-0.23408133482585208,-0.9115738538645074,0.011971632575772512,0.11228596894663229,-0.39396453487284955,0.11345579766643245,0.8919231208427822,0.15574118169733453,-0.3746125509214192,0.199757824726424
641350999,-0.23362898045615108,-0.913149568247667,0.01242417134288577,0.11389121590387265,-0.39389265670693563,0.11281358589019644,0.8927367410660161,0.15546712124648893,-0.37286752230037745,0.1995397171045606
641351003,-0.23317078866979252,-0.9147250858857865,0.012873604161219632,0.11520467727540952,-0.3938661623528022,0.11190282327673451,0.8927367410660161,0.15546712124648893,-0.37286752230037745,0.1995397171045606
641351007,-0.2327079199972675,-0.9163004818217263,0.013319130757157734,0.11622965898710272,-0.3938318056171024,0.11086047469231648,0.89348061211471,0.1552215271093962,-0.3712903428526081,0.19929687143271724
641351011,-0.23224154020289292,-0.9178756359759866,0.01376020788165564,0.11696023820018434,-0.3937452715130762,0.10967808755663691,0.8941762681349275,0.1550633166575288,-0.36985066397080757,0.19905634672847872
641351015,-0.23177226511513832,-0.9194500889618136,0.014196109406312614,0.11767730567711052,-0.39348122140038827,0.10827267477184992,0.8947610551091163,0.15497768394304862,-0.3685703178386126,0.19878704929060698
641351019,-0.23129978370734627,-0.9210229530666838,0.014625812019057612,0.11856339821891741,-0.3929508310347376,0.1065786316006493,0.8953209494263339,0.15491274621258838,-0.36741744610213545,0.19849779358034253
641351023,-0.23082354575408373,-0.9225933982103526,0.015048380961051858,0.1195555784123521,-0.3922717407996363,0.104705839396474,0.8953209494263339,0.15491274621258838,-0.36741744610213545,0.19849779358034253
641351027,-0.2303431551503448,-0.9241612678280492,0.015463532580470616,0.12063972345710768,-0.39166306804868334,0.10286997031290517,0.8958400219096363,0.15486409623552783,-0.3663490605668474,0.19816263822100194
641351031,-0.2298580303297795,-0.9257269259301271,0.015871386791920964,0.12192268682555063,-0.39116598299025673,0.10105713541226853,0.896381001085969,0.15484991802932907,-0.3652321563773048,0.19785267355620628
641351035,-0.22936737791030104,-0.9272903859578016,0.016271358256437343,0.12340352291367292,-0.3905640308470152,0.0989285968459218,0.896877123744733,0.15484351115286313,-0.36415562696531684,0.19753792911382323
641351039,-0.2288708168812567,-0.9288511033645716,0.016661903856819586,0.1248769916084899,-0.3897946725379727,0.09634420334519916,0.896877123744733,0.15484351115286313,-0.36415562696531684,0.19753792911382323
641351043,-0.228368492384909,-0.9304085899167265,0.017041607735218775,0.12628525656536796,-0.38894860353949295,0.09350773585439465,0.8974043401047354,0.1548152720927602,-0.3630642916054907,0.19716053065388806
641351047,-0.22786075539582337,-0.9319627694491097,0.017409736137995468,0.1275832379774401,-0.38814116265215115,0.09055646553395251,0.897951967381695,0.15477888915595744,-0.36193071314506997,0.19680608201849115
641351051,-0.22734827062154878,-0.9335138440617805,0.01776566460217684,0.12865914915986076,-0.38739614368325004,0.08740776655673341,0.898475149058044,0.15474213367218764,-0.3607952663616094,0.19646980343004472
641351055,-0.2268316869909448,-0.9350619025148438,0.018108206893859058,0.1296326661421316,-0.38663308284840386,0.08386337928437468,0.899021280558931,0.1546631350878233,-0.3596679634548488,0.19611311392464087
641351059,-0.22631148318723657,-0.9366069180190429,0.018435916385164865,0.1304692357119822,-0.38587466925119307,0.07999136636852992,0.8995699509673986,0.15455003727956418,-0.3585910475253826,0.19571306367774127
641351063,-0.22578828816814162,-0.9381489656307838,0.01874795260424469,0.13112827383549647,-0.38514913661924005,0.07602674317138342,0.8995699509673986,0.15455003727956418,-0.3585910475253826,0.19571306367774127
641351067,-0.2252630668082632,-0.9396882811396899,0.01904493427711664,0.13148240610371234,-0.38450861783386264,0.07246409326459136,0.900088943353103,0.154357611182875,-0.35756743002775837,0.19532819751385133
641351071,-0.22473681532478976,-0.9412250154551068,0.019329331165584565,0.13164333563299824,-0.3838585398745638,0.06973435096937108,0.90065353735031,0.15410852255523116,-0.3564670976586778,0.1949443744814694
641351075,-0.22420927184164635,-0.942758601495751,0.019604223380782243,0.1321284059387106,-0.3829344804474845,0.06771175662946706,0.9012945286226839,0.15380876288323064,-0.3551822418454466,0.19454080552846587
641351079,-0.22367878150007042,-0.9442882384568762,0.01987260652588514,0.13311676484925766,-0.3818840001151193,0.06647981592198066,0.9020789728301926,0.15331681088776258,-0.3536505671469684,0.19409588199938438
641351083,-0.2231437515917613,-0.9458138537903084,0.0201373400216595,0.1343981893052952,-0.3809236666010111,0.06588693196520103,0.9020789728301926,0.15331681088776258,-0.3536505671469684,0.19409588199938438
641351087,-0.22260274042656752,-0.9473359570391989,0.02040158045086143,0.13610739329159896,-0.3801279578442992,0.06623328263576342,0.9030633089756104,0.1527094699201881,-0.3516668551350728,0.19361475063057443
641351091,-0.2220534112950244,-0.9488553750952703,0.02067021212787975,0.13855717247995808,-0.3795810701913672,0.06808255587339633,0.9042620449692018,0.15195190963318964,-0.34916919688614145,0.19316110857109614
641351095,-0.22149297525789172,-0.9503726281177443,0.02094853467127795,0.141660846086387,-0.3790454410456235,0.07107871582570491,0.9056585065400891,0.15108861399736856,-0.3461509442995474,0.19271275109034575
641351099,-0.22091997154594212,-0.9518876654424576,0.021240117188438948,0.1448410098884137,-0.37847322131104827,0.0747125427547926,0.9056585065400891,0.15108861399736856,-0.3461509442995474,0.19271275109034575
641351103,-0.22033448915448692,-0.9534004414954997,0.021546757699039548,0.14790018583917938,-0.37791480521001075,0.07860771254550761,0.9072052237537296,0.15015807549672855,-0.34271325784735773,0.1922682625098482
641351107,-0.2197370263057963,-0.9549111375769073,0.021869132725424942,0.15083123850612667,-0.37743323549375757,0.08257980064718941,0.9088324474355836,0.1491887604450225,-0.33902398670284506,0.19180290477962358
641351111,-0.21912885321782816,-0.9564202597926205,0.022207224669124087,0.15325530547794214,-0.3771278723628204,0.0864661712023839,0.9105067685050129,0.14820539850992354,-0.335251725133216,0.19134083105091348
641351115,-0.21851230834951688,-0.9579282919667069,0.022560107848267074,0.15501712867770484,-0.37688821468041006,0.08997541836910919,0.9120761235351066,0.14732130078282946,-0.331658462136216,0.19080923726404836
641351119,-0.2178906053137247,-0.9594355157365971,0.02292580659880587,0.15583438921838744,-0.3767236702646692,0.09287395690028792,0.9135053096315799,0.14654640495408638,-0.328326064907856,0.19027190066568622
641351123,-0.21726720565170587,-0.9609422704527409,0.023302222298133765,0.1558654417910225,-0.3766536878072336,0.09533389276365938,0.9135053096315799,0.14654640495408638,-0.328326064907856,0.19027190066568622
641351127,-0.2166448597990633,-0.9624487785205931,0.023687943836241385,0.15530748453026125,-0.37660034611880405,0.09752687629014968,0.9147467823504973,0.14591582543807433,-0.32546686659200963,0.18968740893496872
641351131,-0.21602594977807915,-0.9639550657614783,0.024081920940824467,0.15414752596182252,-0.3765432743238156,0.09946167600139062,0.9157960599518451,0.14544211334211343,-0.32316609848380035,0.18905875362404134
641351135,-0.21541234633926237,-0.9654612703645733,0.024483146586684507,0.15265419344656206,-0.37655902722369367,0.10115114692862986,0.9165612630398726,0.14515046494895306,-0.32143595311409245,0.18841786759618567
641351139,-0.21480509053890934,-0.9669679163822565,0.024890418014564288,0.15097370672995475,-0.37676398161794206,0.1024845670112613,0.9171524410572816,0.14501381565280408,-0.32026461049898863,0.18775726358873113
641351143,-0.2142048034724953,-0.9684757316961944,0.025302487036304968,0.1491698264770739,-0.3771436753509704,0.10354994385907773,0.9171524410572816,0.14501381565280408,-0.32026461049898863,0.18775726358873113
641351147,-0.21361172974766818,-0.9699854575786754,0.025718493802895773,0.1473670359364889,-0.37771926588953336,0.10445343943632461,0.9175029053028658,0.14500884308216133,-0.31962979139849146,0.18708696777192874
641351151,-0.21302541340308256,-0.9714981742077928,0.026137672541942575,0.14579113635631605,-0.37863904866919695,0.10513593008707588,0.9176794189872248,0.14516224767815367,-0.3194426023807916,0.18643695061791038
641351159,-0.21186786558134252,-0.974537528316614,0.02698105396260055,0.14359581907869326,-0.38119947853608244,0.10570942507741742,0.9177097862218768,0.1453947896322556,-0.31960778598051487,0.18578194133453363
641351163,-0.2112949353427167,-0.9760653580560255,0.027403753356519327,0.1428693002342133,-0.38271539116966086,0.10564027188197121,0.9176300490631504,0.14573055596862222,-0.3200330846667393,0.18521269608844304
641351167,-0.2107245543811866,-0.9775994432902241,0.027825760010007836,0.14232118053083825,-0.38432722592964225,0.10536305486228266,0.9174290581116884,0.14612476467907842,-0.3206832815746692,0.18465841698538626
641351171,-0.21015591386905716,-0.9791401839846272,0.02824613407317605,0.14199907553388003,-0.3860431212719124,0.1048239767218245,0.9172158140904801,0.14648666797928625,-0.3214234895553096,0.18414750421202997
641351175,-0.20958810959472407,-0.9806879460878524,0.028663593707404716,0.14190306163266084,-0.3878379303406425,0.10390584039250815,0.9169936810986377,0.1468770515637582,-0.3222229874543896,0.1836825711853478
641351179,-0.20902029971042166,-0.982242473257034,0.029076485838986414,0.1420018805185465,-0.3894256542501578,0.1025402253983413,0.9167682585170761,0.1472100275233415,-0.3229420338359338,0.18325502138407473
641351183,-0.20845183676465243,-0.9838027893806465,0.029483383694133263,0.14222959236606508,-0.39073240755612,0.10090870217508308,0.9167682585170761,0.1472100275233415,-0.3229420338359338,0.18325502138407473
641351187,-0.20788225440675995,-0.9853673774241409,0.02988360392890344,0.1425615865801809,-0.3915616141910961,0.09920141521000436,0.9165881395094435,0.14751416462220499,-0.32349136272116563,0.1828703796797327
641351191,-0.20731121826480478,-0.9869338607432586,0.03027699426353702,0.14295648439740014,-0.39168004536776174,0.0974937521067864,0.9165029603708956,0.147741316753061,-0.3238383706622632,0.1824885693323402
641351195,-0.20673863449863727,-0.9884997552865368,0.030663491171729503,0.1433353986863478,-0.39126722627129734,0.09575470198945576,0.9165253606886574,0.1478384835216413,-0.32394559433621917,0.18217291494399007
641351199,-0.20616443880389534,-0.9900632558366866,0.031042868334127723,0.14376244868462218,-0.3904830488036091,0.09393387920965499,0.9166204961448998,0.1478520172215871,-0.32380601309543944,0.18187676618346765
641351203,-0.20558839003953225,-0.9916232466283799,0.03141486847622289,0.14426193349692615,-0.3895123470430208,0.0920661918379292,0.9166204961448998,0.1478520172215871,-0.32380601309543944,0.18187676618346765
641351207,-0.20501029479391072,-0.9931791616652763,0.03177935331022788,0.14478568931383748,-0.38844517140519774,0.09017622516456635,0.9168480292050298,0.14771149250561327,-0.32341034586360723,0.18162673501199728
641351211,-0.2044301638198336,-0.9947305775263573,0.03213634358163545,0.14527979772472524,-0.3872627591352872,0.08831891053922063,0.9171479248566733,0.14751178032161583,-0.32278604376399006,0.18139807779139439
