timestamp_ms,is_static,zupt_gyro_norm,zupt_accel_norm,zupt_enter_count,zupt_exit_count,nav_dt,nav_linear_accel_x,nav_linear_accel_y,nav_linear_accel_z,cal_accel_bias_x,cal_accel_bias_y,cal_accel_bias_z,cal_gyro_bias_x,cal_gyro_bias_y,cal_gyro_bias_z,eskf_bias_accel_x,eskf_bias_accel_y,eskf_bias_accel_z,eskf_bias_gyro_x,eskf_bias_gyro_y,eskf_bias_gyro_z,eskf_cov_att_max,eskf_cov_vel_max,eskf_cov_pos_max,eskf_cov_bg_max,eskf_cov_ba_max,eskf_innovation_norm,backward_triggered,backward_correction_mag,accel_saturated,perf_process_us,perf_ble_interval_ms,perf_upstream_len,perf_downstream_len,perf_record_len
641664926,0,0,0,0,0,0,0,0,0,0.005225674735134689,-0.048607837194670545,0.06877963390946906,0,0,0,0,0,0,0,0,0,0.0001,0.0001,0.000001,0.0001,0.010000000000000002,NaN,0,0,0,2,0,0,0,0
641664930,0,0.10234779967988758,0.0488398458798114,1,0,0.004,-0.007635268061026601,-0.028153839029946948,-0.039171348905492565,0.005225674735134689,-0.048607837194670545,0.06877963390946906,0,0,0,0,0,0,0,0,0,0.00010010160000000001,0.0001101600037197322,0.0000010016000039999999,0.00010000000040000001,0.010000000040000002,NaN,0,0,0,4,0.002375,0,0,0
641664934,0,0.09983338323571221,0.06586072642861095,2,0,0.004,-0.011425001999665896,-0.040715389368872756,-0.05049120402162188,0.005225674735134689,-0.048607837194670545,0.06877963390946906,0,0,0,0,0,0,0,0,0,0.00010020640000000642,0.00012064002044580714,0.0000010065625680595155,0.00010000000080000002,0.010000000080000002,NaN,0,0,0,3,0.001397,0,0,0
641664938,0,0.08973955152772227,0.0697535053235541,3,0,0.004,-0.018844642354197416,-0.019663134603741472,-0.06421675869288812,0.005225674735134689,-0.048607837194670545,0.06877963390946906,0,0,0,0,0,0,0,0,0,0.00010031440000003203,0.00013144005043932107,0.0000010152230526654335,0.00010000000120000002,0.010000000120000001,NaN,0,0,0,3,0.001397,0,0,0
641664942,0,0.10294119727528492,0.12260339121258318,4,0,0.004,-0.024217305279955692,-0.09345221350151123,-0.07557643451150042,0.005225674735134689,-0.048607837194670545,0.06877963390946906,0,0,0,0,0,0,0,0,0,0.00010042560000008963,0.00014256013731105902,0.0000010279321789262326,0.00010000000160000003,0.010000000160000001,NaN,0,0,0,2,0.001886,0,0,0
641664946,0,0.11653992270358916,0.18058105119719783,5,0,0.004,-0.051832178425193,-0.11636947766552441,-0.1279886166775661,0.005225674735134689,-0.048607837194670545,0.06877963390946906,0,0,0,0,0,0,0,0,0,0.00010054000000019202,0.0001540003471480125,0.0000010450560301704312,0.00010000000200000004,0.010000000200000001,NaN,0,0,0,2,0.001397,0,0,0
641664950,0,0.12489728748039179,0.17503570612390926,6,0,0.004,-0.08867905800966924,-0.06880886382336415,-0.13430883570395125,0.005225674735134689,-0.048607837194670545,0.06877963390946906,0,0,0,0,0,0,0,0,0,0.00010065760000035202,0.00016576060345256717,0.000001066976054702341,0.00010000000240000004,0.010000000240000001,NaN,0,0,0,2,0.001397,0,0,0
641664954,0,0.1277523908556106,0.1752459705074483,7,0,0.004,-0.09506404399880303,-0.05713828587291081,-0.13568048498290608,0.005225674735134689,-0.048607837194670545,0.06877963390946906,0,0,0,0,0,0,0,0,0,0.00010077840000058242,0.00017784091902927547,0.0000010940890627644616,0.00010000000280000005,0.01000000028,NaN,0,0,0,2,0.001397,0,0,0
641664958,0,0.13446754721342033,0.22698370101018292,8,0,0.004,-0.18126251884172884,-0.031068538305533133,-0.13304227040677574,0.005225674735134689,-0.048607837194670545,0.06877963390946906,0,0,0,0,0,0,0,0,0,0.00010090240000089603,0.00019024129311228337,0.0000011268072276225212,0.00010000000320000006,0.01000000032,NaN,0,0,0,2,0.003422,0,0,0
641664962,0,0.12792404114821235,0.2908483725000768,9,0,0.004,-0.22915466419312835,-0.02066020077219277,-0.1779159120723346,0.005225674735134689,-0.048607837194670545,0.06877963390946906,0,0,0,0,0,0,0,0,0,0.00010102960000130564,0.0002029622146479918,0.0000011655580830305747,0.00010000000360000006,0.01000000036,NaN,0,0,0,1,0.001886,0,0,0
641664966,0,0.11298027361158813,0.37937805668376934,10,0,0.004,-0.2937513580762574,-0.018703440133562843,-0.23934918184250797,0.005225674735134689,-0.048607837194670545,0.06877963390946906,0,0,0,0,0,0,0,0,0,0.00010116000000182404,0.00021600383583175012,0.0000012107845336585088,0.00010000000400000007,0.0100000004,NaN,0,0,0,2,0.000978,0,0,0
641664982,0,0.09041722959193269,0.4856554603073516,11,0,0.016,-0.3772369893458083,-0.027465806307444884,-0.30462946259273416,0.005225674735134689,-0.048607837194670545,0.06877963390946906,0,0,0,0,0,0,0,0,0,0.00010171360000515203,0.00027137937686790286,0.0000014608987636866292,0.00010000000560000007,0.01000000056,NaN,0,0,0,2,0.0014670000000000002,0,0,0
641664986,0,0.10961786682304155,0.5615460445441971,12,0,0.004,-0.4048115967831295,-0.025598135908497133,-0.38833782547047413,0.005225674735134689,-0.048607837194670545,0.06877963390946906,0,0,0,0,0,0,0,0,0,0.00010186000000632963,0.0002860261672201875,0.0000015433354305472073,0.00010000000600000008,0.0100000006,NaN,0,0,0,2,0.0014670000000000002,0,0,0
641664990,0,0.1274287028265575,0.6029586995121664,0,0,0.004,-0.403645007021474,-0.0043578912186770236,-0.44789609331647817,0.005225674735134689,-0.048607837194670545,0.06877963390946906,0,0,0,0,0,0,0,0,0,0.00010200960000769284,0.0003009945887647384,0.000001635197855941481,0.00010000000640000008,0.01000000064,NaN,0,0,0,2,0.0014670000000000002,0,0,0
641664994,0,0.1336456244476575,0.6191504096232593,0,0,0.004,-0.4080484194821856,-0.0018226627019173325,-0.4656612448931252,0.005225674735134689,-0.048607837194670545,0.06877963390946906,0,0,0,0,0,0,0,0,0,0.00010216240000925444,0.0003162844580057173,0.0000017370368412007658,0.00010000000680000009,0.01000000068,NaN,0,0,0,2,0.001886,0,0,0
641664998,0,0.14679172928733863,0.6083141170310752,0,0,0.004,-0.3961268008373853,0.0005157324214752901,-0.46165935131621083,0.005225674735134689,-0.048607837194670545,0.06877963390946906,0,0,0,0,0,0,0,0,0,0.00010231840001102724,0.00033189536137550295,0.0000018494186010948199,0.0001000000072000001,0.010000000719999999,NaN,0,0,0,2,0.0023049999999999998,0,0,0
641665002,0,0.15338656153846247,0.6002960508910653,0,0,0.004,-0.36719364807734367,-0.007810169482585172,-0.47482962710820154,0.005225674735134689,-0.048607837194670545,0.06877963390946906,0,0,0,0,0,0,0,0,0,0.00010247760001302404,0.0003478272444900104,0.0000019729247392662075,0.0001000000076000001,0.010000000759999999,NaN,0,0,0,2,0.001397,0,0,0
641665006,0,0.1535990081481807,0.6351266677887967,0,0,0.004,-0.35415482759581596,-0.043658232006421605,-0.5254086038552774,0.005225674735134689,-0.048607837194670545,0.06877963390946906,0,0,0,0,0,0,0,0,0,0.00010264000001525763,0.00036408094137815097,0.0000021081522661369282,0.00010000000800000011,0.010000000799999999,NaN,0,0,0,2,0.0014670000000000002,0,0,0
641665010,0,0.1501104537147443,0.6774446724384879,0,0,0.004,-0.3427961751085953,-0.06430828119040455,-0.5807637312337466,0.005225674735134689,-0.048607837194670545,0.06877963390946906,0,0,0,0,0,0,0,0,0,0.00010280560001774083,0.00038065679656247835,0.0000022557136875463715,0.00010000000840000011,0.010000000839999999,NaN,0,0,0,2,0.001397,0,0,0
641665014,0,0.14917265879209698,0.6936332785086983,0,0,0.004,-0.3447139941255155,-0.07318493799493009,-0.597447363505303,0.005225674735134689,-0.048607837194670545,0.06877963390946906,0,0,0,0,0,0,0,0,0,0.00010297440002048644,0.00039755452068491564,0.0000024162369863437687,0.00010000000880000012,0.010000000879999998,NaN,0,0,0,2,0.0014670000000000002,0,0,0
641665018,0,0.1375623301453037,0.6427354953203153,0,0,0.004,-0.30389570199866744,-0.0817405002493603,-0.5604237770387446,0.005225674735134689,-0.048607837194670545,0.06877963390946906,0,0,0,0,0,0,0,0,0,0.00010314640002350724,0.000414772192065638,0.0000025903655623012363,0.00010000000920000013,0.010000000919999998,NaN,0,0,0,1,0.001397,0,0,0
641665022,0,0.1234489394971715,0.604357496676284,0,0,0.004,-0.2771949595414618,-0.08798834438231817,-0.5297820206901047,0.005225674735134689,-0.048607837194670545,0.06877963390946906,0,0,0,0,0,0,0,0,0,0.00010332160002681604,0.0004323099208015777,0.0000027787580165476218,0.00010000000960000013,0.010000000959999998,NaN,0,0,0,2,0.001466,0,0,0
641665026,0,0.10308487114397656,0.6001738137806867,0,0,0.004,-0.25197203856924744,-0.0837129551740412,-0.5382479351222269,0.005225674735134689,-0.048607837194670545,0.06877963390946906,0,0,0,0,0,0,0,0,0,0.00010350000003042565,0.0004501685226214324,0.0000029820883349889898,0.00010000001000000014,0.010000000999999998,NaN,0,0,0,2,0.0038410000000000002,0,0,0
641665030,0,0.0840163129673864,0.6419423098431545,0,0,0.004,-0.25500145132312035,-0.07662072250800578,-0.5841176712548748,0.005225674735134689,-0.048607837194670545,0.06877963390946906,0,0,0,0,0,0,0,0,0,0.00010368160003434885,0.0004683496441711416,0.000003201045985811752,0.00010000001040000015,0.010000001039999998,NaN,0,0,0,2,0.0014670000000000002,0,0,0
641665034,0,0.0791448100445105,0.6557083458536832,0,0,0.004,-0.25835579431863165,-0.07506949793802264,-0.5979718127499787,0.005225674735134689,-0.048607837194670545,0.06877963390946906,0,0,0,0,0,0,0,0,0,0.00010386640003859846,0.00048685260173450973,0.0000034363360860769024,0.00010000001080000015,0.010000001079999998,NaN,0,0,0,2,0.001397,0,0,0
641665038,0,0.06700778872789843,0.6421460334453407,0,0,0.004,-0.2527566288707539,-0.07385143640773384,-0.585671904885313,0.005225674735134689,-0.048607837194670545,0.06877963390946906,0,0,0,0,0,0,0,0,0,0.00010405440004318727,0.0005056764432852855,0.0000036886791162332153,0.00010000001120000016,0.010000001119999997,NaN,0,0,0,2,0.001397,0,0,0
641665042,0,0.06059123952726288,0.6006081424317853,0,0,0.004,-0.24836697181599543,-0.09898950512780758,-0.5378150852671055,0.005225674735134689,-0.048607837194670545,0.06877963390946906,0,0,0,0,0,0,0,0,0,0.00010424560004812808,0.0005248199140470388,0.000003958810845109825,0.00010000001160000017,0.010000001159999997,NaN,0,0,0,2,0.0014670000000000002,0,0,0
641665046,0,0.062464382930869276,0.5723029043914407,1,0,0.004,-0.2556831980591969,-0.11222594219894422,-0.4995618625382239,0.005225674735134689,-0.048607837194670545,0.06877963390946906,0,0,0,0,0,0,0,0,0,0.00010444000005343368,0.0005442833808652964,0.000004247482241867763,0.00010000001200000017,0.010000001199999997,NaN,0,0,0,2,0.001397,0,0,0
641665050,0,0.07000444803900348,0.591322928299053,2,0,0.004,-0.28841695102860854,-0.1275216870151068,-0.50021664029933,0.005225674735134689,-0.048607837194670545,0.06877963390946906,0,0,0,0,0,0,0,0,0,0.00010463760005911689,0.0005640687798384437,0.000004555459702609399,0.00010000001240000018,0.010000001239999997,NaN,0,0,0,2,0.001886,0,0,0
641665054,0,0.07307501359103884,0.5959960745742409,3,0,0.004,-0.29624375064315345,-0.13025085609285147,-0.5004854399479175,0.005225674735134689,-0.048607837194670545,0.06877963390946906,0,0,0,0,0,0,0,0,0,0.0001048384000651905,0.0005841755191664942,0.000004883525363071942,0.00010000001280000019,0.010000001279999997,NaN,0,0,0,2,0.0028640000000000002,0,0,0
641665058,0,0.07692338844265317,0.6101566739207822,0,0,0.004,-0.31866119770400414,-0.1171383114071558,-0.5069761570415334,0.005225674735134689,-0.048607837194670545,0.06877963390946906,0,0,0,0,0,0,0,0,0,0.00010504240007166731,0.0006046042857343367,0.000005232476677366908,0.0001000000132000002,0.010000001319999997,NaN,0,0,0,2,0.0014670000000000002,0,0,0
641665062,0,0.08101041878072461,0.5990936308625746,1,0,0.004,-0.33717670005968414,-0.09788365559083068,-0.4854316032616133,0.005225674735134689,-0.048607837194670545,0.06877963390946906,0,0,0,0,0,0,0,0,0,0.00010524960007856012,0.0006253538906828413,0.000005603126669881623,0.0001000000136000002,0.010000001359999997,NaN,0,0,0,2,0.001397,0,0,0
641665066,0,0.0822642103269665,0.567246956418712,2,0,0.004,-0.35103360606111955,-0.09583219460291992,-0.43515595762853465,0.005225674735134689,-0.048607837194670545,0.06877963390946906,0,0,0,0,0,0,0,0,0,0.00010546000008588172,0.0006464228947944715,0.000005996303569221277,0.0001000000140000002,0.010000001399999996,NaN,0,0,0,1,0.0014670000000000002,0,0,0
641665070,0,0.08441384657959769,0.5662495897473651,3,0,0.004,-0.38155179575092635,-0.10309663151112858,-0.4054971141936292,0.005225674735134689,-0.048607837194670545,0.06877963390946906,0,0,0,0,0,0,0,0,0,0.00010567360009364492,0.000667812592061774,0.000006412850693295921,0.00010000001440000021,0.010000001439999996,NaN,0,0,0,2,0.001397,0,0,0
641665074,0,0.08548628387650141,0.5658777832092003,4,0,0.004,-0.39013591384996515,-0.1024567474604765,-0.396880648500316,0.005225674735134689,-0.048607837194670545,0.06877963390946906,0,0,0,0,0,0,0,0,0,0.00010589040010186252,0.0006895232184482546,0.000006853627000083129,0.00010000001480000022,0.010000001479999996,NaN,0,0,0,2,0.001397,0,0,0
641665078,0,0.08964426288231431,0.5880595234355155,5,0,0.004,-0.42466799072422023,-0.08721964009158567,-0.397320821427412,0.005225674735134689,-0.048607837194670545,0.06877963390946906,0,0,0,0,0,0,0,0,0,0.00010611040011054733,0.0007115561006647522,0.000007319506876448083,0.00010000001520000023,0.010000001519999996,NaN,0,0,0,2,0.001956,0,0,0
641665082,0,0.0968155125203704,0.5652112885623357,6,0,0.004,-0.4158448681903789,-0.07602443487915322,-0.3751761341281288,0.005225674735134689,-0.048607837194670545,0.06877963390946906,0,0,0,0,0,0,0,0,0,0.00010633360011971213,0.0007339087197528735,0.000007811380447851008,0.00010000001560000023,0.010000001559999996,NaN,0,0,0,2,0.001397,0,0,0
641665086,0,0.10366990007870042,0.5159880334030532,7,0,0.004,-0.40324274597224874,-0.06254989563964997,-0.3157949476976789,0.005225674735134689,-0.048607837194670545,0.06877963390946906,0,0,0,0,0,0,0,0,0,0.00010656000012936974,0.0007565789432800493,0.000008330152638098926,0.00010000001600000024,0.010000001599999996,NaN,0,0,0,2,0.003213,0,0,0
641665090,0,0.11014021038637428,0.48741910225793816,8,0,0.004,-0.39880780744968103,-0.03195071420134554,-0.2784041411781377,0.005225674735134689,-0.048607837194670545,0.06877963390946906,0,0,0,0,0,0,0,0,0,0.00010678960013953294,0.000779567987729338,0.000008876743162093827,0.00010000001640000025,0.010000001639999995,NaN,0,0,0,2,0.0014670000000000002,0,0,0
641665094,0,0.11224229822790237,0.48273530776251306,9,0,0.004,-0.4011282310289709,-0.019868696362454585,-0.2678334455160396,0.005225674735134689,-0.048607837194670545,0.06877963390946906,0,0,0,0,0,0,0,0,0,0.00010702240015021454,0.00080287736771991,0.000009452087322621143,0.00010000001680000025,0.010000001679999995,NaN,0,0,0,2,0.0014670000000000002,0,0,0
641665098,0,0.11757392929836814,0.4804660191145135,10,0,0.004,-0.3909658288560267,-0.014541323816450458,-0.2788940051208222,0.005225674735134689,-0.048607837194670545,0.06877963390946906,0,0,0,0,0,0,0,0,0,0.00010725840016142733,0.0008265076880114051,0.000010057136154828586,0.00010000001720000026,0.010000001719999995,NaN,0,0,0,2,0.0014670000000000002,0,0,0
641665102,0,0.11895239619100097,0.4587713115509539,11,0,0.004,-0.37330299837263303,-0.009962577328306299,-0.2664896522590734,0.005225674735134689,-0.048607837194670545,0.06877963390946906,0,0,0,0,0,0,0,0,0,0.00010749760017318413,0.0008504573511890284,0.000010692856249563989,0.00010000001760000027,0.010000001759999995,NaN,0,0,0,2,0.001397,0,0,0
641665106,0,0.11474395133369783,0.41065934116265135,12,0,0.004,-0.3642533940423698,-0.008093074326348537,-0.1894599207238965,0.005225674735134689,-0.048607837194670545,0.06877963390946906,0,0,0,0,0,0,0,0,0,0.00010774000018549773,0.0008747231003697311,0.000011360229119471588,0.00010000001800000027,0.010000001799999995,NaN,0,0,0,2,0.001397,0,0,0
641665110,0,0.11294586666538489,0.3958939285482387,13,0,0.004,-0.3851145319066076,-0.0036661282901671033,-0.09168074759224254,0.005225674735134689,-0.048607837194670545,0.06877963390946906,0,0,0,0,0,0,0,0,0,0.00010798560019838094,0.0008993049979181753,0.000012060250567474866,0.00010000001840000028,0.010000001839999995,NaN,0,0,0,2,0.001396,0,0,0
641665114,0,0.11245894890343597,0.3999533226686292,14,0,0.004,-0.3949781726243028,-0.00018715326882445815,-0.06288774473374836,0.005225674735134689,-0.048607837194670545,0.06877963390946906,0,0,0,0,0,0,0,0,0,0.00010823440021184654,0.000924206274558241,0.000012793931546937352,0.00010000001880000028,0.010000001879999994,NaN,0,0,0,2,0.003771,0,0,0
641665130,1,0.11060618558918388,0.37498677256494767,0,0,0.016,-0.3704460321747278,0.05765684113163494,-0.007778529128163569,0.005225674735134689,-0.048607837194670545,0.06877963390946906,-0.0002024002428460221,-0.0005645901510967985,0.0009374327037078919,-0.10594683195253154,-0.012422726516530178,-0.12414437737177242,-0.0000009393232604130503,-0.000005912622585459668,0.000001749030127473676,0.00010922333318367448,0.00009112687750328067,0.000004870381036235381,0.00009999962945001274,0.006307434584905478,0.09035749942056644,0,0,0,10,0.001397,0,0,0
641665134,1,0.11021216325033667,0.3709137595912205,0,0,0.004,-0.2540442134597106,0.09317199283487021,0.12920831265590138,0.005225674735134689,-0.048607837194670545,0.06877963390946906,-0.0004007524808351237,-0.001117888499171661,0.001856116753341626,-0.10698948231260111,-0.012031861463723459,-0.12364452951232896,-0.0000008580200424783343,-0.000005497348474006586,0.0000016098080447815941,0.00010948606869634581,0.00005066028244725437,0.000004425957814369854,0.00009999962067124968,0.0060975818656680055,0.0011994283351701796,0,0,0,2,0.001397,0,0,0
641665138,1,0.10063727668768417,0.3382189289328753,0,0,0.004,-0.21323782213820863,0.11496929484048701,0.0983700493762889,0.005225674735134689,-0.048607837194670545,0.06877963390946906,-0.00045665329738032296,-0.0014044574156374195,0.002767079766343002,-0.10765649205111576,-0.01166389455983407,-0.12335041272900707,-0.0000008092873729982232,-0.000005330492743417098,0.0000015211474137380254,0.00010975322223587439,0.00003810818809536406,0.000004296722113538097,0.00009999961996605091,0.0059991044914733714,0.0010458678628634396,0,0,0,1,0.001327,0,0,0
641665158,1,0.10249582631031362,0.3811933325333548,0,0,0.02,-0.23005058160051117,0.1104400720160823,-0.024078234820610334,0.005225674735134689,-0.048607837194670545,0.06877963390946906,-0.00021316205550574353,-0.0017066002424944964,0.0037130867408859355,-0.1122761219447083,-0.009251628448304725,-0.12392760838222378,-0.0000010645031883724515,-0.000005811161094975571,0.0000017093527278211479,0.00011113938813288172,0.00004835597488137542,0.000004369258273815448,0.00009999960514929269,0.005796663745217613,0.005126403846507894,0,0,0,2,0.001397,0,0,0
641665162,1,0.10677448700476787,0.4380641078985745,0,0,0.004,-0.2435682134861913,0.11514343703371632,-0.11049416880284824,0.005225674735134689,-0.048607837194670545,0.06877963390946906,0.000025459361531344305,-0.00218379516693982,0.0046188682872173766,-0.113020951390156,-0.008856127441430285,-0.1242891292471034,-0.0000011757143848371139,-0.000006000334392394047,0.0000017565050458785974,0.00011142568559672712,0.00003721247218684802,0.000004358737367419699,0.00009999959546349072,0.005697901568921279,0.0011647657072714637,0,0,0,2,0.001886,0,0,0
641665166,1,0.11551012429659642,0.5037520718799402,0,0,0.004,-0.2661539073960075,0.11308483793520252,-0.19270705487894801,0.005225674735134689,-0.048607837194670545,0.06877963390946906,0.0002806136389483243,-0.0028858043688232107,0.005495881558261872,-0.1137249368940869,-0.008508537863806571,-0.12483148286430086,-0.0000013234526377941539,-0.0000062276560086019314,0.0000018272045893019093,0.00011171535869328898,0.000032402342386388236,0.000004356929175015664,0.0000999995858481161,0.0056282410888787065,0.0013900336225752899,0,0,0,2,0.000978,0,0,0
641665190,1,0.1529259836877057,0.5671155560604008,0,0,0.024,-0.18700778140776364,0.12354398700401537,-0.3453804682778472,0.005225674735134689,-0.048607837194670545,0.06877963390946906,0.0003389172323312595,-0.00428750055881017,0.006397965141326745,-0.11796445812285584,-0.005089687341746625,-0.13335600682613616,-0.0000026862179209335027,-0.000006863113906951592,0.0000023501000458894,0.00011352286223044559,0.00004973411746941969,0.000004411738578967729,0.00009999938210298489,0.00542001249040752,0.009881552118075525,0,0,0,2,0.00433,0,0,0
641665194,1,0.16513083910658347,0.5949285297723785,0,0,0.004,-0.15878649889618446,0.12505869125866997,-0.38292965295996595,0.005225674735134689,-0.048607837194670545,0.06877963390946906,0.000396054753846536,-0.005661162824997389,0.00728200705273032,-0.1184070661028944,-0.004654974314059462,-0.1345407670276163,-0.0000028846077479027988,-0.000007002158620051698,0.0000023885842128342586,0.00011383479166638385,0.000037749295987941744,0.000004413970801635371,0.00009999926293641222,0.0053243598369866856,0.0017319951390559008,0,0,0,3,0.000977,0,0,0
641665198,1,0.15713828860333484,0.5787859698880828,0,0,0.004,-0.10927224808921093,0.14071690056244712,-0.38390126390821244,0.005225674735134689,-0.048607837194670545,0.06877963390946906,0.00038813365876960525,-0.006868867469176743,0.008084452259743923,-0.11865495800805119,-0.004244356664105013,-0.13555648137562148,-0.000003004759183241341,-0.000007145422054708858,0.0000023715534301689476,0.00011415020604196636,0.00003263863566769703,0.000004416319625519589,0.00009999919753676128,0.005259089671356843,0.0016929115782541968,0,0,0,3,0.001397,0,0,0
641665202,1,0.14356741762359618,0.5767378062570276,0,0,0.004,-0.07159238985221672,0.14580767337477618,-0.39444080088572697,0.005225674735134689,-0.048607837194670545,0.06877963390946906,0.0003271077637926284,-0.007903280999428074,0.008828237985175985,-0.11879017300066402,-0.0038569909064715734,-0.1365129480189965,-0.000003107554744999747,-0.00000726840216520401,0.0000023457954833214086,0.0001144689261855832,0.000030194134698444963,0.000004418546761008091,0.00009999917284441662,0.005205866609247408,0.0017063124839399888,0,0,0,3,0.001885,0,0,0
641665206,1,0.12644177603581597,0.6073987485506406,0,0,0.004,-0.06389251875953611,0.1267062505167169,-0.43352334146621274,0.005225674735134689,-0.048607837194670545,0.06877963390946906,0.0001394706543913876,-0.00872525866058867,0.009503884774297821,-0.11890052054480117,-0.0035303637724378493,-0.13751575124190202,-0.00000327752106089089,-0.000007320972647131462,0.0000023565121393933425,0.0001147909034364647,0.000028960275993802916,0.000004420587570888518,0.00009999915284699696,0.005158392121322607,0.00182462802990406,0,0,0,2,0.001956,0,0,0
641665210,1,0.10637921000681665,0.6033094653257679,0,0,0.004,-0.04342613992641825,0.13835720375124305,-0.43189982888466716,0.005225674735134689,-0.048607837194670545,0.06877963390946906,-0.00016159280078531483,-0.009285785948238767,0.010091450117115002,-0.11896096498603546,-0.0031886417489512472,-0.13848402463569554,-0.000003386381216095972,-0.000007326567213423845,0.0000023665811749643093,0.00011511607650492768,0.000028319889255134086,0.000004422438212559854,0.00009999913445964573,0.005114018026124568,0.0018223765040161228,0,0,0,3,0.0014670000000000002,0,0,0
641665214,1,0.10036495726347605,0.6039193357749709,0,0,0.004,-0.041742220086786574,0.14236692990959932,-0.4310355352464903,0.005225674735134689,-0.048607837194670545,0.06877963390946906,-0.0004566349868584832,-0.00983510269013586,0.01066726415307584,-0.11901651179187185,-0.0028446414650495117,-0.1394316994989571,-0.000003471237435716919,-0.000007253120208329072,0.0000023999990730300356,0.0001154444226790954,0.00002798203508423639,0.0000044241194934433515,0.00009999911596025475,0.005071510660836295,0.0018234138896690982,0,0,0,2,0.000978,0,0,0
641665218,1,0.0825403822861978,0.5691663678403956,0,0,0.004,-0.01535332028062808,0.16349302877687566,-0.39461594774574316,0.005225674735134689,-0.048607837194670545,0.06877963390946906,-0.0008736080615339917,-0.009979285255863286,0.011167646042155558,-0.11901432253069982,-0.0024634664042054643,-0.1402841694914459,-0.0000034592955767169695,-0.00000718743945792935,0.0000024274720378962343,0.0001157758917989013,0.000027801529411526408,0.000004425660307728611,0.00009999909498160798,0.005030256602764643,0.0017096780567933691,0,0,0,3,0.003771,0,0,0
641665222,1,0.07307914548605327,0.5540915567098744,0,0,0.004,0.00840044751359631,0.18219306089826381,-0.3773780478705895,0.005225674735134689,-0.048607837194670545,0.06877963390946906,-0.0013461575408778917,-0.009864920705628557,0.011594104427291783,-0.11896045540196179,-0.0020489015748376906,-0.14108774601794843,-0.00000340719548528046,-0.000007124444964806021,0.0000024595314008557014,0.0001161104423428798,0.000027703797139048108,0.000004427090109666382,0.000099999069264623,0.004989942259381919,0.0016765634850969364,0,0,0,3,0.001396,0,0,0
641665226,1,0.07528639957992186,0.5608062058859796,0,0,0.004,-0.000941977820606954,0.19187065354468724,-0.3782740398223847,0.005225674735134689,-0.048607837194670545,0.06877963390946906,-0.001905129829877766,-0.00944391675994933,0.011937465134203061,-0.11892621090036545,-0.0016165422225412735,-0.14188561399502853,-0.000003374410890578514,-0.000006973316462085048,0.0000025367437646054305,0.000116448085452645,0.00002764987217696131,0.000004428435210741041,0.00009999903826584908,0.004950405045055952,0.0016966153799488062,0,0,0,3,0.0014670000000000002,0,0,0
641665230,1,0.08799681979551682,0.561475086895244,0,0,0.004,-0.010229562030300232,0.18676856818936027,-0.3775190228312191,0.005225674735134689,-0.048607837194670545,0.06877963390946906,-0.002527491183619862,-0.00877566942853608,0.012231348049534848,-0.11891237167954546,-0.0011978453665894594,-0.14267581541185656,-0.000003393345557881298,-0.000006761673315249651,0.000002642742096301598,0.00011678886515114557,0.00002761917939881247,0.0000044297173619156535,0.00009999900368944261,0.004911556223579683,0.0016852667663122013,0,0,0,2,0.001886,0,0,0
641665234,1,0.09246854219403979,0.5624317293511824,0,0,0.004,-0.01121700143310922,0.187756888112403,-0.3770740046584482,0.005225674735134689,-0.048607837194670545,0.06877963390946906,-0.003137405310287116,-0.008120787043751094,0.012519353306559998,-0.11890057621885661,-0.00078025717280783,-0.14345859773038666,-0.00000343342295939371,-0.000006529823340874535,0.0000027602117324913554,0.00011713279756097671,0.000027600849999286187,0.000004430953899227889,0.0000999989661227534,0.004873344237054622,0.0016855303029917352,0,0,0,3,0.000978,0,0,0
641665238,1,0.10290356575267724,0.5129642227412076,0,0,0.004,-0.02111987644918245,0.1783272348080156,-0.3224108195564863,0.005225674735134689,-0.048607837194670545,0.06877963390946906,-0.0038096896649432435,-0.007287254708176103,0.01271637730356211,-0.1189130562833595,-0.0003877961246404978,-0.14412209181967778,-0.000003438617847656755,-0.000006292376533900647,0.0000028927493974716006,0.00011747992656754375,0.00002758900960333801,0.000004432158286525293,0.00009999892767032404,0.004835733733315498,0.0014761863753474332,0,0,0,2,0.001885,0,0,0
641665242,1,0.10911441484863661,0.49595567419051456,0,0,0.004,-0.02934387987728293,0.1806910205343668,-0.2990511557822728,0.005225674735134689,-0.048607837194670545,0.06877963390946906,-0.004511138909947516,-0.006417129797511028,0.012856197598822595,-0.11894334281261265,0.000006037383489061927,-0.14473225304208168,-0.0000034333415027286883,-0.0000060526442939949706,0.0000030379972173339744,0.00011783025933891233,0.00002758069737780928,0.0000044333407540605135,0.00009999888836910991,0.004798702148207878,0.0014025228808841107,0,0,0,2,0.001885,0,0,0
641665246,1,0.10717046619295742,0.49639559142266027,0,0,0.004,-0.07661877901017955,0.18584671899258987,-0.27742871137759906,0.005225674735134689,-0.048607837194670545,0.06877963390946906,-0.005219864458772337,-0.005638975895581473,0.01296126355509692,-0.11907102626391428,0.0004102796492851793,-0.14529529335625122,-0.0000034189476994271506,-0.00000573081676901112,0.0000032508745874558633,0.00011818383377175336,0.000027574295701915974,0.0000044345089927975434,0.00009999884863489884,0.004762234437295737,0.001370407998540327,0,0,0,3,0.0038410000000000002,0,0,0
641665250,1,0.09650070673548965,0.4740960355257479,0,0,0.004,-0.11998874753653821,0.1691333267248354,-0.2322968584226608,0.005225674735134689,-0.048607837194670545,0.06877963390946906,-0.005967678718422247,-0.005142701180698433,0.013010964970444175,-0.11928975274957866,0.0007784628028455801,-0.14576511293949504,-0.0000034117085352165796,-0.000005389676656142192,0.0000034968189247634996,0.00011854069951591923,0.00002756888635824075,0.000004435668526026995,0.00009999881035542164,0.004726315831872421,0.0012455695062255482,0,0,0,4,0.001397,0,0,0
641665254,1,0.09337858349420695,0.4695291946133276,0,0,0.004,-0.13070905196089339,0.16805076166922261,-0.21893864662796858,0.005225674735134689,-0.048607837194670545,0.06877963390946906,-0.0067005366928791586,-0.004656351960113054,0.013059672357484483,-0.11952923826029764,0.0011419570600950464,-0.14620487221439,-0.00000342222102867991,-0.000005111623888555886,0.0000037177378969568286,0.00011890082537248914,0.000027564087199329665,0.000004436823388299959,0.00009999877186406126,0.004690933430972214,0.0012215403112425418,0,0,0,2,0.001466,0,0,0
641665258,1,0.08234778448008734,0.449339291365167,0,0,0.004,-0.14130145444325304,0.17780107156966296,-0.1782637360860555,0.005225674735134689,-0.048607837194670545,0.06877963390946906,-0.007418737507846932,-0.004573877565271109,0.013107405596783986,-0.11978951950369328,0.0015209796596422536,-0.14655945582412558,-0.0000033890056371098556,-0.000004884568221542512,0.000003918709098325594,0.00011926416880079248,0.00002755963477597363,0.0000044379766089110775,0.00009999873051986351,0.00465607324181168,0.0011548664454902686,0,0,0,2,0.0009080000000000001,0,0,0
641665262,1,0.07997637245702854,0.4252075236450689,0,0,0.004,-0.14171175254038154,0.18758343280710288,-0.13632752939335013,0.005225674735134689,-0.048607837194670545,0.06877963390946906,-0.00812257430651535,-0.004727410834252976,0.01311157359385623,-0.1200500862173143,0.0019144382996369458,-0.1468270619979823,-0.00000332986336353852,-0.0000047158139278648385,0.000004089623536603803,0.00011963069832045768,0.000027555408168690463,0.000004439130373335671,0.00009999868481926323,0.00462172173241862,0.0010870507649029678,0,0,0,3,0.0009080000000000001,0,0,0
641665266,1,0.09017998713162173,0.4021327231252235,0,0,0.004,-0.15630842394681266,0.17296885780290627,-0.09295938624473088,0.005225674735134689,-0.048607837194670545,0.06877963390946906,-0.008833639657931033,-0.005240063346105983,0.013094352942266393,-0.12034100709996912,0.002274855846844776,-0.14700826405014075,-0.0000032837508449240585,-0.000004577496420732032,0.000004268562865370187,0.00012000044221990802,0.00002755131642206802,0.0000044402863022727795,0.00009999863659082668,0.004587867140769926,0.0010039282576549031,0,0,0,2,0.001466,0,0,0
641665270,1,0.1085422236767823,0.364756511711943,0,0,0.004,-0.15754959111424727,0.14151807394144167,-0.04531650831627054,0.005225674735134689,-0.048607837194670545,0.06877963390946906,-0.009551788991039036,-0.006040736849810805,0.013077476703708357,-0.12063715036055382,0.0025682286040591444,-0.14709634728074444,-0.000003247724759657046,-0.000004481829834734517,0.0000044384668449572645,0.0001203734521515345,0.000027547318924735375,0.000004441445467811833,0.00009999859031571826,0.004554497331210397,0.0008662824004985024,0,0,0,3,0.001396,0,0,0
641665274,1,0.11430473218304166,0.36041769957792724,0,0,0.004,-0.1625254444940527,0.1365638268455438,-0.03187736213899228,0.005225674735134689,-0.048607837194670545,0.06877963390946906,-0.01025557533748488,-0.006825396883441529,0.01306093798992148,-0.12094194341178809,0.002849490173526881,-0.1471579394799149,-0.0000032443321299140375,-0.000004441426095475428,0.000004588049779259825,0.0001207497120824141,0.000027543438381200627,0.000004442608681325115,0.00009999854509465594,0.004521603341324604,0.0008586535052290141,0,0,0,3,0.001885,0,0,0
641665278,1,0.12755023151589437,0.31059648656658273,0,0,0.004,-0.12700999290165849,0.1441729750183971,0.02410473122278667,0.005225674735134689,-0.048607837194670545,0.06877963390946906,-0.010955938601362123,-0.007818069247966295,0.01304473005041034,-0.12117795912371129,0.0031373626194001756,-0.14710832754289763,-0.0000032068941967936913,-0.000004418772746118911,0.0000046591531527162795,0.00012112920360918759,0.000027539679521519506,0.000004443776393651139,0.00009999850221130569,0.004489171042578116,0.0007745803828123455,0,0,0,4,0.003772,0,0,0
641665282,1,0.13283211971034153,0.2629933419669343,0,0,0.004,-0.08009243222268597,0.15552871838812332,0.07260837482079374,0.005225674735134689,-0.048607837194670545,0.06877963390946906,-0.01165294724432214,-0.008822846098281517,0.012975583047887838,-0.12132350844422603,0.003438426093369462,-0.14696273941340662,-0.0000031679277922289236,-0.000004398855002044729,0.000004662548224470722,0.00012151190657087178,0.000027536042352944538,0.000004444949063414324,0.00009999846279613391,0.004457187702714947,0.0007576379719830794,0,0,0,3,0.001956,0,0,0
641665286,1,0.12798194835873708,0.23095725764483818,0,0,0.004,-0.026470601842567054,0.17741716087133974,0.10848968541617943,0.005225674735134689,-0.048607837194670545,0.06877963390946906,-0.012357321003143587,-0.009690348323626948,0.012865208407974518,-0.12136556394303125,0.0037727618269643654,-0.1467457420247751,-0.000003164548354110975,-0.000004365628760107484,0.000004611424872829659,0.00012189776626259503,0.000027532521236126563,0.000004446127021478675,0.00009999842481726913,0.004425642246681691,0.0008385468723953945,0,0,0,2,0.001956,0,0,0
641665290,1,0.11277304674989458,0.20521607882499218,0,0,0.004,0.012037375382389137,0.17696782317053805,0.1291306498378777,0.005225674735134689,-0.048607837194670545,0.06877963390946906,-0.013058259931148923,-0.010274184395457547,0.012725083327778514,-0.12133520716398012,0.004099615878044254,-0.14648936986756586,-0.000003197958707107595,-0.000004323016349387513,0.000004558264373990392,0.00012228675577534556,0.00002752906101379572,0.000004447310521042497,0.00009999838678535505,0.004394526290336104,0.000877607963239787,0,0,0,3,0.001397,0,0,0
641665294,1,0.10799275410621373,0.20525178164117797,0,0,0.004,0.018646184813036926,0.1813599278628364,0.13431727525459358,0.005225674735134689,-0.048607837194670545,0.06877963390946906,-0.013745180080594152,-0.010846343745851533,0.01258776074918643,-0.12129241199623716,0.004431588443801046,-0.14622434402463097,-0.000003288243310671712,-0.000004306867866627741,0.000004551187366186039,0.00012267885620766237,0.000027525635967300437,0.000004448499698524202,0.000099998345676669,0.004363834139537191,0.0009058055780293112,0,0,0,2,0.001397,0,0,0
641665298,1,0.09438816392639911,0.18885856311313495,0,0,0.004,0.04843729517789236,0.1723786758973742,0.18869784672048695,0.005225674735134689,-0.048607837194670545,0.06877963390946906,-0.014503582981933015,-0.010938343557383694,0.012357310822923335,-0.12119721783828065,0.0047387422436136846,-0.14585866253368912,-0.000003325325114375679,-0.00000428331710010441,0.0000045407565594723685,0.00012307406022186274,0.000027522312467502968,0.000004449694440885325,0.00009999830120207226,0.00433355522152113,0.001040518769270257,0,0,0,2,0.001397,0,0,0
641665302,1,0.09206435513153084,0.21023350042765576,0,0,0.004,0.08423706026913863,0.17952707712801286,0.25372064589785026,0.005225674735134689,-0.048607837194670545,0.06877963390946906,-0.015289428402686368,-0.010730229330596338,0.01211016460646487,-0.12103840481314689,0.0050501700107668385,-0.1453727142647361,-0.0000033425111259071064,-0.000004254517449517877,0.000004527416106381545,0.00012347231040023827,0.00002751913831244213,0.000004450894743465666,0.00009999824895453272,0.004303678903810695,0.0012880994986396745,0,0,0,1,0.000978,0,0,0
641665306,1,0.10139625593549881,0.25648088895520094,0,0,0.004,0.11747470403999294,0.19773242686183345,0.3117652684330867,0.005225674735134689,-0.048607837194670545,0.06877963390946906,-0.01607020955938497,-0.010057561036490782,0.011836003381254621,-0.12082045502734973,0.005386736483651988,-0.14478040126724318,-0.000003395926632659182,-0.000004229174175091507,0.000004532790291150368,0.00012387352924317992,0.00002751611385574466,0.00000445210061078812,0.00009999818220315843,0.004274196179604894,0.0015496890078882737,0,0,0,3,0.002863,0,0,0
641665310,1,0.12727895043388812,0.28208501306760886,0,0,0.004,0.1109517927985462,0.1913399481487903,0.35314583289546064,0.005225674735134689,-0.048607837194670545,0.06877963390946906,-0.016877985670390866,-0.008961587689494342,0.011471451581305725,-0.120618163782323,0.005707064401871103,-0.14411682276623777,-0.000003440621904101844,-0.00000431750294772981,0.0000045954945953748335,0.00012427778326599487,0.000027513209597572638,0.000004453312077558999,0.00009999810430664073,0.00424510174673188,0.0016667729557403883,0,0,0,4,0.0009080000000000001,0,0,0
641665314,1,0.13582416155592505,0.2936645658630306,0,0,0.004,0.11222009133600899,0.19514188324274762,0.36435271655065193,0.005225674735134689,-0.048607837194670545,0.06877963390946906,-0.017669606259176643,-0.007887533809437831,0.011114190817355806,-0.12041514494248425,0.006031139236323283,-0.1434368770606368,-0.0000035645905281117614,-0.000004437591158573238,0.000004698650009047027,0.00012468509748225442,0.000027510303130069595,0.000004454528970939771,0.00009999801609674477,0.004216391183957128,0.001713133295702716,0,0,0,3,0.001397,0,0,0
641665318,1,0.15501740408097034,0.3355148608183644,0,0,0.004,0.08713870296884807,0.20414381440660345,0.4075229632768451,0.005225674735134689,-0.048607837194670545,0.06877963390946906,-0.01843474179182639,-0.006504729031812625,0.010689506758162668,-0.12026017285732203,0.006368224118478951,-0.14268361147064326,-0.0000037169378300473866,-0.000004745191201896233,0.000004885419830648373,0.00012509554877786192,0.00002750744371142637,0.0000044557511859736695,0.00009999792180378165,0.004188058734998081,0.0018562017826239119,0,0,0,2,0.001956,0,0,0
641665322,1,0.1687958300726016,0.38497762711126365,0,0,0.004,0.06457048477790822,0.22457450515963906,0.44964196626676056,0.005225674735134689,-0.048607837194670545,0.06877963390946906,-0.019152616680742193,-0.004989790684335168,0.010198747869631174,-0.12014734664880478,0.006738463112607057,-0.14185903284435156,-0.000003952867894142618,-0.0000052030796781075516,0.000005147632000843045,0.00012550916428730042,0.00002750464103317586,0.000004456978537659983,0.0000999978219528919,0.004160098304262878,0.0020269423423487486,0,0,0,2,0.001886,0,0,0
641665326,1,0.18388273844897093,0.4358214234976769,0,0,0.004,0.03387727728724249,0.23746296996959826,0.4954837958060594,0.005225674735134689,-0.048607837194670545,0.06877963390946906,-0.01980287085007809,-0.0032814455722406056,0.009675193581429042,-0.12009148139416806,0.007128224578068937,-0.140958235899915,-0.000004219499421042199,-0.000005838746887950063,0.000005469463118929009,0.00012592599227316862,0.000027501980456263107,0.000004458210890328588,0.00009999771900834544,0.004132503918355265,0.0022019646643107052,0,0,0,2,0.007542999999999999,0,0,0
641665342,1,0.17461389411614145,0.5204965648488904,0,0,0.016,-0.10886425730898774,0.21312760079498094,0.5532928214268171,0.005225674735134689,-0.048607837194670545,0.06877963390946906,-0.020141845893938397,-0.0016924885172704693,0.009098194512829052,-0.12128959295019412,0.009180020576244676,-0.13513902794055563,-0.000005697748974498435,-0.000011764678451491291,0.000007440379609968573,0.00012762877480167984,0.000041182897688160785,0.000004468696275768622,0.00009999750774410408,0.004060091285538409,0.009645329606992317,0,0,0,2,0.001885,0,0,0
641665346,1,0.1466216192475562,0.5744218446470036,0,0,0.004,-0.16732622616683046,0.1960655492997294,0.5862242705560519,0.005225674735134689,-0.048607837194670545,0.06877963390946906,-0.02036751499331833,-0.0004761952229298781,0.008564693358682011,-0.1216653234717479,0.009567785820363378,-0.13387530721302146,-0.000005812325796148001,-0.000013388557767072832,0.000007945755781759553,0.00012806173787211774,0.00003411382521367772,0.0000044703288199320766,0.00009999737842398349,0.004016300102991306,0.002561557841546938,0,0,0,3,0.003282,0,0,0
641665350,1,0.11377235922366545,0.6102686004395736,0,0,0.004,-0.1886945404611966,0.17432574959807634,0.624167629995604,0.005225674735134689,-0.048607837194670545,0.06877963390946906,-0.020418228400945593,0.00040684551907470956,0.008073820160698861,-0.1220481690579879,0.009872955959693447,-0.13266927268836287,-0.0000057486369435959395,-0.000014813747822649944,0.000008357678117155662,0.00012849832405826465,0.00003085051596372644,0.000004471942680294534,0.00009999727758814844,0.003982608379993382,0.0026998676320356824,0,0,0,2,0.0014670000000000002,0,0,0
641665354,1,0.10342504331581928,0.619862629415862,0,0,0.004,-0.19033814523881876,0.1707718060083414,0.6345462603182046,0.005225674735134689,-0.048607837194670545,0.06877963390946906,-0.02046792754042031,0.0012722254462392054,0.007592764426675376,-0.12241284703931701,0.010152923094385877,-0.13151523227682296,-0.000005783224979151237,-0.000015975849806937502,0.000008654389587491947,0.00012893828217122128,0.000029231900314751464,0.00000447350942611544,0.00009999718511485945,0.003953423082291354,0.002736539641939427,0,0,0,2,0.0014670000000000002,0,0,0
641665358,1,0.06376617116808245,0.6695745106896264,0,0,0.004,-0.27713271928279726,0.1668397043205505,0.6359417105993046,0.005225674735134689,-0.048607837194670545,0.06877963390946906,-0.020335537742980143,0.0015876655568445638,0.007163940384773628,-0.12291777134115957,0.010422117967328903,-0.13040259081584435,-0.000005906835881925604,-0.00001764572067449736,0.000009032954551860965,0.00012938145214757491,0.00002840003247318769,0.000004475024216930972,0.00009999707904180064,0.003926539769413897,0.002853937323249594,0,0,0,2,0.001397,0,0,0
641665370,1,0.04196619857350956,0.6095805361591815,0,0,0.012,-0.2755440068374123,0.14468117929769053,0.5615854427302569,0.005225674735134689,-0.048607837194670545,0.06877963390946906,-0.019918174343760222,0.0009487115171696062,0.006839566622952767,-0.1248647856995608,0.011334970666162071,-0.12658676129194898,-0.000006970271886469837,-0.000022144627220993432,0.000009648513677489665,0.00013073060358613264,0.000037515419028865746,0.000004482546974169687,0.00009999679077159645,0.0038747712028691966,0.007704666820053129,0,0,0,2,0.001397,0,0,0
641665374,1,0.06066072332364394,0.5938078796908467,0,0,0.004,-0.2757375761561143,0.13708446280063713,0.5356425018348343,0.005225674735134689,-0.048607837194670545,0.06877963390946906,-0.0195091582125247,0.0003225365582881478,0.006521680336368323,-0.1254223462924406,0.011583572238230113,-0.12554436636104102,-0.000007293623160809637,-0.00002335918592316011,0.00000978687520418157,0.00013118603581428672,0.00003245021200392914,0.000004484232502562836,0.000099996575375403,0.003839382572840436,0.0024713923221299163,0,0,0,2,0.0014670000000000002,0,0,0
641665378,1,0.07642276431272871,0.5708593832376115,0,0,0.004,-0.28651140295657407,0.13889504026130495,0.4876314771584589,0.005225674735134689,-0.048607837194670545,0.06877963390946906,-0.01896983802722977,-0.00041894663373948484,0.006263414997317153,-0.12595191093972144,0.011819473294592629,-0.12467209669297546,-0.000007719458829635766,-0.000024553993563411805,0.000009872075507115788,0.0001316447967502238,0.000030024926158637344,0.000004485871618244877,0.00009999637993983232,0.00381049408101068,0.0023295152242441327,0,0,0,2,0.0014670000000000002,0,0,0
641665382,1,0.08491451585214674,0.5441102884710314,0,0,0.004,-0.29389086525639074,0.140411250872003,0.4322102654339588,0.005225674735134689,-0.048607837194670545,0.06877963390946906,-0.018419998956920102,-0.0012095160280884668,0.006042272898127957,-0.12646661565106246,0.012051114407044651,-0.12393534253171493,-0.000008212996719985264,-0.000025725448743166207,0.000009913150402408103,0.00013210677024269964,0.00002880023014778847,0.000004487453569623155,0.00009999618564205046,0.003784689529412772,0.0021647831248384534,0,0,0,2,0.003422,0,0,0
641665386,1,0.08601669267349446,0.4822955546422963,0,0,0.004,-0.26287536661795297,0.1424258456210512,0.36034489076392795,0.005225674735134689,-0.048607837194670545,0.06877963390946906,-0.017859851379295997,-0.0019629687458298352,0.005836206285282862,-0.1269117412382722,0.01228219659926549,-0.12333715671800521,-0.000008766258637952698,-0.00002664045590155849,0.000009868239992392439,0.0001325719982663742,0.00002816454649619325,0.0000044889803196018245,0.00009999599867537458,0.003760524408942795,0.0018729101213889015,0,0,0,2,0.001397,0,0,0
641665390,1,0.07883631675318711,0.44662213134113943,0,0,0.004,-0.2460241271928777,0.14807447172173793,0.30772003215770916,0.005225674735134689,-0.048607837194670545,0.06877963390946906,-0.01727894882014342,-0.0025735206768925725,0.005644913649054986,-0.12731856536475394,0.012520642526218198,-0.12283442661038291,-0.000009343211718577886,-0.000027416421118242128,0.000009778149205083988,0.00013304048375668249,0.00002782944823215093,0.000004490459189549561,0.00009999581960243256,0.0037373204109644583,0.0016835464402401527,0,0,0,2,0.0014670000000000002,0,0,0
641665394,1,0.07620242128154199,0.4360792354664506,0,0,0.004,-0.23982183640044286,0.14990499269349034,0.29162208774398835,0.005225674735134689,-0.048607837194670545,0.06877963390946906,-0.016709664312173897,-0.0031718615693340554,0.005457446865551667,-0.12770947771958208,0.012759718574900743,-0.12236342697973479,-0.000009852421594311684,-0.000028052758473753353,0.000009684568739002532,0.00013351221485559644,0.000027651011534505386,0.000004491899001281498,0.00009999564655208957,0.0037147393946767777,0.0016249527358496486,0,0,0,2,0.001397,0,0,0
641665398,1,0.0614590008389682,0.42763875836210524,0,0,0.004,-0.23865580795017083,0.17097522992444292,0.2453146232243757,0.005225674735134689,-0.048607837194670545,0.06877963390946906,-0.016141112850003445,-0.0035132248236394185,0.005295034706439048,-0.12809151167503444,0.013033080235387956,-0.1219693909668416,-0.00001045049907172093,-0.00002869198794106933,0.00000954711103379119,0.0001339871428490279,0.00002755494777558147,0.000004493308373178302,0.00009999547292856303,0.0036926075334343324,0.0015303248715682948,0,0,0,2,0.001466,0,0,0
641665406,1,0.04010154372649866,0.37905172788464914,0,0,0.008,-0.19423822890080933,0.1876323953908261,0.1525615179252977,0.005225674735134689,-0.048607837194670545,0.06877963390946906,-0.01565850092759862,-0.0035494867707697997,0.005167828723589634,-0.12880750172467392,0.013742360057183045,-0.1213876194107545,-0.000011767216302735818,-0.000029746972702364065,0.00000916843263621538,0.00013494717837607233,0.00003263012245309903,0.00000449713864983884,0.00009999523432138415,0.003660000796506466,0.002481411496622594,0,0,0,2,0.001956,0,0,0
641665410,1,0.02715482818446542,0.34779889349101617,0,0,0.004,-0.15076330912009994,0.19566958669494494,0.08645366541940369,0.005225674735134689,-0.048607837194670545,0.06877963390946906,-0.015281415042884747,-0.0033506653030306002,0.005064472149117842,-0.1290575853644313,0.01408288954003646,-0.12123196753550686,-0.00001240404627348018,-0.000030136960557142718,0.000008941497729203333,0.00013543166594371395,0.00003010143840052819,0.00000449866170272722,0.00009999505436303947,0.003633560538252972,0.0010468268150838596,0,0,0,2,0.0014670000000000002,0,0,0
641665414,1,0.026911109097366284,0.3408210030468509,0,0,0.004,-0.13718153911725445,0.19762026808400202,0.06671637718995349,0.005225674735134689,-0.048607837194670545,0.06877963390946906,-0.01491187087586515,-0.003155820264646185,0.004963182706135485,-0.1292725010693377,0.014410723434297853,-0.12111539326649147,-0.000012903919709647385,-0.00003042581237600987,0.000008770596219929677,0.00013591950588158445,0.000028827715318380826,0.000004500165254325847,0.00009999490478927182,0.003610013925037178,0.000998587963216251,0,0,0,2,0.003353,0,0,0
641665418,1,0.036825690809461506,0.37694254356387574,0,0,0.004,-0.16804646070676055,0.2223069054822513,0.10771538833150451,0.005225674735134689,-0.048607837194670545,0.06877963390946906,-0.014624286102708165,-0.0027198613067421678,0.004842613763292141,-0.12953058012251792,0.014767900049205694,-0.12093666796821552,-0.000013244848993062764,-0.00003064157172054704,0.000008684953614229383,0.00013641052222932126,0.000028168004296410045,0.0000045016405065239005,0.00009999475494010677,0.003587993483188953,0.0011950737420900535,0,0,0,2,0.0018160000000000001,0,0,0
641665422,1,0.04939410561477178,0.38699056985598945,0,0,0.004,-0.18459945418731205,0.2160528763606988,0.12071854048838837,0.005225674735134689,-0.048607837194670545,0.06877963390946906,-0.014374410958095269,-0.0021541371513121104,0.004724456199305664,-0.12981080364793016,0.015109181299279035,-0.12074191199150242,-0.00001345715572425031,-0.00003082565094203943,0.0000086907782365912,0.00013690470187102536,0.000027820949466200616,0.000004503087656772013,0.00009999459970837895,0.0035668797398694277,0.0012350142987844737,0,0,0,2,0.001466,0,0,0
641665426,1,0.0636609179802528,0.35691037700587874,0,0,0.004,-0.15449250517442614,0.19957375553946521,0.0672752770352929,0.005225674735134689,-0.048607837194670545,0.06877963390946906,-0.014193449182536533,-0.0014399378135859001,0.004576703853517966,-0.1300399816318929,0.015422246517968956,-0.1206318206861139,-0.000013699931374781315,-0.0000310086544792568,0.00000867814281741003,0.00013740212503804053,0.000027636419824967997,0.000004504510418769999,0.00009999445232657323,0.0035463285177014725,0.0010447857652580972,0,0,0,1,0.001396,0,0,0
641665430,1,0.08146434700771348,0.35462743393797125,0,0,0.004,-0.14673601572304817,0.19358230188380454,0.0310555454949899,0.005225674735134689,-0.048607837194670545,0.06877963390946906,-0.01405871721993024,-0.0005482748641285089,0.00436799068848412,-0.13025408611709977,0.015724976700377386,-0.1205781655738864,-0.000013939242404368874,-0.000031190122368846255,0.000008683209963259618,0.00013790279654116207,0.00002753742047772967,0.000004505913641063562,0.00009999431329285789,0.003526176468282246,0.0009795510222047525,0,0,0,2,0.001466,0,0,0
641665434,1,0.08625377981814482,0.3518721897452748,0,0,0.004,-0.13969351986232287,0.19286214615355912,0.020223214158418656,0.005225674735134689,-0.048607837194670545,0.06877963390946906,-0.013926679896576073,0.0003255548263397343,0.004163451786750951,-0.13045552004951713,0.016024559676510654,-0.1205411672281576,-0.000014122355020630642,-0.0000313232366065812,0.000008694464397142493,0.00013840670707567182,0.00002748372479738632,0.000004507301920457421,0.00009999418128856916,0.003506337494385731,0.0009559838099162915,0,0,0,2,0.001466,0,0,0
641665438,1,0.09580759676400988,0.3745831543284138,0,0,0.004,-0.1546296352118115,0.21949041676719627,0.040085933392390416,0.005225674735134689,-0.048607837194670545,0.06877963390946906,-0.01382924125276994,0.0013097396553224162,0.003973656307412763,-0.13067742673283014,0.016362001306783988,-0.12047354081915307,-0.000014221194537804045,-0.000031396856881363806,0.00000872043127930854,0.00013891376565428057,0.000027454149372402944,0.000004508679309905584,0.00009999404147994004,0.003486766536854955,0.0010858600218762238,0,0,0,2,0.001466,0,0,0
641665442,1,0.10089935835941165,0.37495869534996173,0,0,0.004,-0.15818400447339098,0.21801598668853273,0.04990006626447219,0.005225674735134689,-0.048607837194670545,0.06877963390946906,-0.013712446093119295,0.0023168513651667124,0.0037876567376613378,-0.1309038274999362,0.016694820321861852,-0.120391934136265,-0.000014257871850113937,-0.00003143531173501333,0.000008775660723963589,0.00013942398449449868,0.000027437372395141547,0.000004510049062862438,0.00009999389494255113,0.003467437514724948,0.001095760312011425,0,0,0,2,0.001396,0,0,0
641665458,1,0.06342947912893428,0.46912894203920896,0,0,0.016,-0.2823802089946027,0.19112073314065636,0.03433698345949132,0.005225674735134689,-0.048607837194670545,0.06877963390946906,-0.013597986836661663,0.002749883334077641,0.0036160298036652587,-0.13332239001234314,0.018454331072411782,-0.12009108041400363,-0.000014265618948972858,-0.00003162276200920236,0.000009840572681746542,0.00014149701038161235,0.00004101228284527759,0.000004521200144436547,0.00009999328810230841,0.00341659258285281,0.005483233977161256,0,0,0,2,0.003352,0,0,0
641665462,1,0.028687275507427723,0.5064791866481906,0,0,0.004,-0.32023187936149644,0.18025576412152433,0.00924901915323062,0.005225674735134689,-0.048607837194670545,0.06877963390946906,-0.013485816765333185,0.0028333700440802082,0.003479793341430052,-0.13388871644207517,0.01880185436174383,-0.12007708157316113,-0.000014325808621933148,-0.00003174140474013351,0.000010150589403046805,0.00014202193302434581,0.0000339961736714748,0.000004522936413905655,0.00009999287063891368,0.003385705862915999,0.0014703803122388572,0,0,0,3,0.001397,0,0,0
641665466,1,0.01014797275727888,0.5179809728968344,0,0,0.004,-0.3140658378530209,0.2041262850352974,-0.020030505628716,0.005225674735134689,-0.048607837194670545,0.06877963390946906,-0.013386542739791592,0.0026701761995954346,0.003356934252799866,-0.13438547307279675,0.019154747511457328,-0.12011028384358728,-0.000014429318072997437,-0.000031888727736544796,0.00001023876866169352,0.0001425502934369874,0.000030754045123461144,0.000004524634707301882,0.00009999250226936782,0.003361871153160235,0.0015004325344613054,0,0,0,2,0.000978,0,0,0
641665490,1,0.048379584089601246,0.4956049564671154,0,0,0.024,-0.28477153859736715,0.16628648685770542,-0.07260589298931563,0.005225674735134689,-0.048607837194670545,0.06877963390946906,-0.013299906839121148,0.001966961369624192,0.0034495852331486226,-0.13851391596429766,0.02184796913404457,-0.12121029391378366,-0.000014303042184551373,-0.000031706764730754745,0.000010097481742599591,0.00014579270035058742,0.000048625340222593855,0.00000455057245008452,0.00009999125834835527,0.0032864355984174956,0.008103959586988237,0,0,0,2,0.001397,0,0,0
641665494,1,0.062287883465828205,0.49063897527778916,0,0,0.004,-0.2718719315267304,0.15243152970876306,-0.08726775465075498,0.005225674735134689,-0.048607837194670545,0.06877963390946906,-0.013215003656464113,0.001277810836252374,0.003540383193890405,-0.13901308097815598,0.022163328200619035,-0.12137785073188052,-0.000014319022764711638,-0.000031734041781819545,0.000010093994548022513,0.00014634249393785385,0.00003717700209762088,0.000004552595505869066,0.00009999066861548966,0.003250741664806285,0.0012946992200705957,0,0,0,2,0.001956,0,0,0
641665498,1,0.06599898603257136,0.5062215080645329,0,0,0.004,-0.2816519785434294,0.1620371283118902,-0.09562349342068899,0.005225674735134689,-0.048607837194670545,0.06877963390946906,-0.013174409114901487,0.0006130959579083093,0.003661323128498302,-0.13945895413859935,0.02245241319361995,-0.12153587238546809,-0.00001429389108626597,-0.0000317152722098068,0.000010047080004811402,0.0001468963155683898,0.00003225344795595648,0.0000045545307435701535,0.00009999024917449291,0.0032260812232822707,0.0013548592278932535,0,0,0,2,0.001397,0,0,0
641665502,1,0.0657173935144176,0.4852428867623211,0,0,0.004,-0.274320583344541,0.12978927668884954,-0.08370405791425561,0.005225674735134689,-0.048607837194670545,0.06877963390946906,-0.013155931752890747,-0.000027671978508557113,0.0037478863313330905,-0.139861385311739,0.02266927284849765,-0.1216652118604685,-0.000014257573074773419,-0.00003160485598229175,0.000010094422775842442,0.000147453747938693,0.00002988998027095743,0.0000045563735925221535,0.00009998990937831642,0.0032058217361552073,0.0012592277512902394,0,0,0,2,0.001466,0,0,0
641665506,1,0.06451733565740332,0.47609426037838537,0,0,0.004,-0.27633077587916677,0.10414564596683529,-0.07281592981636287,0.005225674735134689,-0.048607837194670545,0.06877963390946906,-0.013159129226840855,-0.0006343192674764523,0.0038646762031921337,-0.140250553397155,0.022839042746753108,-0.12177457481173465,-0.000014215056745651842,-0.00003142528817066156,0.000010184239517249697,0.00014801461271202415,0.000028695482885599524,0.000004558128680821437,0.000099989611949728,0.0031876448119666466,0.001216599673890163,0,0,0,2,0.0027930000000000003,0,0,0
641665510,1,0.06747924357268949,0.4770215725058094,0,0,0.004,-0.28274052942059713,0.11321539296646099,-0.05312002286598805,0.005225674735134689,-0.048607837194670545,0.06877963390946906,-0.013215525973113545,-0.0012607915437459405,0.004021740855055264,-0.14063871196866592,0.02301628396082029,-0.12185309793711037,-0.000014110466285628514,-0.00003116349233377988,0.000010176943062793077,0.00014857876372504633,0.00002807580335062595,0.000004559806132555613,0.00009998932923923994,0.0031705661952585312,0.0012366514077030621,0,0,0,2,0.001397,0,0,0
641665522,1,0.07227318917763464,0.4613588932262151,0,0,0.012,-0.27686926932111033,0.13645382918805726,0.00417660496906791,0.005225674735134689,-0.048607837194670545,0.06877963390946906,-0.013281447428821098,-0.0019173449519313069,0.004239580080043034,-0.14213264101821868,0.02382564136827462,-0.12183852454002042,-0.000013525459227794496,-0.000029945836157078644,0.000009625335609962906,0.00015029159522999576,0.000037255311279068326,0.000004567988436258853,0.00009998875148528048,0.0031371071564534514,0.0037043610070553548,0,0,0,2,0.001396,0,0,0
641665526,1,0.07097676495835983,0.4393538094332123,0,0,0.004,-0.265583796523189,0.1067838766759952,0.02255436587261528,0.005225674735134689,-0.048607837194670545,0.06877963390946906,-0.013356703099774818,-0.002507504070151381,0.004485020453611999,-0.1425467769858529,0.02400958991656542,-0.12180665289997508,-0.000013384873369121128,-0.000029581677229204834,0.000009579279474969943,0.0001508681465545427,0.0000322827984054412,0.000004569780078095379,0.00009998836137817076,0.0031140549360197086,0.001148538192406613,0,0,0,2,0.001396,0,0,0
641665530,1,0.06393469932471148,0.41659435839542963,0,0,0.004,-0.2504900899926241,0.09187731400827892,0.04828019498007308,0.005225674735134689,-0.048607837194670545,0.06877963390946906,-0.013473064234750731,-0.002968680918043567,0.004714899375349268,-0.14290830849091055,0.024155056293629382,-0.12174006438619718,-0.000013263608099233853,-0.000029226704827691235,0.00000954142545049615,0.00015144828995638748,0.00002989806127949197,0.000004571512006577333,0.00009998805925901159,0.0030951391104326606,0.0010845659278528174,0,0,0,2,0.0014670000000000002,0,0,0
641665534,1,0.06162856566926341,0.4129127408729006,0,0,0.004,-0.24827313349028257,0.08896059705501091,0.055569215382055503,0.005225674735134689,-0.048607837194670545,0.06877963390946906,-0.013587098147027125,-0.003420634228977909,0.004940180718651791,-0.1432509209372294,0.02428941388226902,-0.1216663034416964,-0.000013180769762980658,-0.00002895071099837818,0.000009476661317372581,0.00015203183521416886,0.000028693420754517837,0.000004573182919036526,0.00009998780146769576,0.0030781754318343593,0.0010780832942933118,0,0,0,2,0.001397,0,0,0
641665538,1,0.05171099800703251,0.3883617030472147,0,0,0.004,-0.22444006836332053,0.09823185225249786,0.10017186453876015,0.005225674735134689,-0.048607837194670545,0.06877963390946906,-0.013645588159256409,-0.0037037588082888106,0.005192914368169214,-0.1435532779144047,0.024429031092442325,-0.12153269305480634,-0.000013097952232570696,-0.00002861344185310659,0.000009333947603512407,0.0001526187492911902,0.000028068685890935732,0.000004574798180428402,0.00009998757985176058,0.0030622364618225115,0.0010587331564020108,0,0,0,2,0.001397,0,0,0
641665542,1,0.04002443263040514,0.36408735349277593,0,0,0.004,-0.1908024181222353,0.12104491795419037,0.12857607534973425,0.005225674735134689,-0.048607837194670545,0.06877963390946906,-0.013702908371241107,-0.0038107785862484225,0.0054086354116153375,-0.14380563834647167,0.024593381005399338,-0.12136098202658477,-0.00001305459917566493,-0.000028300077138541956,0.000009103985261086847,0.00015320902818651997,0.00002773998749874348,0.0000045763662286075765,0.00009998739418004955,0.0030468856192331977,0.0010399172434471468,0,0,0,2,0.002794,0,0,0
641665546,1,0.0319843195486017,0.3535549223713928,0,0,0.004,-0.17469098499054547,0.13146675683497078,0.12651370243832538,0.005225674735134689,-0.048607837194670545,0.06877963390946906,-0.013705818957184526,-0.003734563014523454,0.005630694678552857,-0.14403333415046207,0.02476891062809465,-0.12119268129235398,-0.000013070066413357707,-0.00002811076040366269,0.000008886359325873527,0.00015380262898561669,0.00002756547585820836,0.000004577896182479427,0.00009998723636154998,0.003031905921844965,0.0010103952913138538,0,0,0,2,0.0014670000000000002,0,0,0
641665550,1,0.030980484506743525,0.3457111164013098,0,0,0.004,-0.16907459433064187,0.1240851137333896,0.12625141010758156,0.005225674735134689,-0.048607837194670545,0.06877963390946906,-0.013708671331409076,-0.0035959558880710833,0.0058376601157913086,-0.14425217210344238,0.024933114213832024,-0.12102624418930345,-0.000013107546071443372,-0.000028013938261161803,0.00000874146560280694,0.0001543995197217617,0.00002747212800477219,0.000004579396387248439,0.00009998709974109805,0.0030171857522147357,0.0009791649703901962,0,0,0,2,0.001397,0,0,0
641665554,1,0.031125806059414354,0.3436517231099412,0,0,0.004,-0.16677184908295517,0.12357583381722637,0.1258414580032774,0.005225674735134689,-0.048607837194670545,0.06877963390946906,-0.013711466658149134,-0.0034601209041477603,0.006040486244284991,-0.14446656756999537,0.025095492932707335,-0.12086132580214856,-0.00001316973148408211,-0.00002798831432850511,0.000008634364602953937,0.0001549996694892148,0.000027421742591547085,0.000004580873978776065,0.00009998697767052237,0.0030026666786865806,0.0009709369405069423,0,0,0,2,0.0014670000000000002,0,0,0
641665558,1,0.0325107447496858,0.3252277114794273,0,0,0.004,-0.15127770944898034,0.11127120853469141,0.13583107273323947,0.005225674735134689,-0.048607837194670545,0.06877963390946906,-0.01368224814527344,-0.0032417814650203677,0.0062392558502088,-0.1446606817609291,0.025239740560513365,-0.12068461885717122,-0.00001322070959437212,-0.000027972884731662243,0.00000856505996785355,0.0001556030918905885,0.00002739417201029812,0.000004582334731069316,0.00009998687371304304,0.00298831641999354,0.0009270711519167316,0,0,0,2,0.0014670000000000002,0,0,0
641665562,1,0.03688429013460841,0.29813102145874815,0,0,0.004,-0.13124958072668164,0.08585769585199232,0.14256919345613106,0.005225674735134689,-0.048607837194670545,0.06877963390946906,-0.01362165606957431,-0.0029106297267120365,0.006423397419653816,-0.14482957373281202,0.025349221167987906,-0.12050094040375744,-0.000013245934433868578,-0.000027967975666028653,0.000008538644120764669,0.00015620980852772316,0.000027378735827448158,0.000004583783273218108,0.00009998679370792567,0.0029741164677133834,0.0008478110289509064,0,0,0,2,0.001397,0,0,0
641665566,1,0.041367319314952584,0.29535143324735946,0,0,0.004,-0.12863423711505884,0.0872990268084004,0.12069787332773707,0.005225674735134689,-0.048607837194670545,0.06877963390946906,-0.01349835996922726,-0.0024902272239270195,0.006561245580268663,-0.14499347023733497,0.02546102184040172,-0.12034592254503669,-0.000013328094426808083,-0.00002804912787548709,0.000008509833206113402,0.00015681978155605776,0.000027369733761883104,0.000004585223263592618,0.00009998672949614268,0.002960057490719369,0.0007872571489997963,0,0,0,2,0.000978,0,0,0
641665570,1,0.04116956043560829,0.31248318464010466,0,0,0.004,-0.14258413265305175,0.09218250148767693,0.08062803864645751,0.005225674735134689,-0.048607837194670545,0.06877963390946906,-0.013356224502166518,-0.00208888541555802,0.006664378844590263,-0.14517270900309687,0.025581340745413707,-0.12024272217536781,-0.000013459209801455742,-0.000028232020566349652,0.000008488210016761539,0.00015743297397508677,0.00002736413807711566,0.000004586657409832275,0.00009998667073357052,0.002946134710350947,0.0007518375258623183,0,0,0,2,0.002794,0,0,0
641665574,1,0.040935474954084346,0.31702403267845863,0,0,0.004,-0.14467554374026098,0.0943675709502454,0.06854567491694041,0.005225674735134689,-0.048607837194670545,0.06877963390946906,-0.013216931744446991,-0.0016955704433564,0.0067654494436254296,-0.14535321867929174,0.025704605929392114,-0.12015525329301094,-0.000013586039054991027,-0.000028408277301350525,0.000008464732392066458,0.00015804937565911997,0.000027360390642002387,0.000004588087574232327,0.00009998661461736675,0.0029323444178156193,0.0007433412239708883,0,0,0,2,0.001397,0,0,0
641665578,1,0.033631241155646203,0.34418858820296094,0,0,0.004,-0.16876095902000476,0.10147003812145461,0.05502371305525955,0.005225674735134689,-0.048607837194670545,0.06877963390946906,-0.013091077486242173,-0.0013953429254813482,0.006811235408878309,-0.14556238626261528,0.025838204745836132,-0.12008557735643986,-0.000013712547963838658,-0.000028607580736074825,0.000008447249300901194,0.00015866895918966521,0.000027357643051065687,0.000004589515295451172,0.00009998655188837487,0.0029186850307148827,0.0008178414411031881,0,0,0,2,0.0014670000000000002,0,0,0
641665582,1,0.017338269832324886,0.3656106573942746,0,0,0.004,-0.19221389148489043,0.10706931660181418,0.0713220503798695,0.005225674735134689,-0.048607837194670545,0.06877963390946906,-0.012978392957561766,-0.0013248254895304535,0.0068454530104658145,-0.14580021907579982,0.02597856795054858,-0.11999623226566372,-0.000013812236157755268,-0.000028772859192962662,0.000008429678072497352,0.00015929169948988747,0.000027355470666229306,0.000004590941579548149,0.00009998647498206681,0.002905155099540526,0.0009251754731529227,0,0,0,2,0.001397,0,0,0
641665586,1,0.01393069124337515,0.3998606824196599,0,0,0.004,-0.22736813360830366,0.10383238486747093,0.05677717977551566,0.005225674735134689,-0.048607837194670545,0.06877963390946906,-0.01279339360893275,-0.0014900765782255496,0.0068789862600215695,-0.14608047054363832,0.026116841086022424,-0.11992668441949066,-0.000013905267503604528,-0.00002897159014378938,0.000008426155444335689,0.00015991755775035052,0.0000273535989663787,0.000004592367290046635,0.00009998637320500262,0.0028917535486005052,0.0010252888800415326,0,0,0,28,0.001397,0,0,0
641665590,1,0.039959422063273194,0.44629440789729075,0,0,0.004,-0.2745363515142403,0.09700576478080913,0.036791048172105434,0.005225674735134689,-0.048607837194670545,0.06877963390946906,-0.012665357469077898,-0.0019929072646768862,0.006901196200225892,-0.14641767197536815,0.026249495118943093,-0.11988407078685798,-0.000013988635143843368,-0.00002920559256326224,0.000008433787528074556,0.0001605464582992688,0.00002735191611291944,0.000004593792984235825,0.00009998622871817573,0.002878479673396328,0.0011739431531658582,0,0,0,2,0.001886,0,0,0
641665594,1,0.04841259000722039,0.4631106792649691,0,0,0.004,-0.2911312024279529,0.09516854327049917,0.030554544653474736,0.005225674735134689,-0.048607837194670545,0.06877963390946906,-0.012539882052020144,-0.0024856813373991963,0.006922961941626129,-0.14677371743882284,0.02638045909800713,-0.11984995286086407,-0.000014054725847088883,-0.000029391328991935613,0.000008399781596320265,0.0001611783696411666,0.00002735034658856285,0.0000045952189165056025,0.00009998603744370951,0.002865331290159678,0.0012312465803687301,0,0,0,2,0.001397,0,0,0
641665598,1,0.07117422983436701,0.4911845077845035,0,0,0.004,-0.3271624926143486,0.08529410683919969,0.06312400775703253,0.005225674735134689,-0.048607837194670545,0.06877963390946906,-0.012416916143303544,-0.003266873970755935,0.0069336397238380434,-0.14717400799036925,0.026498859475909905,-0.11977750856218149,-0.00001407753655347127,-0.00002944290908718652,0.0000083621070790074,0.00016181321232764238,0.000027348903169354636,0.000004596645413568838,0.00009998578368880614,0.0028523070973815244,0.0013757617328037028,0,0,0,3,0.003911,0,0,0
641665602,1,0.09303230849096787,0.49439947913837395,0,0,0.004,-0.3289273174519226,0.10092237407533555,0.09148998698363187,0.005225674735134689,-0.048607837194670545,0.06877963390946906,-0.01228575690840096,-0.004256148283012195,0.006933451306045403,-0.14757476043416587,0.02663446989760771,-0.11966979387532993,-0.00001410543517073929,-0.00002938278820429803,0.00000820313082590406,0.0001624510009102219,0.00002734750286351348,0.000004598072635076111,0.00009998547314422851,0.0028394048158049737,0.0014240726019322748,0,0,0,3,0.000978,0,0,0
641665606,1,0.10748742289410886,0.4911799569678004,0,0,0.004,-0.32057356561062134,0.11932058770895826,0.0953698468114954,0.005225674735134689,-0.048607837194670545,0.06877963390946906,-0.012167873502556745,-0.005342816196986816,0.006997182522770516,-0.14796268916111432,0.02679126396029943,-0.11955647146708984,-0.000014164533573643792,-0.000029327045299990632,0.000007941791860736002,0.00016309179657940978,0.000027346090869941175,0.000004599500824836882,0.00009998512023770686,0.0028266219796507664,0.001420423718756437,0,0,0,2,0.001397,0,0,0
641665610,1,0.10778250651983526,0.4684579285983223,0,0,0.004,-0.28650326165616125,0.1500994547890011,0.111573336904355,0.005225674735134689,-0.048607837194670545,0.06877963390946906,-0.012020389831748463,-0.0063544875308803594,0.007102249692602396,-0.14830647165550095,0.026982114863641368,-0.11942130435494686,-0.000014252730535272253,-0.00002919837145419234,0.0000075465923516396104,0.00016373573934536158,0.000027344632366795004,0.000004600930067441017,0.00009998475591065746,0.0028139555004939283,0.0013685763392696625,0,0,0,2,0.001466,0,0,0
641665614,1,0.10719666722844752,0.4671622841557833,0,0,0.004,-0.2813156413832514,0.15899848399378946,0.11602318289824964,0.005225674735134689,-0.048607837194670545,0.06877963390946906,-0.011875855834356347,-0.007345925438096033,0.007205215519037638,-0.14864207890481523,0.02718239927964656,-0.1192806217211411,-0.00001434958806172737,-0.00002910728411219432,0.000007190966583688664,0.0001643828386442264,0.000027343179743120567,0.000004602360627821309,0.00009998438263311201,0.002801403507428069,0.001373348532421594,0,0,0,2,0.001397,0,0,0
641665618,1,0.09702667870258704,0.46912186944160644,0,0,0.004,-0.2851085380802433,0.1529425006515377,0.13420078676451652,0.005225674735134689,-0.048607837194670545,0.06877963390946906,-0.011755517805632706,-0.008179050210483272,0.007327427317664809,-0.14898151625462475,0.02737382261934374,-0.11911899328446136,-0.000014414676950142394,-0.000029005356230490856,0.000006940338253839699,0.0001650330909589242,0.000027341765868725604,0.000004603792559926072,0.00009998399952894298,0.002788964286344581,0.001401074662735798,0,0,0,2,0.001466,0,0,0
641665622,1,0.08170401477335254,0.4507690209085307,0,0,0.004,-0.2646791086619671,0.1463221721665957,0.16924615379577723,0.005225674735134689,-0.048607837194670545,0.06877963390946906,-0.011584323315681955,-0.008814417533297376,0.007479152813400387,-0.1492962539386186,0.02755369452054599,-0.11891579630993417,-0.000014435985713549678,-0.000028798252410708414,0.0000067304646475654525,0.00016568659294296303,0.000027340369308306737,0.000004605225811561502,0.00009998362771296194,0.00277663505712658,0.0013862725227273786,0,0,0,2,0.0014670000000000002,0,0,0
641665626,1,0.06065976658436984,0.4571836345236698,0,0,0.004,-0.2719575202401865,0.1341706965112397,0.19369390267283215,0.005225674735134689,-0.048607837194670545,0.06877963390946906,-0.011405900071169902,-0.00919206668936791,0.007627843799221254,-0.14961949036749816,0.027717468609248612,-0.11868504329793557,-0.000014439194780717575,-0.000028633129211629398,0.000006614077701500617,0.00016634332069495367,0.000027339030433156605,0.000004606660548217681,0.00009998326137253231,0.0027644145625832974,0.0014393331597660646,0,0,0,2,0.001886,0,0,0
641665630,1,0.04233239408399957,0.45860914256199475,0,0,0.004,-0.26930221181293557,0.12809069747171709,0.22105887199649565,0.005225674735134689,-0.048607837194670545,0.06877963390946906,-0.011209740002827455,-0.009317152042029743,0.007837476831487606,-0.14993916517884281,0.02787181684631236,-0.11842297088667887,-0.000014447113710981827,-0.000028479931446552446,0.000006517769192483313,0.00016700328436090284,0.00002733773202693065,0.000004608096728564928,0.00009998290263725026,0.0027523012037250394,0.001484845758747989,0,0,0,2,0.00426,0,0,0
641665634,1,0.03805873987010199,0.4612087966041871,0,0,0.004,-0.2702169512840408,0.12658794223609982,0.22889808509573406,0.005225674735134689,-0.048607837194670545,0.06877963390946906,-0.011017503135851855,-0.00943973568763834,0.00804291720310863,-0.15025874549294313,0.028023389025210333,-0.1181527618143172,-0.000014509764758937495,-0.000028435790370478607,0.000006421525635797961,0.00016766647006555833,0.000027336440592287206,0.000004609534396110786,0.00009998254843306802,0.002740293734590953,0.0015043193344037335,0,0,0,3,0.001885,0,0,0
641665638,1,0.030030530573935277,0.45916588750090287,0,0,0.004,-0.2699663979714696,0.12543552994634943,0.2210639174316018,0.005225674735134689,-0.048607837194670545,0.06877963390946906,-0.010818458361855451,-0.00936812006184906,0.008233596122936917,-0.15057641938391675,0.028173352027721196,-0.11789289769315368,-0.000014637642114341266,-0.000028530294699068743,0.000006321329346560145,0.000168332871507685,0.000027335119480936838,0.000004610973542238096,0.00009998219739154355,0.002728390846135787,0.0014831597826091025,0,0,0,2,0.0009069999999999999,0,0,0
641665642,1,0.03090733296944577,0.4437222042362255,0,0,0.004,-0.2503611340870545,0.1388833245779575,0.2107991102645137,0.005225674735134689,-0.048607837194670545,0.06877963390946906,-0.010580783905897707,-0.009202062949332712,0.008441766753089271,-0.15086875978084766,0.028337961412104175,-0.11764494321401817,-0.000014865073766478705,-0.00002865946998804333,0.000006138334906824399,0.00016900253027014024,0.000027333739320187584,0.000004612414083871579,0.0000999818596108822,0.00271659068684521,0.0014221422724635844,0,0,0,3,0.0014670000000000002,0,0,0
641665646,1,0.03556558503035598,0.428628709747832,0,0,0.004,-0.22834706968996143,0.15299897846142785,0.20678374325676963,0.005225674735134689,-0.048607837194670545,0.06877963390946906,-0.010294599717257534,-0.008954105824184155,0.008656426614998896,-0.1511333096121866,0.028517446856798915,-0.11740144226573929,-0.00001515411989148243,-0.000028775687238250457,0.000005906684810963577,0.0001696754754604929,0.000027332330260421335,0.000004613856010534982,0.00009998154272315014,0.0027048914576330543,0.0013758522485878442,0,0,0,3,0.001397,0,0,0
641665650,1,0.04275718033029703,0.4162880793594172,0,0,0.004,-0.21225173168796385,0.1668829658391866,0.18463792177279537,0.005225674735134689,-0.048607837194670545,0.06877963390946906,-0.009960875990588581,-0.008700455197178252,0.00893070914583223,-0.1513767048565924,0.028712599030517046,-0.11718356455097897,-0.00001551130976434914,-0.000028964434732455373,0.000005668045891331292,0.0001703516958979674,0.000027330875755464706,0.000004615299370809638,0.00009998124543125169,0.002693291781591186,0.0013083845553866764,0,0,0,3,0.001886,0,0,0
641665654,1,0.04460290180277816,0.4118562691522259,0,0,0.004,-0.20635464567712158,0.17017155648177984,0.17800347305132114,0.005225674735134689,-0.048607837194670545,0.06877963390946906,-0.009633826738453005,-0.008451877582712469,0.009199506026048897,-0.1516118529958799,0.028910802072715704,-0.11697397571617632,-0.000015843358597956638,-0.000029180074216131598,0.000005490645404190478,0.00017103116689631899,0.000027329441161465593,0.00000461674413644672,0.00009998096247666979,0.002681790535204232,0.001285151102999453,0,0,0,3,0.0009080000000000001,0,0,0
641665658,1,0.04505505091840431,0.41583166002979005,0,0,0.004,-0.21518421134200605,0.1654187107646503,0.16298852640884398,0.005225674735134689,-0.048607837194670545,0.06877963390946906,-0.00928136053827919,-0.008282840031058218,0.009473579613021548,-0.15185594017416967,0.029103940292891303,-0.11678301360382616,-0.00001614059147702799,-0.000029487933872596022,0.000005412608796246829,0.00017171385155963348,0.00002732802372681025,0.000004618190324110211,0.00009998068419750692,0.0026703870684138377,0.001266382908430758,0,0,0,2,0.003352,0,0,0
641665662,1,0.04526455037948825,0.39632869439325985,0,0,0.004,-0.19867737463252289,0.15729837529177337,0.14809755921628387,0.005225674735134689,-0.048607837194670545,0.06877963390946906,-0.008882680440307267,-0.008287625540202126,0.009720866439534112,-0.15208001097109286,0.029286914069128915,-0.11660996245681354,-0.000016396734611972554,-0.00002976101049772555,0.000005360888960712944,0.00017239980293343068,0.00002732659489679432,0.000004619637805092267,0.00009998042316959449,0.002659079292830851,0.0011740416694896252,0,0,0,2,0.0014670000000000002,0,0,0
641665666,1,0.05265962911462041,0.38478814139171547,0,0,0.004,-0.185835055174135,0.15950019040477792,0.12302267223333985,0.005225674735134689,-0.048607837194670545,0.06877963390946906,-0.008438710722493198,-0.008505368226369494,0.009963207529516425,-0.1522876417882047,0.02947225938354859,-0.11646585469744285,-0.000016672549304185958,-0.00003004109633948237,0.000005309186748941433,0.0001730890218258195,0.000027325151550985496,0.000004621086602004605,0.00009998018045837811,0.002647865806442708,0.0010962449095282749,0,0,0,2,0.001956,0,0,0
641665670,1,0.06700666541800612,0.35742545967532735,0,0,0.004,-0.14859406553302923,0.167549725480572,0.0875227169087971,0.005225674735134689,-0.048607837194670545,0.06877963390946906,-0.007992967754675093,-0.008963766879100804,0.010222007086419726,-0.1524506907095908,0.029665852308327304,-0.11636145000431858,-0.000016988047934718258,-0.00003026507567385813,0.000005203009812572704,0.00017378153756211225,0.000027323726049727497,0.00000462253664529465,0.00009997996669128996,0.002636744269330435,0.0009617761302535775,0,0,0,3,0.001397,0,0,0
641665674,1,0.071690694422385,0.35223164122590456,0,0,0.004,-0.1406341999120067,0.16829613284338185,0.07686059683214097,0.005225674735134689,-0.048607837194670545,0.06877963390946906,-0.007556139646213351,-0.009412997558777487,0.01047563065218496,-0.15260366927378965,0.02985964349168731,-0.11626934395858347,-0.00001724570293618948,-0.000030457547126063656,0.000005153414717361787,0.00017447731546158226,0.00002732234903565635,0.000004623987984272185,0.00009997977400253973,0.0026257138736453783,0.0009295944738245417,0,0,0,3,0.001886,0,0,0
641665678,1,0.08626250049296785,0.3476309560593185,0,0,0.004,-0.1099114176876323,0.19362054280486385,0.041655313556608675,0.005225674735134689,-0.048607837194670545,0.06877963390946906,-0.007117395455560525,-0.010108907089508243,0.010702876457914255,-0.15271916410190864,0.03008133993446389,-0.11621536560323999,-0.00001755789397534865,-0.00003061553306488118,0.000005060422795740834,0.00017517629163986336,0.000027321000039476992,0.000004625440575718768,0.00009997959282569638,0.002614773293556494,0.0009060207457373561,0,0,0,3,0.000978,0,0,0
641665682,1,0.10267150895562814,0.3397341039384953,0,0,0.004,-0.08205601123711936,0.2035790112535809,0.01700779554776588,0.005225674735134689,-0.048607837194670545,0.06877963390946906,-0.006666120860000123,-0.010993298672470408,0.010904272058808331,-0.1528017204236343,0.030313106439092057,-0.11618818526979086,-0.00001783474024124537,-0.00003072306460786333,0.000004996689240306621,0.00017587842539959624,0.000027319684193569585,0.000004626894405393173,0.00009997941766855886,0.002603921021798505,0.0008806076802983403,0,0,0,3,0.001886,0,0,0
641665686,1,0.11506433329098327,0.3247685350949347,0,0,0.004,-0.048491148661460315,0.19850254265896594,-0.01418121696573138,0.005225674735134689,-0.048607837194670545,0.06877963390946906,-0.0062238717563509295,-0.01199848680045745,0.011059029170243257,-0.15284581712974452,0.030538060057444076,-0.11619551620120529,-0.000018073257482367467,-0.00003078486612344597,0.0000049693533896428205,0.00017658370856050718,0.00002731837955095543,0.000004628349467061456,0.00009997925068780976,0.0025931550294028562,0.000819324188391497,0,0,0,3,0.004261,0,0,0
641665690,1,0.12027848000833705,0.30867547155700203,0,0,0.004,-0.012708269595106292,0.18061327821713435,-0.05011134021417618,0.005225674735134689,-0.048607837194670545,0.06877963390946906,-0.005790467634774719,-0.013026181743326018,0.011168080562008218,-0.15284985430844944,0.03074208081017528,-0.11624294058750773,-0.00001828405870767433,-0.0000308012444040583,0.000004969745217408343,0.00017729214456149812,0.000027317100794646653,0.000004629805759342174,0.00009997909658730169,0.0025824731309331255,0.0007514657975184531,0,0,0,1,0.001886,0,0,0
641665694,1,0.12112228820891728,0.3081159542190102,0,0,0.004,-0.009030214613536924,0.173296949486079,-0.06084590078386576,0.005225674735134689,-0.048607837194670545,0.06877963390946906,-0.0053657315956300335,-0.014033322787337215,0.011274950925937879,-0.15284986834781106,0.0309374910343622,-0.11630239454222494,-0.00001840508144236352,-0.00003077312809475708,0.000005072556102808407,0.0001780037158222187,0.000027315887136287762,0.00000463126331648621,0.0000999789476632346,0.00257187525227881,0.000735560750658676,0,0,0,2,0.001466,0,0,0
641665698,1,0.1171189190556661,0.29484358909901043,0,0,0.004,0.01803147227024915,0.16380113495739068,-0.07098116993070569,0.005225674735134689,-0.048607837194670545,0.06877963390946906,-0.0049494902772682405,-0.014988363077387237,0.011241199505904827,-0.15282022538034593,0.03112073436386312,-0.11637273070953491,-0.000018460462597728674,-0.000030721118179845385,0.000005181414142830471,0.00017871838588112774,0.000027314698184003182,0.000004632722037879763,0.00009997879913271627,0.0025613599184544614,0.0007177104964013699,0,0,0,2,0.001466,0,0,0
641665702,1,0.10518898255107156,0.2980643272569185,0,0,0.004,0.04890488474218058,0.15626683598543445,-0.10107615729053698,0.005225674735134689,-0.048607837194670545,0.06877963390946906,-0.004573531718354635,-0.015785818184952137,0.011144207248110534,-0.1527564453393266,0.03129477673047383,-0.11647567912843225,-0.000018514676694033876,-0.000030633127405508455,0.000005292137211284023,0.00017943608754767963,0.00002731354603039454,0.000004634181956737956,0.00009997864078505486,0.0025509256854914174,0.0007697002154414771,0,0,0,2,0.0019549999999999997,0,0,0
641665706,1,0.08785358416740209,0.3246765160328564,0,0,0.004,0.08358288927054641,0.1665165909474049,-0.1412578425176232,0.005225674735134689,-0.048607837194670545,0.06877963390946906,-0.004258355552420886,-0.016386229236240352,0.011006544258030857,-0.15265357716413622,0.0314794319733583,-0.1166211708137236,-0.000018547470914158356,-0.000030490174859486548,0.000005440658408189793,0.00018015667790331015,0.00002731246058830732,0.00000463564306803582,0.00009997844748665655,0.002540571567555347,0.000935244588434845,0,0,0,2,0.0019549999999999997,0,0,0
641665710,1,0.06877114717578653,0.3509941911312216,0,0,0.004,0.1017121813432949,0.1727055465488414,-0.17356105048182435,0.005225674735134689,-0.048607837194670545,0.06877963390946906,-0.0040027461316073975,-0.0167828844680171,0.01078641337287024,-0.15253037223603813,0.03167065167338511,-0.11680079214438972,-0.000018527609374793454,-0.000030265796852594416,0.000005674221118484085,0.00018088009838067995,0.000027311407306907484,0.000004637105384415986,0.0000999782060323379,0.002530297267956663,0.001060535803349984,0,0,0,2,0.001396,0,0,0
641665714,1,0.06293139220226697,0.3594837974224494,0,0,0.004,0.10297023342412676,0.17363961487193436,-0.18310314704053887,0.005225674735134689,-0.048607837194670545,0.06877963390946906,-0.0037522488992101787,-0.01717160659515831,0.010570685105412835,-0.15240608949967566,0.03186248438118118,-0.11699009306687724,-0.000018412966663307562,-0.00002998093968304465,0.000006007182177738305,0.00018160639883387091,0.000027310421095156595,0.0000046385688755434655,0.00009997792059580211,0.0025201029547600234,0.0010901768464277126,0,0,0,2,0.003771,0,0,0
641665718,1,0.04291445540165858,0.33842129441047913,0,0,0.004,0.09252882751063385,0.1635498781697977,-0.161722562276978,0.005225674735134689,-0.048607837194670545,0.06877963390946906,-0.0035600248332624887,-0.017264932882028138,0.010284702892782358,-0.15229458822129965,0.03204218793123079,-0.11715620283185267,-0.00001819247803261908,-0.000029715528993200893,0.0000064000177755787864,0.00018233572517146242,0.000027309372254939194,0.000004640033487207077,0.00009997761272463533,0.0025099887057754267,0.0009916800590454914,0,0,0,2,0.001956,0,0,0
641665722,1,0.02819100722648141,0.337456720288336,0,0,0.004,0.06208961197860824,0.14884902810670853,-0.16102693657311562,0.005225674735134689,-0.048607837194670545,0.06877963390946906,-0.003435561114795654,-0.017122034467233597,0.009929871813882274,-0.15221711167516092,0.03220679186442498,-0.11732218297697741,-0.000017977357719991193,-0.00002931867288599446,0.000006849018428824086,0.000183068315185227,0.0000273082377547217,0.000004641499286458137,0.00009997731838571762,0.002499955063307409,0.0009116212141988627,0,0,0,2,0.0014670000000000002,0,0,0
641665726,1,0.030831629314757306,0.3529485886867415,0,0,0.004,0.032783193455409365,0.13995610246991563,-0.17366526920990388,0.005225674735134689,-0.048607837194670545,0.06877963390946906,-0.0033988078255806917,-0.016811551710969878,0.009496916201677657,-0.1521716239467924,0.03236318103080448,-0.11750205218113384,-0.000017777511642239795,-0.000028767764966891983,0.00000733069037865433,0.00018380431799969906,0.000027307066009078847,0.000004642966212422362,0.00009997705899485458,0.0024900022277915103,0.0009017500684464866,0,0,0,2,0.001886,0,0,0
641665730,1,0.04455650891559404,0.35202908374163566,0,0,0.004,0.0042655951500756295,0.1368816751402937,-0.1602000124717815,0.005225674735134689,-0.048607837194670545,0.06877963390946906,-0.0034586634013928814,-0.016283573078264776,0.009030009124275862,-0.15215725334320615,0.032516454519628035,-0.11766745679234948,-0.000017506697494616122,-0.00002818913755120206,0.000007833029829496162,0.00018454380656399578,0.000027305835043050803,0.000004644434148913375,0.0000999768431249283,0.002480130167869966,0.0008430310294375286,0,0,0,2,0.001885,0,0,0
641665734,1,0.049617494812763986,0.3524839014268995,0,0,0.004,-0.0035448964771173097,0.13682254969069163,-0.1561505823089302,0.005225674735134689,-0.048607837194670545,0.06877963390946906,-0.0035173218656888274,-0.015766154018213775,0.008572440188422105,-0.15215137113393762,0.032669250841717616,-0.11782802593480622,-0.00001719810387492737,-0.000027646951724244125,0.000008301956928733865,0.00018528672128118625,0.00002730461969220499,0.0000046459030325012485,0.0000999766604096391,0.0024703377732846923,0.0008305755185442272,0,0,0,2,0.001466,0,0,0
641665738,1,0.06264221081699756,0.3420208559750983,0,0,0.004,-0.010727636056808154,0.13114265906727596,-0.14109719577400526,0.005225674735134689,-0.048607837194670545,0.06877963390946906,-0.0036813336043020235,-0.015141904251400308,0.008028148832042569,-0.15215371996774804,0.032815103321388386,-0.11797233932518597,-0.000016870040399165803,-0.000027168105982420927,0.000008723104738753963,0.00018603302992519887,0.000027303400364341173,0.000004647372852725024,0.00009997650598856705,0.0024606238070498656,0.0007717190976814408,0,0,0,3,0.000978,0,0,0
641665742,1,0.07636969217868907,0.34779775603823415,0,0,0.004,-0.03849013554447911,0.14008084979451518,-0.12313729394959694,0.005225674735134689,-0.048607837194670545,0.06877963390946906,-0.003937938907385808,-0.01439165510323899,0.007462785369709674,-0.15218532774060065,0.03297038630427583,-0.11809717411773178,-0.000016469891849099848,-0.000026659781465366142,0.000009178358039563595,0.00018678274762516122,0.000027302149852221713,0.000004648843675810302,0.00009997637758235746,0.002450988400148236,0.0007617551120890791,0,0,0,3,0.0014670000000000002,0,0,0
641665746,1,0.08501347736880309,0.34987419489235894,0,0,0.004,-0.08115169024292229,0.13724084012696092,-0.08672025778783521,0.005225674735134689,-0.048607837194670545,0.06877963390946906,-0.004263980614930136,-0.013603147716239312,0.006898076532263119,-0.15226256534093066,0.033122522549151136,-0.11818400306767325,-0.000016045942001399898,-0.00002611801325336351,0.000009642417576891304,0.00018753592864505044,0.000027300849749202694,0.000004650315484432333,0.0000999762789681507,0.002441431691389793,0.0007259867562299009,0,0,0,3,0.003842,0,0,0
641665750,1,0.09402658415236657,0.36794803896341577,0,0,0.004,-0.13758150568656546,0.13514870988331706,-0.04139077874549102,0.005225674735134689,-0.048607837194670545,0.06877963390946906,-0.00467937528756643,-0.012755841966457411,0.006334009227205179,-0.15239965256052362,0.03327256447508483,-0.11822397903042021,-0.000015607214576811948,-0.000025528628339706167,0.000010113310609481272,0.0001882925786318088,0.000027299532668669146,0.0000046517882701226666,0.00009997620302523309,0.002431954113667446,0.0007889947128366895,0,0,0,3,0.001885,0,0,0
641665754,1,0.09604951765621342,0.37496744800417775,0,0,0.004,-0.15145827389464372,0.13760214353078992,-0.028055800587832636,0.005225674735134689,-0.048607837194670545,0.06877963390946906,-0.005086462066749999,-0.011925482331671148,0.005781223268248397,-0.15255087899402375,0.033424623903825466,-0.11824995678410402,-0.0000152188406833213,-0.000025024704421498752,0.000010493580302198907,0.00018905255959195127,0.000027298357596266185,0.0000046532619251161645,0.00009997612753442546,0.002422554082217601,0.00082618241648718,0,0,0,3,0.001885,0,0,0
641665758,1,0.09886430576985474,0.3825898355124738,0,0,0.004,-0.1858070438599161,0.1310241141068489,0.037163128451686234,0.005225674735134689,-0.048607837194670545,0.06877963390946906,-0.005528017687791163,-0.011111729889580611,0.005196882451029483,-0.15273885115742447,0.033567996122897674,-0.11820879812478571,-0.000014816583245154128,-0.000024548842494288214,0.000010830659989672348,0.00018981580080454336,0.000027297179541386193,0.000004654736436852914,0.0000999760377196671,0.0024132308113559617,0.0009215002909756405,0,0,0,3,0.0014670000000000002,0,0,0
641665762,1,0.10284793056877728,0.39395852834775225,0,0,0.004,-0.21157884386904802,0.11941086771625353,0.1077062570878411,0.005225674735134689,-0.048607837194670545,0.06877963390946906,-0.005982047485132138,-0.010250336630169981,0.004624228450154947,-0.15295476067087463,0.03369685847601769,-0.11809558430422616,-0.00001443816748184833,-0.00002412262050027449,0.00001110605815516058,0.00019058222588328827,0.000027296091603041085,0.0000046562117993601395,0.0000999759206169588,0.002403983007466472,0.0010630160888158466,0,0,0,2,0.001956,0,0,0
641665790,1,0.0912493320819676,0.6066932193329007,0,0,0.028,-0.40492473784499516,0.10997504606312924,0.3044108260766567,0.005225674735134689,-0.048607837194670545,0.06877963390946906,-0.005958280334672348,-0.009310297436704713,0.004244122483423291,-0.15823498484199308,0.03518151060420878,-0.11417380967960443,-0.00001625624094699217,-0.000025018419115230345,0.000009087821731693738,0.00019602404787426512,0.00005016450900591894,0.0000046859419871667014,0.00009997206017261667,0.0023609012741522247,0.01451482042619711,0,0,0,2,0.0014670000000000002,0,0,0
641665794,1,0.089562715257845,0.6812212315518333,0,0,0.004,-0.46008201829458195,0.10270331849387704,0.359876808565069,0.005225674735134689,-0.048607837194670545,0.06877963390946906,-0.005934988527221754,-0.00838905902710875,0.003871618636026268,-0.15887897489950292,0.03533022999378329,-0.11367886850785452,-0.000016376206248908943,-0.00002510055849816288,0.000008966694635023847,0.00019680829753985642,0.00003772548985429294,0.00000468789917493506,0.00009997000266470862,0.00234155421344242,0.002372289198325196,0,0,0,3,0.001397,0,0,0
641665798,1,0.07649590157872455,0.7322971745582323,0,0,0.004,-0.5050103310300184,0.10332645027435938,0.3846409697649307,0.005225674735134689,-0.048607837194670545,0.06877963390946906,-0.005794983467956685,-0.00764603505110946,0.003570480731739087,-0.15948521270675817,0.03545932068892523,-0.11322618566705717,-0.000016592362107744783,-0.000025420411675219742,0.000008776504259965352,0.00019759668807798456,0.00003245369528620862,0.000004689793531297474,0.00009996824874750564,0.0023284596507874675,0.0025726576620920386,0,0,0,3,0.007613,0,0,0
641665802,1,0.06137017477597868,0.7981077810259843,0,0,0.004,-0.569418966734289,0.0984117392264725,0.4033148906778994,0.005225674735134689,-0.048607837194670545,0.06877963390946906,-0.005519294133192797,-0.00707766122003491,0.0033712393847805016,-0.16011380465845443,0.035574596091690974,-0.11279128897975634,-0.0000168704311691109,-0.00002612786293911595,0.0000085642556654781,0.0001983874987831649,0.000029940269107368975,0.00000469162093582436,0.00009996636760583097,0.0023178031944516213,0.0028187535717386874,0,0,0,3,0.001466,0,0,0
641665806,1,0.0379456703661751,0.7381147255071709,0,0,0.004,-0.525824140857053,0.09843084672413216,0.34363458503823274,0.005225674735134689,-0.048607837194670545,0.06877963390946906,-0.005142592141521018,-0.006893497418192944,0.0032931619527245748,-0.16066686746239206,0.035685219579141954,-0.11243789545901944,-0.00001732428239014697,-0.000027023908321909592,0.000008132909532329439,0.00019918109654622768,0.00002867426434201097,0.0000046933836739531325,0.0000999644205676373,0.0023082776833672773,0.0025432715520896654,0,0,0,3,0.001397,0,0,0
641665810,1,0.037366253754120345,0.7362827267556843,0,0,0.004,-0.5319950311451793,0.07788848638015766,0.32673714317981783,0.005225674735134689,-0.048607837194670545,0.06877963390946906,-0.00467755039043982,-0.006883459202152889,0.003269909291111351,-0.1612121713727406,0.03577300509052937,-0.11211218325602663,-0.00001766912563118366,-0.000028020220267696863,0.000007815418191751697,0.0001999773373986688,0.000028019039554032667,0.000004695088803738674,0.00009996236951271798,0.0022993346502888823,0.0025166405868365426,0,0,0,2,0.001397,0,0,0
641665814,1,0.03990187029888101,0.7354737980874327,0,0,0.004,-0.5331468537901131,0.06990651043493368,0.3216915856860574,0.005225674735134689,-0.048607837194670545,0.06877963390946906,-0.004221809474380248,-0.006873621750433634,0.0032471216827303917,-0.16175027253451846,0.035851633488631844,-0.11179718222338934,-0.0000180214163112036,-0.000028922555361832902,0.000007433752869294406,0.00020077623195217495,0.00002767499418810267,0.000004696745168176579,0.00009996021322234428,0.002290717187299831,0.0025063693716886846,0,0,0,3,0.000978,0,0,0
641665818,1,0.052352335590751045,0.7591994100503378,0,0,0.004,-0.5609206271327177,0.06791425717142419,0.31047736245998614,0.005225674735134689,-0.048607837194670545,0.06877963390946906,-0.003668656933038697,-0.007087686579315421,0.0032993583370392703,-0.16231031525713568,0.03592910317722771,-0.11149714276946203,-0.000018428000027290958,-0.000030030388103515886,0.000006948236902324561,0.00020157746516461672,0.000027492928798300962,0.000004698362036471268,0.00009995788277569906,0.002282299002071241,0.002578807441807836,0,0,0,3,0.0014670000000000002,0,0,0
641665822,1,0.07391476635656442,0.7272433976678048,0,0,0.004,-0.5386339600690481,0.06468661426232547,0.26601576916859315,0.005225674735134689,-0.048607837194670545,0.06877963390946906,-0.0030306936432811247,-0.00758509150934813,0.00342511876878419,-0.16284361572671358,0.03600380294845184,-0.11124268666435434,-0.00001886541825855615,-0.000031255381215948164,0.000006367588728501874,0.00020238150730685284,0.000027395708613776856,0.000004699947677092674,0.00009995547793298122,0.0022740131702683546,0.002416858425148634,0,0,0,2,0.0019549999999999997,0,0,0
641665826,1,0.08747856678939793,0.6272240826411838,0,0,0.004,-0.45152066198370844,0.06146541508974268,0.17374322203772508,0.005225674735134689,-0.048607837194670545,0.06877963390946906,-0.0023841843305980694,-0.008200380073103988,0.0035270587031735775,-0.16328685297843257,0.03607522513486073,-0.11107833770079367,-0.00001930122842498352,-0.00003261654728583193,0.000005724270454148612,0.00020318962670915432,0.000027342845762830105,0.000004701509206499807,0.00009995365888937212,0.0022658212465228064,0.0019507357080011055,0,0,0,3,0.00426,0,0,0
641665830,1,0.10044462972049342,0.6017754551189817,0,0,0.004,-0.42804324584377207,0.06390945645281487,0.12911294684642627,0.005225674735134689,-0.048607837194670545,0.06877963390946906,-0.0017399525598083586,-0.008952499886629167,0.003712180993757713,-0.16370411544809188,0.03614959731182093,-0.1109576728316311,-0.000019713536762905766,-0.00003395506752460721,0.000005029182131807599,0.0002040018387570473,0.000027313936841677806,0.000004703052715106731,0.00009995314207615506,0.0022577049157088956,0.001806546282739235,0,0,0,3,0.001956,0,0,0
641665834,1,0.10380096388208142,0.5984943392433614,0,0,0.004,-0.42499158673148907,0.061542962458021266,0.11569965714864949,0.005225674735134689,-0.048607837194670545,0.06877963390946906,-0.001108605424434442,-0.009689577303883841,0.0038936008385301655,-0.1641164837024249,0.03622184277067825,-0.11085059070036607,-0.00002005417019782081,-0.00003503491615833283,0.000004362973114316294,0.00020481789304137838,0.000027297967316299553,0.000004704582856353544,0.00009995277194953402,0.0022496550124711137,0.0017789515819604457,0,0,0,3,0.0014670000000000002,0,0,0
641665838,1,0.1062146955468169,0.5825940775349013,0,0,0.004,-0.4098601884139038,0.052373662246039565,0.104864828562107,0.005225674735134689,-0.048607837194670545,0.06877963390946906,-0.0005005378761283206,-0.010454523750234689,0.004082044930767486,-0.16451274166050872,0.03628484468155737,-0.11075450290090863,-0.0000203067331265929,-0.0000358331842666101,0.000003786197084909232,0.00020563776343344992,0.00002728886929849787,0.000004706103170939754,0.00009995250492552637,0.002241665792953719,0.0017051686453279774,0,0,0,3,0.0019549999999999997,0,0,0
641665842,1,0.10466520688965156,0.5390151240372449,0,0,0.004,-0.36505160637387046,0.04187232011460473,0.0640027528401923,0.005225674735134689,-0.048607837194670545,0.06877963390946906,0.000020799810689459412,-0.011225476556379154,0.00426672014116006,-0.16486391860628724,0.03633740139770802,-0.11069765665432484,-0.000020483693802769668,-0.00003659955906151994,0.0000032940555449009407,0.00020646175509018508,0.00002728327831623431,0.000004707616370817729,0.00009995233717846441,0.002233732418646338,0.0014919105543110603,0,0,0,3,0.002375,0,0,0
641665846,1,0.09638267470937954,0.4834190521927589,0,0,0.004,-0.30114160299914916,0.04089978666910521,0.013698893424811232,0.005225674735134689,-0.048607837194670545,0.06877963390946906,0.00046779487760898223,-0.011895789151518194,0.004447701847344783,-0.1651515016866219,0.036388286253957486,-0.11068808509845295,-0.000020611202584023412,-0.00003735831717512674,0.000002804846856431359,0.00020729021588613333,0.000027279508927791488,0.000004709124505765556,0.00009995225753174412,0.0022258510076606846,0.0012168596782705214,0,0,0,3,0.0018160000000000001,0,0,0
641665850,1,0.08528420484419892,0.4621818933598636,0,0,0.004,-0.27380350311010104,0.03449906038589434,-0.01130230407604671,0.005225674735134689,-0.048607837194670545,0.06877963390946906,0.0008525868213885299,-0.012446169051151285,0.0046250639194058115,-0.16541166680074043,0.03643279540187486,-0.11070222111043018,-0.000020673301458935807,-0.000037973333209033604,0.0000023823939055194934,0.000208122938190445,0.000027276912046645182,0.000004710629212429836,0.00009995223014451973,0.0022180204257130592,0.001104798881681549,0,0,0,3,0.001956,0,0,0
641665854,1,0.08148721566702805,0.45934342069840844,0,0,0.004,-0.2689940767546365,0.030560669601596535,-0.018764927797699116,0.005225674735134689,-0.048607837194670545,0.06877963390946906,0.0012296829262924865,-0.012985541352791712,0.004798878750025619,-0.16566633951162457,0.03647352755527369,-0.11072349842706765,-0.00002069301020838476,-0.000038373016863657904,0.0000019837920399244924,0.0002089595768980875,0.000027275051457561084,0.000004712131645674581,0.0000999522240436474,0.002210240995559771,0.0010854963131827215,0,0,0,4,0.003352,0,0,0
641665858,1,0.06784733903100555,0.4460294131274701,0,0,0.004,-0.2589168938531785,0.022734651251272053,-0.007532378509232274,0.005225674735134689,-0.048607837194670545,0.06877963390946906,0.0015566265316570964,-0.013333031254273944,0.004958564639672714,-0.1659110837703156,0.036505871196270835,-0.11073418975515112,-0.00002069528133008617,-0.000038491179281435605,0.0000016285266476329362,0.00020979994552739546,0.000027273600894585454,0.00000471363256101938,0.00009995222122958854,0.00220251252409113,0.0010400889117078516,0,0,0,3,0.001886,0,0,0
641665862,1,0.0482892745332389,0.41294691172765335,0,0,0.004,-0.21678829422152757,0.04045040529288246,-0.022392243021384317,0.005225674735134689,-0.048607837194670545,0.06877963390946906,0.001834420687473146,-0.013417907893078925,0.005093751522806232,-0.16611413321815327,0.036553719871159455,-0.11075744029079573,-0.000020668075542968104,-0.00003858112508001821,0.0000011881347815526212,0.0002106441487487214,0.000027272299062940237,0.0000047151325329735905,0.0000999522174924656,0.002194833864951824,0.0008866549484201104,0,0,0,1,0.001397,0,0,0
641665866,1,0.03308060055692194,0.3841082296225901,0,0,0.004,-0.17200125256809207,0.06615341407509034,-0.04165064141021979,0.005225674735134689,-0.048607837194670545,0.06877963390946906,0.0020747010270919237,-0.013213465601379249,0.005215582023916763,-0.16627286175011827,0.036624553014661866,-0.11079697023425075,-0.000020588930732650842,-0.00003867997833658276,0.0000007019535097840812,0.000211492211734979,0.00002727107959716405,0.000004716632044693873,0.00009995220746090107,0.0021872041188212565,0.0007557299095170514,0,0,0,1,0.001886,0,0,0
641665870,1,0.0341462122112396,0.3819045703980409,0,0,0.004,-0.1688043851305997,0.09840303399147943,-0.0180399081655942,0.005225674735134689,-0.048607837194670545,0.06877963390946906,0.0022462598937564244,-0.012778753979586593,0.005334975915005084,-0.16642717720181785,0.03672438368106905,-0.11081289235537932,-0.00002047004253510784,-0.0000385701304420937,0.00000018907664036442755,0.00021234389060569966,0.000027270001061497707,0.000004718131488351179,0.00009995219252244416,0.002179624699177984,0.0007848925105992149,0,0,0,2,0.001886,0,0,0
641665874,1,0.037514472082248375,0.38047826305582266,0,0,0.004,-0.1666234668420894,0.10648377865158598,-0.010689958725821569,0.005225674735134689,-0.048607837194670545,0.06877963390946906,0.0024143875830876346,-0.012352736590229788,0.005451981928271638,-0.1665787014199577,0.036831101058282405,-0.11082153999221131,-0.0000203356774021781,-0.000038400288999805876,-0.00000021109537049117727,0.00021319901004445587,0.000027269010320001082,0.000004719631118130327,0.00009995217053339927,0.0021720959267743493,0.000792125747956286,0,0,0,2,0.001886,0,0,0
641665878,1,0.0479068488183316,0.383002564294391,0,0,0.004,-0.17110723750911228,0.11225356624986826,0.0016492423897229713,0.005225674735134689,-0.048607837194670545,0.06877963390946906,0.00254719478555127,-0.011743491950174417,0.005545342532552227,-0.16673385338024208,0.03694258220731231,-0.11081851495688945,-0.00002019132792570095,-0.000038176028178924324,-0.0000005098159430468932,0.00021405744378951732,0.000027268074456762706,0.000004721131084932484,0.00009995214219083099,0.0021646181695343662,0.000818596553760382,0,0,0,2,0.0014670000000000002,0,0,0
641665882,1,0.060328499196529224,0.383756630107582,0,0,0.004,-0.1736718530106186,0.10253292697669614,-0.00403100229160458,0.005225674735134689,-0.048607837194670545,0.06877963390946906,0.0026560405552449986,-0.010997295181875715,0.005636835924747204,-0.16689111222675232,0.03704501210739976,-0.11082121490529585,-0.000020067508425490886,-0.000037973225926274214,-0.0000006912894313864531,0.00021491913849785275,0.000027267175954138726,0.0000047226315084908216,0.00009995210850482007,0.002157191067685864,0.0008068820248043734,0,0,0,2,0.002863,0,0,0
641665886,1,0.06911114056943647,0.39340189311056345,0,0,0.004,-0.18187550563331523,0.08780345790588884,-0.02502884969557506,0.005225674735134689,-0.048607837194670545,0.06877963390946906,0.0027627094095448532,-0.010180801194060451,0.005705194160377648,-0.16705561125718482,0.03713461054883148,-0.11084409118675888,-0.000019974005398177262,-0.00003780567326752836,-0.0000007857075612652969,0.000215784060900153,0.000027266298478361113,0.000004724132480175987,0.00009995206920812513,0.0021498143744211043,0.0008140229980700934,0,0,0,3,0.001397,0,0,0
641665890,1,0.0748415895427062,0.40339210137027987,0,0,0.004,-0.18597898673238333,0.10378780170582314,-0.028850202681331538,0.005225674735134689,-0.048607837194670545,0.06877963390946906,0.0028672448867587104,-0.009327373864199908,0.005772185231295484,-0.16722261861704746,0.037238969764683716,-0.1108699089470961,-0.00001984512325784164,-0.000037607428471685535,-0.0000009039611574094707,0.00021665217398042939,0.000027265441287644132,0.00000472563396786976,0.00009995201899087317,0.0021424883638631767,0.000859696927840831,0,0,0,3,0.001396,0,0,0
641665894,1,0.07597243735320612,0.40343277192845944,0,0,0.004,-0.18397727419368337,0.1078087859247936,-0.02971080081709765,0.005225674735134689,-0.048607837194670545,0.06877963390946906,0.0029696896544282904,-0.008491015080936574,0.005837836480794962,-0.16738702399608835,0.03734663892573045,-0.11089628724956915,-0.000019698285611684412,-0.00003738459601515702,-0.0000010045151444344722,0.00021752347624943058,0.000027264591369324568,0.0000047271359811521525,0.00009995195814704031,0.0021352124889745527,0.0008611908353205715,0,0,0,3,0.001466,0,0,0
641665898,1,0.07559882109984192,0.39368060050120773,0,0,0.004,-0.1710583155920098,0.12335584079567496,-0.017169184075308763,0.005225674735134689,-0.048607837194670545,0.06877963390946906,0.0030594328823841618,-0.007671383473338509,0.005902174705304451,-0.16753862608900694,0.03746721833556024,-0.11091031460630033,-0.00001950621098646352,-0.00003713473810995116,-0.0000011194695758516238,0.00021839797547970686,0.00002726374504756775,0.000004728638503185241,0.0000999518872485299,0.002127985977445717,0.0008463795051714839,0,0,0,2,0.0014670000000000002,0,0,0
641665902,1,0.07190198605584129,0.4137508695764839,0,0,0.004,-0.17028733579523014,0.14524204340591518,-0.05073858301503975,0.005225674735134689,-0.048607837194670545,0.06877963390946906,0.003158033890141233,-0.0069107550753336735,0.005943920876603116,-0.16768748520659119,0.03760861066210363,-0.11095417452530576,-0.000019317920213537797,-0.00003695121147706754,-0.0000012231746226144852,0.0002192756229008219,0.000027262920821558934,0.000004730141704392077,0.00009995178374671552,0.0021208089047937803,0.0009179754394216639,0,0,0,3,0.0014670000000000002,0,0,0
641665906,1,0.06454518147394049,0.4294451893856805,0,0,0.004,-0.17489628642949073,0.14033689863948196,-0.0835608811584958,0.005225674735134689,-0.048607837194670545,0.06877963390946906,0.0032972734551844304,-0.006261213044531786,0.005995484768836125,-0.1678395725118287,0.0377464863337713,-0.11102810388794424,-0.000019163289882281125,-0.000036768991347256846,-0.0000012389173885419072,0.00022015641760535549,0.000027262102558818254,0.00000473164556451348,0.00009995163809090167,0.002113680766542977,0.0009572090846753092,0,0,0,2,0.001397,0,0,0
641665910,1,0.051144691033676026,0.46944172361487935,0,0,0.004,-0.20485421017412286,0.15742470133709707,-0.1036850096366031,0.005225674735134689,-0.048607837194670545,0.06877963390946906,0.003433728228926764,-0.005795104164111008,0.006067322671945107,-0.16801724279847152,0.037901367004032904,-0.11112001312336449,-0.00001895293919272802,-0.00003646860564194113,-0.0000011964004109447173,0.00022104024835269012,0.00002726134039949848,0.0000047331500967293564,0.00009995143164168869,0.002106602879406719,0.0011135411280449798,0,0,0,2,0.001396,0,0,0
641665914,1,0.04697107161688518,0.4792465318632975,0,0,0.004,-0.2117819791689397,0.1610980254075327,-0.10934939577191116,0.005225674735134689,-0.048607837194670545,0.06877963390946906,0.0035674539071942507,-0.0053383174612986455,0.00613772381699191,-0.16820029743918635,0.038059550569133654,-0.11121680133544343,-0.000018694516671109966,-0.00003608063995375855,-0.0000011231657753923952,0.00022192710940008778,0.000027260595127134242,0.000004734655155630112,0.00009995116631654966,0.0020995745944738177,0.0011507317383063792,0,0,0,3,0.003352,0,0,0
641665918,1,0.030730656329291162,0.4643932025758216,0,0,0.004,-0.2002030967233478,0.1730563981037765,-0.08476414828600731,0.005225674735134689,-0.048607837194670545,0.06877963390946906,0.003698505071896388,-0.005146329957190138,0.006206716939137777,-0.1683722817520147,0.03822663280573697,-0.11129052214263037,-0.00001830523407560472,-0.000035613105241938346,-0.0000010849771388302624,0.00022281702464512564,0.0000272598071160834,0.000004736160653700093,0.00009995086483526311,0.002092594622186459,0.0011115017423066734,0,0,0,2,0.0014670000000000002,0,0,0
641665922,1,0.026165884483012658,0.43125090256589815,0,0,0.004,-0.15722011324195706,0.170540845805623,-0.0879596147120214,0.005225674735134689,-0.048607837194670545,0.06877963390946906,0.0038588931463854332,-0.005117971868568554,0.006338246065002629,-0.1685050930660768,0.038389295168758414,-0.11136620308156547,-0.00001793949242362492,-0.000035285340556416724,-0.0000011002656448492547,0.00022371015237357975,0.000027259035783787335,0.0000047376666286946,0.00009995053426330298,0.002085659987770687,0.0009922841360513496,0,0,0,2,0.0014670000000000002,0,0,0
641665926,1,0.029904582347856323,0.4151177462320202,0,0,0.004,-0.12909291472728485,0.17878273081439722,-0.089445021183721,0.005225674735134689,-0.048607837194670545,0.06877963390946906,0.0040054208150243804,-0.00530323382892574,0.006456491963989866,-0.16861190138102222,0.03855773438338135,-0.11144218141614545,-0.000017549012908462426,-0.00003501652706348167,-0.0000011236627948427697,0.00022460649948511464,0.000027258273026163342,0.0000047391731979350434,0.00009995017236925543,0.002078769418301084,0.0009518710608883583,0,0,0,2,0.0014670000000000002,0,0,0
641665930,1,0.04332976261861366,0.4134292329471309,0,0,0.004,-0.11996194344040723,0.1675184275753423,-0.10946195204218157,0.005225674735134689,-0.048607837194670545,0.06877963390946906,0.004127712641569915,-0.005676538148561488,0.00660433087807831,-0.16871023595550028,0.03871593928976318,-0.11153604046429365,-0.000017258874730200948,-0.00003476001871932959,-0.0000010468749977395082,0.00022550609303105627,0.00002725751667900792,0.000004740680474660998,0.00009994977822675202,0.0020719222930738915,0.000933254180992077,0,0,0,2,0.001886,0,0,0
641665934,1,0.0478865683793412,0.4147865504497438,0,0,0.004,-0.12003578312394653,0.16305661132690052,-0.11539679892428012,0.005225674735134689,-0.048607837194670545,0.06877963390946906,0.004247558631584538,-0.006042376381804521,0.006749213013884985,-0.16880835307291656,0.03886989072935185,-0.11163506231760933,-0.000016971006984166135,-0.000034438310369819565,-0.0000008896306277039347,0.0002264089189860297,0.00002725675782326712,0.0000047421884255527906,0.00009994935730060672,0.0020651186723701894,0.0009322014282723387,0,0,0,2,0.001397,0,0,0
641665938,1,0.05304028459107785,0.3849721185656308,0,0,0.004,-0.09740392525404828,0.14225432987742503,-0.1067528164143976,0.005225674735134689,-0.048607837194670545,0.06877963390946906,0.004343702413078235,-0.006496771649625545,0.006837934285173941,-0.16888706082911098,0.03900369206978239,-0.11172644363015673,-0.000016707290980008468,-0.00003414004359620631,-0.0000007310794042645377,0.00022731505656292802,0.000027255954714603214,0.0000047436969362216676,0.00009994894425883609,0.0020583569419329864,0.0008111225094761216,0,0,0,2,0.001397,0,0,0
641665942,1,0.051248272033672,0.3181338461389323,0,0,0.004,-0.03154668369537417,0.12499259622747294,-0.08131720996954428,0.005225674735134689,-0.048607837194670545,0.06877963390946906,0.004459228607662692,-0.006888815790288565,0.006914228486676801,-0.16890848200014902,0.03911826737117553,-0.11179448042705858,-0.000016415311158978623,-0.000034047617784933,-0.0000007015902890297607,0.00022822449540008295,0.000027255102430279244,0.000004745205895225755,0.0000999485775638071,0.0020516338015073615,0.0006096665449386709,0,0,0,3,0.003422,0,0,0
641665946,1,0.043487543940129866,0.2998587121069744,0,0,0.004,0.009632391900631587,0.1403696188455783,-0.07824530305045485,0.005225674735134689,-0.048607837194670545,0.06877963390946906,0.004540486345274509,-0.007187797893255789,0.006946386226708337,-0.1688930058415109,0.03924427715179588,-0.11185833804780994,-0.000016053045449605654,-0.000034053049167683455,-0.0000006672599433715747,0.00022913699157142377,0.000027254289412430423,0.0000047467155279638175,0.00009994823315685436,0.002044948831376032,0.0006439719288048237,0,0,0,3,0.001886,0,0,0
641665950,1,0.029637276089744383,0.3159234125597407,0,0,0.004,0.018481822291740724,0.15075184927640728,-0.10092920610289902,0.005225674735134689,-0.048607837194670545,0.06877963390946906,0.004609466283773774,-0.007310358044398597,0.006956595523218607,-0.16886896183641045,0.03937945968080236,-0.11194143187413877,-0.00001571995453247006,-0.00003398285215144764,-0.0000005021396098278526,0.00023005241595829064,0.00002725354318383883,0.000004748225982566614,0.00009994787333010464,0.0020383030808419703,0.0007294315864840686,0,0,0,3,0.000978,0,0,0
641665954,1,0.02551916289912358,0.3215188792902955,0,0,0.004,0.019101513823396088,0.15298944310665563,-0.1076271841636327,0.005225674735134689,-0.048607837194670545,0.06877963390946906,0.004677066623503053,-0.007430466992518549,0.006966600633798671,-0.16884422689562056,0.039516394541561584,-0.11203006987661698,-0.00001538521699370562,-0.000033823069465983494,-0.00000021632507394959996,0.00023097076358089184,0.00002725287223301117,0.000004749737178570514,0.0000999474928574863,0.0020316973950891297,0.0007521090166024872,0,0,0,2,0.0014670000000000002,0,0,0
641665958,1,0.01723706453012362,0.30559219183005704,0,0,0.004,0.028897258952177818,0.15039180704540112,-0.09279135832002083,0.005225674735134689,-0.048607837194670545,0.06877963390946906,0.004732662312077429,-0.007452299962433249,0.006912489776005233,-0.1688113895168917,0.039649732807720314,-0.11210541481508994,-0.000015011466131016577,-0.00003368342325290577,0.00000012520193504934858,0.00023189203420907606,0.000027252182325604968,0.000004751249000771068,0.00009994711475156937,0.0020251317100108005,0.0007162455822434635,0,0,0,3,0.000978,0,0,0
641665962,1,0.00903832359094493,0.26579692980118264,0,0,0.004,0.023832118657642565,0.12014010551323273,-0.053388656896366626,0.005225674735134689,-0.048607837194670545,0.06877963390946906,0.0047658407981596845,-0.007303253963184584,0.006848808491007347,-0.16878495214821493,0.039755178587595814,-0.11214735738825211,-0.000014667969416652462,-0.00003360390896770355,0.00000045610854796004323,0.00023281641070667478,0.000027251420839139213,0.000004752761447638131,0.00009994680278636697,0.00201860583983432,0.00053444496094757,0,0,0,3,0.0014670000000000002,0,0,0
641665966,1,0.018421608673511954,0.24313502218453784,0,0,0.004,0.0103888975638885,0.10108923480404042,-0.017387612686286857,0.005225674735134689,-0.048607837194670545,0.06877963390946906,0.004787703070159977,-0.006997399218516138,0.006743790254268151,-0.16877163163408188,0.03984307321937293,-0.11215880186320817,-0.000014344648624045565,-0.000033578713170057354,0.0000007934509253870486,0.00023374403391935623,0.000027250607397934004,0.000004754274546930716,0.00009994657866323149,0.0020121202285941493,0.0004123938246053199,0,0,0,2,0.001885,0,0,0
641665970,1,0.032760259314191,0.2571116170347617,0,0,0.004,-0.007844143402797377,0.10446751067418503,-0.016776016993441445,0.005225674735134689,-0.048607837194670545,0.06877963390946906,0.004809128096720263,-0.006548524547696623,0.006608914449182789,-0.16877397450716483,0.03993431126868323,-0.11216986562093258,-0.000014063760158163675,-0.00003349344031897056,0.0000011923590920820615,0.00023467496905427756,0.00002724979335870112,0.000004755788350672317,0.00009994640728206531,0.002005675913684645,0.00042438522346281287,0,0,0,3,0.004191,0,0,0
641665974,1,0.036872320416612134,0.26029151775602943,0,0,0.004,-0.012317240749783853,0.10470990017257886,-0.01645182360759989,0.005225674735134689,-0.048607837194670545,0.06877963390946906,0.004830124622749344,-0.006108627370293499,0.006476736160199132,-0.16878015593764303,0.04002562831859108,-0.112180676990814,-0.000013823570506267543,-0.00003340274318015302,0.0000015892602037527174,0.00023560920306549347,0.000027249003076265377,0.000004757302757053058,0.00009994626947525822,0.0019992727990026386,0.00042683092884851064,0,0,0,3,0.0019549999999999997,0,0,0
641665978,1,0.043898703077725205,0.27378866978512906,0,0,0.004,-0.02227176780790857,0.11090711154697663,-0.023055838253958072,0.005225674735134689,-0.048607837194670545,0.06877963390946906,0.0047974379964562585,-0.005581654337195584,0.006347201436995149,-0.16879450120760192,0.04012258881058562,-0.11219708248045837,-0.000013610540624621446,-0.000033272564416790746,0.000002010003960947886,0.00023654674243019606,0.0000272482269424958,0.0000047588177691824725,0.00009994614641805763,0.0019929111265572655,0.00046178766913941024,0,0,0,4,0.0014670000000000002,0,0,0
641665982,1,0.05253890349927805,0.2862709142502191,0,0,0.004,-0.04015651670461856,0.1016210554068635,-0.030921336161576107,0.005225674735134689,-0.048607837194670545,0.06877963390946906,0.0047334471696080845,-0.004969346965516775,0.006198952119534612,-0.16882432912105566,0.0402122441025343,-0.1122207862761669,-0.000013446237378777748,-0.00003308757903069276,0.000002405753891726511,0.00023748766282748743,0.00002724743280467972,0.000004760333375514785,0.00009994603468894393,0.0019865909149397324,0.00045423366261641726,0,0,0,3,0.001886,0,0,0
641665986,1,0.0627833830918705,0.30565483946847294,0,0,0.004,-0.08252316529467979,0.08787857904037133,-0.011846524758759358,0.005225674735134689,-0.048607837194670545,0.06877963390946906,0.004660083514936557,-0.004252106653308056,0.006064320432783602,-0.168891071086367,0.0402908893584604,-0.11222928058573658,-0.000013287029034856139,-0.000032887782117779746,0.0000027816754483669616,0.00023843210920686443,0.000027246599956322852,0.0000047618495567403895,0.00009994594696587807,0.001980313073111813,0.0004845295881700969,0,0,0,3,0.0019549999999999997,0,0,0
641665990,1,0.07341565402806481,0.33158940902912537,0,0,0.004,-0.10953272809705006,0.07193930756020461,-0.03227660820845202,0.005225674735134689,-0.048607837194670545,0.06877963390946906,0.004566881844637826,-0.0034426847037403426,0.005868465513605712,-0.16898083506278494,0.040357430556955544,-0.11225612925790586,-0.000013195012479393529,-0.00003261494926026472,0.00000307886823766742,0.000239380062058995,0.000027245789529457933,0.000004763366289135278,0.00009994587297737616,0.0019740773744467556,0.0005398438579302861,0,0,0,2,0.001885,0,0,0
641665994,1,0.07604678816560055,0.337077919192542,0,0,0.004,-0.11420999715617342,0.06774728144842235,-0.03830063196009981,0.005225674735134689,-0.048607837194670545,0.06877963390946906,0.00447554420774507,-0.002649451193163983,0.005676527692811378,-0.16907434549915032,0.040420565254866446,-0.11228823892267077,-0.000013103943802999661,-0.00003234192946052728,0.0000032914701700232483,0.00024033139769137962,0.000027245025846501298,0.000004764883434058629,0.00009994580577619627,0.0019678828319678837,0.0005528190445722059,0,0,0,3,0.0014670000000000002,0,0,0
641665998,1,0.08135806297797828,0.3877399766522819,0,0,0.004,-0.16051276757606225,0.07373271221361954,-0.059433075152851345,0.005225674735134689,-0.048607837194670545,0.06877963390946906,0.004354075390509218,-0.0018081664866372485,0.005445818050991665,-0.16920608450322275,0.040491019099952334,-0.11233871878135675,-0.000012998819937208644,-0.00003196854526653327,0.0000034719262390849614,0.00024128608174640986,0.000027244283405364845,0.000004766401153294242,0.00009994572905962293,0.0019617308201779426,0.0007454732921029743,0,0,0,3,0.0027930000000000003,0,0,0
641666002,1,0.08070275114381385,0.43808654216855564,0,0,0.004,-0.19948715793025007,0.09777302784670616,-0.08272201969491277,0.005225674735134689,-0.048607837194670545,0.06877963390946906,0.004203078016537132,-0.0010050127629616828,0.0052516805350892965,-0.16936890684847614,0.040583739905655475,-0.11240857235770356,-0.000012827022929547891,-0.00003151209241487971,0.0000035989264031587985,0.0002422439708482696,0.000027243596546226608,0.000004767919350992966,0.00009994562115021597,0.0019556223775154037,0.0009482415194099601,0,0,0,2,0.0009069999999999999,0,0,0
641666006,1,0.07408797345164238,0.4767838714058135,0,0,0.004,-0.2423713868346442,0.10410514786692082,-0.0821279521345808,0.005225674735134689,-0.048607837194670545,0.06877963390946906,0.004033795301323853,-0.00030314326864216404,0.005082731058225609,-0.16956699788697502,0.04068308486181067,-0.11247828714603016,-0.000012611660286814362,-0.00003094934058572024,0.000003678836264091854,0.00024320487759206966,0.000027242963374764586,0.000004769437949881567,0.00009994548493093604,0.0019495578578418767,0.0011050920069595087,0,0,0,2,0.001885,0,0,0
641666010,1,0.06600361682615881,0.5138269215813543,0,0,0.004,-0.28295584716569755,0.10441892862242041,-0.0846778564887476,0.005225674735134689,-0.048607837194670545,0.06877963390946906,0.0038465929516942063,0.0002994676809084286,0.004927813215259512,-0.16979838787717894,0.04078398854092428,-0.11255065648712845,-0.000012380886345798917,-0.00003030010931020342,0.0000037105323944148334,0.0002441685721880436,0.0000272424005200419,0.0000047709569313597725,0.00009994532362050888,0.0019435371613065818,0.001253077258460567,0,0,0,2,0.000977,0,0,0
641666014,1,0.06316523834431415,0.5222253771312734,0,0,0.004,-0.2916465089499275,0.1051012179194517,-0.08525805714686108,0.005225674735134689,-0.048607837194670545,0.06877963390946906,0.0036631346490571524,0.0008900264114680093,0.004775993729152737,-0.1700362762251616,0.04088547230723179,-0.1126234674436064,-0.00001213471002449512,-0.000029661389703859114,0.0000036584482671304107,0.0002451349675956718,0.000027241862216007608,0.0000047724761871093805,0.00009994514173130347,0.0019375586834133802,0.0012860661786971285,0,0,0,3,0.001956,0,0,0
641666018,1,0.04803903844163619,0.5287580247265982,0,0,0.004,-0.3023508278264594,0.10200744524009053,-0.07825704534516298,0.005225674735134689,-0.048607837194670545,0.06877963390946906,0.0034726928681125227,0.0012663737245703765,0.004680473854569683,-0.17028257601722815,0.04098422850212585,-0.11269057653240204,-0.000011882083032614696,-0.00002899316049249049,0.0000035564472115829368,0.0002461040332626733,0.000027241324723824973,0.000004773995759210072,0.00009994495182108181,0.001931621164258393,0.0013142036805178124,0,0,0,2,0.0009080000000000001,0,0,0
641666022,1,0.03523367615304585,0.531761890151182,0,0,0.004,-0.3082276560917854,0.11594884817535878,-0.059894460816313,0.005225674735134689,-0.048607837194670545,0.06877963390946906,0.003275407278426469,0.0015073623590868928,0.0046188223105592405,-0.17053282601334416,0.04109383751559189,-0.11274194715763337,-0.000011564288503719124,-0.000028267422204693193,0.0000033304545138400498,0.00024707576755582974,0.000027240759278114587,0.000004775515653910042,0.00009994476524811599,0.0019257238386236083,0.0013388697908878527,0,0,0,3,0.012781,0,0,0
641666026,1,0.026099156552206387,0.5341049706617522,0,0,0.004,-0.3121545250414972,0.13044080316343143,-0.0411855834438164,0.005225674735134689,-0.048607837194670545,0.06877963390946906,0.0030927200448944534,0.0016583100660305429,0.0046223196635909085,-0.17078537568956098,0.04121461533054503,-0.11277732463302231,-0.00001120528303499267,-0.000027511062231388243,0.0000030118568083936267,0.00024805019347803534,0.000027240166536254093,0.000004777035913835608,0.00009994458703506105,0.0019198659897007885,0.0013632402747419774,0,0,0,4,0.005308,0,0,0
641666030,1,0.021379609357104704,0.514951032590312,0,0,0.004,-0.28993266476415036,0.1215912450057357,-0.052346489610117786,0.005225674735134689,-0.048607837194670545,0.06877963390946906,0.002903033911672761,0.0017529755970337353,0.004615094425201627,-0.1710189378408381,0.041327269939330995,-0.11282167761941664,-0.00001093162161945525,-0.00002698361541698842,0.0000027266846177520324,0.0002490276240081623,0.000027239515562018012,0.0000047785565524378654,0.00009994440936026044,0.001914045180196569,0.001274899437187346,0,0,0,4,0.001885,0,0,0
641666034,1,0.02008023499259008,0.5090369795197794,0,0,0.004,-0.2824307449362503,0.11985196174292456,-0.05575018862965386,0.005225674735134689,-0.048607837194670545,0.06877963390946906,0.0027171415011155026,0.001845747817416864,0.00460801369158013,-0.17124561448303574,0.04143798716289188,-0.1128686260008583,-0.000010684246663777351,-0.000026531086041096415,0.0000024514955103287836,0.00025000816966641636,0.00002723884523498701,0.000004780077640444774,0.00009994423012075129,0.0019082604098518707,0.0012473312435828084,0,0,0,2,0.001396,0,0,0
641666038,1,0.01728010793436259,0.48623784972332146,0,0,0.004,-0.2559696878194986,0.12013183615279677,-0.057230536792749476,0.005225674735134689,-0.048607837194670545,0.06877963390946906,0.0025882301605709736,0.0019473172377526473,0.004601074572631063,-0.17144987869675285,0.04154766438879496,-0.11291617414176404,-0.000010446013107620439,-0.00002617129463607231,0.0000021461002733078187,0.0002509920740930133,0.000027238111506099238,0.0000047815991311518125,0.00009994404818241957,0.0019025100365021748,0.0011539668867446083,0,0,0,3,0.0009080000000000001,0,0,0
641666042,1,0.02119017272475145,0.44427443680477624,0,0,0.004,-0.2131197124821379,0.12290052647903837,-0.04171361818182362,0.005225674735134689,-0.048607837194670545,0.06877963390946906,0.0024725496911976526,0.0021214237802039335,0.004647537457862562,-0.17161871310677762,0.04165718882419953,-0.11295006995046807,-0.00001018042312585984,-0.000025831338933014952,0.0000017960171676030362,0.00025197961907610624,0.000027237285664200913,0.000004783120991140606,0.00009994387364327453,0.0018967920748534973,0.0009981148406800725,0,0,0,3,0.001885,0,0,0
641666046,1,0.026259466542951013,0.4269960525655886,0,0,0.004,-0.19551971122932632,0.12753688540065822,-0.030495003779030583,0.005225674735134689,-0.048607837194670545,0.06877963390946906,0.0024017934086530655,0.002355964057968096,0.004725029018470382,-0.17177273501221133,0.04176916678179359,-0.11297427655931339,-0.00000990668948005017,-0.00002548968688757878,0.0000014757218258387909,0.00025297075813370754,0.000027236490242515726,0.000004784643376524586,0.00009994370793923153,0.0018911062094263886,0.0009416883550082406,0,0,0,2,0.001397,0,0,0
641666050,1,0.026559720829842582,0.42848779123251624,0,0,0.004,-0.20349116943420076,0.1182510543403128,-0.023063420105843946,0.005225674735134689,-0.048607837194670545,0.06877963390946906,0.0023324522517593703,0.002575160885816658,0.004779665459145412,-0.17193322022084542,0.04187336486707496,-0.11299282825312351,-0.000009672639034450344,-0.000025122292416078277,0.0000013008822110112684,0.00025396532443045617,0.000027235757454703183,0.000004786166371139285,0.00009994355867016398,0.0018854529446145584,0.0009459292932330437,0,0,0,2,0.001886,0,0,0
641666058,1,0.01949477222694731,0.4260012551306174,0,0,0.008,-0.2157872157943279,0.09891419502449628,0.003741011331456434,0.005225674735134689,-0.048607837194670545,0.06877963390946906,0.002285803206724183,0.002672794689144762,0.004843861815367258,-0.17233781628804642,0.042081089238724105,-0.1129872935783517,-0.000009249026924113986,-0.000024194426783859063,0.0000011540223605996418,0.00025596517272078064,0.000032287017400731014,0.000004790401012492934,0.00009994341814972042,0.0018770140424546632,0.001899256876037893,0,0,0,2,0.001396,0,0,0
641666062,1,0.011148319708426167,0.4211151707956754,0,0,0.004,-0.22205158689760895,0.0766279918523507,0.025869110221718117,0.005225674735134689,-0.048607837194670545,0.06877963390946906,0.002293350364391284,0.0025767282179205995,0.004906774244464666,-0.1725310209805219,0.04215662960197138,-0.11296616037761222,-0.000009083475863260706,-0.000023722986103706223,0.0000011779525967095703,0.00025696926638562706,0.000029828986340538128,0.000004792071399784837,0.00009994334083359402,0.0018701035240702366,0.0009452869807014901,0,0,0,2,0.003771,0,0,0
641666066,1,0.021669540433411502,0.40961688820771214,0,0,0.004,-0.20563634459596924,0.0869902171660144,0.021263872346224844,0.005225674735134689,-0.048607837194670545,0.06877963390946906,0.0023220518676256774,0.002322793410716165,0.005011039002421396,-0.1727013547203963,0.04223704685938948,-0.1129491546046909,-0.000008963770620301352,-0.000023412314808771582,0.0000010632419031629549,0.0002579768498942406,0.000028589617164363672,0.000004793720061693551,0.00009994328656790058,0.0018639010502688447,0.0008971577909691392,0,0,0,2,0.0014670000000000002,0,0,0
641666090,1,0.04589657142055777,0.3733999554035924,0,0,0.024,-0.17248294972696776,0.06273827877419125,0.016425891570145623,0.005225674735134689,-0.048607837194670545,0.06877963390946906,0.002339526696435065,0.0017543579688463111,0.005123871109579307,-0.1741057224201906,0.042815009634430294,-0.11282307293191252,-0.000008688344371671259,-0.000022300604191241465,-0.0000002969418106159195,0.0002640954676914588,0.00004755451644002869,0.000004818814810089653,0.00009994324570129053,0.0018413093392468957,0.0044225344795431835,0,0,0,2,0.001956,0,0,0
641666094,1,0.05328145437583398,0.36286837170115305,0,0,0.004,-0.1611657393675987,0.055422083246746245,0.014800181421556147,0.005225674735134689,-0.048607837194670545,0.06877963390946906,0.0023566520286682656,0.0011972912358138542,0.00523444657459406,-0.17427393708293062,0.04288083095214178,-0.11280867839529478,-0.000008662700862941647,-0.00002218372216938952,-0.00000045597692672140256,0.00026512576982745326,0.00003665263664952996,0.000004820764612732929,0.00009994323042126408,0.00183026016915753,0.0006842812080123201,0,0,0,2,0.001397,0,0,0
641666098,1,0.05035326926551967,0.35291350891818746,0,0,0.004,-0.15237651229121163,0.050490136952104914,0.017592883934167247,0.005225674735134689,-0.048607837194670545,0.06877963390946906,0.002362782209896485,0.0007259343479642652,0.005353463174668835,-0.174412212284879,0.0429330008041678,-0.11279359817924722,-0.00000864635670836247,-0.00002208579115110407,-0.0000005950856500300195,0.0002661597039568928,0.00003192362189702914,0.000004822663267696487,0.0000999432241377098,0.001822503230268998,0.000645939501719437,0,0,0,3,0.001397,0,0,0
641666102,1,0.039000477504680456,0.3455357876858244,0,0,0.004,-0.14117851693068156,0.058994668759847935,0.014441217622813696,0.005225674735134689,-0.048607837194670545,0.06877963390946906,0.002358137143139823,0.00040248897455578823,0.005427488865300847,-0.17453032692947598,0.042988211478152655,-0.11278179706872554,-0.000008636255200657327,-0.000022020776782284494,-0.0000007620537975737819,0.00026719705679463307,0.000029645235966467894,0.000004824502390253027,0.00009994322002847497,0.0018160658813638944,0.0006147557999890413,0,0,0,2,0.0014670000000000002,0,0,0
641666106,1,0.028889872250736682,0.3366887702182257,0,0,0.004,-0.11584759796279437,0.07484259232008483,-0.014371115433526427,0.005225674735134689,-0.048607837194670545,0.06877963390946906,0.0023642376220786116,0.00021334424093928428,0.005542644619561486,-0.17462172878690957,0.04305402135646466,-0.11279301521659169,-0.00000862121383908731,-0.000022033057591835273,-0.0000009425509344876202,0.0002682377876799619,0.000028492068672651625,0.000004826283150873361,0.00009994321312236917,0.0018102467996159394,0.0005546690333918907,0,0,0,3,0.0014670000000000002,0,0,0
641666110,1,0.018260585185820216,0.34286865675638356,0,0,0.004,-0.10868807904998817,0.09273719063047658,-0.030219928444415345,0.005225674735134689,-0.048607837194670545,0.06877963390946906,0.002359563447078307,0.0002090773561204986,0.005655497258736912,-0.1747043029873561,0.04313275539493998,-0.11281589537790222,-0.000008578682579343015,-0.000022034587977337035,-0.000001096599966143895,0.0002692818096123542,0.000027893767519454187,0.000004828011561456425,0.00009994319518966134,0.0018047459497615925,0.0005841442168341023,0,0,0,2,0.003422,0,0,0
641666114,1,0.016957988055593422,0.3451426239518917,0,0,0.004,-0.10685304318694977,0.09752859886945497,-0.03490265606309784,0.005225674735134689,-0.048607837194670545,0.06877963390946906,0.0023549827555780084,0.00020489580899808865,0.005766092845128829,-0.1747840013289344,0.04321424154813594,-0.11284195810324449,-0.000008508215933014039,-0.000021990247688940346,-0.0000011848949864169269,0.0002703290622190585,0.00002757926440797461,0.0000048296956170799245,0.00009994316222377619,0.0017994212783832627,0.0005952827339812249,0,0,0,2,0.001397,0,0,0
641666122,1,0.02573484838184574,0.33037711946648257,0,0,0.008,-0.09954995911798875,0.07581147033569069,-0.031997188684709243,0.005225674735134689,-0.048607837194670545,0.06877963390946906,0.002339841033547399,0.0005097245792673186,0.005853171231072275,-0.17495890928211488,0.04336422520251133,-0.11289895786398807,-0.000008313583251705708,-0.00002173679636730352,-0.0000011826060343400265,0.0002724332662313813,0.000032436315028313276,0.000004834333261379452,0.00009994310011040403,0.0017916118789243751,0.0010332517518150913,0,0,0,2,0.0014670000000000002,0,0,0
641666126,1,0.035987471672784786,0.33255825312625475,0,0,0.004,-0.09359169063494022,0.07917153291264833,-0.044940950162047244,0.005225674735134689,-0.048607837194670545,0.06877963390946906,0.0023356547903177188,0.0008936779290136994,0.005917202760576217,-0.17503387648020935,0.04343619167636054,-0.11293587092576443,-0.000008212923526353594,-0.00002161274791880474,-0.0000011706674325620965,0.00027349015332037456,0.000029897738458083262,0.0000048360768424731075,0.0000999430367219464,0.0017852521421710325,0.0005222600912359669,0,0,0,2,0.001885,0,0,0
641666130,1,0.03598797000896321,0.36204443785634194,0,0,0.004,-0.11969297476057378,0.08860179652541289,-0.05529945658160429,0.005225674735134689,-0.048607837194670545,0.06877963390946906,0.0022995943388716814,0.001227341634323885,0.005969301015129764,-0.17512589870478681,0.04351380659618691,-0.11297960763229012,-0.000008085873552867315,-0.000021416464893261575,-0.0000011276250250358084,0.00027455022843614417,0.00002861998131647123,0.000004837782074475117,0.00009994295986692937,0.0017795615943964668,0.000635417550312067,0,0,0,2,0.001466,0,0,0
641666134,1,0.03578994427471605,0.36921183211010683,0,0,0.004,-0.1257001557794703,0.09087062085647046,-0.05821970289944289,0.005225674735134689,-0.048607837194670545,0.06877963390946906,0.0022642550964545646,0.0015543320655278666,0.00602035730459224,-0.17522010813315422,0.04359151632497917,-0.11302455409620185,-0.000007938737391555864,-0.000021182951236642855,-0.000001077136526985575,0.00027561348657231615,0.00002795893494336865,0.000004839452022004155,0.00009994286772808523,0.0017742117645868872,0.0006626918765583041,0,0,0,2,0.001886,0,0,0
641666138,1,0.03151007901798034,0.3664360314809764,0,0,0.004,-0.12679008594141,0.0996537682949108,-0.04265101555948014,0.005225674735134689,-0.048607837194670545,0.06877963390946906,0.0022189699945254736,0.0017895615332252331,0.006123655690067051,-0.17531367654996252,0.04367440717209028,-0.11305654417288552,-0.00000774902464260973,-0.000020921977397061105,-0.0000010269056670927285,0.0002766799136826649,0.00002761198030670876,0.0000048410916642707485,0.00009994276915018256,0.0017690488699801592,0.0006672415881122629,0,0,0,2,0.001886,0,0,0
641666142,1,0.021087457875363293,0.33970328492803525,0,0,0.004,-0.0998505897172956,0.09987707720439154,-0.031675831948209776,0.005225674735134689,-0.048607837194670545,0.06877963390946906,0.002174590594634964,0.001849644101803581,0.006224888107832366,-0.1753859254184328,0.04375539439833165,-0.11307938382208994,-0.000007556918380030685,-0.000020718391824844313,-0.0000009863705233463883,0.0002777495240182211,0.00002742840795051365,0.000004842706428408068,0.00009994267174069456,0.0017639950611123606,0.0005789497960603481,0,0,0,2,0.003772,0,0,0
641666146,1,0.01726319536479712,0.3118781835639731,0,0,0.004,-0.06895876230621212,0.10863723418923343,-0.01586073213197814,0.005225674735134689,-0.048607837194670545,0.06877963390946906,0.002109793494021631,0.0017487353536056076,0.006334748521602691,-0.17543418248655648,0.04384095725922396,-0.11308926991607811,-0.000007347657540981712,-0.000020579682413018394,-0.0000009417172787119434,0.0002788222867390089,0.000027330778959735976,0.000004844301502900298,0.00009994257846542531,0.0017590101787109474,0.000518596912830817,0,0,0,2,0.001886,0,0,0
641666150,1,0.023529759332491563,0.30428297996481674,0,0,0.004,-0.0563833746821617,0.11448765115713133,-0.014650940562187742,0.005225674735134689,-0.048607837194670545,0.06877963390946906,0.002056944979780881,0.0014900551149668393,0.006421106438376976,-0.17547249502514947,0.043930077692755774,-0.11309780495211655,-0.000007155290529795042,-0.00002047316772103968,-0.0000008459132266830516,0.0002798981564808157,0.000027278659895664705,0.000004845881484826695,0.00009994248296048512,0.00175407381063501,0.0005138273214593835,0,0,0,2,0.001397,0,0,0
641666154,1,0.02678800846113853,0.30326953353045855,0,0,0.004,-0.054317657866734426,0.11585204248780578,-0.0143087427167643,0.005225674735134689,-0.048607837194670545,0.06877963390946906,0.0020051534358249464,0.0012365484811008465,0.006505737196815776,-0.17550904458230546,0.04401982346290064,-0.11310596883095303,-0.000006984446761872659,-0.000020373968324187523,-0.000000687672272725831,0.00028097712172728777,0.000027250681634982146,0.000004847450070110513,0.00009994238332121286,0.0017491755200041458,0.0005150043700452808,0,0,0,2,0.0019549999999999997,0,0,0
641666158,1,0.0317390463005764,0.2737056758736473,0,0,0.004,-0.02447547056095506,0.10443303026203443,-0.01108799076418876,0.005225674735134689,-0.048607837194670545,0.06877963390946906,0.0019650503671084472,0.0009135434693899548,0.006578022695725482,-0.1755235044879089,0.04409953496835044,-0.11311154360404505,-0.0000068445297212372505,-0.00002032512619200662,-0.0000005345019894700282,0.00028205914357276466,0.000027235547298230616,0.000004849010063259287,0.0000999422891797177,0.0017443081636150009,0.0004313374550502734,0,0,0,2,0.001397,0,0,0
641666162,1,0.03236418602386323,0.24497047833828067,0,0,0.004,0.020004876205493627,0.10290847038582318,-0.017754556271381006,0.005225674735134689,-0.048607837194670545,0.06877963390946906,0.0019044440710456446,0.0005969985579132811,0.006616904551576043,-0.17550453387871728,0.044176474885863126,-0.11312143835254802,-0.0000067300627633387165,-0.000020321989621742596,-0.0000003872500949121488,0.00028314404122372917,0.00002722728951740448,0.000004850563727757027,0.00009994219705506018,0.0017394672054987744,0.00042531066513861333,0,0,0,2,0.001886,0,0,0
641666166,1,0.02490236293305702,0.20416549915418075,0,0,0.004,0.057016962080239764,0.09459021717361171,0.006894276727289039,0.005225674735134689,-0.048607837194670545,0.06877963390946906,0.001813091967823147,0.00039331098826931026,0.006612398192868326,-0.17545868081477425,0.044244939759095825,-0.11311253454097334,-0.0000065955414863829145,-0.000020414633189142365,-0.00000022257844600919753,0.000284231612558059,0.000027222720437183168,0.000004852112785037425,0.00009994212049330096,0.0017346500546270207,0.00044264250498844714,0,0,0,2,0.0019549999999999997,0,0,0
641666170,1,0.011684730804074913,0.18397517193958052,0,0,0.004,0.07223274235824195,0.08558173637690003,0.01784023392430356,0.005225674735134689,-0.048607837194670545,0.06877963390946906,0.0017235669066650993,0.0003534868354229732,0.006533413450812544,-0.17540211736270486,0.04430564835743225,-0.11309552122860726,-0.0000064835772294923484,-0.000020553344849923907,-0.000000007857676539857884,0.0002853217820987988,0.000027220107980801818,0.000004853658661108496,0.00009994206147514174,0.0017298560762715248,0.0004536091113079851,0,0,0,2,0.0038410000000000002,0,0,0
641666174,1,0.008775416046871978,0.17900454110274258,0,0,0.004,0.07572976859722363,0.08348719119611814,0.020998326444898296,0.005225674735134689,-0.048607837194670545,0.06877963390946906,0.0016358323467302125,0.00031445916563356286,0.006456008403597877,-0.17534322472317518,0.04436442861623079,-0.11307621273212812,-0.000006399878586224369,-0.000020701729338585555,0.0000002824645119516333,0.0002864145877553375,0.00002721851831867402,0.000004855202351470376,0.00009994201410253907,0.0017250856434276943,0.00045862470337464795,0,0,0,2,0.0014670000000000002,0,0,0
641666178,1,0.010825131276666813,0.2021289800965952,0,0,0.004,0.07250160633179503,0.09477856766342563,-0.0052835811745559624,0.005225674735134689,-0.048607837194670545,0.06877963390946906,0.0015285471892733896,0.00040404378156374415,0.00632688823552592,-0.17528602299234178,0.04443231985350531,-0.11307618320364625,-0.000006361862290463584,-0.000020707008615452952,0.0000007028702416161142,0.0002875101322963093,0.000027217453329839772,0.000004856744603858437,0.00009994196468145932,0.0017203397246707906,0.00047778448763515554,0,0,0,2,0.001466,0,0,0
641666182,1,0.024014843046579852,0.22855407122168936,0,0,0.004,0.058111453524249346,0.1081235938220717,-0.023417792561071238,0.005225674735134689,-0.048607837194670545,0.06877963390946906,0.0014021024462450692,0.0006516263705800762,0.0061364346046535,-0.1752388130202109,0.04451094940448943,-0.11308940095329384,-0.0000063270044383352454,-0.00002060584623493976,0.0000012561964834012355,0.00028860863634694214,0.000027216627127190556,0.000004858285893940123,0.00009994190189659878,0.0017156195646082588,0.0004998567087497728,0,0,0,2,0.001885,0,0,0
641666186,1,0.03441689745314092,0.25927397790628226,0,0,0.004,0.030460665357679217,0.12806576905450884,-0.028996255981038388,0.005225674735134689,-0.048607837194670545,0.06877963390946906,0.0012675339537169983,0.0009901311070589342,0.0059391374020382115,-0.1752112797960798,0.04460522647003381,-0.11310652227542897,-0.000006259330104291762,-0.000020460782279576048,0.0000019692196164933024,0.0002897103938728037,0.000027215885367806084,0.000004859826564493724,0.00009994181141156137,0.0017109267876023737,0.0005391767976977231,0,0,0,2,0.001397,0,0,0
641666190,1,0.042676324869353396,0.2881109829552151,0,0,0.004,0.00442841583601733,0.14276865342008938,-0.037358646863788536,0.005225674735134689,-0.048607837194670545,0.06877963390946906,0.0011356568310394888,0.0014070869036907506,0.005745786143475228,-0.17520227478997785,0.04471122573577211,-0.11312971028609187,-0.000006167317519640752,-0.000020253701352329895,0.0000027739416981701004,0.00029081558109769637,0.00002721518568815309,0.000004861366846383916,0.00009994168112758733,0.0017062622974078172,0.0005905681029205088,0,0,0,2,0.0019549999999999997,0,0,0
641666194,1,0.04487605830931863,0.29613009701747345,0,0,0.004,-0.0013788475308760817,0.14791846595425429,-0.03988514584121816,0.005225674735134689,-0.048607837194670545,0.06877963390946906,0.0010064172508155295,0.0018157035843899307,0.0055563019100835056,-0.17519732755442102,0.044820982393191315,-0.11315462104714348,-0.0000060502781406245456,-0.000020041897083967254,0.0000035581884896050155,0.0002919241307593139,0.0000272145504239812,0.000004862906838075051,0.00009994151048650373,0.0017016255360418865,0.0006128307909959947,0,0,0,2,0.001466,0,0,0
641666198,1,0.047229617835999785,0.32259283296515995,0,0,0.004,-0.02893549812529489,0.15147183542954878,-0.05356141671582293,0.005225674735134689,-0.048607837194670545,0.06877963390946906,0.0008371518847547815,0.0022374532201957613,0.005381260005719934,-0.1752121700930522,0.04493440326976949,-0.11318979044912945,-0.000005939445238208196,-0.000019735166588830292,0.000004369353258229684,0.0002930361864588065,0.000027213906571391503,0.000004864446783433148,0.00009994129506050669,0.001697016958096938,0.0006529907238638085,0,0,0,2,0.001397,0,0,0
641666202,1,0.044514357582303765,0.3422028629404948,0,0,0.004,-0.07242382744092074,0.15190271567013092,-0.029952936826829202,0.005225674735134689,-0.048607837194670545,0.06877963390946906,0.0006606191816549316,0.002586851997123573,0.005177761006362682,-0.175259029054349,0.04504867006800361,-0.11320828507062268,-0.000005737764140675399,-0.000019473057144656823,0.000005216148191212591,0.000294151925792214,0.000027213235259899274,0.000004865986732808968,0.00009994105709430683,0.001692437431311024,0.0006837171840309988,0,0,0,2,0.0032830000000000003,0,0,0
641666206,1,0.03732824697803801,0.3650486189244791,0,0,0.004,-0.11408710402036909,0.14881291957242415,-0.008725207278942548,0.005225674735134689,-0.048607837194670545,0.06877963390946906,0.0004982697769773956,0.0028440416436302934,0.005010289920073527,-0.17533650239008636,0.04516120968711864,-0.11321200784682277,-0.000005494916805534918,-0.000019238645150438007,0.0000060489599448444,0.0002952713560226216,0.000027212573123638266,0.0000048675267470518496,0.00009994081655825733,0.0016878873371933914,0.0007508638393475484,0,0,0,2,0.0009080000000000001,0,0,0
641666210,1,0.024127542087658545,0.3922179917297324,0,0,0.004,-0.1441832993124924,0.1494714757140787,-0.015470999776223238,0.005225674735134689,-0.048607837194670545,0.06877963390946906,0.00037112529347436117,0.002914992543081491,0.004846168255510155,-0.17543545497198745,0.04527514221141556,-0.11322105174297477,-0.000005308869623212234,-0.000018980087058833783,0.000006821702812510027,0.0002963942920779842,0.000027211964014564025,0.000004869066886875085,0.00009994056843774706,0.001683366488257737,0.0008330176246573043,0,0,0,2,0.001397,0,0,0
641666214,1,0.020595787111751414,0.3998534959406537,0,0,0.004,-0.1522994915763235,0.14975638986381878,-0.017464525867199043,0.005225674735134689,-0.048607837194670545,0.06877963390946906,0.0002465236996413875,0.0029845244245436647,0.00468532902423805,-0.17553998671752025,0.045389280706951016,-0.11323162743543387,-0.000005146424204349059,-0.000018740841257434394,0.000007465297838211393,0.00029752051413483205,0.00002721141390040612,0.000004870607101462196,0.00009994031281423783,0.0016788737294995096,0.0008572245549746394,0,0,0,1,0.0014670000000000002,0,0,0
641666218,1,0.015574308836468796,0.4258440919205161,0,0,0.004,-0.16014788859254458,0.1799869743352689,-0.032708568311402786,0.005225674735134689,-0.048607837194670545,0.06877963390946906,0.00013506678204539024,0.0029354865804131084,0.004538359221951704,-0.17564861880425178,0.04552559234453348,-0.11325239717784587,-0.000004999101284923169,-0.000018510629686558115,0.000008019206226756852,0.00029864969676890246,0.000027210946640216138,0.000004872147470857149,0.00009994000160527271,0.0016744089711033354,0.000972522555765132,0,0,0,2,0.001397,0,0,0
641666222,1,0.016339622455691566,0.42703914113511404,0,0,0.004,-0.16234883738812922,0.18637905057837112,-0.020416618529472075,0.005225674735134689,-0.048607837194670545,0.06877963390946906,0.000015186358440995974,0.002802208338282627,0.0044049814600714025,-0.1757585416627823,0.045665843351122025,-0.11326411718315246,-0.000004790923001592667,-0.000018277336636060815,0.000008504696085362692,0.00029978176611607856,0.00002721049982911315,0.000004873687957587783,0.00009993964187241624,0.0016699712135793197,0.0009920575290411357,0,0,0,2,0.0014670000000000002,0,0,0
641666226,1,0.018253698560968316,0.42549892882031604,0,0,0.004,-0.17209141739634437,0.17550024563059852,-0.0060061450550854545,0.005225674735134689,-0.048607837194670545,0.06877963390946906,-0.00010229645669131043,0.002639637727913805,0.004284923897789023,-0.17587577383456482,0.04579783714221998,-0.11326593105252539,-0.000004559880091658088,-0.000018035088704876597,0.000008987702645384656,0.00030091681082748174,0.00002721003392655106,0.00000487522863718545,0.00009993926815020678,0.0016655595397371899,0.000983478446627528,0,0,0,2,0.001886,0,0,0
641666230,1,0.017199726460530827,0.4256018056187041,0,0,0.004,-0.18421241005175248,0.15453079139043657,-0.004087354316917313,0.005225674735134689,-0.048607837194670545,0.06877963390946906,-0.0001748190380797029,0.002480318529752359,0.004167267486752292,-0.17600210936299102,0.045914841650365724,-0.11326715243870057,-0.000004382149924791265,-0.00001781092259467909,0.000009480917109967776,0.0003020549744888054,0.00002720953591701998,0.000004876769569435866,0.00009993891824444502,0.001661173059610634,0.0009619204455266903,0,0,0,2,0.003353,0,0,0
641666234,1,0.0168551124902913,0.4264870151609557,0,0,0.004,-0.18825007713111375,0.14849743573114815,-0.0035829150246708963,0.005225674735134689,-0.048607837194670545,0.06877963390946906,-0.0002458911678403275,0.0023241857155541423,0.004051964203936295,-0.17613121742142018,0.046027336382743936,-0.11326823467608169,-0.000004233522023502745,-0.00001761320919463088,0.000009897625869591535,0.0003031962672412787,0.000027209038017004387,0.00000487831073795245,0.00009993859427738887,0.0016568111295313596,0.0009591864656148627,0,0,0,2,0.0019549999999999997,0,0,0
641666238,1,0.020019564580259226,0.43895426451753017,0,0,0.004,-0.19381238561266134,0.15256001971617184,-0.023769904922183116,0.005225674735134689,-0.048607837194670545,0.06877963390946906,-0.0003368471437263735,0.002117912335838305,0.003949619631136935,-0.17626348474734674,0.04614316721589907,-0.11328361995594415,-0.000004172003822744545,-0.000017484499883464243,0.000010231549835283498,0.0003043406180018522,0.00002720855955164474,0.000004879852199755463,0.00009993827565174038,0.0016524735775473097,0.000991183606100741,0,0,0,2,0.001466,0,0,0
641666242,1,0.02356959834309737,0.4523317442842657,0,0,0.004,-0.19437253282355205,0.18463381008280044,-0.017779601089683794,0.005225674735134689,-0.048607837194670545,0.06877963390946906,-0.0004046787113740647,0.0018625012019152,0.0038493219497935625,-0.17639484562234262,0.04628126222367849,-0.11329378877377347,-0.000004031965205284547,-0.000017321624112964494,0.000010406477339244867,0.00030548778910315474,0.000027208139703259467,0.000004881393880973997,0.00009993791088350154,0.0016481607784821614,0.0010747013691763325,0,0,0,2,0.001886,0,0,0
641666246,1,0.027047672008396573,0.45944194763745594,0,0,0.004,-0.1982131386700764,0.20485699311065386,0.007142797588635119,0.005225674735134689,-0.048607837194670545,0.06877963390946906,-0.0004924589363894359,0.001580240357589606,0.0037510302220770575,-0.1765283169981147,0.04643271712549797,-0.11328576756487309,-0.0000037727199853826356,-0.000017076281287395476,0.00001054114057214756,0.00030663765056717626,0.00002720775231147505,0.0000048829357824090355,0.0000999374816554263,0.0016438727786471001,0.0011405672660578937,0,0,0,2,0.0009080000000000001,0,0,0
641666250,1,0.03133029407491568,0.4526368369724108,0,0,0.004,-0.1919953757245697,0.20446546426949164,0.014735901581229172,0.005225674735134689,-0.048607837194670545,0.06877963390946906,-0.0005891362012648167,0.0012503615083489393,0.003676009617635516,-0.17665718716895407,0.04658307679969086,-0.11327230474273649,-0.0000035303420662370547,-0.00001685982540049454,0.000010688073852953163,0.00030779034452165774,0.000027207332688631064,0.00000488447793566596,0.00009993700158320669,0.0016396085715217413,0.001123462484813581,0,0,0,2,0.001885,0,0,0
641666254,1,0.032406826820185586,0.45240969465275993,0,0,0.004,-0.1918676247858152,0.2047449778277528,0.016831931757003815,0.005225674735134689,-0.048607837194670545,0.06877963390946906,-0.0006838799208426899,0.0009270802360930858,0.0036024894252828055,-0.17678564974391198,0.04673318412113565,-0.11325735888215982,-0.0000033289624955125378,-0.00001668671319717781,0.000010872301226301664,0.0003089459429155803,0.000027206897864833613,0.000004886020389700386,0.00009993647984582231,0.0016353676596535167,0.0011243985436725523,0,0,0,2,0.0018160000000000001,0,0,0
641666258,1,0.037264180631548745,0.45484217369147617,0,0,0.004,-0.18998678465783925,0.21193484115976058,0.016984469747459485,0.005225674735134689,-0.048607837194670545,0.06877963390946906,-0.0008086866991099565,0.0005463487231204477,0.0035623975698581,-0.17691221983570107,0.046887879242791995,-0.1132420735066831,-0.0000031656154501440152,-0.000016555068449440157,0.000011050832517429837,0.00031010444248476135,0.000027206465644911068,0.000004887563142032573,0.00009993590954998494,0.0016311497507479982,0.0011405249840640195,0,0,0,2,0.003282,0,0,0
641666262,1,0.04039746505603706,0.4387002958923857,0,0,0.004,-0.16715505768698657,0.21543690947111926,0.016375237957500843,0.005225674735134689,-0.048607837194670545,0.06877963390946906,-0.0009523026305325117,0.00015192655168662844,0.0035444128402625226,-0.17702235870551772,0.04704386202599092,-0.11322678811092775,-0.000003035094264292237,-0.000016461064627112995,0.00001113915656634565,0.00031126602352743655,0.000027205993012628896,0.000004889106131403655,0.00009993529347830103,0.0016269535781592512,0.0010926812797222936,0,0,0,2,0.001397,0,0,0
641666266,1,0.03912778470693949,0.42208263914140465,0,0,0.004,-0.15103742770859507,0.2107967292221069,0.022811733840152115,0.005225674735134689,-0.048607837194670545,0.06877963390946906,-0.0010717409546059818,-0.00021330188759788053,0.003505482516538223,-0.17712120321340707,0.04719548876464538,-0.11320692356407105,-0.0000028912452716567724,-0.00001636964684469445,0.000011242908516077431,0.00031243085030454936,0.000027205484478789072,0.000004890649397931267,0.00009993465248165502,0.001622778234048755,0.0010412910511119263,0,0,0,2,0.001397,0,0,0
641666270,1,0.0342205679238162,0.3891784377698529,0,0,0.004,-0.12133637915679385,0.19712798148838773,0.031503090344203954,0.005225674735134689,-0.048607837194670545,0.06877963390946906,-0.0012314010896392505,-0.00048600460321416374,0.0034566781549280924,-0.17719969075759243,0.047335967644116586,-0.1131810095804664,-0.000002729225314131777,-0.00001628159559567829,0.000011314590808490823,0.00031359920242716993,0.00002720491382902005,0.000004892192916323197,0.00009993402251836689,0.0016186221655158407,0.0009344465972439726,0,0,0,2,0.001397,0,0,0
641666274,1,0.03268121998115747,0.38052240182164376,0,0,0.004,-0.11336944996590465,0.19359797231834253,0.03395210939051019,0.005225674735134689,-0.048607837194670545,0.06877963390946906,-0.0013878680219718536,-0.0007532532645181213,0.0034088498805501647,-0.1772725792536344,0.04747331554784541,-0.11315342023667875,-0.0000025971400605228444,-0.000016229640887940326,0.000011458596067411388,0.0003147710186627466,0.000027204360838323623,0.000004893736799833716,0.00009993340659610929,0.0016144854229871925,0.0009076171245930579,0,0,0,2,0.001397,0,0,0
641666278,1,0.029104187341554635,0.36562050490123504,0,0,0.004,-0.09824863804984102,0.19484997106428903,0.057653048613603985,0.005225674735134689,-0.048607837194670545,0.06877963390946906,-0.0015731635487387554,-0.000940588442073781,0.0033619781716597956,-0.17733512034581103,0.04761001654598338,-0.11310920859448031,-0.000002378056203704005,-0.000016163452206286825,0.000011609105651741567,0.0003159462217216875,0.000027203828883108306,0.000004895280973411231,0.00009993278933076354,0.001610367818436908,0.0009028238376724046,0,0,0,2,0.001397,0,0,0
641666282,1,0.019977075275391894,0.3582733790605632,0,0,0.004,-0.07788233324573113,0.21022116585468376,0.07714154745827528,0.005225674735134689,-0.048607837194670545,0.06877963390946906,-0.0017121425875290517,-0.000996345183754524,0.0033160438969472334,-0.17738321061319479,0.04775577039571538,-0.11305087633195841,-0.0000021510054564252424,-0.000016124148202133928,0.000011732463512284358,0.00031712458002805104,0.00002720335290851129,0.000004896825450181094,0.00009993212203488462,0.0016062693503327273,0.0009483409914106543,0,0,0,2,0.0014670000000000002,0,0,0
641666286,1,0.016859959405894482,0.36052265792083826,0,0,0.004,-0.07846065984289285,0.21100156470247922,0.06639845334169969,0.005225674735134689,-0.048607837194670545,0.06877963390946906,-0.001858994689903859,-0.0009764182800794336,0.003249723019008289,-0.17743135559867068,0.04790203740385288,-0.11300003175145136,-0.00000208126375486852,-0.000016182575472572514,0.00001200165503194468,0.00031830604118346205,0.000027202920441309432,0.00000489837036615092,0.00009993141714268045,0.0016021904861211694,0.0009388204518952197,0,0,0,2,0.0028640000000000002,0,0,0
641666290,1,0.017388518851361178,0.349882883137104,0,0,0.004,-0.07757123345564565,0.19818275736197966,0.08047833093941215,0.005225674735134689,-0.048607837194670545,0.06877963390946906,-0.00200290975023117,-0.0009142793370365771,0.0031527706255471723,-0.1774793774975178,0.048038713351213166,-0.11293996428531701,-0.000001959301642765756,-0.00001628509870275596,0.000012373405206877975,0.00031949075407419975,0.000027202461002276722,0.0000048999156209839675,0.00009993070244279026,0.001598131061516491,0.0009101249437409888,0,0,0,2,0.0014670000000000002,0,0,0
641666294,1,0.017830250231974876,0.3469394283379611,0,0,0.004,-0.07692116619325418,0.1947902013990903,0.08459941353874711,0.005225674735134689,-0.048607837194670545,0.06877963390946906,-0.0021439465093519346,-0.0008533831728545777,0.003057757279955278,-0.1775269924057236,0.048172587116836724,-0.11287727883121758,-0.0000018823283418483382,-0.000016440478679718962,0.00001280307911072771,0.0003206787245846043,0.00002720199903449833,0.000004901461222805239,0.00009992998169113115,0.0015940911959401434,0.0009034790458287639,0,0,0,2,0.001397,0,0,0
641666298,1,0.018470250930607564,0.3323844981810645,0,0,0.004,-0.06817038392333374,0.18289392617047606,0.13305215093253686,0.005225674735134689,-0.048607837194670545,0.06877963390946906,-0.002250204600209333,-0.0006978311327133658,0.002996602134356172,-0.17756961636549412,0.04829634027962044,-0.11278179869738635,-0.0000015840085928898588,-0.000016633967074782025,0.000013224187803474072,0.00032187005206584597,0.00002720158065021983,0.000004903007047668319,0.00009992922815749235,0.001590070318207275,0.0009448831829772892,0,0,0,2,0.001397,0,0,0
641666302,1,0.01844217686982183,0.3134662491293461,0,0,0.004,-0.06075621484596111,0.1575569670945114,0.15829197521701133,0.005225674735134689,-0.048607837194670545,0.06877963390946906,-0.002343684884889267,-0.000556042777735295,0.002915364802948415,-0.1776082770818716,0.04840153073113221,-0.11266991661486014,-0.0000012469872803238233,-0.000016909554843445098,0.000013630069021609735,0.00032306494025152364,0.000027201154501933758,0.000004904553184328259,0.00009992845434963717,0.0015860676439048277,0.0009258238704248878,0,0,0,2,0.0014670000000000002,0,0,0
641666306,1,0.017924334677492697,0.31250934767951644,0,0,0.004,-0.07399961545383205,0.13270618950837032,0.17354354688082907,0.005225674735134689,-0.048607837194670545,0.06877963390946906,-0.002435295563875602,-0.00044904812293773645,0.0027931416407275447,-0.1776568840017661,0.04848954356241841,-0.11254876106633586,-0.0000009456954609673843,-0.00001734795688348573,0.000014096142544324909,0.0003242635259259146,0.000027200725329588086,0.000004906099718182386,0.00009992766667214526,0.0015820834629275175,0.0009226417591687473,0,0,0,2,0.001466,0,0,0
641666310,1,0.01517280347431545,0.3369629839715448,0,0,0.004,-0.10139692814343715,0.12785965197228766,0.19182392054153752,0.005225674735134689,-0.048607837194670545,0.06877963390946906,-0.0025144213849218936,-0.00045071980483929865,0.002652057653030458,-0.17772439526795433,0.048574424916337545,-0.11241591646623997,-0.0000007586300556103116,-0.00001800126765297256,0.000014633388641666995,0.0003254657165856973,0.000027200355742463086,0.0000049076466464238005,0.0000999268172629861,0.0015781191282051837,0.0010073795243607127,0,0,0,2,0.001466,0,0,0
641666314,1,0.015092937085845033,0.3450864797901139,0,0,0.004,-0.10972365496463538,0.12718746020900573,0.19709411637983365,0.005225674735134689,-0.048607837194670545,0.06877963390946906,-0.002591964689547259,-0.0004523580531028296,0.002513795345087313,-0.17779748803084625,0.048658734983341806,-0.11227991242243585,-0.0000007468279888778355,-0.000018730814378013232,0.000015113858657443524,0.00032667137517349384,0.000027200000845600852,0.000004909193887074693,0.00009992589243522068,0.0015741748898218954,0.001035853435229237,0,0,0,2,0.0029330000000000003,0,0,0
641666318,1,0.02110148178462825,0.34664467348676226,0,0,0.004,-0.09909458835509471,0.12928057688679218,0.22832886982336653,0.005225674735134689,-0.048607837194670545,0.06877963390946906,-0.0026573044837198004,-0.0006031005574455273,0.002314382417141129,-0.17786362940995057,0.04874300270399728,-0.11212290988904822,-0.0000008013398730922451,-0.000019415315748562963,0.00001548066422316159,0.00032788038271901247,0.000027199743862850807,0.000004910741317106501,0.00009992481438649673,0.0015702501432743275,0.001121907502756004,0,0,0,2,0.001466,0,0,0
641666322,1,0.028144503098509667,0.33556131125388905,0,0,0.004,-0.0860726735181106,0.1146834993942547,0.24459542308830073,0.005225674735134689,-0.048607837194670545,0.06877963390946906,-0.002700032193288257,-0.0008467020109442236,0.002108305103393552,-0.17792154286044795,0.048816320315398,-0.11195556019541072,-0.0000008686062026022393,-0.0000200720425232621,0.00001576738218959326,0.00032909278030061103,0.000027199494750819145,0.00000491228899906763,0.00009992357939283105,0.0015663438277980213,0.001134109209243005,0,0,0,2,0.000977,0,0,0
641666326,1,0.03677191298526714,0.3279719110369045,0,0,0.004,-0.08367972338680768,0.10298706604376884,0.24289723752767856,0.005225674735134689,-0.048607837194670545,0.06877963390946906,-0.0026992947712240764,-0.0011919578789761154,0.0018850440472002925,-0.17797804178079335,0.04888153984037562,-0.11179003190951435,-0.0000010263161547478866,-0.000020797444595786562,0.000016022981099015665,0.0003303085667672156,0.000027199188732548292,0.000004913837018055124,0.00009992223342215358,0.0015624556847731474,0.0011071238404223712,0,0,0,2,0.001466,0,0,0
641666330,1,0.03925671979643991,0.3404629691787185,0,0,0.004,-0.09615078023998336,0.10884592944607219,0.2421755572481743,0.005225674735134689,-0.048607837194670545,0.06877963390946906,-0.002687919453240863,-0.0015303086296473696,0.0016662482121308983,-0.1780425547917191,0.04895092907004292,-0.11162531754303004,-0.0000013878274709595905,-0.00002169411983412291,0.00001628522335511533,0.0003315276504215217,0.000027198859868747944,0.000004915385395926432,0.00009992079205675602,0.0015585866404323686,0.001129540858410713,0,0,0,2,0.001397,0,0,0
641666334,1,0.03974724173342018,0.34584866098720174,0,0,0.004,-0.10165262789565832,0.11106933548947495,0.24169538049191353,0.005225674735134689,-0.048607837194670545,0.06877963390946906,-0.0026767716416173136,-0.0018618923653051984,0.0014518282937628921,-0.17811049958657335,0.049021801848791464,-0.11146129787526587,-0.0000018655792829834622,-0.000022655837129483527,0.00001652917813828978,0.0003327499879623171,0.000027198505035394726,0.000004916934072771677,0.00009991927541539399,0.001554736923718841,0.0011390263280208939,0,0,0,2,0.001397,0,0,0
641666338,1,0.03956457058170463,0.34081683755899495,0,0,0.004,-0.09471972833887038,0.11579361672667732,0.23762164655929574,0.005225674735134689,-0.048607837194670545,0.06877963390946906,-0.002676499430586552,-0.002165539137529237,0.0012097388406812953,-0.1781734317245694,0.049095521321051154,-0.11130016704195962,-0.000002456931458637299,-0.00002355117371210272,0.00001673268376074934,0.0003339755346726384,0.000027198115099526928,0.000004918483000818292,0.00009991771092713214,0.0015509062093036312,0.001123167204113688,0,0,0,2,0.001466,0,0,0
641666342,1,0.034886196941089166,0.34539097544765296,0,0,0.004,-0.08961120932859967,0.11816598109859022,0.2562820591176447,0.005225674735134689,-0.048607837194670545,0.06877963390946906,-0.0026549273750557717,-0.002356586530705625,0.0009405332435803795,-0.17823298503710772,0.04916994661110446,-0.1111268574538626,-0.0000030619658026687926,-0.000024413220597911647,0.000016921459254413547,0.00033520427255317304,0.000027197802492159862,0.000004920032145091879,0.00009991603791481647,0.001547094217793595,0.001184390893257164,0,0,0,2,0.001466,0,0,0
641666346,1,0.029909427270499566,0.3535936686417757,0,0,0.004,-0.09839697360542399,0.1278604640944847,0.24816848639410338,0.005225674735134689,-0.048607837194670545,0.06877963390946906,-0.002591176183194339,-0.0023946759549740484,0.0006447538253405311,-0.17829779193773426,0.049251112864340627,-0.11095914548049557,-0.0000038142003674441748,-0.00002539998474895525,0.000017134752115153146,0.00033643615425478794,0.00002719742981052562,0.000004921581621184865,0.00009991430327105785,0.0015433015359562652,0.001184012569746141,0,0,0,2,0.0029330000000000003,0,0,0
641666350,1,0.030582783357249833,0.3619453937297994,0,0,0.004,-0.11190486713575809,0.139416882375357,0.22531873206088804,0.005225674735134689,-0.048607837194670545,0.06877963390946906,-0.0025180473708098184,-0.0023041718584333,0.00032293206238452886,-0.17837069296795463,0.04934077593327418,-0.1108067848658963,-0.000004713947120731542,-0.00002651171969957,0.000017379303102718367,0.0003376711227279831,0.000027196944183575568,0.000004923131438550713,0.00009991259651487686,0.0015395288196775397,0.00115050109011656,0,0,0,2,0.0014670000000000002,0,0,0
641666358,1,0.03295249143631836,0.3670637832298367,0,0,0.008,-0.12866917216694918,0.13446721388801208,0.20224801438263995,0.005225674735134689,-0.048607837194670545,0.06877963390946906,-0.0024037705572317204,-0.0021302566889408302,0.000018199379047963583,-0.17856846050340003,0.049547232485084344,-0.11048434599856823,-0.000006539023676225624,-0.000029137212344175198,0.000017972086771457797,0.0003401507563814089,0.00003223286567430779,0.000004927462234603323,0.00009991028372579344,0.0015338947953924082,0.002198784344840073,0,0,0,2,0.001886,0,0,0
641666362,1,0.03567737013297551,0.39370267603874143,0,0,0.004,-0.1583337971210047,0.12584819306537742,0.21940680128875023,0.005225674735134689,-0.048607837194670545,0.06877963390946906,-0.00227047399120455,-0.0018532933792350407,-0.00023782807318060252,-0.1786815190298596,0.049636669218774576,-0.11032402305213256,-0.000007186332738615511,-0.00003054091013546897,0.00001831418778563839,0.00034139489403617703,0.000029783027173468837,0.000004929152165438699,0.0000999083870215575,0.0015292769235591415,0.001193627770858819,0,0,0,2,0.001397,0,0,0
641666366,1,0.04027852464348399,0.4115717279760608,0,0,0.004,-0.1758196905693894,0.12580616713317405,0.22805575660535915,0.005225674735134689,-0.048607837194670545,0.06877963390946906,-0.0020759274903360218,-0.001539258758282099,-0.0004887349763645974,-0.17880181794564118,0.04972245554742876,-0.11016499143660256,-0.000007789609011948388,-0.00003190956489133336,0.000018608138065002748,0.00034264214459087523,0.000028547696781774602,0.0000049308194866067975,0.00009990664738306399,0.0015251299647592988,0.0012569753117798218,0,0,0,2,0.001397,0,0,0
641666390,1,0.03834879997887881,0.44647595979392496,0,0,0.024,-0.24562219608066949,0.08378932557795893,0.140215865443313,0.005225674735134689,-0.048607837194670545,0.06877963390946906,-0.0016402610991975743,-0.0016363053154402603,-0.0006387499422420596,-0.18045858061865566,0.050326556600883046,-0.10921985493133993,-0.000011976040451691906,-0.00004287318325076614,0.00001787105835553976,0.0003501881867849569,0.00004744176442848123,0.000004956231510733167,0.00009990335857945695,0.001510039486714177,0.007079446888644816,0,0,0,2,0.001397,0,0,0
641666394,1,0.042795472860847825,0.4638924868480193,0,0,0.004,-0.26645350807296864,0.07034555914176499,0.11290363390564018,0.005225674735134689,-0.048607837194670545,0.06877963390946906,-0.0012133080358818955,-0.0017314109414552584,-0.0007857646088019728,-0.18068911899085818,0.050394159972436486,-0.10912319019532744,-0.000012434475900317494,-0.000044551953264678,0.000017841915361372055,0.0003514524241047484,0.000036585988473180826,0.000004958158569081568,0.00009990194463238832,0.001502638565838247,0.0011912561451137731,0,0,0,2,0.0014670000000000002,0,0,0
641666398,1,0.04675585344498335,0.4631496995227777,0,0,0.004,-0.2666144977418855,0.06547266107325256,0.10489060564176178,0.005225674735134689,-0.048607837194670545,0.06877963390946906,-0.0007948940338325304,-0.0019524461872737601,-0.0009191863376703706,-0.18088967491380215,0.050449465193761985,-0.10904544219522112,-0.000012797713248968079,-0.00004580692927230419,0.000017707869835970455,0.00035272102547475985,0.000031873334792742904,0.000004960047245610511,0.00009990110835133832,0.0014974363406509877,0.0011755645377847458,0,0,0,2,0.0027930000000000003,0,0,0
641666418,1,0.04945878475638602,0.45051949872528624,0,0,0.02,-0.2584862166941976,0.033723997735277456,0.07335779140760756,0.005225674735134689,-0.048607837194670545,0.06877963390946906,-0.0004274588892654203,-0.0022755871717790614,-0.0010392869876010835,-0.18226343724445393,0.05067454040612873,-0.10867266685716363,-0.000014267178148944307,-0.00005018619979212519,0.000014595941937851833,0.00035912119248406407,0.000045425395058437616,0.000004982349594620056,0.00009990026757666352,0.001484552973049552,0.005416042754791757,0,0,0,2,0.001397,0,0,0
641666426,1,0.035547774227704845,0.410294734535733,0,0,0.008,-0.2134234138423431,0.0073474972655596105,0.026606693318161234,0.005225674735134689,-0.048607837194670545,0.06877963390946906,-0.00015259360247218804,-0.002251380717064114,-0.0012102488463347672,-0.18265890468376061,0.050703857391333824,-0.10862988986796396,-0.000014421374887496678,-0.00005169080059635503,0.000013808064352636022,0.0003616996907819997,0.00003974014825297569,0.000004989058924880574,0.00009989994837459138,0.0014756981335694334,0.0017216077215721662,0,0,0,2,0.001397,0,0,0
641666430,1,0.03526363884555393,0.40135619264465017,0,0,0.004,-0.1936403871262643,0.0027177822739414825,-0.014489103563285255,0.005225674735134689,-0.048607837194670545,0.06877963390946906,0.00007416380114391176,-0.0019719949267958587,-0.0014097494009747279,-0.182808458289354,0.0507130988179428,-0.10864367075725181,-0.000014406751085225103,-0.000052461313000121174,0.000013448878851632049,0.00036299286458373113,0.000033310920430121916,0.000004990983531369348,0.00009989983425458185,0.0014700990754968665,0.000776802883506138,0,0,0,2,0.001397,0,0,0
641666434,1,0.038178798127490775,0.39831735172657695,0,0,0.004,-0.186296318813315,0.0011830191620390007,-0.026697417272332657,0.005225674735134689,-0.048607837194670545,0.06877963390946906,0.0002963860566876896,-0.0016981968523329687,-0.0016052599445218895,-0.18293894633469546,0.050720494312914366,-0.10866475734817899,-0.000014355308223825434,-0.0000529938248541387,0.000013057282684838966,0.00036429097182980947,0.00003030869170030353,0.000004992897826262097,0.00009989978065024697,0.0014656811933473094,0.0007528130713715654,0,0,0,2,0.000978,0,0,0
641666438,1,0.04796799032882214,0.42960752442491457,0,0,0.004,-0.20645050981309643,0.015081764221770655,-0.05715364672328249,0.005225674735134689,-0.048607837194670545,0.06877963390946906,0.00042894271223805616,-0.0012168218521529971,-0.0018181655659187416,-0.1830753232926608,0.05073812199342528,-0.10870497123616125,-0.000014232154525827749,-0.00005347807868987469,0.000012480317692804112,0.0003655928556009392,0.000028812132440624614,0.000004994765187471672,0.00009989974162004253,0.0014617901708239547,0.0008589836966825229,0,0,0,2,0.001396,0,0,0
641666442,1,0.06253946914958103,0.44855869570391116,0,0,0.004,-0.22925764799167725,0.012150322648478484,-0.052001544833421676,0.005225674735134689,-0.048607837194670545,0.06877963390946906,0.0005162376572361476,-0.0005639793978512369,-0.0020481183636082904,-0.18322267324168184,0.05075384447464643,-0.10874113236778797,-0.000014101297712428202,-0.000053644839968676553,0.000011858666733113806,0.0003668978807589476,0.000028041812889251555,0.000004996576966499279,0.00009989968092511446,0.0014581612159687838,0.0009415804600198565,0,0,0,2,0.001396,0,0,0
641666446,1,0.07877934199256409,0.4754036227377991,0,0,0.004,-0.2560439038818708,0.003181945422179977,-0.05951185256624569,0.005225674735134689,-0.048607837194670545,0.06877963390946906,0.0006230919920549111,0.0002569011614898761,-0.002273472105344048,-0.1833847735424454,0.0507645237922664,-0.10878211219868086,-0.000013949443155492088,-0.00005362944504984901,0.000011199649808821874,0.00036820554629710047,0.000027638756812721333,0.000004998335978639925,0.00009989957786153713,0.0014546729803801956,0.001051553259422308,0,0,0,3,0.0027930000000000003,0,0,0
641666450,1,0.08643622671396124,0.5186169677121636,0,0,0.004,-0.29269826671636456,0.0017093224511746108,-0.08481181502614632,0.005225674735134689,-0.048607837194670545,0.06877963390946906,0.0006638933740153977,0.0011146273314457517,-0.002504971416605408,-0.1835680626083873,0.05077578573310155,-0.10883917839570005,-0.000013719550597556685,-0.00005353550045821427,0.000010402265504454124,0.0003695153067488568,0.000027426078447851823,0.000005000049429015911,0.00009989940558765384,0.0014512666999475226,0.0012189716393093677,0,0,0,2,0.001466,0,0,0
641666454,1,0.08818375725084505,0.5272667579694482,0,0,0.004,-0.29888588071416355,0.0017864649591379234,-0.09210719163080405,0.005225674735134689,-0.048607837194670545,0.06877963390946906,0.0007038787283366745,0.0019551989780025097,-0.002731840741641541,-0.18375395191361737,0.050787341363520144,-0.10890061016597156,-0.000013453910279602986,-0.0000532937115133582,0.000009539811273822092,0.00037082722717267494,0.000027313309263124926,0.000005001725350498058,0.00009989915759220148,0.00144791139052483,0.0012510456164181712,0,0,0,2,0.001956,0,0,0
641666458,1,0.08749350391356701,0.5553720762712787,0,0,0.004,-0.33052317804732734,0.00735144550923561,-0.08680692125783018,0.005225674735134689,-0.048607837194670545,0.06877963390946906,0.0007004537981302579,0.002768306547267816,-0.0029648253245372676,-0.18395865177305384,0.05080299609847739,-0.10895884980365796,-0.00001317181682071381,-0.000052745252875563734,0.000008507038773215004,0.00037214086782801,0.000027253433297185415,0.0000050033716268663195,0.00009989885684749123,0.0014445921544161335,0.001367245736835006,0,0,0,2,0.001886,0,0,0
641666462,1,0.08214253093015692,0.571558048982564,0,0,0.004,-0.3501739702203439,0.012473717379618776,-0.07812559365024008,0.005225674735134689,-0.048607837194670545,0.06877963390946906,0.0007290552996089206,0.0035118887433462313,-0.0031398869939734952,-0.18417482561844886,0.05082205586047548,-0.10901174066200559,-0.000012890006517372456,-0.000051971626089388403,0.000007362997964173055,0.00037345606071645106,0.00002722157310377589,0.000005004994940004132,0.0000998985324465201,0.0014413008082206705,0.0014360000636676718,0,0,0,2,0.001886,0,0,0
641666478,1,0.05352637779398111,0.6141322240751541,0,0,0.016,-0.3908755109677987,0.011753853408143167,-0.0905623614762856,0.005225674735134689,-0.048607837194670545,0.06877963390946906,0.0007570847710580101,0.003867756742891985,-0.0032368789194987795,-0.18559783393225757,0.050939471934746905,-0.109374359721725,-0.000011020557108077765,-0.00004682916351112027,-0.00000003833311071011786,0.0003787455955860139,0.000040513197658689326,0.000005017801773399662,0.00009989740133569692,0.0014325713043650034,0.006422427891527662,0,0,0,2,0.001397,0,0,0
641666486,1,0.02343929978489151,0.634105319948898,0,0,0.008,-0.4143026006630848,0.005332344107575437,-0.08001830835981316,0.005225674735134689,-0.048607837194670545,0.06877963390946906,0.0008165115861590685,0.003907580695997632,-0.0032680151403516565,-0.18630090500389512,0.050984112295724957,-0.10952684699732221,-0.000010314278150182972,-0.00004378796849841103,-0.000003487060902203801,0.0003813894739739603,0.00003788144628814977,0.000005023578123010254,0.00009989644631438276,0.0014253372493062526,0.0033759432078885997,0,0,0,3,0.0014670000000000002,0,0,0
641666490,1,0.007738410793968945,0.6510177188665228,0,0,0.004,-0.42913247322694414,0.0058542095516769255,-0.08688473915155193,0.005225674735134689,-0.048607837194670545,0.06877963390946906,0.0008747498649581058,0.003818776437717362,-0.003245265414985891,-0.18661221237448233,0.05100420991900767,-0.10959732124707827,-0.0000099804739998154,-0.00004256699575259983,-0.000005050099577460133,0.00038270650690685077,0.000032468975034716074,0.0000050254784179404035,0.00009989578205798431,0.0014204742346499556,0.0017515155003357847,0,0,0,2,0.0032830000000000003,0,0,0
641666494,1,0.007223967192107686,0.6555541107451894,0,0,0.004,-0.43296297531058436,0.005680183667082783,-0.08883967172582352,0.005225674735134689,-0.048607837194670545,0.06877963390946906,0.0009318233781811623,0.003731748264602698,-0.003222970684127441,-0.18690072723452647,0.051022690507608076,-0.10966347407507661,-0.000009664154450485937,-0.000041480713019444305,-0.000006518254323511109,0.0003840300383232518,0.000029894618290432513,0.000005027330903049949,0.000099895221096166,0.0014165239376104373,0.0017680800422996128,0,0,0,2,0.001956,0,0,0
641666498,1,0.015038505398287279,0.6454841684124049,0,0,0.004,-0.41515395656293963,0.026155236672059434,-0.10409593020174412,0.005225674735134689,-0.048607837194670545,0.06877963390946906,0.0009771027767794408,0.0035079762782662064,-0.00320112184788616,-0.18716396601941476,0.05105322412997759,-0.10973557408187418,-0.000009198725663168133,-0.00004078928335921679,-0.000008196863098769403,0.00038535861830792795,0.000028599855713857566,0.0000050291309968808194,0.0000998946866091105,0.0014129918357367963,0.0017152159828537092,0,0,0,2,0.0014670000000000002,0,0,0
641666502,1,0.026639788310283862,0.6391172503475108,0,0,0.004,-0.40080377676913914,0.04871129697898624,-0.11619473199161057,0.005225674735134689,-0.048607837194670545,0.06877963390946906,0.0010108239430454368,0.0031608479993326414,-0.003115794122207803,-0.1874107566056768,0.05109687207266332,-0.10981260605663287,-0.000008604013375664113,-0.0000402870466163641,-0.000010034212212372777,0.0003866917712884372,0.00002793031386071144,0.000005030881897547629,0.00009989414253867141,0.0014096708520242543,0.0016805602573826772,0,0,0,3,0.001397,0,0,0
641666506,1,0.036048747286143,0.6240868285980322,0,0,0.004,-0.3807128592469389,0.05299953104309174,-0.12353229164950363,0.005225674735134689,-0.048607837194670545,0.06877963390946906,0.0010545233303464298,0.002735441131095212,-0.003032172951043013,-0.1876413193922351,0.05114217923427639,-0.1098926110285699,-0.000008014843856107702,-0.000039869311402204425,-0.000011668074461450448,0.0003880295497722831,0.000027578967177472824,0.000005032590071584792,0.00009989356168388563,0.0014064632671472977,0.001614987101208899,0,0,0,3,0.001397,0,0,0
641666510,1,0.04028951316667248,0.6098003489361512,0,0,0.004,-0.3574603665816225,0.04755544725652827,-0.14253437159577054,0.005225674735134689,-0.048607837194670545,0.06877963390946906,0.0010653907968204521,0.0022972371115018973,-0.002907613625860251,-0.1878554939811431,0.051183671335653984,-0.10998322227248553,-0.000007461479345131045,-0.00003969472386597397,-0.000012996022302970654,0.00038937219880571475,0.00002739308763834714,0.000005034263015018657,0.00009989289194110974,0.001403319930544424,0.001551027949853323,0,0,0,2,0.001886,0,0,0
641666514,1,0.04130757757101933,0.6072044118776427,0,0,0.004,-0.3519801304785867,0.045580772115010326,-0.1482499729313993,0.005225674735134689,-0.048607837194670545,0.06877963390946906,0.0010760409139649939,0.0018677971723004491,-0.0027855454871811443,-0.18806506268830395,0.05122375101176122,-0.11007676790715433,-0.000006923567515696731,-0.00003937654454424399,-0.000014174070046366089,0.0003907193088098964,0.000027294309917348918,0.00000503590790552379,0.00009989213212183967,0.0014002163296719318,0.001538548269050973,0,0,0,2,0.0014670000000000002,0,0,0
641666518,1,0.0415161143719315,0.6000479643547808,0,0,0.004,-0.3282024221876758,0.05838063693165285,-0.17446044150037388,0.005225674735134689,-0.048607837194670545,0.06877963390946906,0.001054520095685694,0.0014575986762433467,-0.002612655489474035,-0.1882587379784288,0.05127135453085842,-0.11018502953482574,-0.000006260091120569878,-0.000039344949967569934,-0.00001541099205391935,0.0003920713934157069,0.000027241576058190118,0.000005037530987134794,0.00009989121934264765,0.0013971391910383415,0.0015049867738789373,0,0,0,2,0.0029330000000000003,0,0,0
641666522,1,0.03592305878070598,0.5893334948014501,0,0,0.004,-0.30831699436020144,0.052611885320390295,-0.18896702428194523,0.005225674735134689,-0.048607837194670545,0.06877963390946906,0.0009908191163307124,0.001151477949350239,-0.0024219180030004336,-0.18843976533304876,0.05131522335543488,-0.11030150917407029,-0.00000563505210145014,-0.00003931198174884006,-0.00001642129508621756,0.0003934374893145088,0.000027213284064875414,0.000005039137410430183,0.00009989013170429688,0.0013940810735419617,0.0014617026551484273,0,0,0,2,0.001885,0,0,0
641666526,1,0.02860926252778942,0.5834407253806908,0,0,0.004,-0.29585907031533165,0.054663958223962084,-0.1969244655870046,0.005225674735134689,-0.048607837194670545,0.06877963390946906,0.0008964342234818796,0.0009473534362378461,-0.0022456479106166215,-0.18861266727118714,0.051360087354586796,-0.11042225213572968,-0.000004973305752552149,-0.00003912497493396171,-0.000017363279251663365,0.0003948057480580251,0.000027198015571326444,0.000005040731310204381,0.00009988887533127757,0.0013910384376342498,0.0014383322729510915,0,0,0,2,0.0019549999999999997,0,0,0
641666530,1,0.017772886503880744,0.5797462970415308,0,0,0.004,-0.275905762312881,0.06525820569049645,-0.21675050439781351,0.005225674735134689,-0.048607837194670545,0.06877963390946906,0.0008145896728503402,0.0009284063675130893,-0.0020835558644408023,-0.18877267021306166,0.05141111159992974,-0.11055401073453171,-0.000004189426635002105,-0.000039017392083815416,-0.000018328470059671784,0.0003961758998497292,0.000027189699861021156,0.000005042315899566731,0.00009988740497604689,0.0013880092439905857,0.0014275203914149975,0,0,0,1,0.001885,0,0,0
641666534,1,0.015987864045233127,0.5788008854739005,0,0,0.004,-0.26950985113317416,0.06884669066572191,-0.22264252433394205,0.005225674735134689,-0.048607837194670545,0.06877963390946906,0.0007343820132314317,0.0009098382401628275,-0.0019247056591884999,-0.1889282994923621,0.05146415643514515,-0.11068886293575349,-0.0000033715008344355775,-0.00003866657042976824,-0.00001920967271787089,0.0003975480459430159,0.000027185112635032447,0.00000504389362599398,0.00009988573963112197,0.0013849928162398147,0.0014251743489986748,0,0,0,2,0.001466,0,0,0
641666538,1,0.021361881478993972,0.5904249701467323,0,0,0.004,-0.25793721026984284,0.09329463021624029,-0.24892609249110897,0.005225674735134689,-0.048607837194670545,0.06877963390946906,0.0005812099962826827,0.0010514311407643253,-0.0017583798136809265,-0.18907569566447735,0.05153190681577419,-0.11083832343951679,-0.0000022973802548823656,-0.000038379903146774855,-0.000020214627651093513,0.00039892166443703295,0.000027182598960923775,0.000005045466364218939,0.00009988379015019048,0.0013819891418678856,0.0014816190711076382,0,0,0,2,0.001466,0,0,0
641666542,1,0.0340859807490993,0.6148470476651944,0,0,0.004,-0.2603140154758702,0.10662355086933117,-0.2802302963421113,0.005225674735134689,-0.048607837194670545,0.06877963390946906,0.0004204487753125917,0.0013819397818394983,-0.0015847278407231874,-0.18922335007681854,0.05160823495390937,-0.11100578837541077,-0.000001126380936717053,-0.00003798446517114623,-0.000021151018240166557,0.0004002960623713746,0.000027181324609372093,0.000005047035522674811,0.00009988144431827338,0.0013789986624790135,0.0015882618788657945,0,0,0,2,0.001397,0,0,0
641666546,1,0.04579359304995468,0.6120708614742739,0,0,0.004,-0.25971872610572155,0.13614200607528915,-0.2636705072703691,0.005225674735134689,-0.048607837194670545,0.06877963390946906,0.0001776816238793669,0.0017910594049757034,-0.0014145489072246032,-0.18936978408969327,0.051701468273047745,-0.11116255200349895,0.000000367576263232042,-0.000037074550036059964,-0.00002215086973186741,0.00040167212380106185,0.000027180458165859632,0.000005048601949947668,0.00009987884652865618,0.001376022052310091,0.0015773932872300259,0,0,0,2,0.001397,0,0,0
641666550,1,0.05270275245922996,0.6295800514113559,0,0,0.004,-0.27461833085979326,0.1709244540130157,-0.2559745552012309,0.005225674735134689,-0.048607837194670545,0.06877963390946906,-0.00003892489580455949,0.0022346072130904524,-0.0011732050418737723,-0.18952388177050294,0.05181525346047253,-0.11131396053261562,0.000002169448514622068,-0.000035698579385197164,-0.000023162305009078828,0.0004030505381010416,0.000027179880877668248,0.0000050501665019302445,0.0000998760411038798,0.0013730607170668557,0.0016499860340467582,0,0,0,2,0.0032830000000000003,0,0,0
641666554,1,0.054441715306836176,0.6334468658765985,0,0,0.004,-0.27624327118680425,0.1821969979687501,-0.25351151926152937,0.005225674735134689,-0.048607837194670545,0.06877963390946906,-0.00025119928509480737,0.0026692840650429065,-0.0009366880538299578,-0.18967828133795794,0.05193547992012254,-0.11146337246816662,0.000003895159278499816,-0.00003420317514190413,-0.000023964693493205427,0.00040443848247564073,0.00002717942600836271,0.000005051729697874269,0.00009987305189930782,0.0013701143843099707,0.001667449220063267,0,0,0,2,0.001956,0,0,0
641666558,1,0.052147176176474144,0.6475760460876652,0,0,0.004,-0.2788944351569115,0.18469969202154757,-0.27260157202734625,0.005225674735134689,-0.048607837194670545,0.06877963390946906,-0.00045922818659925027,0.0030526568025150435,-0.0007049014055470195,-0.18983348458049057,0.05205750295961778,-0.11162363016394494,0.0000053803260111132606,-0.00003278734348880582,-0.000024521361249832258,0.0004058288843454338,0.000027179172175571104,0.000005053292007126199,0.00009986979213318785,0.0013671826447093519,0.0017260716057736548,0,0,0,2,0.0014670000000000002,0,0,0
641666562,1,0.04987128806579142,0.6519996651617883,0,0,0.004,-0.2779480258107855,0.16608577938882485,-0.2909335726197355,0.005225674735134689,-0.048607837194670545,0.06877963390946906,-0.000727012376235506,0.0033537935747155194,-0.0004564452015091062,-0.1899879170291348,0.05216885040389185,-0.11179466887030953,0.000006413690477313099,-0.00003144167906451478,-0.000024736718602746927,0.000407222126213459,0.00002717903593346297,0.000005054853690677594,0.00009986625381027493,0.0013642644261622472,0.0017411809088987366,0,0,0,3,0.0014670000000000002,0,0,0
641666566,1,0.046259529799095256,0.6223701034933659,0,0,0.004,-0.2587293881631755,0.16272470961755303,-0.26654863765527814,0.005225674735134689,-0.048607837194670545,0.06877963390946906,-0.0009468303046377689,0.0036062970340307175,-0.0001916528328313172,-0.1901311698345433,0.05227695604338989,-0.11195092610496565,0.0000075166928305871615,-0.000030023806153205385,-0.000024937585897254444,0.0004086187814177877,0.00002717860906497863,0.000005056414797898125,0.00009986266581195776,0.0013613584603131593,0.001622188169875704,0,0,0,1,0.001886,0,0,0
641666570,1,0.04937600278507278,0.5996799464118568,0,0,0.004,-0.243564650321884,0.17958494473343967,-0.23661773247522788,0.005225674735134689,-0.048607837194670545,0.06877963390946906,-0.0011942098075529372,0.003907013645961197,0.00008914897719354995,-0.1902652524466503,0.05239357400057787,-0.11208883514080459,0.000008958832651431207,-0.000028502020113815726,-0.000025262326983687905,0.0004100188656918281,0.000027177948207891712,0.000005057975558360346,0.00009985918142711483,0.0013584645613044508,0.001536554288441786,0,0,0,1,0.001886,0,0,0
641666574,1,0.049975436060757564,0.592008852042213,0,0,0.004,-0.23670946234536372,0.18576777437933356,-0.22758275825873753,0.005225674735134689,-0.048607837194670545,0.06877963390946906,-0.0014366417204098023,0.004201715925653066,0.0003643347510179198,-0.19039497878460987,0.05251319391379554,-0.11222094096828115,0.00001037867664979016,-0.000027006427707188174,-0.000025513197402214056,0.0004114223138943803,0.000027177299123090247,0.000005059536214715067,0.00009985580317609972,0.0013555826760252166,0.0015090921637505755,0,0,0,2,0.001956,0,0,0
641666578,1,0.049207195255553796,0.5776949149048287,0,0,0.004,-0.19420537728576948,0.20593378876749324,-0.2398876449018399,0.005225674735134689,-0.048607837194670545,0.06877963390946906,-0.0016209617732079453,0.004522482092832049,0.0006233641650054851,-0.1904990110400736,0.05264343025723804,-0.11235870845442131,0.00001184770925248778,-0.000026170691523412414,-0.00002598022006334249,0.00041282955075419483,0.00002717666841057613,0.000005061096801481156,0.00009985236506887939,0.0013527113458049447,0.0014841592157145073,0,0,0,1,0.003422,0,0,0
641666582,1,0.054690522900436876,0.6013270924463848,0,0,0.004,-0.17768509880059813,0.22060095070928942,-0.28409261354054394,0.005225674735134689,-0.048607837194670545,0.06877963390946906,-0.0018015954249501255,0.004954012024630939,0.0008665603463529823,-0.19059213664254784,0.052782537911463784,-0.11252116855479612,0.000013101386506448368,-0.000025647846896381545,-0.000026353007899423862,0.0004142402784548729,0.000027176480233821502,0.000005062657554822603,0.00009984856519399608,0.0013498506088877606,0.0016047199723710926,0,0,0,1,0.001885,0,0,0
641666586,1,0.05852145841571577,0.5960520035252169,0,0,0.004,-0.1998859604499048,0.2162694799261875,-0.25591154849843534,0.005225674735134689,-0.048607837194670545,0.06877963390946906,-0.0020531849141796807,0.0053449534247129,0.0011688084702354312,-0.19069831932309259,0.052918906946058594,-0.11266758727155447,0.000014421989340327025,-0.00002433244973701998,-0.00002626626805226672,0.00041565399205512787,0.000027176229154220365,0.000005064218397220743,0.00009984467744533162,0.0013470019211768228,0.0015606029900645023,0,0,0,1,0.0018160000000000001,0,0,0
641666590,1,0.06275167919913417,0.5734950491010209,0,0,0.004,-0.20243634789320175,0.19526364619921255,-0.22986996148363126,0.005225674735134689,-0.048607837194670545,0.06877963390946906,-0.0022145214587421095,0.005855907729117025,0.0014224010541989635,-0.19080660621933823,0.05304239678678323,-0.11279921685785149,0.00001553355700471941,-0.000022770754584073093,-0.00002591179648373945,0.0004170710934623994,0.000027175711228971462,0.0000050657793017324896,0.00009984095346088637,0.0013441648708545184,0.001452989005700097,0,0,0,2,0.001886,0,0,0
641666594,1,0.06386122290848788,0.5648609740756441,0,0,0.004,-0.19960109368323298,0.18998151152596132,-0.22192181090341023,0.005225674735134689,-0.048607837194670545,0.06877963390946906,-0.0023726312724132895,0.006356642947433068,0.001670921786483225,-0.19091323687140296,0.053162348756059664,-0.1129260626985452,0.00001655992209377964,-0.000021239412452427597,-0.000025516988241910686,0.000418491659103423,0.000027175178296619097,0.000005067340337052819,0.00009983740996880493,0.001341339290818841,0.0014152476050550628,0,0,0,3,0.0014670000000000002,0,0,0
641666598,1,0.05838919216750324,0.5992632435744892,0,0,0.004,-0.2060054563570226,0.2065184065706156,-0.26020703484754115,0.005225674735134689,-0.048607837194670545,0.06877963390946906,-0.0025275788898110455,0.006772794950860571,0.0018825141710408504,-0.19102226440349737,0.05329262550694765,-0.11307434381704892,0.000017491973316298786,-0.000019847432012050473,-0.00002514226764002107,0.0004199151551314013,0.00002717500500310733,0.0000050689016532916375,0.00009983371440609089,0.0013385260976974051,0.001563564140215454,0,0,0,2,0.001397,0,0,0
641666602,1,0.049002534316254814,0.6551785109935431,0,0,0.004,-0.2445508277909948,0.2123385287564492,-0.30422007523262096,0.005225674735134689,-0.048607837194670545,0.06877963390946906,-0.0026900801992211635,0.007042139537535404,0.0021005273522676404,-0.1911522465770641,0.053428081986542905,-0.11324808394600828,0.000018211831752749966,-0.00001809909566500229,-0.00002449107739547683,0.0004213408738744711,0.00002717510917720332,0.000005070463297275113,0.00009982961206776813,0.0013357272499126673,0.0017773806000618135,0,0,0,2,0.001466,0,0,0
641666606,1,0.034039317470331884,0.6923760175055432,0,0,0.004,-0.2669017152462907,0.24052838418038114,-0.32147157173330676,0.005225674735134689,-0.048607837194670545,0.06877963390946906,-0.0028493314824430795,0.007050433767829134,0.0023035276255095774,-0.19129369883361577,0.053580393406353954,-0.11343113694422274,0.000019311176710859296,-0.000016093147752817854,-0.00002389172256334218,0.0004227679477656589,0.000027175347723874596,0.000005072025069432484,0.00009982497546059787,0.0013329440066152452,0.0019284580394938115,0,0,0,2,0.003771,0,0,0
641666610,1,0.03351411383958918,0.681569376939595,0,0,0.004,-0.25356524319964824,0.2606591642400389,-0.3040324690399032,0.005225674735134689,-0.048607837194670545,0.06877963390946906,-0.0030480083174418246,0.0068455092263106495,0.0025450784707279437,-0.19142697529671654,0.053743095658678866,-0.11360321452218042,0.00002085991266500093,-0.000014182141635052554,-0.000023533424407869898,0.0004241965020502912,0.000027175410690141183,0.000005073586776941828,0.0000998199650382851,0.0013301752773356753,0.0018959927202042187,0,0,0,2,0.001397,0,0,0
641666614,1,0.03575580631195776,0.6791230406638125,0,0,0.004,-0.24970751893776355,0.2673563955813516,-0.29881456806701756,0.005225674735134689,-0.048607837194670545,0.06877963390946906,-0.003242711615740595,0.006644683175622535,0.0027817982990419425,-0.1915576371212901,0.053909079330276805,-0.11377173729748678,0.00002243574716561551,-0.000012304060876867801,-0.00002315794303742274,0.00042562678245331684,0.00002717537374423164,0.000005075148554738738,0.00009981467482723366,0.0013274203359222483,0.0018894377295328218,0,0,0,2,0.0014670000000000002,0,0,0
641666630,1,0.06353346966569566,0.6838680359309698,0,0,0.016,-0.23402543688027455,0.2934231479333351,-0.30266232996084064,0.005225674735134689,-0.048607837194670545,0.06877963390946906,-0.003710489601441631,0.0060111152271751876,0.0029498678646277597,-0.19227180761972246,0.05497641938751153,-0.11477453085991947,0.00003131689648963621,-0.00000207853520409713,-0.000020028201156365,0.00043138806159720476,0.00004047774390688141,0.0000050876178515572145,0.00009979817316662451,0.0013200790756467224,0.007714415137638343,0,0,0,2,0.001397,0,0,0
641666634,1,0.07310642523386328,0.6866650978270851,0,0,0.004,-0.2293189171847878,0.3013457051754538,-0.30305198385254783,0.005225674735134689,-0.048607837194670545,0.06877963390946906,-0.004168912027428646,0.0053902186376967864,0.0031145760389018604,-0.19241630016859057,0.05520308977776526,-0.11498233573176213,0.00003322548871137066,-0.000000025402450728450025,-0.000019412863612920343,0.00043281724011806784,0.00003363239767960043,0.000005089461214942207,0.00009978768349714044,0.001315553299363284,0.0019400490910220186,0,0,0,1,0.001956,0,0,0
641666638,1,0.0769103426541143,0.6924153736890772,0,0,0.004,-0.19787716219926021,0.35060536156307953,-0.2996028782927169,0.005225674735134689,-0.048607837194670545,0.06877963390946906,-0.004714039804138773,0.004856308490530172,0.0032972953384111134,-0.1925257859369018,0.05543789803562826,-0.11516611780037167,0.00003579176791191924,0.0000013283853626942645,-0.000019505648600519407,0.00043425397047703614,0.00003045950684959824,0.00000509126118867273,0.00009977896971376543,0.001312026076657715,0.0020073519892957114,0,0,0,2,0.001886,0,0,0
641666658,1,0.07904364291869526,0.6087167367341563,0,0,0.02,-0.16192516868458684,0.3608761039897279,-0.16954973848842414,0.005225674735134689,-0.048607837194670545,0.06877963390946906,-0.005535886423043255,0.005046803718448126,0.0034017917414079623,-0.1931719202568094,0.05717046260813147,-0.11589979536961348,0.0000535181173775189,0.000011990532808800542,-0.000013546879957323227,0.0004415297295050677,0.000044951441124886785,0.000005112084986110177,0.00009975827402479238,0.0013025172380584015,0.008606937585595236,0,0,0,2,0.0009080000000000001,0,0,0
641666662,1,0.09023459647738853,0.5972372657834832,0,0,0.004,-0.17088299781058836,0.3755491894766039,-0.09937198529518909,0.005225674735134689,-0.048607837194670545,0.06877963390946906,-0.006351948753929965,0.005425236640293428,0.00345093499454329,-0.1932812228194987,0.057452878314070005,-0.11596450856333586,0.00005765130870729835,0.000014191728739363989,-0.00001228770251142325,0.00044296243577050923,0.000035552032158272404,0.000005113993498063382,0.0000997476065650724,0.0012974584473916329,0.0016975888035388308,0,0,0,2,0.005238,0,0,0
641666666,1,0.09851138588034984,0.6113588220114927,0,0,0.004,-0.17252870032898693,0.4107767543411298,-0.059931870393493014,0.005225674735134689,-0.048607837194670545,0.06877963390946906,-0.007151689838198941,0.005923932636025625,0.003488442738255594,-0.19337814143358245,0.05772319987441781,-0.11599522470397548,0.00006170093767578668,0.00001605127966470958,-0.000011126137288002,0.00044440759651238047,0.000031377339586481915,0.000005115878077828459,0.00009973988894643227,0.0012937752566979071,0.0017982014277965848,0,0,0,1,0.0019549999999999997,0,0,0
641666690,1,0.07786379919696854,0.6859849208292622,0,0,0.024,-0.2648790034238855,0.46086729369883117,0.076374373733886,0.005225674735134689,-0.048607837194670545,0.06877963390946906,-0.0075945514812523944,0.006327433556960643,0.0035358529714539684,-0.1948039372100835,0.06046893449414116,-0.11547234173424063,0.00008381303954773128,0.000024951499972608933,0.000011486504424361233,0.000453181074588535,0.00004817787923725505,0.000005145898783922586,0.0000997117746572883,0.00128265073152476,0.012888527225402856,0,0,0,2,0.001956,0,0,0
641666694,1,0.07165620591439338,0.7146304022494884,0,0,0.004,-0.2922602445089165,0.4716390818155707,0.11705385613148422,0.005225674735134689,-0.048607837194670545,0.06877963390946906,-0.008028555891444779,0.006722864459476961,0.0035823149999883756,-0.1950061194607318,0.06082624559896172,-0.11537581053990681,0.00008721444579509175,0.000026183202950377342,0.000014984516269089573,0.00045458383484272343,0.00003687103280996782,0.000005147777336105002,0.0000996975676565163,0.0012773312877403834,0.0022682542335514208,0,0,0,2,0.0014670000000000002,0,0,0
641666698,1,0.056528910758375454,0.7583077724814034,0,0,0.004,-0.3434991024606896,0.48123622768977636,0.13688228980533168,0.005225674735134689,-0.048607837194670545,0.06877963390946906,-0.008379311702911098,0.006897333856736613,0.003649153076672728,-0.19521405053580387,0.061143104063699,-0.11527983383892908,0.00008982010289004791,0.000026899872721654636,0.000018982475490346006,0.00045601355871110246,0.00003199652525540412,0.000005149681433486295,0.00009968690884293527,0.0012736366626427125,0.002427564051454829,0,0,0,1,0.001886,0,0,0
641666702,1,0.039562148774523145,0.7959937498074394,0,0,0.004,-0.39200257136809713,0.48313196263100244,0.1503794402312444,0.005225674735134689,-0.048607837194670545,0.06877963390946906,-0.008627178598905237,0.006780692468322515,0.0037466123249043446,-0.19543527507462802,0.06143847230750336,-0.11518349546270425,0.00009174029944396341,0.000027112768851783597,0.00002328951200261589,0.00045745218438710537,0.00002965502750069641,0.000005151553215450472,0.00009967739379685956,0.0012705906873843832,0.0025603014988681214,0,0,0,1,0.001397,0,0,0
641666706,1,0.03940724468309047,0.7816823593369562,0,0,0.004,-0.3836485437456417,0.47124153452188833,0.13734085468522395,0.005225674735134689,-0.048607837194670545,0.06877963390946906,-0.008827477579538227,0.006421373087389408,0.0038740803212522794,-0.19564273276395208,0.06171463427871526,-0.11509850154593601,0.00009264811512719886,0.000026860976573309267,0.000026679625725150123,0.00045889570120601823,0.000028471731206555498,0.000005153376353866966,0.00009966838229718704,0.0012678468970207658,0.0024919624374130957,0,0,0,2,0.001466,0,0,0
641666710,1,0.05619408286125982,0.7766346604122997,0,0,0.004,-0.37148122734304967,0.4772020257331253,0.12265002319099771,0.005225674735134689,-0.048607837194670545,0.06877963390946906,-0.008981160003117288,0.005781618696346406,0.004041609535114524,-0.19583831297332235,0.06198745773266464,-0.11502310584161711,0.00009273838550402518,0.00002629344169666193,0.000029154432151425592,0.0004603419494429913,0.000027858518010459038,0.0000051551497555908836,0.00009965949514392016,0.0012652573050624507,0.0024682401951863575,0,0,0,3,0.003352,0,0,0
641666714,1,0.06233251734528496,0.7775156617741941,0,0,0.004,-0.3701587955053681,0.47958885559979936,0.11788483361604918,0.005225674735134689,-0.048607837194670545,0.06877963390946906,-0.009131768778224768,0.005154659393124265,0.004205788164699523,-0.19603042419078787,0.06225790531439732,-0.11495112816198237,0.0000924862150612341,0.00002557651696709569,0.00003127406534895349,0.00046178999767680716,0.000027536573706847794,0.00000515687849862809,0.0000996505842321773,0.0012627521114977533,0.0024687481469026157,0,0,0,1,0.001886,0,0,0
641666718,1,0.0841541002196546,0.7947627267727443,0,0,0.004,-0.3611192790003467,0.5135661187015899,0.11436064954852299,0.005225674735134689,-0.048607837194670545,0.06877963390946906,-0.00923675480038883,0.0042206599451570575,0.004419946443494408,-0.19621523095672452,0.06254429954693745,-0.11488052933695538,0.00009182507579413297,0.000024817689910693136,0.000032588432906076425,0.0004632375343600422,0.000027366685148792693,0.000005158569729181569,0.00009964123255675134,0.001260297078798248,0.002552600713340356,0,0,0,1,0.001886,0,0,0
641666722,1,0.10826639120303148,0.8002495535092521,0,0,0.004,-0.34359361522160126,0.5365830357256025,0.07489852741275804,0.005225674735134689,-0.048607837194670545,0.06877963390946906,-0.009286377880308026,0.0030390243771412704,0.004683084778514979,-0.19638843438666176,0.06284203708487282,-0.11483048027249262,0.00009014228994544196,0.000023634592990895836,0.000033334702553222734,0.000464684136106136,0.00002727672301639663,0.0000051602308135883245,0.0000996313697453692,0.0012578738546202763,0.002566204094948498,0,0,0,3,0.001397,0,0,0
641666726,1,0.13366840927808865,0.7702939203695313,0,0,0.004,-0.2745993142442764,0.551118443663406,0.027019199981976882,0.005225674735134689,-0.048607837194670545,0.06877963390946906,-0.00933500849862884,0.0016040527671175582,0.004951612991195456,-0.19652289439068302,0.06314555045853695,-0.11480488596269892,0.00008760211048736031,0.00002239878272915944,0.00003266129234901203,0.00046613230853510536,0.00002722864278677003,0.000005161868190793473,0.00009962103847283737,0.0012554697115241423,0.002465331976013187,0,0,0,1,0.001815,0,0,0
641666730,1,0.15115721782876618,0.7300905788892509,0,0,0.004,-0.1913773502590439,0.5582996594809702,0.011105750375628887,0.005225674735134689,-0.048607837194670545,0.06877963390946906,-0.009361361215862602,0.0000486435682498826,0.005268033861423908,-0.1966119779626344,0.06344997689994428,-0.11478672449940085,0.00008526230694481761,0.000021627569596125635,0.000030782726050401866,0.0004675844266956529,0.000027202637269735247,0.000005163487346339435,0.00009961025517995775,0.0012530761655606187,0.0023611764446060217,0,0,0,1,0.001886,0,0,0
641666734,1,0.15531235207102745,0.7230151266970999,0,0,0.004,-0.17417837238116918,0.5595649582645517,0.00603120380683464,0.005225674735134689,-0.048607837194670545,0.06877963390946906,-0.009387186878751688,-0.0014756574466404393,0.005578126314247791,-0.19669127422156082,0.06375424789550364,-0.1147711425876171,0.00008337169816152409,0.00002104131838989737,0.000029763368413508223,0.0004690398405738433,0.000027188669198507417,0.000005165092959844335,0.00009960335579292839,0.0012506912156651086,0.0023443120042940437,0,0,0,1,0.001397,0,0,0
641666738,1,0.16409087962599112,0.7126521265027288,0,0,0.004,-0.12827520887421795,0.5761540670595569,0.02247029646448695,0.005225674735134689,-0.048607837194670545,0.06877963390946906,-0.009465759250184579,-0.003086651529196441,0.005903322206735831,-0.1967456057552293,0.06406508821203002,-0.11474597175010649,0.00008230186175814058,0.000020837909857726312,0.000028561761983720407,0.00047049748128234477,0.000027181218855929117,0.000005166688357647911,0.0000996023641675933,0.0012483129454126968,0.0023627541638492804,0,0,0,2,0.001466,0,0,0
641666742,1,0.1638003998083335,0.6765714401271191,0,0,0.004,-0.012062349891036106,0.5917646535411172,0.07787212203971983,0.005225674735134689,-0.048607837194670545,0.06877963390946906,-0.009564065462909445,-0.004644120441380689,0.006190056248293158,-0.19673844672701646,0.06437876103165155,-0.11468978738902894,0.00008281167611339436,0.000021227018816346103,0.00002554509929744715,0.00047195705215864075,0.000027177196141850057,0.000005168275974437475,0.00009960193015905729,0.0012459364300047005,0.0023879530074321018,0,0,0,1,0.003282,0,0,0
641666746,1,0.15213732067922422,0.6663177405975543,0,0,0.004,0.11349442423379116,0.6107622171419325,0.09149458255240006,0.005225674735134689,-0.048607837194670545,0.06877963390946906,-0.009660405551379814,-0.006010650309916498,0.006492360897739973,-0.19666428461145496,0.06469795515960475,-0.11462444056654916,0.0000833225909719775,0.00002177185830432391,0.00002111894026665953,0.0004734363092403487,0.000027175639031056203,0.000005169857989369592,0.00009960171859756371,0.0012435578849465426,0.002511677459728384,0,0,0,2,0.001397,0,0,0
641666750,1,0.1362560965730481,0.678021103742369,0,0,0.004,0.18962229469684636,0.6273837339926371,0.0775145938172539,0.005225674735134689,-0.048607837194670545,0.06877963390946906,-0.009808082059882359,-0.007190059915676837,0.0067140509436756325,-0.19654897375704,0.06502385105597451,-0.11456517056054956,0.00008308004970715321,0.00002230549984694061,0.000017189979940885213,0.0004749800646757783,0.000027175362519242906,0.000005171436154375933,0.00009960117583258211,0.0012411772397638895,0.0026399256855579724,0,0,0,1,0.001885,0,0,0
641666754,1,0.13070806873143212,0.6834406594510153,0,0,0.004,0.20427029977759453,0.6323965827326057,0.07312567923887059,0.005225674735134689,-0.048607837194670545,0.06877963390946906,-0.009952805038214853,-0.008345881329321968,0.006931307188692579,-0.19642537140278055,0.06535204735446118,-0.11450796125890275,0.00008260549973346762,0.00002264008528614567,0.000015408056511502057,0.0004765216569663875,0.000027175982822547267,0.000005173011703098844,0.00009959996995098267,0.0012387973492561006,0.0026743198258615277,0,0,0,2,0.0019549999999999997,0,0,0
641666758,1,0.11638055690285003,0.6273796508850592,0,0,0.004,0.20842687285411934,0.5768787707678251,0.1312851015159513,0.005225674735134689,-0.048607837194670545,0.06877963390946906,-0.010158549423142602,-0.009318796649289444,0.006984428643404433,-0.19630165623444798,0.06564897023534784,-0.11442156913965566,0.00008398872134515216,0.000022219363365204752,0.000014950838696508897,0.0004780598136474165,0.000027175887476689553,0.000005174585304165065,0.00009959789978198361,0.0012364183576922337,0.0025090768194549894,0,0,0,2,0.001466,0,0,0
641666762,1,0.08737085178127953,0.6023163540656096,0,0,0.004,0.2822946324887603,0.5420524446709016,0.18487254354048765,0.005225674735134689,-0.048607837194670545,0.06877963390946906,-0.010349526276011477,-0.00992071639896711,0.006940613869779197,-0.19614085817667817,0.06592338164233859,-0.11430719267048164,0.0000864409640599737,0.000021406181189730725,0.000013514709188573677,0.00047959062252196373,0.000027175941343968564,0.0000051761573560964326,0.00009959442513979904,0.001234037442110071,0.0025540210481851387,0,0,0,2,0.001956,0,0,0
641666766,1,0.05455837802259098,0.6446094306696856,0,0,0.004,0.360085275288672,0.5710090300342465,0.1742302665047042,0.005225674735134689,-0.048607837194670545,0.06877963390946906,-0.010579294169264243,-0.010095144623598862,0.006759191014942345,-0.19593830509522459,0.06621080764022526,-0.11419697252954748,0.00008743159854596478,0.000021153938018290147,0.000012215553084697108,0.0004811109803417278,0.00002717725330615396,0.000005177728444615445,0.00009958911964041557,0.0012316550953798324,0.0027887456782623114,0,0,0,2,0.0014670000000000002,0,0,0
641666770,1,0.03781644084381615,0.6888026747943702,0,0,0.004,0.36031550188514183,0.6183116312880181,0.14598815144699806,0.005225674735134689,-0.048607837194670545,0.06877963390946906,-0.01081511934901227,-0.009925199664207835,0.0064961754623196945,-0.1957337232771237,0.0665239998353877,-0.11410039515988585,0.00008673153129787417,0.000021181158504727094,0.000013736820467623846,0.00048262350024239563,0.000027179102050924333,0.0000051792991236507415,0.00009958234027611044,0.0012292766947918652,0.0029215039268094874,0,0,0,2,0.0032830000000000003,0,0,0
641666774,1,0.03841772230965743,0.7021678608371722,0,0,0.004,0.3607024355028782,0.6319516237262766,0.13752108794671614,0.005225674735134689,-0.048607837194670545,0.06877963390946906,-0.011046228025165337,-0.00975865360400463,0.006238420220749497,-0.19552846434927734,0.06684433388471536,-0.11400801763801824,0.00008562370579350965,0.000021123948249386318,0.00001681124689975933,0.00048413038998892927,0.00002718073293864432,0.0000051808695000087775,0.00009957439269511058,0.0012269047637851055,0.0029621104674553483,0,0,0,2,0.000978,0,0,0
641666778,1,0.0512583391655481,0.722600677567387,0,0,0.004,0.3191243186064967,0.6611176196083346,0.11758848463161087,0.005225674735134689,-0.048607837194670545,0.06877963390946906,-0.011304672460876292,-0.009318469711637248,0.005868640996047217,-0.1953437495530744,0.0671815953575828,-0.11392577961273817,0.00008377855613797662,0.00002096373522888174,0.00002260543241965802,0.00048563733987254577,0.000027181892007144123,0.000005182439814596847,0.00009956606207799098,0.0012245439978277519,0.0029738699081179997,0,0,0,3,0.0014670000000000002,0,0,0
641666782,1,0.06580886203691201,0.7231580191765918,0,0,0.004,0.26449996163733863,0.668262019422313,0.11239671446168131,0.005225674735134689,-0.048607837194670545,0.06877963390946906,-0.011547295363512712,-0.008705994542991825,0.005442341489677082,-0.19518728513842007,0.06752394274765526,-0.11384667121296221,0.00008201669096601899,0.000020346547782587707,0.000030293560485308725,0.00048714951374269496,0.000027182157787936544,0.000005184010107269363,0.00009955805543827296,0.0012221974502762852,0.0029097556673516687,0,0,0,1,0.001466,0,0,0
641666786,1,0.07572925393990988,0.7007497438114763,0,0,0.004,0.1927533761046496,0.6482437224728272,0.10946400828400371,0.005225674735134689,-0.048607837194670545,0.06877963390946906,-0.011806371096817037,-0.008063158300278043,0.00494999946291213,-0.19506881583851046,0.06785737715873173,-0.11377039848796265,0.00008058821477158066,0.000019241679348892463,0.000039219056553065106,0.000488671749272004,0.000027181150446750126,0.000005185580435293244,0.00009955102678650096,0.0012198668964847673,0.0027403829129076657,0,0,0,3,0.001397,0,0,0
641666790,1,0.07669447748862104,0.7358946470325574,0,0,0.004,0.08499921918292813,0.6738588157161016,0.09871692692545686,0.005225674735134689,-0.048607837194670545,0.06877963390946906,-0.012092223248536225,-0.007497094648580437,0.00445685163232216,-0.19500529478443904,0.0682072491931895,-0.11370011334782364,0.00007884378755262372,0.000017711309733821717,0.00005100125203215458,0.0004902093488511137,0.000027179744897892316,0.000005187150899970924,0.00009954567943918084,0.0012175573176121358,0.00274533962180746,0,0,0,2,0.0014670000000000002,0,0,0
641666794,1,0.07647467520586888,0.7505838621999829,0,0,0.004,0.05467151208946486,0.6829376025645952,0.09520615070896454,0.005225674735134689,-0.048607837194670545,0.06877963390946906,-0.012372358357221032,-0.006942352269916784,0.00397356675834399,-0.19495759199793514,0.06856182281018341,-0.1136319114064933,0.00007722396673933988,0.00001628112501415096,0.00006200985710901147,0.000491759755499831,0.00002717871311509079,0.000005188721221816703,0.00009954164537630208,0.0012152676155568279,0.0027668233174198706,0,0,0,2,0.001886,0,0,0
641666798,1,0.07245236939033393,0.8138905071178176,0,0,0.004,0.019737543172673122,0.7400272673307586,0.11873403691168427,0.005225674735134689,-0.048607837194670545,0.06877963390946906,-0.012774722496055945,-0.006665020847834328,0.0034786422931247485,-0.1949268673754077,0.06894575234339688,-0.11355053919430946,0.00007624868019727106,0.000014462454943523481,0.00007332781092373326,0.0004933206360172206,0.000027178791313098966,0.000005190291424319115,0.00009953858964145512,0.0012129993399451523,0.0029990070317353202,0,0,0,2,0.003352,0,0,0
641666802,1,0.06829702277050217,0.8364485399339695,0,0,0.004,0.011979955289320332,0.7610102657658677,0.11185717678922913,0.005225674735134689,-0.048607837194670545,0.06877963390946906,-0.013115776130312576,-0.006467804564715739,0.0029829636728495755,-0.1948999262831285,0.06933987441494618,-0.1134724294599638,0.00007496089229712071,0.000012969195941602911,0.00008342465812348069,0.0004948897225690871,0.0000271792727640784,0.0000051918615304034285,0.00009953619988495894,0.0012107507401666986,0.0030771211790997836,0,0,0,2,0.001397,0,0,0
641666810,1,0.07198981623643454,0.8798247617429965,0,0,0.008,-0.03410610692200666,0.7895321776530524,0.02868734470051848,0.005225674735134689,-0.048607837194670545,0.06877963390946906,-0.013545882491126926,-0.006753901603473785,0.0025185039137005398,-0.1948892770033227,0.07031226169064927,-0.11338865698961485,0.00006710481211623922,0.000011757592237637835,0.00010556249830203843,0.0004980618577866461,0.00003221106031602399,0.0000051962758388999415,0.00009953452597492403,0.0012074141544353297,0.006326312036944939,0,0,0,2,0.001397,0,0,0
641666814,1,0.07625864140028381,0.8957925597352149,0,0,0.004,-0.04951550815571759,0.7979929824057708,0.0034906719715515067,0.005225674735134689,-0.048607837194670545,0.06877963390946906,-0.01396738672472499,-0.00703427670145667,0.002063333349734485,-0.19489264018584676,0.07076645212003145,-0.11336414772915784,0.00006319961826838875,0.000011441086060569022,0.00011530360547467703,0.0004996517311835351,0.000029765495419058015,0.000005197978190675069,0.00009953363247920947,0.0012046848102927226,0.003198141386011791,0,0,0,2,0.0014670000000000002,0,0,0
641666818,1,0.08770086358684222,0.8852426853031902,0,0,0.004,-0.056024759642938404,0.7860619078586981,0.016403388997760615,0.005225674735134689,-0.048607837194670545,0.06877963390946906,-0.014412418806732044,-0.007575360406487822,0.001638571485768385,-0.1949001071416936,0.07119416408415181,-0.11333440206158699,0.00006096282094945038,0.00001107607244488337,0.0001236771095934459,0.0005012478968388239,0.000028532179230687858,0.000005199657630245822,0.00009953310804435234,0.0012022371103957395,0.0031529063870660476,0,0,0,3,0.001466,0,0,0
641666822,1,0.11087644829650525,0.8791775954606141,0,0,0.004,-0.05550389830961394,0.7811579346787751,0.033214811415438916,0.005225674735134689,-0.048607837194670545,0.06877963390946906,-0.014848550247098954,-0.00848911763438976,0.0012009995703609732,-0.1949077228452287,0.07160825455653788,-0.11329686076050022,0.00005999229126644034,0.000010669654567803449,0.00013088127980140376,0.0005028487567500799,0.00002789362213396188,0.000005201315108833762,0.0000995327559097862,0.001199932865269821,0.003135325502301888,0,0,0,3,0.0014670000000000002,0,0,0
641666826,1,0.1468655404715325,0.9061467958050501,0,0,0.004,-0.11875515036142287,0.7872978826415951,0.028422009915271218,0.005225674735134689,-0.048607837194670545,0.06877963390946906,-0.015286611703018845,-0.009863968713947922,0.0007508738045410757,-0.19494745094963584,0.07202190563377124,-0.11326267139211951,0.00005902812458952792,0.000010171589782291286,0.00013978845913930094,0.0005044545827990511,0.000027558511542779553,0.000005202953635785894,0.00009953259375193283,0.0011977104531743568,0.003186844338581793,0,0,0,3,0.0009080000000000001,0,0,0
641666830,1,0.19616958862063624,0.9314814717108013,0,0,0.004,-0.16988071868426324,0.7879986984930534,-0.01584483736509057,0.005225674735134689,-0.048607837194670545,0.06877963390946906,-0.015683953996739386,-0.011829176144813304,0.0002990979096772591,-0.19501253178795946,0.07243498586301046,-0.11325164944897834,0.00005656891137023063,0.000009802826449559501,0.00014933012703945798,0.0005060650339746263,0.0000273813775671645,0.000005204576453847034,0.00009953256046146638,0.0011955389470205602,0.003225033249511835,0,0,0,2,0.006705,0,0,0
641666834,1,0.2100932798771976,0.945621801667684,0,0,0.004,-0.19556094544901492,0.7893540977357685,-0.029985651368786392,0.005225674735134689,-0.048607837194670545,0.06877963390946906,-0.016073349444585515,-0.01375507942706138,-0.00014364246728928114,-0.1950904318068544,0.07284739445321353,-0.11324812512194803,0.000054267554772631914,0.00000954129062770109,0.0001582603251877606,0.0005076789539459751,0.000027287463181621992,0.000005206186553433424,0.00009953250020509336,0.0011934014504354723,0.00325508368994758,0,0,0,3,0.001466,0,0,0
641666838,1,0.2597553485319652,0.9978575626628605,0,0,0.004,-0.19973496391994083,0.8316643288836703,-0.09768369066255644,0.005225674735134689,-0.048607837194670545,0.06877963390946906,-0.016497567560915992,-0.016324233882724776,-0.0006307912585180753,-0.1951688489375936,0.07328131776276117,-0.11327760428255566,0.000050014637671494254,0.000009378792416147362,0.00016585998162957973,0.0005092954510064723,0.000027238481757953424,0.000005207786770376252,0.00009953229988320346,0.0011912901927147025,0.0034434905899010876,0,0,0,3,0.001886,0,0,0
641666842,1,0.3278572398707455,0.9552084836501111,0,0,0.004,-0.26658357165744906,0.7538855794395412,-0.07341952154412645,0.005225674735134689,-0.048607837194670545,0.06877963390946906,-0.01687069073747859,-0.01966225886501931,-0.0010975444295619767,-0.195282828234184,0.07367581197096279,-0.11329762253934349,0.000047982630035396124,0.00000953763719184412,0.00017515472008607216,0.0005109131200500842,0.000027211027698067853,0.000005209379456986524,0.00009953174859901635,0.0011891979909781649,0.0032119793117846907,0,0,0,3,0.001886,0,0,0
641666846,1,0.3942130077856795,1.0201556926936526,0,1,0.004,-0.3832110893372742,0.7611972128168312,-0.0543718194766214,0.005225674735134689,-0.048607837194670545,0.06877963390946906,-0.017204393517428983,-0.023636597875448875,-0.0015656151815453172,-0.19545509983755227,0.07407604327330708,-0.11330882650844397,0.000047399203091217236,0.000010076198727065385,0.0001871414625879823,0.0005125287732435134,0.000027196866850010306,0.000005210966611186324,0.00009953036966586495,0.001187127087238906,0.0034157944447390175,0,0,0,3,0.001886,0,0,0
641666850,1,0.4746953415018467,1.158555782536804,0,2,0.004,-0.4385674805486216,0.8793314040176157,-0.11746092711486611,0.005225674735134689,-0.048607837194670545,0.06877963390946906,-0.01747815901997879,-0.028458230165017424,-0.001960408652327089,-0.19565214764206373,0.07453780888585555,-0.11334864217034285,0.00004493670786025384,0.00001021887990042535,0.00019764485185569925,0.0005141389773945514,0.00002719240718989061,0.000005212549544083231,0.00009952769255783413,0.0011850825835434899,0.003958509259779577,0,0,0,3,0.001466,0,0,0
641666854,0,0.49559921038776766,1.2145007783794088,0,0,0.004,-0.4799973296656428,0.914316269034315,-0.13844142457520903,0.005225674735134689,-0.048607837194670545,0.06877963390946906,-0.01747815901997879,-0.028458230165017424,-0.001960408652327089,-0.19565214764206373,0.07453780888585555,-0.11334864217034285,0.00004493670786025384,0.00001021887990042535,0.00019764485185569925,0.0005157688745555854,0.000037347526189724286,0.000005214968377531825,0.00009952769295783414,0.00118508262354349,NaN,0,0,0,3,0.000978,0,0,0
641666858,0,0.561531675809531,1.2434559331144361,0,0,0.004,-0.5029926999071902,0.900470508694142,-0.24623514999001017,0.005225674735134689,-0.048607837194670545,0.06877963390946906,-0.01747815901997879,-0.028458230165017424,-0.001960408652327089,-0.19565214764206373,0.07453780888585555,-0.11334864217034285,0.00004493670786025384,0.00001021887990042535,0.00019764485185569925,0.0005174019566027877,0.000047553215429750126,0.000005218294910514816,0.00009952769335783414,0.00118508266354349,NaN,0,0,0,3,0.001397,0,0,0
641666862,0,0.6489256359679433,1.2950753666107593,0,0,0.004,-0.5594762242726745,0.935070196855208,-0.21890918050967834,0.005225674735134689,-0.048607837194670545,0.06877963390946906,-0.01747815901997879,-0.028458230165017424,-0.001960408652327089,-0.19565214764206373,0.07453780888585555,-0.11334864217034285,0.00004493670786025384,0.00001021887990042535,0.00019764485185569925,0.000519038223536171,0.00005781385208254597,0.00000522284980133331,0.00009952769375783415,0.00118508270354349,NaN,0,0,0,3,0.004679,0,0,0
641666866,0,0.7350817468101914,1.2930021660010695,0,0,0.004,-0.6391442020278298,0.9071401101228911,-0.07063774900241881,0.005225674735134689,-0.048607837194670545,0.06877963390946906,-0.01747815901997879,-0.028458230165017424,-0.001960408652327089,-0.19565214764206373,0.07453780888585555,-0.11334864217034285,0.00004493670786025384,0.00001021887990042535,0.00019764485185569925,0.0005206776753557482,0.00006812784111413066,0.000005228963412453418,0.00009952769415783416,0.00118508274354349,NaN,0,0,0,2,0.001466,0,0,0
641666870,0,0.8009767164557287,1.2865095288020925,0,0,0.004,-0.6287066992309851,0.9077616239201107,-0.0691159455448549,0.005225674735134689,-0.048607837194670545,0.06877963390946906,-0.01747815901997879,-0.028458230165017424,-0.001960408652327089,-0.19565214764206373,0.07453780888585555,-0.11334864217034285,0.00004493670786025384,0.00001021887990042535,0.00019764485185569925,0.000522320312061532,0.00007849477652516041,0.000005236969037675392,0.00009952769455783416,0.0011850827835434901,NaN,0,0,0,2,0.001885,0,0,0
641666874,0,0.8207614893283381,1.3111201634955343,0,0,0.004,-0.6658604773457609,0.9078759332468114,-0.07279788546611066,0.005225674735134689,-0.048607837194670545,0.06877963390946906,-0.01747815901997879,-0.028458230165017424,-0.001960408652327089,-0.19565214764206373,0.07453780888585555,-0.11334864217034285,0.00004493670786025384,0.00001021887990042535,0.00019764485185569925,0.0005239661336535353,0.00008891711490655301,0.000005247203073256967,0.00009952769495783417,0.0011850828235434902,NaN,0,0,0,2,0.001466,0,0,0
641666878,0,0.8708635669845055,1.344459826521491,0,0,0.004,-0.6832571646237097,0.9410052747158264,-0.0553048254402384,0.005225674735134689,-0.048607837194670545,0.06877963390946906,-0.01747815901997879,-0.028458230165017424,-0.001960408652327089,-0.19565214764206373,0.07453780888585555,-0.11334864217034285,0.00004493670786025384,0.00001021887990042535,0.00019764485185569925,0.0005256151401317709,0.00009939881579817744,0.000005260004389828419,0.00009952769535783418,0.0011850828635434902,NaN,0,0,0,2,0.001396,0,0,0
641666882,0,0.8744295000594673,1.2965045480414643,0,0,0.004,-0.6547480280988988,0.9169185753706717,0.08023120821754048,0.005225674735134689,-0.048607837194670545,0.06877963390946906,-0.01747815901997879,-0.028458230165017424,-0.001960408652327089,-0.19565214764206373,0.07453780888585555,-0.11334864217034285,0.00004493670786025384,0.00001021887990042535,0.00019764485185569925,0.0005272673314962514,0.0001099303707995648,0.000005275715071457912,0.00009952769575783418,0.0011850829035434903,NaN,0,0,0,2,0.001396,0,0,0
641666886,0,0.8350335770914976,1.2940105859983335,0,0,0.004,-0.6397853415395842,0.923448769158546,0.2119638304956446,0.005225674735134689,-0.048607837194670545,0.06877963390946906,-0.01747815901997879,-0.028458230165017424,-0.001960408652327089,-0.19565214764206373,0.07453780888585555,-0.11334864217034285,0.00004493670786025384,0.00001021887990042535,0.00019764485185569925,0.0005289227077469898,0.0001205158964186588,0.000005294679182462232,0.00009952769615783419,0.0011850829435434904,NaN,0,0,0,2,0.001397,0,0,0
641666890,0,0.7557299816275339,1.2886673439918792,0,0,0.004,-0.5558362304004042,0.9519240759314644,0.3870499633965938,0.005225674735134689,-0.048607837194670545,0.06877963390946906,-0.01747815901997879,-0.028458230165017424,-0.001960408652327089,-0.19565214764206373,0.07453780888585555,-0.11334864217034285,0.00004493670786025384,0.00001021887990042535,0.00019764485185569925,0.0005305812688839989,0.00013115251530436384,0.000005317243679472569,0.0000995276965578342,0.0011850829835434904,NaN,0,0,0,1,0.003772,0,0,0
641666894,0,0.7320108200452873,1.3142781163416746,0,0,0.004,-0.567963922267221,0.9622452500980978,0.4358975480242968,0.005225674735134689,-0.048607837194670545,0.06877963390946906,-0.01747815901997879,-0.028458230165017424,-0.001960408652327089,-0.19565214764206373,0.07453780888585555,-0.11334864217034285,0.00004493670786025384,0.00001021887990042535,0.00019764485185569925,0.0005322430149072913,0.00014184594061194576,0.0000053437583099611146,0.0000995276969578342,0.0011850830235434905,NaN,0,0,0,2,0.0014670000000000002,0,0,0
641666898,0,0.6272791585135459,1.380437486230543,0,0,0.004,-0.5621148134347341,0.9982946067739682,0.581997640612645,0.005225674735134689,-0.048607837194670545,0.06877963390946906,-0.01747815901997879,-0.028458230165017424,-0.001960408652327089,-0.19565214764206373,0.07453780888585555,-0.11334864217034285,0.00004493670786025384,0.00001021887990042535,0.00019764485185569925,0.00053390794581688,0.000152600108973164,0.000005374575298655406,0.00009952769735783421,0.0011850830635434905,NaN,0,0,0,2,0.001886,0,0,0
641666902,0,0.49406822576226916,1.499857407488892,0,0,0.004,-0.6417336788581479,1.0416392169683857,0.701517211941205,0.005225674735134689,-0.048607837194670545,0.06877963390946906,-0.01747815901997879,-0.028458230165017424,-0.001960408652327089,-0.19565214764206373,0.07453780888585555,-0.11334864217034285,0.00004493670786025384,0.00001021887990042535,0.00019764485185569925,0.0005355760616127779,0.00016342837812556154,0.000005410050263365177,0.00009952769775783422,0.0011850831035434906,NaN,0,0,0,2,0.001466,0,0,0
641666906,0,0.3639628716651885,1.610207308441043,0,0,0.004,-0.7341850494111927,1.0601122976165553,0.8115261709450365,0.005225674735134689,-0.048607837194670545,0.06877963390946906,-0.01747815901997879,-0.028458230165017424,-0.001960408652327089,-0.19565214764206373,0.07453780888585555,-0.11334864217034285,0.00004493670786025384,0.00001021887990042535,0.00019764485185569925,0.0005372473622949975,0.00017433117495415962,0.000005450542890751673,0.00009952769815783422,0.0011850831435434906,NaN,0,0,0,2,0.001397,0,0,0
641666910,0,0.24056201639216943,1.701881397718173,0,0,0.004,-0.7606847516921461,1.0930471089554257,0.9309055892291482,0.005225674735134689,-0.048607837194670545,0.06877963390946906,-0.01747815901997879,-0.028458230165017424,-0.001960408652327089,-0.19565214764206373,0.07453780888585555,-0.11334864217034285,0.00004493670786025384,0.00001021887990042535,0.00019764485185569925,0.0005389218478635518,0.0001853067720222793,0.000005496416094377338,0.00009952769855783423,0.0011850831835434907,NaN,0,0,0,1,0.0009080000000000001,0,0,0
641666914,0,0.20365554135776778,1.7354600928131698,0,0,0.004,-0.7787433443435609,1.1033535744454557,0.9655667709101845,0.005225674735134689,-0.048607837194670545,0.06877963390946906,-0.01747815901997879,-0.028458230165017424,-0.001960408652327089,-0.19565214764206373,0.07453780888585555,-0.11334864217034285,0.00004493670786025384,0.00001021887990042535,0.00019764485185569925,0.0005405995183184535,0.00019635059065666066,0.00000554803639392561,0.00009952769895783424,0.0011850832235434908,NaN,0,0,0,2,0.001397,0,0,0
641666918,0,0.13252186501949909,1.806913312422634,0,0,0.004,-0.8294121336238812,1.11406991489972,1.0378663741106013,0.005225674735134689,-0.048607837194670545,0.06877963390946906,-0.01747815901997879,-0.028458230165017424,-0.001960408652327089,-0.19565214764206373,0.07453780888585555,-0.11334864217034285,0.00004493670786025384,0.00001021887990042535,0.00019764485185569925,0.0005422803736597155,0.00020746953718425368,0.000005605772947336492,0.00009952769935783424,0.0011850832635434908,NaN,0,0,0,1,0.0028640000000000002,0,0,0
641666922,0,0.07933330511226618,1.8821165234713007,0,0,0.004,-0.9393929584389259,1.1075909718398587,1.0675260224774945,0.005225674735134689,-0.048607837194670545,0.06877963390946906,-0.01747815901997879,-0.028458230165017424,-0.001960408652327089,-0.19565214764206373,0.07453780888585555,-0.11334864217034285,0.00004493670786025384,0.00001021887990042535,0.00019764485185569925,0.0005439644138873506,0.00021867192678408823,0.000005669998945697422,0.00009952769975783425,0.0011850833035434909,NaN,0,0,0,1,0.001956,0,0,0
641666926,0,0.07435487600019383,1.8678274902718834,0,0,0.004,-0.9917043325120328,1.0905174075805129,0.9929379921538217,0.005225674735134689,-0.048607837194670545,0.06877963390946906,-0.01747815901997879,-0.028458230165017424,-0.001960408652327089,-0.19565214764206373,0.07453780888585555,-0.11334864217034285,0.00004493670786025384,0.00001021887990042535,0.00019764485185569925,0.0005456516390013715,0.00022994761833088046,0.000005741091815743161,0.00009952770015783426,0.001185083343543491,NaN,0,0,0,1,0.0014670000000000002,0,0,0
641666930,0,0.10731992976052383,1.826343278640322,0,0,0.004,-0.9624122235239981,1.1156471521533067,0.9065039229796614,0.005225674735134689,-0.048607837194670545,0.06877963390946906,-0.01747815901997879,-0.028458230165017424,-0.001960408652327089,-0.19565214764206373,0.07453780888585555,-0.11334864217034285,0.00004493670786025384,0.00001021887990042535,0.00019764485185569925,0.000547342049001791,0.00024129501428809118,0.000005819431339445569,0.00009952770055783426,0.001185083383543491,NaN,0,0,0,1,0.001397,0,0,0
641666934,0,0.11737362697734206,1.814396471869089,0,0,0.004,-0.9582212608368831,1.1179617823454608,0.8811423771972713,0.005225674735134689,-0.048607837194670545,0.06877963390946906,-0.01747815901997879,-0.028458230165017424,-0.001960408652327089,-0.19565214764206373,0.07453780888585555,-0.11334864217034285,0.00004493670786025384,0.00001021887990042535,0.00019764485185569925,0.000549035643888622,0.00025271192906167674,0.000005905401319538094,0.00009952770095783427,0.001185083423543491,NaN,0,0,0,1,0.0018160000000000001,0,0,0
641666938,0,0.16580110997985714,1.7437828933170836,0,0,0.004,-0.8977999194341614,1.102983684195827,0.826260999908115,0.005225674735134689,-0.048607837194670545,0.06877963390946906,-0.01747815901997879,-0.028458230165017424,-0.001960408652327089,-0.19565214764206373,0.07453780888585555,-0.11334864217034285,0.00004493670786025384,0.00001021887990042535,0.00019764485185569925,0.0005507324236618772,0.00026417822893272825,0.000005999388273671064,0.00009952770135783427,0.001185083463543491,NaN,0,0,0,2,0.0014670000000000002,0,0,0
641666942,0,0.24676399342831534,1.6719443837529537,0,0,0.004,-0.8789306276977441,1.104484516144067,0.6587793008583844,0.005225674735134689,-0.048607837194670545,0.06877963390946906,-0.01747815901997879,-0.028458230165017424,-0.001960408652327089,-0.19565214764206373,0.07453780888585555,-0.11334864217034285,0.00004493670786025384,0.00001021887990042535,0.00019764485185569925,0.0005524323883215695,0.0002757078111065538,0.00000610177873059946,0.00009952770175783428,0.0011850835035434912,NaN,0,0,0,1,0.001886,0,0,0
641666958,0,0.566712609422415,1.4976763290466188,0,0,0.016,-0.7849193452887285,1.0732579241740219,0.15393215963726092,0.005225674735134689,-0.048607837194670545,0.06877963390946906,-0.01747815901997879,-0.028458230165017424,-0.001960408652327089,-0.19565214764206373,0.07453780888585555,-0.11334864217034285,0.00004493670786025384,0.00001021887990042535,0.00019764485185569925,0.0005592640958248759,0.00032231794806699456,0.0000065994566134503845,0.00009952770335783428,0.0011850836635434912,NaN,0,0,0,1,0.003353,0,0,0
641666962,0,0.7954911431954457,1.505098726861757,0,0,0.004,-0.7649629343614207,1.0893575653041256,-0.03613031571978986,0.005225674735134689,-0.048607837194670545,0.06877963390946906,-0.01747815901997879,-0.028458230165017424,-0.001960408652327089,-0.19565214764206373,0.07453780888585555,-0.11334864217034285,0.00004493670786025384,0.00001021887990042535,0.00019764485185569925,0.0005609799849168686,0.00033413314501089367,0.000006747674464664631,0.00009952770375783429,0.0011850837035434912,NaN,0,0,0,2,0.001397,0,0,0
641666966,0,0.9823589924923487,1.5251972195512689,0,0,0.004,-0.7218533075372925,1.114418882399354,-0.2063891990643505,0.005225674735134689,-0.048607837194670545,0.06877963390946906,-0.01747815901997879,-0.028458230165017424,-0.001960408652327089,-0.19565214764206373,0.07453780888585555,-0.11334864217034285,0.00004493670786025384,0.00001021887990042535,0.00019764485185569925,0.0005626990588953753,0.0003460106667377733,0.000006906674542642305,0.0000995277041578343,0.0011850837435434913,NaN,0,0,0,2,0.001397,0,0,0
641666990,0,1.4566371434914038,1.6986876655205718,0,0,0.024,-0.8547969237657406,1.1332374615691545,-0.47777117678829484,0.005225674735134689,-0.048607837194670545,0.06877963390946906,-0.01747815901997879,-0.028458230165017424,-0.001960408652327089,-0.19565214764206373,0.07453780888585555,-0.11334864217034285,0.00004493670786025384,0.00001021887990042535,0.00019764485185569925,0.0005730803853835709,0.00041899973224047206,0.000008093907984772762,0.00009952770655783429,0.0011850839835434912,NaN,0,0,0,2,0.001397,0,0,0
641666994,0,1.5994649746499081,1.7555977924520112,0,0,0.004,-0.8886847367477025,1.141279359794016,-0.558922758491196,0.005225674735134689,-0.048607837194670545,0.06877963390946906,-0.01747815901997879,-0.028458230165017424,-0.001960408652327089,-0.19565214764206373,0.07453780888585555,-0.11334864217034285,0.00004493670786025384,0.00001021887990042535,0.00019764485185569925,0.0005748217535678408,0.00043142904828934376,0.000008334750795778669,0.0000995277069578343,0.0011850840235434913,NaN,0,0,0,1,0.001397,0,0,0
641666998,0,1.651326597254841,1.7197933820899618,0,0,0.004,-0.8537394734581741,1.1398025946264225,-0.5241521058862126,0.005225674735134689,-0.048607837194670545,0.06877963390946906,-0.01747815901997879,-0.028458230165017424,-0.001960408652327089,-0.19565214764206373,0.07453780888585555,-0.11334864217034285,0.00004493670786025384,0.00001021887990042535,0.00019764485185569925,0.000576566306638727,0.0004439119127279751,0.000008589753927063846,0.0000995277073578343,0.0011850840635434913,NaN,0,0,0,2,0.0014670000000000002,0,0,0
641667002,0,1.6581240974062368,1.715962554275133,0,0,0.004,-0.8607271009516212,1.1499605081314257,-0.483212302877984,0.005225674735134689,-0.048607837194670545,0.06877963390946906,-0.01747815901997879,-0.028458230165017424,-0.001960408652327089,-0.19565214764206373,0.07453780888585555,-0.11334864217034285,0.00004493670786025384,0.00001021887990042535,0.00019764485185569925,0.0005783140445962423,0.00045647413854971836,0.000008859351583743999,0.00009952770775783431,0.0011850841035434914,NaN,0,0,0,1,0.0014670000000000002,0,0,0
641667006,0,1.6213839875847291,1.8546877603425582,0,0,0.004,-0.9152664533400562,1.2518762413941478,-0.5743143534382202,0.005225674735134689,-0.048607837194670545,0.06877963390946906,-0.01747815901997879,-0.028458230165017424,-0.001960408652327089,-0.19565214764206373,0.07453780888585555,-0.11334864217034285,0.00004493670786025384,0.00001021887990042535,0.00019764485185569925,0.0005800649674403994,0.0004692035361003339,0.000009143987895176577,0.00009952770815783432,0.0011850841435434914,NaN,0,0,0,1,0.0032830000000000003,0,0,0
641667010,0,1.5876114841404072,1.8818906438539065,0,0,0.004,-0.8672218874738252,1.2583816738846834,-0.6962192000858032,0.005225674735134689,-0.048607837194670545,0.06877963390946906,-0.01747815901997879,-0.028458230165017424,-0.001960408652327089,-0.19565214764206373,0.07453780888585555,-0.11334864217034285,0.00004493670786025384,0.00001021887990042535,0.00019764485185569925,0.0005818190751712112,0.00048199054615102925,0.000009444137473163075,0.00009952770855783432,0.0011850841835434915,NaN,0,0,0,1,0.001886,0,0,0
641667014,0,1.5775255508100168,1.919716518894517,0,0,0.004,-0.9234381906842836,1.2401499412268449,-0.7370501841999548,0.005225674735134689,-0.048607837194670545,0.06877963390946906,-0.01747815901997879,-0.028458230165017424,-0.001960408652327089,-0.19565214764206373,0.07453780888585555,-0.11334864217034285,0.00004493670786025384,0.00001021887990042535,0.00019764485185569925,0.0005835763677886904,0.0004948677813874544,0.00000976024845211,0.00009952770895783433,0.0011850842235434915,NaN,0,0,0,2,0.0014670000000000002,0,0,0
641667018,0,1.483994456058955,1.754388669952983,0,0,0.004,-0.834509563176764,1.194133383010611,-0.5436825194378567,0.005225674735134689,-0.048607837194670545,0.06877963390946906,-0.01747815901997879,-0.028458230165017424,-0.001960408652327089,-0.19565214764206373,0.07453780888585555,-0.11334864217034285,0.00004493670786025384,0.00001021887990042535,0.00019764485185569925,0.0005853368452928498,0.0005077389442108379,0.000010092780730021832,0.00009952770935783434,0.0011850842635434916,NaN,0,0,0,2,0.001466,0,0,0
641667022,0,1.3965237573333191,1.8929300246085388,0,0,0.004,-0.8698502179454531,1.3086246464446025,-0.6339371981661781,0.005225674735134689,-0.048607837194670545,0.06877963390946906,-0.01747815901997879,-0.028458230165017424,-0.001960408652327089,-0.19565214764206373,0.07453780888585555,-0.11334864217034285,0.00004493670786025384,0.00001021887990042535,0.00019764485185569925,0.0005871005076837023,0.0005207908572501,0.000010442168745085899,0.00009952770975783434,0.0011850843035434917,NaN,0,0,0,1,0.0014670000000000002,0,0,0
641667026,0,1.3315900930973135,2.0573912647425785,0,0,0.004,-0.9243982401334191,1.395360086323748,-0.8009983945352861,0.005225674735134689,-0.048607837194670545,0.06877963390946906,-0.01747815901997879,-0.028458230165017424,-0.001960408652327089,-0.19565214764206373,0.07453780888585555,-0.11334864217034285,0.00004493670786025384,0.00001021887990042535,0.00019764485185569925,0.0005888673549612606,0.0005340214823432375,0.000010808909111265657,0.00009952771015783435,0.0011850843435434917,NaN,0,0,0,2,0.001956,0,0,0
641667030,0,1.2319315633987833,2.066346309192494,0,0,0.004,-0.8208707784167703,1.493562087273107,-0.7792857747027657,0.005225674735134689,-0.048607837194670545,0.06877963390946906,-0.01747815901997879,-0.028458230165017424,-0.001960408652327089,-0.19565214764206373,0.07453780888585555,-0.11334864217034285,0.00004493670786025384,0.00001021887990042535,0.00019764485185569925,0.0005906373871255375,0.0005473597484665218,0.00001119350473197128,0.00009952771055783436,0.0011850843835434918,NaN,0,0,0,2,0.001886,0,0,0
641667034,0,1.2020507881505076,2.0891777266524634,0,0,0.004,-0.844193469086218,1.5105052732733804,-0.7760880099318683,0.005225674735134689,-0.048607837194670545,0.06877963390946906,-0.01747815901997879,-0.028458230165017424,-0.001960408652327089,-0.19565214764206373,0.07453780888585555,-0.11334864217034285,0.00004493670786025384,0.00001021887990042535,0.00019764485185569925,0.0005924106041765461,0.0005608125207577841,0.000011596443354521456,0.00009952771095783436,0.0011850844235434918,NaN,0,0,0,1,0.001885,0,0,0
641667038,0,1.1187139496499856,2.143003285247281,0,0,0.004,-0.8287396594490971,1.569453258922506,-0.8134333590690748,0.005225674735134689,-0.048607837194670545,0.06877963390946906,-0.01747815901997879,-0.028458230165017424,-0.001960408652327089,-0.19565214764206373,0.07453780888585555,-0.11334864217034285,0.00004493670786025384,0.00001021887990042535,0.00019764485185569925,0.0005941870061142988,0.0005743966873305407,0.000012018217633960877,0.00009952771135783437,0.0011850844635434919,NaN,0,0,0,2,0.0029330000000000003,0,0,0
641667042,0,1.0678538574191159,2.3703440054095792,0,0,0.004,-0.9070939010816329,1.7359072647161968,-0.954910229543728,0.005225674735134689,-0.048607837194670545,0.06877963390946906,-0.01747815901997879,-0.028458230165017424,-0.001960408652327089,-0.19565214764206373,0.07453780888585555,-0.11334864217034285,0.00004493670786025384,0.00001021887990042535,0.00019764485185569925,0.0005959665929388085,0.0005882748064774341,0.000012459331997197678,0.00009952771175783438,0.001185084503543492,NaN,0,0,0,1,0.001886,0,0,0
641667046,0,1.069006036825261,2.2849932463454863,0,0,0.004,-0.7801557247419523,1.6632102372129862,-1.0072906898909046,0.005225674735134689,-0.048607837194670545,0.06877963390946906,-0.01747815901997879,-0.028458230165017424,-0.001960408652327089,-0.19565214764206373,0.07453780888585555,-0.11334864217034285,0.00004493670786025384,0.00001021887990042535,0.00019764485185569925,0.0005977493646500881,0.0006021059393829708,0.000012920354928968104,0.00009952771215783438,0.001185084543543492,NaN,0,0,0,2,0.0014670000000000002,0,0,0
641667050,0,1.0502246826440544,2.157990531795681,0,0,0.004,-0.7740471583691658,1.6044300217508185,-0.8420187891357074,0.005225674735134689,-0.048607837194670545,0.06877963390946906,-0.01747815901997879,-0.028458230165017424,-0.001960408652327089,-0.19565214764206373,0.07453780888585555,-0.11334864217034285,0.00004493670786025384,0.00001021887990042535,0.00019764485185569925,0.0005995353212481504,0.0006159714263772134,0.000013401741144472682,0.00009952771255783439,0.001185084583543492,NaN,0,0,0,1,0.000978,0,0,0
641667054,0,1.0446235472758165,2.1381225063054496,0,0,0.004,-0.8207241501272017,1.5778039023212804,-0.7958866689701427,0.005225674735134689,-0.048607837194670545,0.06877963390946906,-0.01747815901997879,-0.028458230165017424,-0.001960408652327089,-0.19565214764206373,0.07453780888585555,-0.11334864217034285,0.00004493670786025384,0.00001021887990042535,0.00019764485185569925,0.000601324462733008,0.000629932895858706,0.000013903974550134082,0.0000995277129578344,0.001185084623543492,NaN,0,0,0,2,0.001397,0,0,0
641667058,0,1.1024071758591565,2.2329095230657465,0,0,0.004,-0.7577444028479704,1.8137805596544656,-0.6242989820386775,0.005225674735134689,-0.048607837194670545,0.06877963390946906,-0.01747815901997879,-0.028458230165017424,-0.001960408652327089,-0.19565214764206373,0.07453780888585555,-0.11334864217034285,0.00004493670786025384,0.00001021887990042535,0.00019764485185569925,0.000603116789104674,0.0006441918522475616,0.000014427564776395685,0.0000995277133578344,0.0011850846635434922,NaN,0,0,0,2,0.001396,0,0,0
641667062,0,1.14243819168043,2.213117539852864,0,0,0.004,-0.6767211565377272,1.888381811360574,-0.45809913459193297,0.005225674735134689,-0.048607837194670545,0.06877963390946906,-0.01747815901997879,-0.028458230165017424,-0.001960408652327089,-0.19565214764206373,0.07453780888585555,-0.11334864217034285,0.00004493670786025384,0.00001021887990042535,0.00019764485185569925,0.000604912300363161,0.0006585813142315214,0.000014973104622693544,0.00009952771375783441,0.0011850847035434922,NaN,0,0,0,2,0.001397,0,0,0
641667066,0,1.1942708463821576,2.2402669283852235,0,0,0.004,-0.6445845324378681,1.954485619794253,-0.3810115827070639,0.005225674735134689,-0.048607837194670545,0.06877963390946906,-0.01747815901997879,-0.028458230165017424,-0.001960408652327089,-0.19565214764206373,0.07453780888585555,-0.11334864217034285,0.00004493670786025384,0.00001021887990042535,0.00019764485185569925,0.0006067109965084818,0.0006731312346082904,0.00001554113161179931,0.00009952771415783442,0.0011850847435434923,NaN,0,0,0,2,0.0029330000000000003,0,0,0
641667070,0,1.2641150068489155,2.2621607721229253,0,0,0.004,-0.6386197459816477,2.030246414901171,-0.1292309132701952,0.005225674735134689,-0.048607837194670545,0.06877963390946906,-0.01747815901997879,-0.028458230165017424,-0.001960408652327089,-0.19565214764206373,0.07453780888585555,-0.11334864217034285,0.00004493670786025384,0.00001021887990042535,0.00019764485185569925,0.0006085128775406494,0.0006878793887044075,0.000016132200088080084,0.00009952771455783442,0.0011850847835434923,NaN,0,0,0,2,0.001397,0,0,0
641667074,0,1.2851661817313713,2.2941336177446447,0,0,0.004,-0.7023991869428069,2.047625450742224,-0.058818513617767465,0.005225674735134689,-0.048607837194670545,0.06877963390946906,-0.01747815901997879,-0.028458230165017424,-0.001960408652327089,-0.19565214764206373,0.07453780888585555,-0.11334864217034285,0.00004493670786025384,0.00001021887990042535,0.00019764485185569925,0.0006103179434596764,0.0007028135074009077,0.000016746885969844325,0.00009952771495783443,0.0011850848235434924,NaN,0,0,0,2,0.001397,0,0,0
641667078,0,1.3183163883495392,2.316656037305946,0,0,0.004,-0.5899842898637252,2.1192483350949516,0.3110547225554079,0.005225674735134689,-0.048607837194670545,0.06877963390946906,-0.01747815901997879,-0.028458230165017424,-0.001960408652327089,-0.19565214764206373,0.07453780888585555,-0.11334864217034285,0.00004493670786025384,0.00001021887990042535,0.00019764485185569925,0.0006121261942655756,0.0007178755079838181,0.000017385768788773626,0.00009952771535783444,0.0011850848635434924,NaN,0,0,0,2,0.001327,0,0,0
641667082,0,1.329464192409952,2.4116598238287144,0,0,0.004,-0.44879672937182846,2.2436297150906537,0.4889954694982457,0.005225674735134689,-0.048607837194670545,0.06877963390946906,-0.01747815901997879,-0.028458230165017424,-0.001960408652327089,-0.19565214764206373,0.07453780888585555,-0.11334864217034285,0.00004493670786025384,0.00001021887990042535,0.00019764485185569925,0.0006139376299583598,0.0007331173852394951,0.000018049409460992167,0.00009952771575783444,0.0011850849035434925,NaN,0,0,0,2,0.001886,0,0,0
641667086,0,1.3426067317240264,2.619778783410065,0,0,0.004,-0.47911251177309155,2.433877586834501,0.611067166923899,0.005225674735134689,-0.048607837194670545,0.06877963390946906,-0.01747815901997879,-0.028458230165017424,-0.001960408652327089,-0.19565214764206373,0.07453780888585555,-0.11334864217034285,0.00004493670786025384,0.00001021887990042535,0.00019764485185569925,0.0006157522505380419,0.0007487695379716846,0.0000187383934456031,0.00009952771615783445,0.0011850849435434926,NaN,0,0,0,2,0.0014670000000000002,0,0,0
641667090,0,1.3673866429257941,2.877524737043921,0,0,0.004,-0.5502579926327869,2.654698171942406,0.7676844279104813,0.005225674735134689,-0.048607837194670545,0.06877963390946906,-0.01747815901997879,-0.028458230165017424,-0.001960408652327089,-0.19565214764206373,0.07453780888585555,-0.11334864217034285,0.00004493670786025384,0.00001021887990042535,0.00019764485185569925,0.0006175700560046346,0.0007649355298937398,0.00001945341095189007,0.00009952771655783446,0.0011850849835434926,NaN,0,0,0,2,0.001466,0,0,0
641667094,0,1.37487305185881,2.9661150561293743,0,0,0.004,-0.6470592708336861,2.7122982898370678,0.8109817573577054,0.005225674735134689,-0.048607837194670545,0.06877963390946906,-0.01747815901997879,-0.028458230165017424,-0.001960408652327089,-0.19565214764206373,0.07453780888585555,-0.11334864217034285,0.00004493670786025384,0.00001021887990042535,0.00019764485185569925,0.0006193910463581509,0.0007814344272013185,0.00002019521023964591,0.00009952771695783446,0.0011850850235434927,NaN,0,0,0,2,0.00426,0,0,0
641667098,0,1.4205501464224053,3.2053609121568454,0,0,0.004,-0.6799617262076664,2.903576309575077,1.025047221013164,0.005225674735134689,-0.048607837194670545,0.06877963390946906,-0.01747815901997879,-0.028458230165017424,-0.001960408652327089,-0.19565214764206373,0.07453780888585555,-0.11334864217034285,0.00004493670786025384,0.00001021887990042535,0.00019764485185569925,0.0006212152215986033,0.0007984291040298618,0.00002096448269089354,0.00009952771735783447,0.0011850850635434927,NaN,0,0,0,2,0.001397,0,0,0
641667102,0,1.4528438754530788,3.3474718724363695,0,0,0.004,-0.6469695706642272,3.0234261325826175,1.165766205677361,0.005225674735134689,-0.048607837194670545,0.06877963390946906,-0.01747815901997879,-0.028458230165017424,-0.001960408652327089,-0.19565214764206373,0.07453780888585555,-0.11334864217034285,0.00004493670786025384,0.00001021887990042535,0.00019764485185569925,0.0006230425817260048,0.0008157894770134454,0.000021761996947075746,0.00009952771775783447,0.0011850851035434928,NaN,0,0,0,2,0.001397,0,0,0
641667106,0,1.4815878727503395,3.6193783672223163,0,0,0.004,-0.8462466660064986,3.276277998210549,1.1196057200818572,0.005225674735134689,-0.048607837194670545,0.06877963390946906,-0.01747815901997879,-0.028458230165017424,-0.001960408652327089,-0.19565214764206373,0.07453780888585555,-0.11334864217034285,0.00004493670786025384,0.00001021887990042535,0.00019764485185569925,0.0006248731267403682,0.0008339422793050648,0.000022588479407699758,0.00009952771815783448,0.0011850851435434928,NaN,0,0,0,2,0.000977,0,0,0
641667110,0,1.602579128143549,3.8175769802545134,0,0,0.004,-1.04104719596025,3.456462174519304,1.0125955501253117,0.005225674735134689,-0.048607837194670545,0.06877963390946906,-0.01747815901997879,-0.028458230165017424,-0.001960408652327089,-0.19565214764206373,0.07453780888585555,-0.11334864217034285,0.00004493670786025384,0.00001021887990042535,0.00019764485185569925,0.0006267068566417062,0.0008528224759903784,0.000023444861581367274,0.00009952771855783449,0.001185085183543493,NaN,0,0,0,2,0.001396,0,0,0
641667114,0,1.6388807917027284,3.89399169974301,0,0,0.004,-1.1902968740001816,3.4952624210378618,0.9744769911312012,0.005225674735134689,-0.048607837194670545,0.06877963390946906,-0.01747815901997879,-0.028458230165017424,-0.001960408652327089,-0.19565214764206373,0.07453780888585555,-0.11334864217034285,0.00004493670786025384,0.00001021887990042535,0.00019764485185569925,0.0006285437714300318,0.0008721879788820054,0.000024332073009389008,0.0000995277189578345,0.001185085223543493,NaN,0,0,0,2,0.0009080000000000001,0,0,0
641667118,0,1.7680995428752484,3.7995713748895636,0,0,0.004,-1.2174946466549872,3.3151100986533066,1.2166915222773582,0.005225674735134689,-0.048607837194670545,0.06877963390946906,-0.01747815901997879,-0.028458230165017424,-0.001960408652327089,-0.19565214764206373,0.07453780888585555,-0.11334864217034285,0.00004493670786025384,0.00001021887990042535,0.00019764485185569925,0.0006303838711053575,0.0008915478427540644,0.00002525096263433396,0.0000995277193578345,0.001185085263543493,NaN,0,0,0,2,0.001886,0,0,0
641667122,0,1.8871059732465691,3.7037604697576056,0,0,0.004,-1.2449965220141177,3.22160864855133,1.1343806292480298,0.005225674735134689,-0.048607837194670545,0.06877963390946906,-0.01747815901997879,-0.028458230165017424,-0.001960408652327089,-0.19565214764206373,0.07453780888585555,-0.11334864217034285,0.00004493670786025384,0.00001021887990042535,0.00019764485185569925,0.0006322271556676963,0.0009110335778669126,0.00002620218486811115,0.00009952771975783451,0.001185085303543493,NaN,0,0,0,3,0.003213,0,0,0
641667126,0,2.1038732171043573,3.6418821276866775,0,0,0.004,-1.3618130547858236,3.129159200428626,1.0303860495383983,0.005225674735134689,-0.048607837194670545,0.06877963390946906,-0.01747815901997879,-0.028458230165017424,-0.001960408652327089,-0.19565214764206373,0.07453780888585555,-0.11334864217034285,0.00004493670786025384,0.00001021887990042535,0.00019764485185569925,0.0006340736251170608,0.0009307153402321557,0.000027186456433179362,0.00009952772015783451,0.0011850853435434931,NaN,0,0,0,1,0.001397,0,0,0
641667130,0,2.330672176191581,3.7006874884531396,0,0,0.004,-1.5111416991241429,2.968115889425751,1.4702519702028791,0.005225674735134689,-0.048607837194670545,0.06877963390946906,-0.01747815901997879,-0.028458230165017424,-0.001960408652327089,-0.19565214764206373,0.07453780888585555,-0.11334864217034285,0.00004493670786025384,0.00001021887990042535,0.00019764485185569925,0.0006359232794534641,0.0009504832447083192,0.000028204540843244155,0.00009952772055783452,0.0011850853835434932,NaN,0,0,0,1,0.001397,0,0,0
641667134,0,2.3987365052958673,3.768610254105157,0,0,0.004,-1.696391867245186,2.8917360934214997,1.5878373926992388,0.005225674735134689,-0.048607837194670545,0.06877963390946906,-0.01747815901997879,-0.028458230165017424,-0.001960408652327089,-0.19565214764206373,0.07453780888585555,-0.11334864217034285,0.00004493670786025384,0.00001021887990042535,0.00019764485185569925,0.0006377761186769188,0.0009705299166044722,0.00002925717028703532,0.00009952772095783453,0.0011850854235434932,NaN,0,0,0,1,0.0019549999999999997,0,0,0
641667138,0,2.634597990284521,4.066199252717496,0,0,0.004,-1.8325926679190019,3.069335012730609,1.827597112322037,0.005225674735134689,-0.048607837194670545,0.06877963390946906,-0.01747815901997879,-0.028458230165017424,-0.001960408652327089,-0.19565214764206373,0.07453780888585555,-0.11334864217034285,0.00004493670786025384,0.00001021887990042535,0.00019764485185569925,0.0006396321427874378,0.0009913536235925066,0.000030345168286571512,0.00009952772135783453,0.0011850854635434933,NaN,0,0,0,2,0.0019549999999999997,0,0,0
641667142,0,2.822938763035568,4.238776627688331,0,0,0.004,-1.6930568978543037,3.3699216469844027,1.8304544647787697,0.005225674735134689,-0.048607837194670545,0.06877963390946906,-0.01747815901997879,-0.028458230165017424,-0.001960408652327089,-0.19565214764206373,0.07453780888585555,-0.11334864217034285,0.00004493670786025384,0.00001021887990042535,0.00019764485185569925,0.0006414913517850338,0.0010129775589502086,0.00003146958091096646,0.00009952772175783454,0.0011850855035434934,NaN,0,0,0,2,0.0014670000000000002,0,0,0
641667146,0,3.024084659097036,4.614130085889157,0,0,0.004,-1.6469130677941446,3.8024594531239666,1.9323263436579694,0.005225674735134689,-0.048607837194670545,0.06877963390946906,-0.01747815901997879,-0.028458230165017424,-0.001960408652327089,-0.19565214764206373,0.07453780888585555,-0.11334864217034285,0.00004493670786025384,0.00001021887990042535,0.00019764485185569925,0.0006433537456697197,0.00103585570718552,0.000032631467376824,0.00009952772215783455,0.0011850855435434934,NaN,0,0,0,1,0.001886,0,0,0
641667150,0,3.2046677169493227,5.114262712909685,0,0,0.004,-1.5645880084559365,4.227938433266712,2.3587380278533754,0.005225674735134689,-0.048607837194670545,0.06877963390946906,-0.01747815901997879,-0.028458230165017424,-0.001960408652327089,-0.19565214764206373,0.07453780888585555,-0.11334864217034285,0.00004493670786025384,0.00001021887990042535,0.00019764485185569925,0.0006452193244415082,0.0010600357563924619,0.00003383211992493705,0.00009952772255783455,0.0011850855835434935,NaN,0,0,0,1,0.003771,0,0,0
641667154,0,3.2588725055161967,5.2973270422535395,0,0,0.004,-1.748585946568201,4.315052410884098,2.4708965928754925,0.005225674735134689,-0.048607837194670545,0.06877963390946906,-0.01747815901997879,-0.028458230165017424,-0.001960408652327089,-0.19565214764206373,0.07453780888585555,-0.11334864217034285,0.00004493670786025384,0.00001021887990042535,0.00019764485185569925,0.0006470880881004121,0.0010850895391281165,0.000035072886572694604,0.00009952772295783456,0.0011850856235434935,NaN,0,0,0,1,0.0019549999999999997,0,0,0
641667158,0,3.347543286355805,5.628342647888218,0,0,0.004,-1.4745834275375533,4.574153349076666,2.9198517502786903,0.005225674735134689,-0.048607837194670545,0.06877963390946906,-0.01747815901997879,-0.028458230165017424,-0.001960408652327089,-0.19565214764206373,0.07453780888585555,-0.11334864217034285,0.00004493670786025384,0.00001021887990042535,0.00019764485185569925,0.0006489600366464443,0.0011109462680478073,0.000036354985422234275,0.00009952772335783457,0.0011850856635434936,NaN,0,0,0,1,0.0019549999999999997,0,0,0
641667162,0,3.3826731335077973,5.828572004325462,0,0,0.004,-1.2023156461295037,4.78476398171369,3.1173263280490886,0.005225674735134689,-0.048607837194670545,0.06877963390946906,-0.01747815901997879,-0.028458230165017424,-0.001960408652327089,-0.19565214764206373,0.07453780888585555,-0.11334864217034285,0.00004493670786025384,0.00001021887990042535,0.00019764485185569925,0.0006508351700796176,0.0011375289889235184,0.00003767958950426863,0.00009952772375783457,0.0011850857035434936,NaN,0,0,0,1,0.001886,0,0,0
641667166,0,3.3825534051503143,5.953200800146097,0,0,0.004,-1.025615667798268,4.942645229077949,3.1801347064711454,0.005225674735134689,-0.048607837194670545,0.06877963390946906,-0.01747815901997879,-0.028458230165017424,-0.001960408652327089,-0.19565214764206373,0.07453780888585555,-0.11334864217034285,0.00004493670786025384,0.00001021887990042535,0.00019764485185569925,0.0006527134883999448,0.0011648558155462146,0.00003904786122073436,0.00009952772415783458,0.0011850857435434937,NaN,0,0,0,2,0.001885,0,0,0
641667170,0,3.3659621688733385,6.004890184975551,0,0,0.004,-0.7952139347741726,5.020513782545568,3.2325311768215403,0.005225674735134689,-0.048607837194670545,0.06877963390946906,-0.01747815901997879,-0.028458230165017424,-0.001960408652327089,-0.19565214764206373,0.07453780888585555,-0.11334864217034285,0.00004493670786025384,0.00001021887990042535,0.00019764485185569925,0.0006545949916074386,0.0011926791210333757,0.000040461002360074244,0.00009952772455783459,0.0011850857835434938,NaN,0,0,0,2,0.001466,0,0,0
641667174,0,3.361131972517515,6.014975351547872,0,0,0.004,-0.9534561029062768,4.989685194309646,3.2532742134985906,0.005225674735134689,-0.048607837194670545,0.06877963390946906,-0.01747815901997879,-0.028458230165017424,-0.001960408652327089,-0.19565214764206373,0.07453780888585555,-0.11334864217034285,0.00004493670786025384,0.00001021887990042535,0.00019764485185569925,0.0006564796797021118,0.0012211793169404675,0.00004192012589450779,0.00009952772495783459,0.0011850858235434938,NaN,0,0,0,1,0.001466,0,0,0
641667178,0,3.3373150582446374,6.0152873242237686,0,0,0.004,-0.6694615376582224,4.9527869536046,3.4007555264340734,0.005225674735134689,-0.048607837194670545,0.06877963390946906,-0.01747815901997879,-0.028458230165017424,-0.001960408652327089,-0.19565214764206373,0.07453780888585555,-0.11334864217034285,0.00004493670786025384,0.00001021887990042535,0.00019764485185569925,0.0006583675526839773,0.001249759081050907,0.00004342649327508176,0.0000995277253578346,0.0011850858635434939,NaN,0,0,0,2,0.001466,0,0,0
641667182,0,3.3095735498628485,6.0386734379430225,0,0,0.004,-0.41804486046343003,4.976699019877318,3.4613418928283917,0.005225674735134689,-0.048607837194670545,0.06877963390946906,-0.01747815901997879,-0.028458230165017424,-0.001960408652327089,-0.19565214764206373,0.07453780888585555,-0.11334864217034285,0.00004493670786025384,0.00001021887990042535,0.00019764485185569925,0.0006602586105530479,0.0012786340737279348,0.000044981066587997176,0.0000995277257578346,0.001185085903543494,NaN,0,0,0,2,0.0029330000000000003,0,0,0
641667186,0,3.317356772192612,6.156712970936492,0,0,0.004,-0.3551169098860958,5.099248873418975,3.5011993248933546,0.005225674735134689,-0.048607837194670545,0.06877963390946906,-0.01747815901997879,-0.028458230165017424,-0.001960408652327089,-0.19565214764206373,0.07453780888585555,-0.11334864217034285,0.00004493670786025384,0.00001021887990042535,0.00019764485185569925,0.0006621528533093363,0.0013083821341440646,0.000046584913357618426,0.00009952772615783461,0.001185085943543494,NaN,0,0,0,2,0.001956,0,0,0
641667190,0,3.3799722977672384,6.3520092677806135,0,0,0.004,-0.12697653915626872,5.287747447271543,3.594861339132299,0.005225674735134689,-0.048607837194670545,0.06877963390946906,-0.01747815901997879,-0.028458230165017424,-0.001960408652327089,-0.19565214764206373,0.07453780888585555,-0.11334864217034285,0.00004493670786025384,0.00001021887990042535,0.00019764485185569925,0.0006640502809528554,0.001339063410121081,0.000048239402510842795,0.00009952772655783462,0.001185085983543494,NaN,0,0,0,2,0.001397,0,0,0
641667194,0,3.398824245612088,6.378829521741495,0,0,0.004,-0.2918984803085938,5.276822629695543,3.6464351287361474,0.005225674735134689,-0.048607837194670545,0.06877963390946906,-0.01747815901997879,-0.028458230165017424,-0.001960408652327089,-0.19565214764206373,0.07453780888585555,-0.11334864217034285,0.00004493670786025384,0.00001021887990042535,0.00019764485185569925,0.0006659508934836179,0.0013705454969277508,0.00004994593125846284,0.00009952772695783463,0.001185086023543494,NaN,0,0,0,2,0.001397,0,0,0
641667198,0,3.5218279236944645,6.4296223463440665,0,0,0.004,0.05450308564026696,5.3555473354088905,3.6433974927769928,0.005225674735134689,-0.048607837194670545,0.06877963390946906,-0.01747815901997879,-0.028458230165017424,-0.001960408652327089,-0.19565214764206373,0.07453780888585555,-0.11334864217034285,0.00004493670786025384,0.00001021887990042535,0.00019764485185569925,0.0006678546909016366,0.0014024717293844218,0.000051705944251285635,0.00009952772735783463,0.0011850860635434942,NaN,0,0,0,2,0.0014670000000000002,0,0,0
641667202,0,3.6620569184642817,6.4196967006290535,0,0,0.004,0.2153104320097191,5.38213479055542,3.5825367628371634,0.005225674735134689,-0.048607837194670545,0.06877963390946906,-0.01747815901997879,-0.028458230165017424,-0.001960408652327089,-0.19565214764206373,0.07453780888585555,-0.11334864217034285,0.00004493670786025384,0.00001021887990042535,0.00019764485185569925,0.0006697616732069244,0.0014349216402647473,0.00005352064114557607,0.00009952772775783464,0.0011850861035434942,NaN,0,0,0,2,0.0014670000000000002,0,0,0
641667206,0,3.880563688024219,6.192134392495332,0,0,0.004,0.5339599205962501,5.149797720065487,3.5001848034365484,0.005225674735134689,-0.048607837194670545,0.06877963390946906,-0.01747815901997879,-0.028458230165017424,-0.001960408652327089,-0.19565214764206373,0.07453780888585555,-0.11334864217034285,0.00004493670786025384,0.00001021887990042535,0.00019764485185569925,0.000671671840399494,0.0014707321553888287,0.00005539131152997654,0.00009952772815783464,0.0011850861435434943,NaN,0,0,0,2,0.001886,0,0,0
641667210,0,4.104614817227743,6.496030268007187,0,0,0.004,1.1105111590461023,5.409056428967489,3.540856951161752,0.005225674735134689,-0.048607837194670545,0.06877963390946906,-0.01747815901997879,-0.028458230165017424,-0.001960408652327089,-0.19565214764206373,0.07453780888585555,-0.11334864217034285,0.00004493670786025384,0.00001021887990042535,0.00019764485185569925,0.0006735851924793583,0.001510059115432677,0.00005731866675259504,0.00009952772855783465,0.0011850861835434943,NaN,0,0,0,2,0.003702,0,0,0
641667214,0,4.171960443854381,6.513358624836421,0,0,0.004,0.999539476182313,5.40545124186622,3.6102137946244746,0.005225674735134689,-0.048607837194670545,0.06877963390946906,-0.01747815901997879,-0.028458230165017424,-0.001960408652327089,-0.19565214764206373,0.07453780888585555,-0.11334864217034285,0.00004493670786025384,0.00001021887990042535,0.00019764485185569925,0.00067550172944653,0.0015504184392760969,0.000059304048084151935,0.00009952772895783466,0.0011850862235434944,NaN,0,0,0,2,0.0014670000000000002,0,0,0
641667218,0,4.479385796676489,7.196477280605256,0,0,0.004,0.91599666536039,5.681670096702743,4.445870176655598,0.005225674735134689,-0.048607837194670545,0.06877963390946906,-0.01747815901997879,-0.028458230165017424,-0.001960408652327089,-0.19565214764206373,0.07453780888585555,-0.11334864217034285,0.00004493670786025384,0.00001021887990042535,0.00019764485185569925,0.0006774214513010219,0.0015942594526857229,0.00006134896918954116,0.00009952772935783466,0.0011850862635434944,NaN,0,0,0,2,0.001885,0,0,0
641667222,0,4.701079550380975,7.5821151051657445,0,0,0.004,1.1003043924127205,5.75814410958195,4.94400328975334,0.005225674735134689,-0.048607837194670545,0.06877963390946906,-0.01747815901997879,-0.028458230165017424,-0.001960408652327089,-0.19565214764206373,0.07453780888585555,-0.11334864217034285,0.00004493670786025384,0.00001021887990042535,0.00019764485185569925,0.000679344358042847,0.001640471112532757,0.00006345550898444947,0.00009952772975783467,0.0011850863035434945,NaN,0,0,0,2,0.001885,0,0,0
641667226,0,4.980020010497862,7.695264064393164,0,0,0.004,1.5058713368267007,5.807558714597145,4.961921743161605,0.005225674735134689,-0.048607837194670545,0.06877963390946906,-0.01747815901997879,-0.028458230165017424,-0.001960408652327089,-0.19565214764206373,0.07453780888585555,-0.11334864217034285,0.00004493670786025384,0.00001021887990042535,0.00019764485185569925,0.0006812704496720179,0.0016882338969972201,0.00006562519053284006,0.00009952773015783468,0.0011850863435434946,NaN,0,0,0,2,0.0014670000000000002,0,0,0
641667230,0,5.275145525170915,8.361956267959487,0,0,0.004,2.2435592397243984,5.974263265144014,5.564573190887883,0.005225674735134689,-0.048607837194670545,0.06877963390946906,-0.01747815901997879,-0.028458230165017424,-0.001960408652327089,-0.19565214764206373,0.07453780888585555,-0.11334864217034285,0.00004493670786025384,0.00001021887990042535,0.00019764485185569925,0.0006831997261885474,0.0017393024339902791,0.00006785929874268124,0.00009952773055783468,0.0011850863835434946,NaN,0,0,0,2,0.001886,0,0,0
641667234,0,5.3643814535658985,8.457540130133856,0,0,0.004,2.0478775157052125,5.915603396452188,5.84632087399328,0.005225674735134689,-0.048607837194670545,0.06877963390946906,-0.01747815901997879,-0.028458230165017424,-0.001960408652327089,-0.19565214764206373,0.07453780888585555,-0.11334864217034285,0.00004493670786025384,0.00001021887990042535,0.00019764485185569925,0.0006851321875924485,0.0017921895646232366,0.00007015908954627899,0.00009952773095783469,0.0011850864235434947,NaN,0,0,0,2,0.001396,0,0,0
641667238,0,5.376778597302081,9.179539753996456,0,0,0.004,2.067991034160332,6.0052147210047195,6.791599912047149,0.005225674735134689,-0.048607837194670545,0.06877963390946906,-0.01747815901997879,-0.028458230165017424,-0.001960408652327089,-0.19565214764206373,0.07453780888585555,-0.11334864217034285,0.00004493670786025384,0.00001021887990042535,0.00019764485185569925,0.0006870678338837337,0.0018492129874698791,0.00007252627616877138,0.0000995277313578347,0.0011850864635434947,NaN,0,0,0,2,0.002863,0,0,0
641667242,0,5.28822129015661,9.792195542843745,0,0,0.004,2.3008673252570384,6.2296297117036055,7.362838667401844,0.005225674735134689,-0.048607837194670545,0.06877963390946906,-0.01747815901997879,-0.028458230165017424,-0.001960408652327089,-0.19565214764206373,0.07453780888585555,-0.11334864217034285,0.00004493670786025384,0.00001021887990042535,0.00019764485185569925,0.000689006665062416,0.001910616827683886,0.00007496273178027309,0.0000995277317578347,0.0011850865035434948,NaN,0,0,0,2,0.001397,0,0,0
641667246,0,5.10601420181264,10.384754454135592,0,0,0.004,2.6537925424788553,6.6539859487425215,7.684660416890603,0.005225674735134689,-0.048607837194670545,0.06877963390946906,-0.01747815901997879,-0.028458230165017424,-0.001960408652327089,-0.19565214764206373,0.07453780888585555,-0.11334864217034285,0.00004493670786025384,0.00001021887990042535,0.00019764485185569925,0.0006909486811285081,0.0019771757412464304,0.00007747050078616479,0.00009952773215783471,0.0011850865435434948,NaN,0,0,0,2,0.0014670000000000002,0,0,0
641667250,0,4.834288816571637,11.126799168675609,0,0,0.004,3.173677494215961,7.072698830419454,8.151810006845013,0.005225674735134689,-0.048607837194670545,0.06877963390946906,-0.01747815901997879,-0.028458230165017424,-0.001960408652327089,-0.19565214764206373,0.07453780888585555,-0.11334864217034285,0.00004493670786025384,0.00001021887990042535,0.00019764485185569925,0.000692893882082023,0.0020496622981547,0.00008005210799503288,0.00009952773255783472,0.001185086583543495,NaN,0,0,0,2,0.0014670000000000002,0,0,0
641667254,0,4.753302270037162,11.24564753606755,0,0,0.004,2.921241674937524,7.061198089757597,8.417476785895696,0.005225674735134689,-0.048607837194670545,0.06877963390946906,-0.01747815901997879,-0.028458230165017424,-0.001960408652327089,-0.19565214764206373,0.07453780888585555,-0.11334864217034285,0.00004493670786025384,0.00001021887990042535,0.00019764485185569925,0.0006948422679229733,0.0021255361506515697,0.00008271009197530316,0.00009952773295783472,0.001185086623543495,NaN,0,0,0,2,0.001397,0,0,0
641667258,0,4.350770737213363,11.718012900364776,0,0,0.004,2.862270402916372,7.052018082179791,9.078024054363128,0.005225674735134689,-0.048607837194670545,0.06877963390946906,-0.01747815901997879,-0.028458230165017424,-0.001960408652327089,-0.19565214764206373,0.07453780888585555,-0.11334864217034285,0.00004493670786025384,0.00001021887990042535,0.00019764485185569925,0.0006967938386513718,0.002206228359640036,0.00008544682988504475,0.00009952773335783473,0.001185086663543495,NaN,0,0,0,2,0.0014670000000000002,0,0,0
641667262,0,4.008604885537112,11.829473838906438,0,0,0.004,2.8532060843103064,6.8767465573966,9.361755373153832,0.005225674735134689,-0.048607837194670545,0.06877963390946906,-0.01747815901997879,-0.028458230165017424,-0.001960408652327089,-0.19565214764206373,0.07453780888585555,-0.11334864217034285,0.00004493670786025384,0.00001021887990042535,0.00019764485185569925,0.0006987485942672312,0.00228990351850756,0.00008826456372206029,0.00009952773375783474,0.001185086703543495,NaN,0,0,0,2,0.0014670000000000002,0,0,0
641667266,0,3.663439262163882,11.700575318797526,0,0,0.004,3.055131866365903,6.631191392341642,9.313694360313301,0.005225674735134689,-0.048607837194670545,0.06877963390946906,-0.01747815901997879,-0.028458230165017424,-0.001960408652327089,-0.19565214764206373,0.07453780888585555,-0.11334864217034285,0.00004493670786025384,0.00001021887990042535,0.00019764485185569925,0.0007007065347705646,0.0023750541443885676,0.00009116506102410841,0.00009952773415783474,0.0011850867435434951,NaN,0,0,0,2,0.0029330000000000003,0,0,0
641667270,0,3.3849345043460417,11.474450517269274,0,0,0.004,3.4446596224410895,6.494649736738821,8.983220245336886,0.005225674735134689,-0.048607837194670545,0.06877963390946906,-0.01747815901997879,-0.028458230165017424,-0.001960408652327089,-0.19565214764206373,0.07453780888585555,-0.11334864217034285,0.00004493670786025384,0.00001021887990042535,0.00019764485185569925,0.0007026676601613846,0.002461163079985265,0.00009414963229099469,0.00009952773455783475,0.0011850867835434952,NaN,0,0,0,2,0.001396,0,0,0
641667290,0,3.334487172814636,10.029594235474018,0,0,0.02,4.119734672694936,5.790074002017592,7.242949530342722,0.005225674735134689,-0.048607837194670545,0.06877963390946906,-0.01747815901997879,-0.028458230165017424,-0.001960408652327089,-0.19565214764206373,0.07453780888585555,-0.11334864217034285,0.00004493670786025384,0.00001021887990042535,0.00019764485185569925,0.0007125210604280407,0.0028684534926749572,0.0001101847279681805,0.00009952773655783475,0.0011850869835434953,NaN,0,0,0,2,0.001466,0,0,0
641667294,0,3.326225436729245,9.696395638322842,0,0,0.004,4.403457562967415,5.618181727195725,6.724539479660388,0.005225674735134689,-0.048607837194670545,0.06877963390946906,-0.01747815901997879,-0.028458230165017424,-0.001960408652327089,-0.19565214764206373,0.07453780888585555,-0.11334864217034285,0.00004493670786025384,0.00001021887990042535,0.00019764485185569925,0.0007145012951439214,0.0029525964768924167,0.00011387967178117794,0.00009952773695783476,0.0011850870235434953,NaN,0,0,0,2,0.001397,0,0,0
641667298,0,3.5246595871130486,9.21143809286095,0,0,0.004,4.588034210305463,5.2970388387801055,6.137533100887625,0.005225674735134689,-0.048607837194670545,0.06877963390946906,-0.01747815901997879,-0.028458230165017424,-0.001960408652327089,-0.19565214764206373,0.07453780888585555,-0.11334864217034285,0.00004493670786025384,0.00001021887990042535,0.00019764485185569925,0.0007164847147473784,0.0030333945356092237,0.00011775956341839151,0.00009952773735783477,0.0011850870635434954,NaN,0,0,0,2,0.001397,0,0,0
641667302,0,3.717776900298611,8.782521274140311,0,0,0.004,4.648279614279247,4.816659675881465,5.845565379156577,0.005225674735134689,-0.048607837194670545,0.06877963390946906,-0.01747815901997879,-0.028458230165017424,-0.001960408652327089,-0.19565214764206373,0.07453780888585555,-0.11334864217034285,0.00004493670786025384,0.00001021887990042535,0.00019764485185569925,0.0007184713192384246,0.00311083630533954,0.00012176600990902371,0.00009952773775783477,0.0011850871035434954,NaN,0,0,0,2,0.001886,0,0,0
641667306,0,3.9774550428564583,8.421334858662624,0,0,0.004,4.924823192312222,4.281012458850902,5.486296472925909,0.005225674735134689,-0.048607837194670545,0.06877963390946906,-0.01747815901997879,-0.028458230165017424,-0.001960408652327089,-0.19565214764206373,0.07453780888585555,-0.11334864217034285,0.00004493670786025384,0.00001021887990042535,0.00019764485185569925,0.0007204611086170725,0.0031838782042142564,0.000125900414504669,0.00009952773815783478,0.0011850871435434955,NaN,0,0,0,2,0.0014670000000000002,0,0,0
641667310,0,4.3155658952872935,8.168494211020796,0,0,0.004,5.387378543017484,3.9701922546456485,4.851047580211146,0.005225674735134689,-0.048607837194670545,0.06877963390946906,-0.01747815901997879,-0.028458230165017424,-0.001960408652327089,-0.19565214764206373,0.07453780888585555,-0.11334864217034285,0.00004493670786025384,0.00001021887990042535,0.00019764485185569925,0.000722454082883335,0.003252428204351704,0.00013016359034044984,0.00009952773855783479,0.0011850871835434955,NaN,0,0,0,2,0.0028640000000000002,0,0,0
641667314,0,4.4180195310129085,7.937026002132332,0,0,0.004,5.267185319710085,3.6929912218774277,4.8137568526919186,0.005225674735134689,-0.048607837194670545,0.06877963390946906,-0.01747815901997879,-0.028458230165017424,-0.001960408652327089,-0.19565214764206373,0.07453780888585555,-0.11334864217034285,0.00004493670786025384,0.00001021887990042535,0.00019764485185569925,0.0007244502420372251,0.003319678216345229,0.00013455656305365394,0.0000995277389578348,0.0011850872235434956,NaN,0,0,0,2,0.001397,0,0,0
641667318,0,4.844709097691842,7.2966476663309106,0,0,0.004,5.048058545518589,3.1470244836665673,4.3886510537837715,0.005225674735134689,-0.048607837194670545,0.06877963390946906,-0.01747815901997879,-0.028458230165017424,-0.001960408652327089,-0.19565214764206373,0.07453780888585555,-0.11334864217034285,0.00004493670786025384,0.00001021887990042535,0.00019764485185569925,0.0007264495860787554,0.0033813196769405833,0.00013908119762984716,0.0000995277393578348,0.0011850872635434957,NaN,0,0,0,2,0.001397,0,0,0
641667322,0,5.213489253586988,6.758077363258469,0,0,0.004,4.71696771840184,2.643833314489968,4.217011586084556,0.005225674735134689,-0.048607837194670545,0.06877963390946906,-0.01747815901997879,-0.028458230165017424,-0.001960408652327089,-0.19565214764206373,0.07453780888585555,-0.11334864217034285,0.00004493670786025384,0.00001021887990042535,0.00019764485185569925,0.0007284521150079387,0.0034388608252506007,0.00014373731850398806,0.00009952773975783481,0.0011850873035434957,NaN,0,0,0,2,0.0014670000000000002,0,0,0
641667326,0,5.61792263740164,6.357183963968274,0,0,0.004,4.392718973301872,2.281883005902807,4.150425219726296,0.005225674735134689,-0.048607837194670545,0.06877963390946906,-0.01747815901997879,-0.028458230165017424,-0.001960408652327089,-0.19565214764206373,0.07453780888585555,-0.11334864217034285,0.00004493670786025384,0.00001021887990042535,0.00019764485185569925,0.0007304578288247879,0.0034938456951577605,0.00014852505025290616,0.00009952774015783481,0.0011850873435434958,NaN,0,0,0,2,0.000978,0,0,0
641667330,0,6.001494722205075,6.320276745170071,0,0,0.004,4.41325285676129,2.4151914389334186,3.9813483886769916,0.005225674735134689,-0.048607837194670545,0.06877963390946906,-0.01747815901997879,-0.028458230165017424,-0.001960408652327089,-0.19565214764206373,0.07453780888585555,-0.11334864217034285,0.00004493670786025384,0.00001021887990042535,0.00019764485185569925,0.0007324667275293157,0.0035494906505501287,0.00015344511157975392,0.00009952774055783482,0.0011850873835434958,NaN,0,0,0,2,0.0014670000000000002,0,0,0
641667334,0,6.117259336057834,6.088482023796658,0,0,0.004,4.067282369273467,2.2513488126484873,4.082431876971995,0.005225674735134689,-0.048607837194670545,0.06877963390946906,-0.01747815901997879,-0.028458230165017424,-0.001960408652327089,-0.19565214764206373,0.07453780888585555,-0.11334864217034285,0.00004493670786025384,0.00001021887990042535,0.00019764485185569925,0.000734478811121535,0.003605009077761005,0.00015850030808678954,0.00009952774095783483,0.0011850874235434959,NaN,0,0,0,2,0.001397,0,0,0
641667338,0,6.404171984680679,6.022127673450988,0,0,0.004,3.8684246582528976,2.048831866298281,4.285086700783927,0.005225674735134689,-0.048607837194670545,0.06877963390946906,-0.01747815901997879,-0.028458230165017424,-0.001960408652327089,-0.19565214764206373,0.07453780888585555,-0.11334864217034285,0.00004493670786025384,0.00001021887990042535,0.00019764485185569925,0.0007364940796014584,0.0036607163169078494,0.00016369251744942899,0.00009952774135783483,0.001185087463543496,NaN,0,0,0,2,0.0014670000000000002,0,0,0
641667342,0,6.542039875147611,5.968776820174281,0,0,0.004,3.7319234584252694,1.757508037881576,4.4648993215882875,0.005225674735134689,-0.048607837194670545,0.06877963390946906,-0.01747815901997879,-0.028458230165017424,-0.001960408652327089,-0.19565214764206373,0.07453780888585555,-0.11334864217034285,0.00004493670786025384,0.00001021887990042535,0.00019764485185569925,0.000738512532969099,0.0037157942704122405,0.00016902363044048004,0.00009952774175783484,0.001185087503543496,NaN,0,0,0,2,0.0028640000000000002,0,0,0
641667346,0,6.632004893822235,5.631141849739614,0,0,0.004,3.392356593969687,1.330501837033106,4.447951689579741,0.005225674735134689,-0.048607837194670545,0.06877963390946906,-0.01747815901997879,-0.028458230165017424,-0.001960408652327089,-0.19565214764206373,0.07453780888585555,-0.11334864217034285,0.00004493670786025384,0.00001021887990042535,0.00019764485185569925,0.0007405341712244693,0.0037679220966183253,0.00017449501226751094,0.00009952774215783485,0.001185087543543496,NaN,0,0,0,2,0.0014670000000000002,0,0,0
641667350,0,6.565096187636233,5.666006011862807,0,0,0.004,3.577638291930299,0.9356775520124041,4.458848260950834,0.005225674735134689,-0.048607837194670545,0.06877963390946906,-0.01747815901997879,-0.028458230165017424,-0.001960408652327089,-0.19565214764206373,0.07453780888585555,-0.11334864217034285,0.00004493670786025384,0.00001021887990042535,0.00019764485185569925,0.0007425589943675825,0.003817558498794028,0.00018010673512970616,0.00009952774255783485,0.0011850875835434961,NaN,0,0,0,2,0.0014670000000000002,0,0,0
641667354,0,6.5456275569389435,5.503383299381814,0,0,0.004,3.2433607922640224,0.6001664899255077,4.574995062308661,0.005225674735134689,-0.048607837194670545,0.06877963390946906,-0.01747815901997879,-0.028458230165017424,-0.001960408652327089,-0.19565214764206373,0.07453780888585555,-0.11334864217034285,0.00004493670786025384,0.00001021887990042535,0.00019764485185569925,0.000744587002398451,0.003865775710247754,0.00018585901854356813,0.00009952774295783486,0.0011850876235434962,NaN,0,0,0,2,0.001396,0,0,0
641667358,0,6.2360241346153105,5.699555288382036,0,0,0.004,3.40510905014796,-0.05828905242347138,4.751760815815556,0.005225674735134689,-0.048607837194670545,0.06877963390946906,-0.01747815901997879,-0.028458230165017424,-0.001960408652327089,-0.19565214764206373,0.07453780888585555,-0.11334864217034285,0.00004493670786025384,0.00001021887990042535,0.00019764485185569925,0.0007466181953170878,0.003910400943042754,0.00019175243512148393,0.00009952774335783487,0.0011850876635434962,NaN,0,0,0,2,0.000977,0,0,0
641667362,0,5.887311266976362,5.705325107358898,0,0,0.004,3.4798475518682537,-0.589510939573868,4.672178379658755,0.005225674735134689,-0.048607837194670545,0.06877963390946906,-0.01747815901997879,-0.028458230165017424,-0.001960408652327089,-0.19565214764206373,0.07453780888585555,-0.11334864217034285,0.00004493670786025384,0.00001021887990042535,0.00019764485185569925,0.0007486525731235056,0.003950763003426841,0.00019778575581467573,0.00009952774375783487,0.0011850877035434963,NaN,0,0,0,2,0.001885,0,0,0
641667366,0,5.382640139143318,5.652068745357956,0,0,0.004,3.66870674597339,-1.105695862050206,4.35270865303489,0.005225674735134689,-0.048607837194670545,0.06877963390946906,-0.01747815901997879,-0.028458230165017424,-0.001960408652327089,-0.19565214764206373,0.07453780888585555,-0.11334864217034285,0.00004493670786025384,0.00001021887990042535,0.00019764485185569925,0.0007506901358177172,0.00398530464041499,0.0002039575002436013,0.00009952774415783488,0.0011850877435434963,NaN,0,0,0,2,0.001466,0,0,0
641667370,0,4.798068856891464,5.679907129378622,0,0,0.004,4.227193035944888,-1.3368974789846642,3.752290123187258,0.005225674735134689,-0.048607837194670545,0.06877963390946906,-0.01747815901997879,-0.028458230165017424,-0.001960408652327089,-0.19565214764206373,0.07453780888585555,-0.11334864217034285,0.00004493670786025384,0.00001021887990042535,0.00019764485185569925,0.0007527308833997356,0.004014311777660358,0.00021026525191723938,0.00009952774455783489,0.0011850877835434964,NaN,0,0,0,2,0.002863,0,0,0
641667374,0,4.629706240671342,5.6324736519249985,0,0,0.004,4.168235324661655,-1.61439871419132,3.633874408195302,0.005225674735134689,-0.048607837194670545,0.06877963390946906,-0.01747815901997879,-0.028458230165017424,-0.001960408652327089,-0.19565214764206373,0.07453780888585555,-0.11334864217034285,0.00004493670786025384,0.00001021887990042535,0.00019764485185569925,0.0007547748158695733,0.004040653485473839,0.00021670715199244986,0.00009952774495783489,0.0011850878235434965,NaN,0,0,0,2,0.0014670000000000002,0,0,0
641667378,0,4.057449819909072,5.563400984997642,0,0,0.004,4.591630589729418,-1.8783504675373568,2.731460326820688,0.005225674735134689,-0.048607837194670545,0.06877963390946906,-0.01747815901997879,-0.028458230165017424,-0.001960408652327089,-0.19565214764206373,0.07453780888585555,-0.11334864217034285,0.00004493670786025384,0.00001021887990042535,0.00019764485185569925,0.0007568219332272433,0.004058762992238463,0.00022328221369179808,0.0000995277453578349,0.0011850878635434965,NaN,0,0,0,2,0.0018160000000000001,0,0,0
641667382,0,3.646164303312639,5.42320941592971,0,0,0.004,4.817695221044408,-1.9538691575393856,1.7647427661920716,0.005225674735134689,-0.048607837194670545,0.06877963390946906,-0.01747815901997879,-0.028458230165017424,-0.001960408652327089,-0.19565214764206373,0.07453780888585555,-0.11334864217034285,0.00004493670786025384,0.00001021887990042535,0.00019764485185569925,0.0007588722354727583,0.004069501525099466,0.00022998665372825038,0.0000995277457578349,0.0011850879035434966,NaN,0,0,0,2,0.001397,0,0,0
641667386,0,3.3193113200974422,5.071949068818841,0,0,0.004,4.751327925068047,-1.7597674037833888,0.4923245335057942,0.005225674735134689,-0.048607837194670545,0.06877963390946906,-0.01747815901997879,-0.028458230165017424,-0.001960408652327089,-0.19565214764206373,0.07453780888585555,-0.11334864217034285,0.00004493670786025384,0.00001021887990042535,0.00019764485185569925,0.0007609257226061313,0.004072627366989198,0.0002368171679902631,0.00009952774615783491,0.0011850879435434966,NaN,0,0,0,2,0.0014670000000000002,0,0,0
641667390,0,3.1061206575539453,5.063976056617877,0,0,0.004,4.752808405147505,-1.39118933386775,-0.8426584415998608,0.005225674735134689,-0.048607837194670545,0.06877963390946906,-0.01747815901997879,-0.028458230165017424,-0.001960408652327089,-0.19565214764206373,0.07453780888585555,-0.11334864217034285,0.00004493670786025384,0.00001021887990042535,0.00019764485185569925,0.0007629823946273749,0.004068985780474902,0.0002437706630202163,0.00009952774655783492,0.0011850879835434967,NaN,0,0,0,2,0.0014670000000000002,0,0,0
641667410,0,3.3548984959764643,5.931599514063277,0,0,0.02,3.6162798977850823,-0.9558138577113171,-4.412068557818385,0.005225674735134689,-0.048607837194670545,0.06877963390946906,-0.01747815901997879,-0.028458230165017424,-0.001960408652327089,-0.19565214764206373,0.07453780888585555,-0.11334864217034285,0.00004493670786025384,0.00001021887990042535,0.00019764485185569925,0.0007733135280519088,0.0039435483672382865,0.00028044215448475593,0.00009952774855783492,0.0011850881835434967,NaN,0,0,0,2,0.0014670000000000002,0,0,0
641667414,0,3.4470905279121764,6.593573795568344,0,0,0.004,3.2993205168561466,-0.7343541272508538,-5.4700819271848795,0.005225674735134689,-0.048607837194670545,0.06877963390946906,-0.01747815901997879,-0.028458230165017424,-0.001960408652327089,-0.19565214764206373,0.07453780888585555,-0.11334864217034285,0.00004493670786025384,0.00001021887990042535,0.00019764485185569925,0.0007753893094005171,0.0039143779903108,0.0002880487692393458,0.00009952774895783493,0.0011850882235434968,NaN,0,0,0,1,0.004189999999999999,0,0,0
641667418,0,3.7137044016981653,6.67370585416951,0,0,0.004,2.7382096508243454,-0.8676718124788749,-5.8429466213637475,0.005225674735134689,-0.048607837194670545,0.06877963390946906,-0.01747815901997879,-0.028458230165017424,-0.001960408652327089,-0.19565214764206373,0.07453780888585555,-0.11334864217034285,0.00004493670786025384,0.00001021887990042535,0.00019764485185569925,0.0007774682756370855,0.003882395288011537,0.000295754066951628,0.00009952774935783494,0.0011850882635434969,NaN,0,0,0,1,0.001466,0,0,0
641667422,0,3.925017124789615,6.543414800943598,0,0,0.004,2.424196886678429,-0.8590814180729178,-5.839415829328512,0.005225674735134689,-0.048607837194670545,0.06877963390946906,-0.01747815901997879,-0.028458230165017424,-0.001960408652327089,-0.19565214764206373,0.07453780888585555,-0.11334864217034285,0.00004493670786025384,0.00001021887990042535,0.00019764485185569925,0.0007795504267616271,0.003851275555727481,0.0003035536133031369,0.00009952774975783494,0.001185088303543497,NaN,0,0,0,1,0.001956,0,0,0
641667426,0,4.116866572180755,6.409745688419184,0,0,0.004,2.105392649050523,-0.9226607050600844,-5.811860817548931,0.005225674735134689,-0.048607837194670545,0.06877963390946906,-0.01747815901997879,-0.028458230165017424,-0.001960408652327089,-0.19565214764206373,0.07453780888585555,-0.11334864217034285,0.00004493670786025384,0.00001021887990042535,0.00019764485185569925,0.0007816357627741544,0.0038206061174582283,0.00031144569805546064,0.00009952775015783495,0.001185088343543497,NaN,0,0,0,1,0.001886,0,0,0
641667430,0,4.185503123362944,6.267832700115977,0,0,0.004,1.7939115881730445,-1.225712581634443,-5.7192185109990294,0.005225674735134689,-0.048607837194670545,0.06877963390946906,-0.01747815901997879,-0.028458230165017424,-0.001960408652327089,-0.19565214764206373,0.07453780888585555,-0.11334864217034285,0.00004493670786025384,0.00001021887990042535,0.00019764485185569925,0.0007837242836746805,0.003788990597034907,0.0003194281761244532,0.00009952775055783496,0.001185088383543497,NaN,0,0,0,1,0.0014670000000000002,0,0,0
641667434,0,4.207097371748682,6.213920782028972,0,0,0.004,1.6509354962023157,-1.373744592323243,-5.677648276543572,0.005225674735134689,-0.048607837194670545,0.06877963390946906,-0.01747815901997879,-0.028458230165017424,-0.001960408652327089,-0.19565214764206373,0.07453780888585555,-0.11334864217034285,0.00004493670786025384,0.00001021887990042535,0.00019764485185569925,0.0007858159894632181,0.0037572411971739765,0.00032749735266620033,0.00009952775095783496,0.001185088423543497,NaN,0,0,0,1,0.0014670000000000002,0,0,0
641667438,0,4.05387350749581,6.014186565696765,0,0,0.004,0.7720014521293505,-1.970953871086825,-5.505729216879645,0.005225674735134689,-0.048607837194670545,0.06877963390946906,-0.01747815901997879,-0.028458230165017424,-0.001960408652327089,-0.19565214764206373,0.07453780888585555,-0.11334864217034285,0.00004493670786025384,0.00001021887990042535,0.00019764485185569925,0.0007879108801397799,0.003722682381991466,0.00033565040212719076,0.00009952775135783497,0.0011850884635434971,NaN,0,0,0,1,0.0018160000000000001,0,0,0
641667446,0,3.451527872407254,6.11443555415476,0,0,0.008,-0.33171759972331916,-2.818144286041602,-5.3375334300952115,0.005225674735134689,-0.048607837194670545,0.06877963390946906,-0.01747815901997879,-0.028458230165017424,-0.001960408652327089,-0.19565214764206373,0.07453780888585555,-0.11334864217034285,0.00004493670786025384,0.00001021887990042535,0.00019764485185569925,0.0007921102161570212,0.0036449864568500797,0.0003522313860850572,0.00009952775215783497,0.001185088543543497,NaN,0,0,0,2,0.003772,0,0,0
641667450,0,3.0201675584324037,6.299353167738789,0,0,0.004,-0.5462908158553267,-2.9711423310847103,-5.454925635241789,0.005225674735134689,-0.048607837194670545,0.06877963390946906,-0.01747815901997879,-0.028458230165017424,-0.001960408652327089,-0.19565214764206373,0.07453780888585555,-0.11334864217034285,0.00004493670786025384,0.00001021887990042535,0.00019764485185569925,0.0007942146614977197,0.0036056260234565516,0.0003605996374371827,0.00009952775255783498,0.001185088583543497,NaN,0,0,0,1,0.0018160000000000001,0,0,0
641667454,0,2.918923020885931,6.380931625798431,0,0,0.004,-0.6368516718416032,-3.0391833390114917,-5.505720356576275,0.005225674735134689,-0.048607837194670545,0.06877963390946906,-0.01747815901997879,-0.028458230165017424,-0.001960408652327089,-0.19565214764206373,0.07453780888585555,-0.11334864217034285,0.00004493670786025384,0.00001021887990042535,0.00019764485185569925,0.0007963222917264937,0.003566388852618409,0.0003690311784799161,0.00009952775295783498,0.0011850886235434972,NaN,0,0,0,2,0.0014670000000000002,0,0,0
641667458,0,2.7279576014153815,6.78143708198201,0,0,0.004,-1.0997360998714343,-2.969514922967054,-5.927793877919381,0.005225674735134689,-0.048607837194670545,0.06877963390946906,-0.01747815901997879,-0.028458230165017424,-0.001960408652327089,-0.19565214764206373,0.07453780888585555,-0.11334864217034285,0.00004493670786025384,0.00001021887990042535,0.00019764485185569925,0.0007984331068433559,0.0035263913079932444,0.0003775229715032715,0.00009952775335783499,0.0011850886635434972,NaN,0,0,0,1,0.001466,0,0,0
641667462,0,2.6719025199010233,7.228396484309178,0,0,0.004,-1.6510853159632064,-2.8952937188983947,-6.346165753801524,0.005225674735134689,-0.048607837194670545,0.06877963390946906,-0.01747815901997879,-0.028458230165017424,-0.001960408652327089,-0.19565214764206373,0.07453780888585555,-0.11334864217034285,0.00004493670786025384,0.00001021887990042535,0.00019764485185569925,0.0008005471068483191,0.0034858663270912207,0.00038607115202733943,0.000099527753757835,0.0011850887035434973,NaN,0,0,0,2,0.001885,0,0,0
641667466,0,2.7238585326784617,7.820881530479557,0,0,0.004,-2.283893458479799,-2.6039152170453237,-6.938749044969229,0.005225674735134689,-0.048607837194670545,0.06877963390946906,-0.01747815901997879,-0.028458230165017424,-0.001960408652327089,-0.19565214764206373,0.07453780888585555,-0.11334864217034285,0.00004493670786025384,0.00001021887990042535,0.00019764485185569925,0.0008026642917413963,0.003445719391576477,0.0003946718657965463,0.000099527754157835,0.0011850887435434973,NaN,0,0,0,2,0.001397,0,0,0
641667470,0,2.844483145398919,8.425321074552013,0,0,0.004,-2.903958922704503,-2.1356296556699776,-7.532939814293199,0.005225674735134689,-0.048607837194670545,0.06877963390946906,-0.01747815901997879,-0.028458230165017424,-0.001960408652327089,-0.19565214764206373,0.07453780888585555,-0.11334864217034285,0.00004493670786025384,0.00001021887990042535,0.00019764485185569925,0.0008047846615226001,0.0034074713075259292,0.00040332225065599863,0.00009952775455783501,0.0011850887835434974,NaN,0,0,0,2,0.0018160000000000001,0,0,0
641667474,0,2.8916748219661588,8.588087579130988,0,0,0.004,-3.0769079465299085,-1.9825298748735065,-7.6844774773619555,0.005225674735134689,-0.048607837194670545,0.06877963390946906,-0.01747815901997879,-0.028458230165017424,-0.001960408652327089,-0.19565214764206373,0.07453780888585555,-0.11334864217034285,0.00004493670786025384,0.00001021887990042535,0.00019764485185569925,0.0008069082161919433,0.003371154986065622,0.0004120211287614083,0.00009952775495783501,0.0011850888235434974,NaN,0,0,0,1,0.0014670000000000002,0,0,0
641667478,0,2.969452218908635,8.91883649452173,0,0,0.004,-3.468799068126101,-1.5400923404120466,-7.979584847029013,0.005225674735134689,-0.048607837194670545,0.06877963390946906,-0.01747815901997879,-0.028458230165017424,-0.001960408652327089,-0.19565214764206373,0.07453780888585555,-0.11334864217034285,0.00004493670786025384,0.00001021887990042535,0.00019764485185569925,0.0008090349557494388,0.0033382779951162934,0.000420767045240272,0.00009952775535783502,0.0011850888635434975,NaN,0,0,0,1,0.003422,0,0,0
641667482,0,2.995591575566008,9.107806026883972,0,0,0.004,-3.7579525039542734,-1.2170113316377957,-8.110982521608957,0.005225674735134689,-0.048607837194670545,0.06877963390946906,-0.01747815901997879,-0.028458230165017424,-0.001960408652327089,-0.19565214764206373,0.07453780888585555,-0.11334864217034285,0.00004493670786025384,0.00001021887990042535,0.00019764485185569925,0.0008111648801950994,0.0033088118053477746,0.0004295606167794792,0.00009952775575783503,0.0011850889035434976,NaN,0,0,0,1,0.0014670000000000002,0,0,0
641667486,0,2.9760026076848036,9.289489906785064,0,0,0.004,-4.177759729831516,-0.948952278391417,-8.145798187950652,0.005225674735134689,-0.048607837194670545,0.06877963390946906,-0.01747815901997879,-0.028458230165017424,-0.001960408652327089,-0.19565214764206373,0.07453780888585555,-0.11334864217034285,0.00004493670786025384,0.00001021887990042535,0.00019764485185569925,0.0008132979895289378,0.003282809201122012,0.0004384024857535722,0.00009952775615783503,0.0011850889435434976,NaN,0,0,0,2,0.001396,0,0,0
641667490,0,2.913787129950683,9.871470423719437,0,0,0.004,-4.960208865773665,-0.7506461646929476,-8.40730957929018,0.005225674735134689,-0.048607837194670545,0.06877963390946906,-0.01747815901997879,-0.028458230165017424,-0.001960408652327089,-0.19565214764206373,0.07453780888585555,-0.11334864217034285,0.00004493670786025384,0.00001021887990042535,0.00019764485185569925,0.0008154342837509668,0.003258940141527377,0.0004472935389322379,0.00009952775655783504,0.0011850889835434977,NaN,0,0,0,2,0.001886,0,0,0
641667494,0,2.8953299802818497,9.988488648631185,0,0,0.004,-5.1768816293649795,-0.6577226461660608,-8.42258389430843,0.005225674735134689,-0.048607837194670545,0.06877963390946906,-0.01747815901997879,-0.028458230165017424,-0.001960408652327089,-0.19565214764206373,0.07453780888585555,-0.11334864217034285,0.00004493670786025384,0.00001021887990042535,0.00019764485185569925,0.0008175737628611993,0.003237497141312579,0.00045623271037218105,0.00009952775695783505,0.0011850890235434977,NaN,0,0,0,1,0.001886,0,0,0
641667498,0,2.7561559629494647,10.58228146341847,0,0,0.004,-5.952127302209835,-0.656013970349405,-8.636641792463005,0.005225674735134689,-0.048607837194670545,0.06877963390946906,-0.01747815901997879,-0.028458230165017424,-0.001960408652327089,-0.19565214764206373,0.07453780888585555,-0.11334864217034285,0.00004493670786025384,0.00001021887990042535,0.00019764485185569925,0.0008197164268596481,0.003217194466001045,0.00046521954073394173,0.00009952775735783505,0.0011850890635434978,NaN,0,0,0,2,0.001886,0,0,0
641667502,0,2.616668736563237,10.907125917958767,0,0,0.004,-6.458824387308189,-0.7129254932683995,-8.677366283801895,0.005225674735134689,-0.048607837194670545,0.06877963390946906,-0.01747815901997879,-0.028458230165017424,-0.001960408652327089,-0.19565214764206373,0.07453780888585555,-0.11334864217034285,0.00004493670786025384,0.00001021887990042535,0.00019764485185569925,0.0008218622757463259,0.0031982980367495696,0.00047425146739722934,0.00009952775775783506,0.0011850891035434978,NaN,0,0,0,2,0.001886,0,0,0
641667506,0,2.449294774985068,11.052342107823218,0,0,0.004,-6.96215440722167,-0.68527387429587,-8.480025671379643,0.005225674735134689,-0.048607837194670545,0.06877963390946906,-0.01747815901997879,-0.028458230165017424,-0.001960408652327089,-0.19565214764206373,0.07453780888585555,-0.11334864217034285,0.00004493670786025384,0.00001021887990042535,0.00019764485185569925,0.0008240113095212455,0.0031821109996598173,0.00048332646775716337,0.00009952775815783507,0.001185089143543498,NaN,0,0,0,2,0.0032830000000000003,0,0,0
641667510,0,2.297013835731564,11.301504428096822,0,0,0.004,-7.6676151440585425,-0.6193346753681888,-8.211516765995224,0.005225674735134689,-0.048607837194670545,0.06877963390946906,-0.01747815901997879,-0.028458230165017424,-0.001960408652327089,-0.19565214764206373,0.07453780888585555,-0.11334864217034285,0.00004493670786025384,0.00001021887990042535,0.00019764485185569925,0.0008261635281844198,0.0031689717956337998,0.0004924450228713068,0.00009952775855783507,0.001185089183543498,NaN,0,0,0,1,0.001886,0,0,0
641667514,0,2.2554173346375124,11.332120141134343,0,0,0.004,-7.863737393260632,-0.5385868094678616,-8.076300087214443,0.005225674735134689,-0.048607837194670545,0.06877963390946906,-0.01747815901997879,-0.028458230165017424,-0.001960408652327089,-0.19565214764206373,0.07453780888585555,-0.11334864217034285,0.00004493670786025384,0.00001021887990042535,0.00019764485185569925,0.0008283189317358616,0.0031584839645883442,0.0005016086407216575,0.00009952775895783508,0.001185089223543498,NaN,0,0,0,2,0.001886,0,0,0
641667518,0,2.1388503476137535,11.668974656048286,0,0,0.004,-8.721589997469009,-0.5509250481321228,-7.681682507207637,0.005225674735134689,-0.048607837194670545,0.06877963390946906,-0.01747815901997879,-0.028458230165017424,-0.001960408652327089,-0.19565214764206373,0.07453780888585555,-0.11334864217034285,0.00004493670786025384,0.00001021887990042535,0.00019764485185569925,0.0008304775201755836,0.0031504950020098863,0.0005108182659311806,0.00009952775935783509,0.001185089263543498,NaN,0,0,0,2,0.001397,0,0,0
641667522,0,2.043144552505358,11.814749034254792,0,0,0.004,-9.26523985341157,-0.7468296759759034,-7.259078394210456,0.005225674735134689,-0.048607837194670545,0.06877963390946906,-0.01747815901997879,-0.028458230165017424,-0.001960408652327089,-0.19565214764206373,0.07453780888585555,-0.11334864217034285,0.00004493670786025384,0.00001021887990042535,0.00019764485185569925,0.0008326392935035986,0.003143545510658936,0.0005200756895558593,0.00009952775975783509,0.0011850893035434981,NaN,0,0,0,1,0.0014670000000000002,0,0,0
641667526,0,1.953066636234282,11.740310405014654,0,0,0.004,-9.561685847323353,-1.231547880734322,-6.6921083824461185,0.005225674735134689,-0.048607837194670545,0.06877963390946906,-0.01747815901997879,-0.028458230165017424,-0.001960408652327089,-0.19565214764206373,0.07453780888585555,-0.11334864217034285,0.00004493670786025384,0.00001021887990042535,0.00019764485185569925,0.0008348042517199195,0.0031356713050859934,0.0005293809632612845,0.0000995277601578351,0.0011850893435434982,NaN,0,0,0,2,0.0014670000000000002,0,0,0
641667530,0,1.927368282698301,11.817736793572175,0,0,0.004,-9.88199521387051,-1.910956161558867,-6.217952757328865,0.005225674735134689,-0.048607837194670545,0.06877963390946906,-0.01747815901997879,-0.028458230165017424,-0.001960408652327089,-0.19565214764206373,0.07453780888585555,-0.11334864217034285,0.00004493670786025384,0.00001021887990042535,0.00019764485185569925,0.0008369723948245591,0.00312512204798089,0.0005387318915385234,0.0000995277605578351,0.0011850893835434982,NaN,0,0,0,1,0.001397,0,0,0
641667534,0,1.9356177040044418,11.787630406166219,0,0,0.004,-9.954097008209573,-2.0741462855965676,-5.999524730492535,0.005225674735134689,-0.048607837194670545,0.06877963390946906,-0.01747815901997879,-0.028458230165017424,-0.001960408652327089,-0.19565214764206373,0.07453780888585555,-0.11334864217034285,0.00004493670786025384,0.00001021887990042535,0.00019764485185569925,0.0008391437228175301,0.0031149098304948507,0.0005481233417415172,0.00009952776095783511,0.0011850894235434983,NaN,0,0,0,2,0.003842,0,0,0
641667538,0,2.0638083941740586,12.050006788358877,0,0,0.004,-10.34988135182894,-2.344494604389375,-5.763852858549365,0.005225674735134689,-0.048607837194670545,0.06877963390946906,-0.01747815901997879,-0.028458230165017424,-0.001960408652327089,-0.19565214764206373,0.07453780888585555,-0.11334864217034285,0.00004493670786025384,0.00001021887990042535,0.00019764485185569925,0.0008413182356988454,0.0031042631646216495,0.0005575542064849135,0.00009952776135783512,0.0011850894635434984,NaN,0,0,0,2,0.0014670000000000002,0,0,0
641667542,0,2.25932053711066,12.36518060849424,0,0,0.004,-10.649124140820994,-2.728423914993109,-5.730203458736556,0.005225674735134689,-0.048607837194670545,0.06877963390946906,-0.01747815901997879,-0.028458230165017424,-0.001960408652327089,-0.19565214764206373,0.07453780888585555,-0.11334864217034285,0.00004493670786025384,0.00001021887990042535,0.00019764485185569925,0.0008434959334685177,0.0030921136008119883,0.000567022263143464,0.00009952776175783513,0.0011850895035434984,NaN,0,0,0,2,0.001397,0,0,0
641667558,0,2.8164380389656762,13.483072884743086,0,0,0.016,-11.135715834675858,-4.305696591112922,-6.344426299503519,0.005225674735134689,-0.048607837194670545,0.06877963390946906,-0.01747815901997879,-0.028458230165017424,-0.001960408652327089,-0.19565214764206373,0.07453780888585555,-0.11334864217034285,0.00004493670786025384,0.00001021887990042535,0.00019764485185569925,0.0008522385734309441,0.00302928481771127,0.0006056169964972244,0.00009952776335783512,0.0011850896635434984,NaN,0,0,0,2,0.001956,0,0,0
641667562,0,3.060871327866615,13.831733514866661,0,0,0.004,-11.224789293911359,-4.903230073379838,-6.508802537915933,0.005225674735134689,-0.048607837194670545,0.06877963390946906,-0.01747815901997879,-0.028458230165017424,-0.001960408652327089,-0.19565214764206373,0.07453780888585555,-0.11334864217034285,0.00004493670786025384,0.00001021887990042535,0.00019764485185569925,0.0008544321956425169,0.0030304135258130112,0.0006151453896017786,0.00009952776375783513,0.0011850897035434985,NaN,0,0,0,2,0.001885,0,0,0
641667566,0,3.0839578712422937,14.050693739130802,0,0,0.004,-11.43790428596882,-5.060554512147785,-6.487525023278316,0.005225674735134689,-0.048607837194670545,0.06877963390946906,-0.01747815901997879,-0.028458230165017424,-0.001960408652327089,-0.19565214764206373,0.07453780888585555,-0.11334864217034285,0.00004493670786025384,0.00001021887990042535,0.00019764485185569925,0.0008566290027425235,0.0030351666304338967,0.000624668988601338,0.00009952776415783514,0.0011850897435434985,NaN,0,0,0,2,0.001396,0,0,0
641667590,0,2.4784219983985896,13.563127200311643,0,0,0.024,-11.638662190565551,-6.76047836457261,-2.353830708472584,0.005225674735134689,-0.048607837194670545,0.06877963390946906,-0.01747815901997879,-0.028458230165017424,-0.001960408652327089,-0.19565214764206373,0.07453780888585555,-0.11334864217034285,0.00004493670786025384,0.00001021887990042535,0.00019764485185569925,0.000869876728000039,0.0031077253908001717,0.0006831922055631873,0.00009952776655783514,0.0011850899835434984,NaN,0,0,0,2,0.001885,0,0,0
641667594,0,2.3249914893916346,13.65830699243127,0,0,0.004,-11.660603626373286,-7.244767130840325,-1.1540301739057988,0.005225674735134689,-0.048607837194670545,0.06877963390946906,-0.01747815901997879,-0.028458230165017424,-0.001960408652327089,-0.19565214764206373,0.07453780888585555,-0.11334864217034285,0.00004493670786025384,0.00001021887990042535,0.00019764485185569925,0.000872095829319249,0.0031352196029732528,0.0006926843051635421,0.00009952776695783514,0.0011850900235434985,NaN,0,0,0,15,0.003352,0,0,0
641667598,0,2.2131426054380166,13.98304586397266,0,0,0.004,-11.772367822051589,-7.783797645197541,0.5220755131482502,0.005225674735134689,-0.048607837194670545,0.06877963390946906,-0.01747815901997879,-0.028458230165017424,-0.001960408652327089,-0.19565214764206373,0.07453780888585555,-0.11334864217034285,0.00004493670786025384,0.00001021887990042535,0.00019764485185569925,0.0008743181155269953,0.0031660772860880094,0.0007021690583509301,0.00009952776735783515,0.0011850900635434986,NaN,0,0,0,2,0.000978,0,0,0
641667602,0,2.2180397212682212,14.402182785238587,0,0,0.004,-11.611654469533178,-8.463336220719237,2.377181071609437,0.005225674735134689,-0.048607837194670545,0.06877963390946906,-0.01747815901997879,-0.028458230165017424,-0.001960408652327089,-0.19565214764206373,0.07453780888585555,-0.11334864217034285,0.00004493670786025384,0.00001021887990042535,0.00019764485185569925,0.0008765435866232906,0.0031988171753371828,0.0007116499532259021,0.00009952776775783516,0.0011850901035434986,NaN,0,0,0,2,0.0014670000000000002,0,0,0
641667606,0,2.3760785104035675,14.96545984486994,0,0,0.004,-11.47711059370339,-9.02901697408321,4.007598187188574,0.005225674735134689,-0.048607837194670545,0.06877963390946906,-0.01747815901997879,-0.028458230165017424,-0.001960408652327089,-0.19565214764206373,0.07453780888585555,-0.11334864217034285,0.00004493670786025384,0.00001021887990042535,0.00019764485185569925,0.0008787722426081477,0.0032343813948453558,0.0007211297745913431,0.00009952776815783516,0.0011850901435434987,NaN,0,0,0,1,0.001886,0,0,0
641667610,0,2.68046592368185,15.650299791089337,0,0,0.004,-11.857176044846884,-9.113744257383214,5.2042863780985815,0.005225674735134689,-0.048607837194670545,0.06877963390946906,-0.01747815901997879,-0.028458230165017424,-0.001960408652327089,-0.19565214764206373,0.07453780888585555,-0.11334864217034285,0.00004493670786025384,0.00001021887990042535,0.00019764485185569925,0.0008810040834815794,0.003277786817665289,0.0007306111678448245,0.00009952776855783517,0.0011850901835434987,NaN,0,0,0,2,0.0014670000000000002,0,0,0
641667614,0,2.7752487372382784,15.79694546384226,0,0,0.004,-11.73183438843629,-9.237174674743166,5.702678102642228,0.005225674735134689,-0.048607837194670545,0.06877963390946906,-0.01747815901997879,-0.028458230165017424,-0.001960408652327089,-0.19565214764206373,0.07453780888585555,-0.11334864217034285,0.00004493670786025384,0.00001021887990042535,0.00019764485185569925,0.0008832391092435986,0.0033263856554923655,0.0007401001472869104,0.00009952776895783518,0.0011850902235434988,NaN,0,0,0,2,0.0014670000000000002,0,0,0
641667618,0,3.1003610219255235,16.26129488573387,0,0,0.004,-12.009595863332104,-9.100266289786317,6.597661342247209,0.005225674735134689,-0.048607837194670545,0.06877963390946906,-0.01747815901997879,-0.028458230165017424,-0.001960408652327089,-0.19565214764206373,0.07453780888585555,-0.11334864217034285,0.00004493670786025384,0.00001021887990042535,0.00019764485185569925,0.0008854773198942181,0.00338357137981407,0.0007495974725271521,0.00009952776935783518,0.0011850902635434988,NaN,0,0,0,2,0.001886,0,0,0
641667622,0,3.508730933932797,16.749532993277175,0,0,0.004,-12.349695925133677,-8.801539455330312,7.5411576796532405,0.005225674735134689,-0.048607837194670545,0.06877963390946906,-0.01747815901997879,-0.028458230165017424,-0.001960408652327089,-0.19565214764206373,0.07453780888585555,-0.11334864217034285,0.00004493670786025384,0.00001021887990042535,0.00019764485185569925,0.0008877187154334506,0.0034504647867359363,0.0007591104633213904,0.00009952776975783519,0.001185090303543499,NaN,0,0,0,2,0.00426,0,0,0
641667626,0,3.9625795649838333,16.937216476258147,0,0,0.004,-12.500964957905746,-8.32374205402026,8.221562139689665,0.005225674735134689,-0.048607837194670545,0.06877963390946906,-0.01747815901997879,-0.028458230165017424,-0.001960408652327089,-0.19565214764206373,0.07453780888585555,-0.11334864217034285,0.00004493670786025384,0.00001021887990042535,0.00019764485185569925,0.000889963295861309,0.0035264196176262187,0.0007686492804775065,0.0000995277701578352,0.001185090343543499,NaN,0,0,0,2,0.002375,0,0,0
641667630,0,4.397574440614103,16.707099310257586,0,0,0.004,-12.744865066401767,-7.4438993952720445,8.202699667830407,0.005225674735134689,-0.048607837194670545,0.06877963390946906,-0.01747815901997879,-0.028458230165017424,-0.001960408652327089,-0.19565214764206373,0.07453780888585555,-0.11334864217034285,0.00004493670786025384,0.00001021887990042535,0.00019764485185569925,0.000892211061177806,0.003623596003839454,0.0007782250056383073,0.0000995277705578352,0.001185090383543499,NaN,0,0,0,2,0.0024449999999999997,0,0,0
641667634,0,4.530335656973811,16.568923235307953,0,0,0.004,-12.428714726398672,-7.468835053961285,8.378762036163844,0.005225674735134689,-0.048607837194670545,0.06877963390946906,-0.01747815901997879,-0.028458230165017424,-0.001960408652327089,-0.19565214764206373,0.07453780888585555,-0.11334864217034285,0.00004493670786025384,0.00001021887990042535,0.00019764485185569925,0.0008944620113829545,0.0037419065590366517,0.0007878495028526277,0.00009952777095783521,0.001185090423543499,NaN,0,0,0,3,0.001885,0,0,0
641667638,0,4.8204450964168055,16.06206010966265,0,0,0.004,-12.030185827693112,-7.275380112485786,8.122019502893147,0.005225674735134689,-0.048607837194670545,0.06877963390946906,-0.01747815901997879,-0.028458230165017424,-0.001960408652327089,-0.19565214764206373,0.07453780888585555,-0.11334864217034285,0.00004493670786025384,0.00001021887990042535,0.00019764485185569925,0.0008967161464767672,0.0038631982254739507,0.0007975238924831987,0.00009952777135783521,0.0011850904635434991,NaN,0,0,0,3,0.001885,0,0,0
641667642,0,5.103746234401739,15.380566526828497,0,0,0.004,-11.612453803016987,-7.311010997085644,7.313968469040548,0.005225674735134689,-0.048607837194670545,0.06877963390946906,-0.01747815901997879,-0.028458230165017424,-0.001960408652327089,-0.19565214764206373,0.07453780888585555,-0.11334864217034285,0.00004493670786025384,0.00001021887990042535,0.00019764485185569925,0.0008989734664592569,0.003985827339787091,0.0008072494148125048,0.00009952777175783522,0.0011850905035434992,NaN,0,0,0,2,0.001396,0,0,0
641667646,0,5.265395825353974,14.609355717412026,0,0,0.004,-11.396229947716526,-7.200812546509442,6.028536770863527,0.005225674735134689,-0.048607837194670545,0.06877963390946906,-0.01747815901997879,-0.028458230165017424,-0.001960408652327089,-0.19565214764206373,0.07453780888585555,-0.11334864217034285,0.00004493670786025384,0.00001021887990042535,0.00019764485185569925,0.0009012339713304365,0.004109756325941364,0.0008170202387583911,0.00009952777215783523,0.0011850905435434992,NaN,0,0,0,2,0.001396,0,0,0
641667650,0,5.213878994360245,14.010799952414105,0,0,0.004,-11.661240012583486,-6.610860865222345,4.534653064780864,0.005225674735134689,-0.048607837194670545,0.06877963390946906,-0.01747815901997879,-0.028458230165017424,-0.001960408652327089,-0.19565214764206373,0.07453780888585555,-0.11334864217034285,0.00004493670786025384,0.00001021887990042535,0.00019764485185569925,0.0009034976610903188,0.004238045498565664,0.0008268291285524141,0.00009952777255783523,0.0011850905835434993,NaN,0,0,0,3,0.0019549999999999997,0,0,0
641667654,0,5.20287532880837,13.809895439262267,0,0,0.004,-11.432548851293381,-6.784490386683095,4.213823830135519,0.005225674735134689,-0.048607837194670545,0.06877963390946906,-0.01747815901997879,-0.028458230165017424,-0.001960408652327089,-0.19565214764206373,0.07453780888585555,-0.11334864217034285,0.00004493670786025384,0.00001021887990042535,0.00019764485185569925,0.0009057645357389166,0.004368178168906659,0.0008366739115160464,0.00009952777295783524,0.0011850906235434994,NaN,0,0,0,3,0.00426,0,0,0
641667658,0,5.016015947228765,13.09266277754894,0,0,0.004,-10.670422927564942,-7.011254653421745,3.449032944602605,0.005225674735134689,-0.048607837194670545,0.06877963390946906,-0.01747815901997879,-0.028458230165017424,-0.001960408652327089,-0.19565214764206373,0.07453780888585555,-0.11334864217034285,0.00004493670786025384,0.00001021887990042535,0.00019764485185569925,0.0009080345952762426,0.004493692885855927,0.0008465503842989818,0.00009952777335783525,0.0011850906635434994,NaN,0,0,0,2,0.001397,0,0,0
641667662,0,4.799873625447107,11.857358236162485,0,0,0.004,-9.183645866988165,-7.290540730269433,2.5133319709110307,0.005225674735134689,-0.048607837194670545,0.06877963390946906,-0.01747815901997879,-0.028458230165017424,-0.001960408652327089,-0.19565214764206373,0.07453780888585555,-0.11334864217034285,0.00004493670786025384,0.00001021887990042535,0.00019764485185569925,0.0009103078397023096,0.0046060543529841715,0.0008564502739317246,0.00009952777375783525,0.0011850907035434995,NaN,0,0,0,2,0.001885,0,0,0
641667666,0,4.504709316067495,10.547950079830741,0,0,0.004,-7.573351238615498,-7.388083898881654,1.4827363609741564,0.005225674735134689,-0.048607837194670545,0.06877963390946906,-0.01747815901997879,-0.028458230165017424,-0.001960408652327089,-0.19565214764206373,0.07453780888585555,-0.11334864217034285,0.00004493670786025384,0.00001021887990042535,0.00019764485185569925,0.0009125842690171304,0.004702373462597949,0.0008663631941542767,0.00009952777415783526,0.0011850907435434995,NaN,0,0,0,2,0.001466,0,0,0
641667670,0,4.1170668727922966,9.738520808809636,0,0,0.004,-6.0515744735331705,-7.7414028684912966,1.076895689084031,0.005225674735134689,-0.048607837194670545,0.06877963390946906,-0.01747815901997879,-0.028458230165017424,-0.001960408652327089,-0.19565214764206373,0.07453780888585555,-0.11334864217034285,0.00004493670786025384,0.00001021887990042535,0.00019764485185569925,0.0009148638832207179,0.004783786722657002,0.0008762805199511478,0.00009952777455783527,0.0011850907835434996,NaN,0,0,0,2,0.000977,0,0,0
641667674,0,4.018043297545805,9.509115861859474,0,0,0.004,-5.63802606860284,-7.7829149774654836,0.9612831550306016,0.005225674735134689,-0.048607837194670545,0.06877963390946906,-0.01747815901997879,-0.028458230165017424,-0.001960408652327089,-0.19565214764206373,0.07453780888585555,-0.11334864217034285,0.00004493670786025384,0.00001021887990042535,0.00019764485185569925,0.0009171466823130849,0.004861773831760174,0.0008861946002957674,0.00009952777495783527,0.0011850908235434996,NaN,0,0,0,3,0.000978,0,0,0
641667678,0,3.7929252739311994,9.439719432260969,0,0,0.004,-4.314594120946564,-8.481983011746253,1.3408191277921535,0.005225674735134689,-0.048607837194670545,0.06877963390946906,-0.01747815901997879,-0.028458230165017424,-0.001960408652327089,-0.19565214764206373,0.07453780888585555,-0.11334864217034285,0.00004493670786025384,0.00001021887990042535,0.00019764485185569925,0.0009194326662942441,0.004927561113754233,0.0008961043810937771,0.00009952777535783528,0.0011850908635434997,NaN,0,0,0,2,0.001397,0,0,0
641667682,0,3.5956794320515524,9.456329113264392,0,0,0.004,-2.6522822471416667,-9.140984560604833,1.560335424931102,0.005225674735134689,-0.048607837194670545,0.06877963390946906,-0.01747815901997879,-0.028458230165017424,-0.001960408652327089,-0.19565214764206373,0.07453780888585555,-0.11334864217034285,0.00004493670786025384,0.00001021887990042535,0.00019764485185569925,0.0009217218351642084,0.004976623872984852,0.0009060033329358038,0.00009952777575783529,0.0011850909035434998,NaN,0,0,0,2,0.003771,0,0,0
641667686,0,3.42220528290466,9.780640970718034,0,0,0.004,-0.7610929721569225,-9.809427442228841,1.6782236909655897,0.005225674735134689,-0.048607837194670545,0.06877963390946906,-0.01747815901997879,-0.028458230165017424,-0.001960408652327089,-0.19565214764206373,0.07453780888585555,-0.11334864217034285,0.00004493670786025384,0.00001021887990042535,0.00019764485185569925,0.0009240141889229906,0.0050058402718122915,0.0009158843877111329,0.00009952777615783529,0.0011850909435434998,NaN,0,0,0,3,0.0009080000000000001,0,0,0
641667690,0,3.266347092609305,10.751978940618535,0,0,0.004,1.204442389756867,-10.633735921116818,2.373301894001594,0.005225674735134689,-0.048607837194670545,0.06877963390946906,-0.01747815901997879,-0.028458230165017424,-0.001960408652327089,-0.19565214764206373,0.07453780888585555,-0.11334864217034285,0.00004493670786025384,0.00001021887990042535,0.00019764485185569925,0.0009263097275706033,0.005015748884086663,0.000925739676364826,0.0000995277765578353,0.0011850909835434999,NaN,0,0,0,2,0.000977,0,0,0
641667694,0,3.229395102990299,11.160844514516912,0,0,0.004,1.8383119159055221,-10.931757293185518,2.536566118567455,0.005225674735134689,-0.048607837194670545,0.06877963390946906,-0.01747815901997879,-0.028458230165017424,-0.001960408652327089,-0.19565214764206373,0.07453780888585555,-0.11334864217034285,0.00004493670786025384,0.00001021887990042535,0.00019764485185569925,0.0009286084511070595,0.005019497097120157,0.0009355637464504878,0.0000995277769578353,0.0011850910235435,NaN,0,0,0,3,0.000977,0,0,0
641667698,0,3.1549836019653794,12.629425769274643,0,0,0.004,3.224143497093725,-11.883667485172914,3.6615634039996134,0.005225674735134689,-0.048607837194670545,0.06877963390946906,-0.01747815901997879,-0.028458230165017424,-0.001960408652327089,-0.19565214764206373,0.07453780888585555,-0.11334864217034285,0.00004493670786025384,0.00001021887990042535,0.00019764485185569925,0.0009309103595323719,0.005011826933456811,0.0009453548514068008,0.00009952777735783531,0.0011850910635435,NaN,0,0,0,3,0.0009080000000000001,0,0,0
641667702,0,3.1636080992063262,14.099624572892587,0,0,0.004,4.440031971343258,-12.75742935427374,4.752515280811455,0.005225674735134689,-0.048607837194670545,0.06877963390946906,-0.01747815901997879,-0.028458230165017424,-0.001960408652327089,-0.19565214764206373,0.07453780888585555,-0.11334864217034285,0.00004493670786025384,0.00001021887990042535,0.00019764485185569925,0.0009332154528465535,0.004995158854715645,0.0009551097546609375,0.00009952777775783532,0.0011850911035435,NaN,0,0,0,2,0.001396,0,0,0
641667706,0,3.2957127795926313,14.874353745322717,0,0,0.004,5.41171566031196,-13.176864826801602,4.989105380634987,0.005225674735134689,-0.048607837194670545,0.06877963390946906,-0.01747815901997879,-0.028458230165017424,-0.001960408652327089,-0.19565214764206373,0.07453780888585555,-0.11334864217034285,0.00004493670786025384,0.00001021887990042535,0.00019764485185569925,0.000935523731049617,0.004970326388376488,0.0009648265831321449,0.00009952777815783533,0.0011850911435435,NaN,0,0,0,2,0.001886,0,0,0
641667710,0,3.5605937789694795,15.336920951446535,0,0,0.004,6.4461563383831795,-13.306614327050042,4.818480914249436,0.005225674735134689,-0.048607837194670545,0.06877963390946906,-0.01747815901997879,-0.028458230165017424,-0.001960408652327089,-0.19565214764206373,0.07453780888585555,-0.11334864217034285,0.00004493670786025384,0.00001021887990042535,0.00019764485185569925,0.000937835194141575,0.004935973197704788,0.0009745036240989442,0.00009952777855783533,0.0011850911835435002,NaN,0,0,0,1,0.003772,0,0,0
641667714,0,3.6573905633019033,15.57156957825589,0,0,0.004,6.967602549765158,-13.38055439576559,4.643073762662908,0.005225674735134689,-0.048607837194670545,0.06877963390946906,-0.01747815901997879,-0.028458230165017424,-0.001960408652327089,-0.19565214764206373,0.07453780888585555,-0.11334864217034285,0.00004493670786025384,0.00001021887990042535,0.00019764485185569925,0.0009401498421224405,0.004897679665801372,0.0009841403108672092,0.00009952777895783534,0.0011850912235435002,NaN,0,0,0,3,0.001886,0,0,0
641667718,0,3.9819071302899527,15.70404378417263,0,0,0.004,8.0408216404175,-13.151087301404484,3.9403044570300434,0.005225674735134689,-0.048607837194670545,0.06877963390946906,-0.01747815901997879,-0.028458230165017424,-0.001960408652327089,-0.19565214764206373,0.07453780888585555,-0.11334864217034285,0.00004493670786025384,0.00001021887990042535,0.00019764485185569925,0.0009424676749922262,0.004848459256450106,0.000993737170905503,0.00009952777935783535,0.0011850912635435003,NaN,0,0,0,2,0.0019549999999999997,0,0,0
641667722,0,4.271601447792838,14.912464410088816,0,0,0.004,8.49937199539833,-12.230002488151497,2.539297110835898,0.005225674735134689,-0.048607837194670545,0.06877963390946906,-0.01747815901997879,-0.028458230165017424,-0.001960408652327089,-0.19565214764206373,0.07453780888585555,-0.11334864217034285,0.00004493670786025384,0.00001021887990042535,0.00019764485185569925,0.0009447886927509449,0.004792191849496204,0.0010032949395369349,0.00009952777975783535,0.0011850913035435003,NaN,0,0,0,3,0.000977,0,0,0
641667726,0,4.31584915281764,13.439510230288805,0,0,0.004,8.288659529039643,-10.770921995078025,0.9165501150409128,0.005225674735134689,-0.048607837194670545,0.06877963390946906,-0.01747815901997879,-0.028458230165017424,-0.001960408652327089,-0.19565214764206373,0.07453780888585555,-0.11334864217034285,0.00004493670786025384,0.00001021887990042535,0.00019764485185569925,0.0009471128953986096,0.004734319386687316,0.001012818384266195,0.00009952778015783536,0.0011850913435435004,NaN,0,0,0,2,0.001956,0,0,0
641667730,0,4.117868819396883,12.011873853563365,0,0,0.004,8.044792190420653,-9.126207869855449,-0.4406691232951623,0.005225674735134689,-0.048607837194670545,0.06877963390946906,-0.01747815901997879,-0.028458230165017424,-0.001960408652327089,-0.19565214764206373,0.07453780888585555,-0.11334864217034285,0.00004493670786025384,0.00001021887990042535,0.00019764485185569925,0.0009494402829352328,0.0046758506514122545,0.001022317695628258,0.00009952778055783536,0.0011850913835435004,NaN,0,0,0,2,0.001397,0,0,0
641667734,0,4.065750998227771,11.714039960423648,0,0,0.004,8.105835354712283,-8.617918868879498,-0.9518150772214966,0.005225674735134689,-0.048607837194670545,0.06877963390946906,-0.01747815901997879,-0.028458230165017424,-0.001960408652327089,-0.19565214764206373,0.07453780888585555,-0.11334864217034285,0.00004493670786025384,0.00001021887990042535,0.00019764485185569925,0.0009517708553608275,0.004632446081029811,0.0010318073074552393,0.00009952778095783537,0.0011850914235435005,NaN,0,0,0,1,0.001397,0,0,0
641667738,0,3.790555854190964,11.411186372845055,0,0,0.004,8.721331213761063,-7.284210324735312,-2.0194023660876885,0.005225674735134689,-0.048607837194670545,0.06877963390946906,-0.01747815901997879,-0.028458230165017424,-0.001960408652327089,-0.19565214764206373,0.07453780888585555,-0.11334864217034285,0.00004493670786025384,0.00001021887990042535,0.00019764485185569925,0.0009541046126754065,0.004606969190336462,0.001041292393897924,0.00009952778135783538,0.0011850914635435006,NaN,0,0,0,2,0.0038410000000000002,0,0,0
641667742,0,3.5132078281002435,11.388642698228189,0,0,0.004,9.435389481757726,-5.679868760377085,-3.2515182091617367,0.005225674735134689,-0.048607837194670545,0.06877963390946906,-0.01747815901997879,-0.028458230165017424,-0.001960408652327089,-0.19565214764206373,0.07453780888585555,-0.11334864217034285,0.00004493670786025384,0.00001021887990042535,0.00019764485185569925,0.0009564415548789825,0.004571251088841892,0.0010507846780642232,0.00009952778175783538,0.0011850915035435006,NaN,0,0,0,3,0.0014670000000000002,0,0,0
641667746,0,3.449613233297691,11.46750520513372,0,0,0.004,9.838388709016193,-4.179680968059436,-4.313620911726071,0.005225674735134689,-0.048607837194670545,0.06877963390946906,-0.01747815901997879,-0.028458230165017424,-0.001960408652327089,-0.19565214764206373,0.07453780888585555,-0.11334864217034285,0.00004493670786025384,0.00001021887990042535,0.00019764485185569925,0.0009587816819715684,0.004528106582403997,0.0010602976334136937,0.00009952778215783539,0.0011850915435435007,NaN,0,0,0,1,0.001397,0,0,0
641667750,0,3.6501833988949763,11.811597078964912,0,0,0.004,10.316552218038384,-2.9603318844971023,-5.008226713755513,0.005225674735134689,-0.048607837194670545,0.06877963390946906,-0.01747815901997879,-0.028458230165017424,-0.001960408652327089,-0.19565214764206373,0.07453780888585555,-0.11334864217034285,0.00004493670786025384,0.00001021887990042535,0.00019764485185569925,0.000961124993953177,0.004478256160721405,0.0010698440533370372,0.0000995277825578354,0.0011850915835435007,NaN,0,0,0,2,0.001397,0,0,0
641667754,0,3.76454511185133,11.847988564020207,0,0,0.004,10.399636799128812,-2.6254883754627754,-5.093988512178293,0.005225674735134689,-0.048607837194670545,0.06877963390946906,-0.01747815901997879,-0.028458230165017424,-0.001960408652327089,-0.19565214764206373,0.07453780888585555,-0.11334864217034285,0.00004493670786025384,0.00001021887990042535,0.00019764485185569925,0.000963471490823821,0.004429451934866855,0.0010794354722596516,0.0000995277829578354,0.0011850916235435008,NaN,0,0,0,2,0.001885,0,0,0
641667758,0,3.976023216349579,12.256757704744112,0,0,0.004,10.897333138132515,-2.0336957089991783,-5.264481794235694,0.005225674735134689,-0.048607837194670545,0.06877963390946906,-0.01747815901997879,-0.028458230165017424,-0.001960408652327089,-0.19565214764206373,0.07453780888585555,-0.11334864217034285,0.00004493670786025384,0.00001021887990042535,0.00019764485185569925,0.0009658211725835132,0.00437732515776099,0.0010890762156622142,0.00009952778335783541,0.0011850916635435008,NaN,0,0,0,2,0.001886,0,0,0
641667762,0,4.108107971004729,12.76291678992245,0,0,0.004,11.506461898301675,-1.2245543798319576,-5.389207820452472,0.005225674735134689,-0.048607837194670545,0.06877963390946906,-0.01747815901997879,-0.028458230165017424,-0.001960408652327089,-0.19565214764206373,0.07453780888585555,-0.11334864217034285,0.00004493670786025384,0.00001021887990042535,0.00019764485185569925,0.0009681740392322664,0.004320306895189729,0.0010987732626418268,0.00009952778375783542,0.001185091703543501,NaN,0,0,0,2,0.0014670000000000002,0,0,0
641667766,0,4.06319182596289,12.946360553431209,0,0,0.004,11.691796890019397,-0.24698663692088219,-5.518863216803577,0.005225674735134689,-0.048607837194670545,0.06877963390946906,-0.01747815901997879,-0.028458230165017424,-0.001960408652327089,-0.19565214764206373,0.07453780888585555,-0.11334864217034285,0.00004493670786025384,0.00001021887990042535,0.00019764485185569925,0.0009705300907700935,0.004260748316312984,0.0011085367711640265,0.00009952778415783542,0.001185091743543501,NaN,0,0,0,2,0.003352,0,0,0
641667770,0,3.8196673295095467,12.976641280177734,0,0,0.004,11.52497892543346,0.630414501798515,-5.859413325477214,0.005225674735134689,-0.048607837194670545,0.06877963390946906,-0.01747815901997879,-0.028458230165017424,-0.001960408652327089,-0.19565214764206373,0.07453780888585555,-0.11334864217034285,0.00004493670786025384,0.00001021887990042535,0.00019764485185569925,0.0009728893271970073,0.004201584381342567,0.0011183788840499038,0.00009952778455783543,0.001185091783543501,NaN,0,0,0,2,0.001466,0,0,0
641667774,0,3.7480522493000916,12.865494890062356,0,0,0.004,11.424927315995655,0.8158634591918223,-5.77837005706567,0.005225674735134689,-0.048607837194670545,0.06877963390946906,-0.01747815901997879,-0.028458230165017424,-0.001960408652327089,-0.19565214764206373,0.07453780888585555,-0.11334864217034285,0.00004493670786025384,0.00001021887990042535,0.00019764485185569925,0.0009752517485130206,0.004146026670278126,0.0011283082260944719,0.00009952778495783544,0.001185091823543501,NaN,0,0,0,2,0.001397,0,0,0
641667778,0,3.342319870249596,12.615584658739056,0,0,0.004,11.049126595691927,1.1748432942907507,-5.876249173346434,0.005225674735134689,-0.048607837194670545,0.06877963390946906,-0.01747815901997879,-0.028458230165017424,-0.001960408652327089,-0.19565214764206373,0.07453780888585555,-0.11334864217034285,0.00004493670786025384,0.00001021887990042535,0.00019764485185569925,0.0009776173547181462,0.004094544106428581,0.0011383277078877106,0.00009952778535783544,0.0011850918635435011,NaN,0,0,0,2,0.000978,0,0,0
641667782,0,2.758507599796611,12.256813678461416,0,0,0.004,10.395802191454372,1.5514736106744678,-6.1890251554602616,0.005225674735134689,-0.048607837194670545,0.06877963390946906,-0.01747815901997879,-0.028458230165017424,-0.001960408652327089,-0.19565214764206373,0.07453780888585555,-0.11334864217034285,0.00004493670786025384,0.00001021887990042535,0.00019764485185569925,0.0009799861458123968,0.004048122649204769,0.0011484409009107051,0.00009952778575783545,0.0011850919035435012,NaN,0,0,0,2,0.001466,0,0,0
641667786,0,2.1214798861360795,11.530515824489742,0,0,0.004,9.321248527518513,1.9842926597371415,-6.3556864330049,0.005225674735134689,-0.048607837194670545,0.06877963390946906,-0.01747815901997879,-0.028458230165017424,-0.001960408652327089,-0.19565214764206373,0.07453780888585555,-0.11334864217034285,0.00004493670786025384,0.00001021887990042535,0.00019764485185569925,0.0009823581217957853,0.004007913872840868,0.001158649542780921,0.00009952778615783546,0.0011850919435435012,NaN,0,0,0,2,0.001885,0,0,0
641667790,0,1.5680288041647172,10.728804234810772,0,0,0.004,8.052805422444873,2.454706538408315,-6.495138272773105,0.005225674735134689,-0.048607837194670545,0.06877963390946906,-0.01747815901997879,-0.028458230165017424,-0.001960408652327089,-0.19565214764206373,0.07453780888585555,-0.11334864217034285,0.00004493670786025384,0.00001021887990042535,0.00019764485185569925,0.0009847332826683245,0.003973797928384239,0.0011689573771709698,0.00009952778655783546,0.0011850919835435013,NaN,0,0,0,2,0.001885,0,0,0
641667794,0,1.447414053557832,10.476564844170657,0,0,0.004,7.659405508944972,2.5901570971100902,-6.501424253905793,0.005225674735134689,-0.048607837194670545,0.06877963390946906,-0.01747815901997879,-0.028458230165017424,-0.001960408652327089,-0.19565214764206373,0.07453780888585555,-0.11334864217034285,0.00004493670786025384,0.00001021887990042535,0.00019764485185569925,0.0009871116284300271,0.00394286108884085,0.0011793688244705342,0.00009952778695783547,0.0011850920235435014,NaN,0,0,0,2,0.000978,0,0,0
641667798,0,1.3002042297713448,10.040278141908093,0,0,0.004,6.7208351482648165,2.93723727698472,-6.683602186393243,0.005225674735134689,-0.048607837194670545,0.06877963390946906,-0.01747815901997879,-0.028458230165017424,-0.001960408652327089,-0.19565214764206373,0.07453780888585555,-0.11334864217034285,0.00004493670786025384,0.00001021887990042535,0.00019764485185569925,0.000989493159080906,0.003916020228654691,0.0011898851096777874,0.00009952778735783548,0.0011850920635435014,NaN,0,0,0,2,0.003282,0,0,0
641667802,0,1.442834017128811,9.779610539402888,0,0,0.004,5.6518952609333155,3.221250049196464,-7.121438960575592,0.005225674735134689,-0.048607837194670545,0.06877963390946906,-0.01747815901997879,-0.028458230165017424,-0.001960408652327089,-0.19565214764206373,0.07453780888585555,-0.11334864217034285,0.00004493670786025384,0.00001021887990042535,0.00019764485185569925,0.000991877874620974,0.003893621841367127,0.0012005085816412387,0.00009952778775783548,0.0011850921035435015,NaN,0,0,0,2,0.0014670000000000002,0,0,0
641667806,0,1.7894781255590628,9.529588782598239,0,0,0.004,4.680644627120756,3.4815891591447645,-7.346912740015587,0.005225674735134689,-0.048607837194670545,0.06877963390946906,-0.01747815901997879,-0.028458230165017424,-0.001960408652327089,-0.19565214764206373,0.07453780888585555,-0.11334864217034285,0.00004493670786025384,0.00001021887990042535,0.00019764485185569925,0.0009942657750502439,0.003874942104892852,0.0012112383222943907,0.00009952778815783549,0.0011850921435435015,NaN,0,0,0,2,0.0009080000000000001,0,0,0
641667810,0,2.1745585919485424,9.07410643254843,0,0,0.004,3.622710135806896,3.7324407005547924,-7.2331282748164725,0.005225674735134689,-0.048607837194670545,0.06877963390946906,-0.01747815901997879,-0.028458230165017424,-0.001960408652327089,-0.19565214764206373,0.07453780888585555,-0.11334864217034285,0.00004493670786025384,0.00001021887990042535,0.00019764485185569925,0.0009966568603687284,0.0038600013716344806,0.0012220751094246852,0.0000995277885578355,0.0011850921835435016,NaN,0,0,0,2,0.0009080000000000001,0,0,0
641667814,0,2.301270370224122,8.974498273451289,0,0,0.004,3.285020637822276,3.8289503941230967,-7.217175906989967,0.005225674735134689,-0.048607837194670545,0.06877963390946906,-0.01747815901997879,-0.028458230165017424,-0.001960408652327089,-0.19565214764206373,0.07453780888585555,-0.11334864217034285,0.00004493670786025384,0.00001021887990042535,0.00019764485185569925,0.0009990511305764402,0.0038466822883057696,0.001233022791064147,0.0000995277889578355,0.0011850922235435016,NaN,0,0,0,3,0.0018160000000000001,0,0,0
641667818,0,2.5243765740287487,8.652064756283902,0,0,0.004,2.420969633332331,3.9722330006525945,-7.080949612495324,0.005225674735134689,-0.048607837194670545,0.06877963390946906,-0.01747815901997879,-0.028458230165017424,-0.001960408652327089,-0.19565214764206373,0.07453780888585555,-0.11334864217034285,0.00004493670786025384,0.00001021887990042535,0.00019764485185569925,0.0010014485856733924,0.0038365464547738147,0.001244082416433694,0.00009952778935783551,0.0011850922635435017,NaN,0,0,0,2,0.0014670000000000002,0,0,0
641667822,0,2.665804396079673,8.51195200047398,0,0,0.004,1.508105607527917,4.117225880650028,-7.072950692754424,0.005225674735134689,-0.048607837194670545,0.06877963390946906,-0.01747815901997879,-0.028458230165017424,-0.001960408652327089,-0.19565214764206373,0.07453780888585555,-0.11334864217034285,0.00004493670786025384,0.00001021887990042535,0.00019764485185569925,0.0010038492256595978,0.0038296172586453924,0.0012552568558497968,0.00009952778975783552,0.0011850923035435018,NaN,0,0,0,3,0.001886,0,0,0
641667826,0,2.6322777895519986,8.513687602250078,0,0,0.004,0.8436759809158961,4.298970225770151,-7.068563088754907,0.005225674735134689,-0.048607837194670545,0.06877963390946906,-0.01747815901997879,-0.028458230165017424,-0.001960408652327089,-0.19565214764206373,0.07453780888585555,-0.11334864217034285,0.00004493670786025384,0.00001021887990042535,0.00019764485185569925,0.0010062530505350689,0.0038248129541169416,0.0012665478417702607,0.00009952779015783552,0.0011850923435435018,NaN,0,0,0,2,0.008171,0,0,0
641667830,0,2.4094357097798382,8.378747118856333,0,0,0.004,0.2893765195227952,4.3731991543870175,-6.900795985323954,0.005225674735134689,-0.048607837194670545,0.06877963390946906,-0.01747815901997879,-0.028458230165017424,-0.001960408652327089,-0.19565214764206373,0.07453780888585555,-0.11334864217034285,0.00004493670786025384,0.00001021887990042535,0.00019764485185569925,0.0010086600602998185,0.0038222114885329873,0.0012779575916345228,0.00009952779055783553,0.0011850923835435019,NaN,0,0,0,3,0.001397,0,0,0
641667834,0,2.344433197606138,8.354677441731097,0,0,0.004,0.09848871589576558,4.399033727498606,-6.859410158185007,0.005225674735134689,-0.048607837194670545,0.06877963390946906,-0.01747815901997879,-0.028458230165017424,-0.001960408652327089,-0.19565214764206373,0.07453780888585555,-0.11334864217034285,0.00004493670786025384,0.00001021887990042535,0.00019764485185569925,0.0010110702549538597,0.0038208002398307625,0.0012894885490542867,0.00009952779095783553,0.001185092423543502,NaN,0,0,0,3,0.001956,0,0,0
641667838,0,2.037446335475217,7.996675372993257,0,0,0.004,-0.43562550315642024,4.24501435998114,-6.514167135199773,0.005225674735134689,-0.048607837194670545,0.06877963390946906,-0.01747815901997879,-0.028458230165017424,-0.001960408652327089,-0.19565214764206373,0.07453780888585555,-0.11334864217034285,0.00004493670786025384,0.00001021887990042535,0.00019764485185569925,0.0010134836344972051,0.0038224746712309772,0.001301141478390662,0.00009952779135783554,0.001185092463543502,NaN,0,0,0,2,0.001885,0,0,0
641667842,0,1.6133254866462137,7.467444887982658,0,0,0.004,-0.9342972120890426,3.9949482170914674,-5.982679785061943,0.005225674735134689,-0.048607837194670545,0.06877963390946906,-0.01747815901997879,-0.028458230165017424,-0.001960408652327089,-0.19565214764206373,0.07453780888585555,-0.11334864217034285,0.00004493670786025384,0.00001021887990042535,0.00019764485185569925,0.0010159001989298675,0.00382744078029193,0.0013129179127262004,0.00009952779175783555,0.001185092503543502,NaN,0,0,0,2,0.001397,0,0,0
641667858,0,0.7778568570435418,5.523394352444344,0,0,0.016,-0.6735669414794793,2.786124704860974,-4.472694091763737,0.005225674735134689,-0.048607837194670545,0.06877963390946906,-0.01747815901997879,-0.028458230165017424,-0.001960408652327089,-0.19565214764206373,0.07453780888585555,-0.11334864217034285,0.00004493670786025384,0.00001021887990042535,0.00019764485185569925,0.0010255983055538539,0.003920474432889752,0.0013612364054507008,0.00009952779335783555,0.001185092663543502,NaN,0,0,0,2,0.0014670000000000002,0,0,0
641667862,0,0.8377234845763831,4.256320296757377,0,0,0.004,-0.3585098031811461,1.8836265948857787,-3.571438903544432,0.005225674735134689,-0.048607837194670545,0.06877963390946906,-0.01747815901997879,-0.028458230165017424,-0.001960408652327089,-0.19565214764206373,0.07453780888585555,-0.11334864217034285,0.00004493670786025384,0.00001021887990042535,0.00019764485185569925,0.0010280307944332168,0.003947440436552935,0.0013736418370678789,0.00009952779375783555,0.001185092703543502,NaN,0,0,0,2,0.0014670000000000002,0,0,0
641667866,0,1.0126292752502373,3.287511232017995,0,0,0.004,0.07176386749795205,1.044111420543434,-2.9256153962724527,0.005225674735134689,-0.048607837194670545,0.06877963390946906,-0.01747815901997879,-0.028458230165017424,-0.001960408652327089,-0.19565214764206373,0.07453780888585555,-0.11334864217034285,0.00004493670786025384,0.00001021887990042535,0.00019764485185569925,0.0010304664682019736,0.003971838896721151,0.0013861727100554877,0.00009952779415783556,0.0011850927435435022,NaN,0,0,0,3,0.00426,0,0,0
641667890,0,1.013365621727193,2.0088415945870604,0,0,0.024,1.460624291592766,-0.7260899132854679,-1.2127082454123883,0.005225674735134689,-0.048607837194670545,0.06877963390946906,-0.01747815901997879,-0.028458230165017424,-0.001960408652327089,-0.19565214764206373,0.07453780888585555,-0.11334864217034285,0.00004493670786025384,0.00001021887990042535,0.00019764485185569925,0.001045147393492149,0.004068599709333487,0.001463912323730652,0.00009952779655783556,0.001185092983543502,NaN,0,0,0,3,0.000978,0,0,0
641667894,0,1.0160559700458776,2.259175004664099,0,0,0.004,1.8838924492295908,-1.2506751067943063,-0.6820799666096633,0.005225674735134689,-0.048607837194670545,0.06877963390946906,-0.01747815901997879,-0.028458230165017424,-0.001960408652327089,-0.19565214764206373,0.07453780888585555,-0.11334864217034285,0.00004493670786025384,0.00001021887990042535,0.00019764485185569925,0.001047605361486829,0.004082513474593818,0.0014772787530192048,0.00009952779695783557,0.0011850930235435021,NaN,0,0,0,2,0.000978,0,0,0
641667950,0,0.7862808033405876,1.658094772942921,0,0,0.05,1.131881701646213,-1.4434296715716874,-0.040119167405679335,0.005225674735134689,-0.048607837194670545,0.06877963390946906,-0.01747815901997879,-0.028458230165017424,-0.001960408652327089,-0.19565214764206373,0.07453780888585555,-0.11334864217034285,0.00004493670786025384,0.00001021887990042535,0.00019764485185569925,0.0010785986864720353,0.004274144012607777,0.0016549977990159884,0.00009952780195783556,0.001185093523543502,NaN,0,0,0,2,0.001885,0,0,0
641667954,0,0.8136542059048463,1.634440732893966,0,0,0.004,0.9095716772472856,-1.5856303621420966,0.15595769823277728,0.005225674735134689,-0.048607837194670545,0.06877963390946906,-0.01747815901997879,-0.028458230165017424,-0.001960408652327089,-0.19565214764206373,0.07453780888585555,-0.11334864217034285,0.00004493670786025384,0.00001021887990042535,0.00019764485185569925,0.0010810996504750747,0.004294913383553111,0.0016701070351882322,0.00009952780235783557,0.0011850935635435021,NaN,0,0,0,2,0.000978,0,0,0
641667958,0,0.8011197139453433,1.5555804757516671,0,0,0.004,0.7557055003518639,-1.5783589763488772,0.2072850541624831,0.005225674735134689,-0.048607837194670545,0.06877963390946906,-0.01747815901997879,-0.028458230165017424,-0.001960408652327089,-0.19565214764206373,0.07453780888585555,-0.11334864217034285,0.00004493670786025384,0.00001021887990042535,0.00019764485185569925,0.0010836037993677832,0.004320578498655608,0.0016864954156321065,0.00009952780275783557,0.0011850936035435022,NaN,0,0,0,2,0.0009080000000000001,0,0,0
641667962,0,0.7797921964456946,1.5160429056024003,0,0,0.004,0.6399763569135876,-1.5716816699976055,0.35357907416739387,0.005225674735134689,-0.048607837194670545,0.06877963390946906,-0.01747815901997879,-0.028458230165017424,-0.001960408652327089,-0.19565214764206373,0.07453780888585555,-0.11334864217034285,0.00004493670786025384,0.00001021887990042535,0.00019764485185569925,0.0010861111331501735,0.004346020098219334,0.0017046844274451502,0.00009952780315783558,0.0011850936435435023,NaN,0,0,0,3,0.0009080000000000001,0,0,0
641667966,0,0.7688515864820078,1.5695637540466787,0,0,0.004,0.5912753373358487,-1.6054407301129248,0.5481383769940216,0.005225674735134689,-0.048607837194670545,0.06877963390946906,-0.01747815901997879,-0.028458230165017424,-0.001960408652327089,-0.19565214764206373,0.07453780888585555,-0.11334864217034285,0.00004493670786025384,0.00001021887990042535,0.00019764485185569925,0.0010886216518222584,0.004371317861551698,0.0017230268611094736,0.00009952780355783558,0.0011850936835435023,NaN,0,0,0,4,0.0038410000000000002,0,0,0
641667970,0,0.7660435337218807,1.6591612983181858,0,0,0.004,0.5173293953289316,-1.6971914862363648,0.6488359822837904,0.005225674735134689,-0.048607837194670545,0.06877963390946906,-0.01747815901997879,-0.028458230165017424,-0.001960408652327089,-0.19565214764206373,0.07453780888585555,-0.11334864217034285,0.00004493670786025384,0.00001021887990042535,0.00019764485185569925,0.0010911353553840508,0.004396964020960954,0.0017415253668608575,0.00009952780395783559,0.0011850937235435024,NaN,0,0,0,3,0.000978,0,0,0
641667974,0,0.7662807460774319,1.652819190210127,0,0,0.004,0.48642704695333994,-1.6877137838440708,0.6808300695413845,0.005225674735134689,-0.048607837194670545,0.06877963390946906,-0.01747815901997879,-0.028458230165017424,-0.001960408652327089,-0.19565214764206373,0.07453780888585555,-0.11334864217034285,0.00004493670786025384,0.00001021887990042535,0.00019764485185569925,0.0010936522438355634,0.004422658918950134,0.0017601820105939705,0.0000995278043578356,0.0011850937635435024,NaN,0,0,0,1,0.001466,0,0,0
641667982,0,0.7452602403346718,1.902794072505306,0,0,0.008,0.6597239448384197,-1.8890665908322657,0.7370916570930586,0.005225674735134689,-0.048607837194670545,0.06877963390946906,-0.01747815901997879,-0.028458230165017424,-0.001960408652327089,-0.19565214764206373,0.07453780888585555,-0.11334864217034285,0.00004493670786025384,0.00001021887990042535,0.00019764485185569925,0.0010986955754077941,0.004476214558006993,0.0017979537665159472,0.0000995278051578356,0.0011850938435435023,NaN,0,0,0,3,0.000978,0,0,0
641667986,0,0.72869235774654,2.2026446328411673,0,0,0.004,0.8534775062431993,-2.1413184522556783,0.7675118560537708,0.005225674735134689,-0.048607837194670545,0.06877963390946906,-0.01747815901997879,-0.028458230165017424,-0.001960408652327089,-0.19565214764206373,0.07453780888585555,-0.11334864217034285,0.00004493670786025384,0.00001021887990042535,0.00019764485185569925,0.0011012220185285316,0.004504452840052654,0.0018170876703050291,0.0000995278055578356,0.0011850938835435024,NaN,0,0,0,2,0.001397,0,0,0
641667990,0,0.7087949487335677,2.502979543422849,0,0,0.004,1.0884061904272837,-2.3623796339532017,0.8222503060135065,0.005225674735134689,-0.048607837194670545,0.06877963390946906,-0.01747815901997879,-0.028458230165017424,-0.001960408652327089,-0.19565214764206373,0.07453780888585555,-0.11334864217034285,0.00004493670786025384,0.00001021887990042535,0.00019764485185569925,0.0011037516465390404,0.004533911040018912,0.0018363801624022111,0.00009952780595783561,0.0011850939235435024,NaN,0,0,0,2,0.0009080000000000001,0,0,0
641667994,0,0.7029844920091185,2.5610438471042163,0,0,0.004,1.1427964602479221,-2.396222083030689,0.8434619692848475,0.005225674735134689,-0.048607837194670545,0.06877963390946906,-0.01747815901997879,-0.028458230165017424,-0.001960408652327089,-0.19565214764206373,0.07453780888585555,-0.11334864217034285,0.00004493670786025384,0.00001021887990042535,0.00019764485185569925,0.0011062844594393335,0.004563769446227597,0.001855830110977029,0.00009952780635783562,0.0011850939635435025,NaN,0,0,0,2,0.0014670000000000002,0,0,0
641667998,0,0.6847104800482128,2.728895268686583,0,0,0.004,1.3252249572869665,-2.4789623772515412,0.9017852908988058,0.005225674735134689,-0.048607837194670545,0.06877963390946906,-0.01747815901997879,-0.028458230165017424,-0.001960408652327089,-0.19565214764206373,0.07453780888585555,-0.11334864217034285,0.00004493670786025384,0.00001021887990042535,0.00019764485185569925,0.0011088204572294238,0.004594217056583401,0.001875437744207953,0.00009952780675783562,0.0011850940035435025,NaN,0,0,0,2,0.002444,0,0,0
641668002,0,0.6686089754279121,2.9204266832205814,0,0,0.004,1.5199055575729554,-2.570562888004373,0.9777292605364938,0.005225674735134689,-0.048607837194670545,0.06877963390946906,-0.01747815901997879,-0.028458230165017424,-0.001960408652327089,-0.19565214764206373,0.07453780888585555,-0.11334864217034285,0.00004493670786025384,0.00001021887990042535,0.00019764485185569925,0.001111359639909324,0.004625295094539593,0.0018952024023408392,0.00009952780715783563,0.0011850940435435026,NaN,0,0,0,2,0.001397,0,0,0
641668006,0,0.653633540143304,3.0698046142681976,0,0,0.004,1.6632545061218256,-2.6707417791755708,0.9575673196392298,0.005225674735134689,-0.048607837194670545,0.06877963390946906,-0.01747815901997879,-0.028458230165017424,-0.001960408652327089,-0.19565214764206373,0.07453780888585555,-0.11334864217034285,0.00004493670786025384,0.00001021887990042535,0.00019764485185569925,0.0011139020074790468,0.004657272182240209,0.001915123413659023,0.00009952780755783564,0.0011850940835435027,NaN,0,0,0,4,0.000977,0,0,0
641668010,0,0.6414113681014806,3.206931120900163,0,0,0.004,1.78994909688545,-2.796287752011409,0.8234937746348212,0.005225674735134689,-0.048607837194670545,0.06877963390946906,-0.01747815901997879,-0.028458230165017424,-0.001960408652327089,-0.19565214764206373,0.07453780888585555,-0.11334864217034285,0.00004493670786025384,0.00001021887990042535,0.00019764485185569925,0.001116447559938605,0.004690537048592954,0.0019351997958189095,0.00009952780795783564,0.0011850941235435027,NaN,0,0,0,3,0.001466,0,0,0
641668014,0,0.6388382242906397,3.2224186405734745,0,0,0.004,1.822433833775876,-2.802207584544229,0.78894233022862,0.005225674735134689,-0.048607837194670545,0.06877963390946906,-0.01747815901997879,-0.028458230165017424,-0.001960408652327089,-0.19565214764206373,0.07453780888585555,-0.11334864217034285,0.00004493670786025384,0.00001021887990042535,0.00019764485185569925,0.0011189962972880114,0.0047242610936011455,0.0019554297996816398,0.00009952780835783565,0.0011850941635435028,NaN,0,0,0,2,0.001466,0,0,0
641668018,0,0.6374149851479308,3.3021255984293663,0,0,0.004,1.9517491156490667,-2.841178203296768,0.6519702487092509,0.005225674735134689,-0.048607837194670545,0.06877963390946906,-0.01747815901997879,-0.028458230165017424,-0.001960408652327089,-0.19565214764206373,0.07453780888585555,-0.11334864217034285,0.00004493670786025384,0.00001021887990042535,0.00019764485185569925,0.0011215482195272787,0.004758823923433486,0.0019758133522359404,0.00009952780875783566,0.0011850942035435028,NaN,0,0,0,3,0.001466,0,0,0
641668022,0,0.6484769539992693,3.2470994675134386,0,0,0.004,2.0177779544899535,-2.7452340483879976,0.5241769866685999,0.005225674735134689,-0.048607837194670545,0.06877963390946906,-0.01747815901997879,-0.028458230165017424,-0.001960408652327089,-0.19565214764206373,0.07453780888585555,-0.11334864217034285,0.00004493670786025384,0.00001021887990042535,0.00019764485185569925,0.00112410332665642,0.0047934328213327885,0.001996348694216235,0.00009952780915783566,0.0011850942435435029,NaN,0,0,0,3,0.001886,0,0,0
641668026,0,0.675214047567333,3.025824953334565,0,0,0.004,1.9782555049199884,-2.508910012762601,0.3993885719519312,0.005225674735134689,-0.048607837194670545,0.06877963390946906,-0.01747815901997879,-0.028458230165017424,-0.001960408652327089,-0.19565214764206373,0.07453780888585555,-0.11334864217034285,0.00004493670786025384,0.00001021887990042535,0.00019764485185569925,0.001126661618675448,0.004827221962977139,0.002017034738292604,0.00009952780955783567,0.001185094283543503,NaN,0,0,0,2,0.001886,0,0,0
641668030,0,0.7113076948213203,2.773382149851697,0,0,0.004,1.8376464014940899,-2.3094813812395083,0.24339785902505717,0.005225674735134689,-0.048607837194670545,0.06877963390946906,-0.01747815901997879,-0.028458230165017424,-0.001960408652327089,-0.19565214764206373,0.07453780888585555,-0.11334864217034285,0.00004493670786025384,0.00001021887990042535,0.00019764485185569925,0.0011292230955843754,0.004860396541860925,0.0020378714358060927,0.00009952780995783568,0.001185094323543503,NaN,0,0,0,3,0.00426,0,0,0
641668034,0,0.7239260401937659,2.6742674575770597,0,0,0.004,1.8025895634120594,-2.210654915612671,0.1995660033430422,0.005225674735134689,-0.048607837194670545,0.06877963390946906,-0.01747815901997879,-0.028458230165017424,-0.001960408652327089,-0.19565214764206373,0.07453780888585555,-0.11334864217034285,0.00004493670786025384,0.00001021887990042535,0.00019764485185569925,0.001131787757383215,0.00489330403661527,0.002058859469647391,0.00009952781035783568,0.001185094363543503,NaN,0,0,0,3,0.001396,0,0,0
641668038,0,0.7549586613709935,2.4465321636077135,0,0,0.004,1.675256839530416,-2.0195157464983966,0.09154937425233456,0.005225674735134689,-0.048607837194670545,0.06877963390946906,-0.01747815901997879,-0.028458230165017424,-0.001960408652327089,-0.19565214764206373,0.07453780888585555,-0.11334864217034285,0.00004493670786025384,0.00001021887990042535,0.00019764485185569925,0.0011343556040719796,0.004925470266796136,0.0020799994429216207,0.00009952781075783569,0.0011850944035435031,NaN,0,0,0,2,0.0014670000000000002,0,0,0
641668042,0,0.776789778130309,2.1350943883978086,0,0,0.004,1.4527317950510863,-1.7810923272915156,-0.10950284941321797,0.005225674735134689,-0.048607837194670545,0.06877963390946906,-0.01747815901997879,-0.028458230165017424,-0.001960408652327089,-0.19565214764206373,0.07453780888585555,-0.11334864217034285,0.00004493670786025384,0.00001021887990042535,0.00019764485185569925,0.0011369266356506822,0.004956727100771228,0.0021012923791807825,0.0000995278111578357,0.0011850944435435032,NaN,0,0,0,3,0.000978,0,0,0
641668046,0,0.7797683606881396,1.842102085743709,0,0,0.004,1.1798434686450374,-1.5592840666849355,-0.34975692376774425,0.005225674735134689,-0.048607837194670545,0.06877963390946906,-0.01747815901997879,-0.028458230165017424,-0.001960408652327089,-0.19565214764206373,0.07453780888585555,-0.11334864217034285,0.00004493670786025384,0.00001021887990042535,0.00019764485185569925,0.0011395008521193355,0.0049872034148354715,0.0021227395569283903,0.0000995278115578357,0.0011850944835435032,NaN,0,0,0,2,0.000978,0,0,0
641668050,0,0.7645017459167168,1.678675700355335,0,0,0.004,0.9221795104911356,-1.4340168665722703,-0.5686308412392567,0.005225674735134689,-0.048607837194670545,0.06877963390946906,-0.01747815901997879,-0.028458230165017424,-0.001960408652327089,-0.19565214764206373,0.07453780888585555,-0.11334864217034285,0.00004493670786025384,0.00001021887990042535,0.00019764485185569925,0.0011420782534779523,0.00501743693816714,0.0021443425134478906,0.00009952781195783571,0.0011850945235435033,NaN,0,0,0,2,0.001397,0,0,0
641668054,0,0.7605877288172898,1.624671020907581,0,0,0.004,0.856276416365764,-1.3647811506368368,-0.6343186802430392,0.005225674735134689,-0.048607837194670545,0.06877963390946906,-0.01747815901997879,-0.028458230165017424,-0.001960408652327089,-0.19565214764206373,0.07453780888585555,-0.11334864217034285,0.00004493670786025384,0.00001021887990042535,0.00019764485185569925,0.0011446588397265452,0.005047490065199068,0.002166102843186055,0.00009952781235783571,0.0011850945635435033,NaN,0,0,0,2,0.0009069999999999999,0,0,0
641668058,0,0.7434956274576421,1.6063638809182297,0,0,0.004,0.638473210700986,-1.3783153442282574,-0.756001735177291,0.005225674735134689,-0.048607837194670545,0.06877963390946906,-0.01747815901997879,-0.028458230165017424,-0.001960408652327089,-0.19565214764206373,0.07453780888585555,-0.11334864217034285,0.00004493670786025384,0.00001021887990042535,0.00019764485185569925,0.001147242610865127,0.005077995819626766,0.002188021505980251,0.00009952781275783572,0.0011850946035435034,NaN,0,0,0,2,0.0029330000000000003,0,0,0
641668062,0,0.7270258362067344,1.6373465487542196,0,0,0.004,0.41033499838140985,-1.427240320024118,-0.8550235720032582,0.005225674735134689,-0.048607837194670545,0.06877963390946906,-0.01747815901997879,-0.028458230165017424,-0.001960408652327089,-0.19565214764206373,0.07453780888585555,-0.11334864217034285,0.00004493670786025384,0.00001021887990042535,0.00019764485185569925,0.0011498295668937108,0.005109152555252181,0.0022101005618276608,0.00009952781315783573,0.0011850946435435035,NaN,0,0,0,3,0.001397,0,0,0
641668066,0,0.7155132387139272,1.7072976040167094,0,0,0.004,0.22635861952464753,-1.4755971163536856,-0.9510617519162672,0.005225674735134689,-0.048607837194670545,0.06877963390946906,-0.01747815901997879,-0.028458230165017424,-0.001960408652327089,-0.19565214764206373,0.07453780888585555,-0.11334864217034285,0.00004493670786025384,0.00001021887990042535,0.00019764485185569925,0.0011524197078123092,0.005140968014294629,0.0022323423900503566,0.00009952781355783573,0.0011850946835435035,NaN,0,0,0,3,0.001397,0,0,0
641668070,0,0.7183725163428505,1.8730937264424923,0,0,0.004,0.11926313724083626,-1.6326776236856453,-1.0321050049255742,0.005225674735134689,-0.048607837194670545,0.06877963390946906,-0.01747815901997879,-0.028458230165017424,-0.001960408652327089,-0.19565214764206373,0.07453780888585555,-0.11334864217034285,0.00004493670786025384,0.00001021887990042535,0.00019764485185569925,0.0011550130336209351,0.0051741530671335105,0.0022547490061753574,0.00009952781395783574,0.0011850947235435036,NaN,0,0,0,3,0.001886,0,0,0
641668074,0,0.7232801575991771,1.8997490356284605,0,0,0.004,0.08180036645810829,-1.648478160531092,-1.0547442359315848,0.005225674735134689,-0.048607837194670545,0.06877963390946906,-0.01747815901997879,-0.028458230165017424,-0.001960408652327089,-0.19565214764206373,0.07453780888585555,-0.11334864217034285,0.00004493670786025384,0.00001021887990042535,0.00019764485185569925,0.0011576095443196013,0.005207678903136478,0.00227732177507828,0.00009952781435783575,0.0011850947635435036,NaN,0,0,0,3,0.001397,0,0,0
641668078,0,0.744846705967133,2.01097083937694,0,0,0.004,0.1469434437667042,-1.8673337261623721,-0.9378358316162405,0.005225674735134689,-0.048607837194670545,0.06877963390946906,-0.01747815901997879,-0.028458230165017424,-0.001960408652327089,-0.19565214764206373,0.07453780888585555,-0.11334864217034285,0.00004493670786025384,0.00001021887990042535,0.00019764485185569925,0.0011602092399083206,0.005242634453756238,0.002300061861066325,0.00009952781475783575,0.0011850948035435037,NaN,0,0,0,2,0.001397,0,0,0
641668082,0,0.7832804819618696,2.1610357708289625,0,0,0.004,0.2957433341946035,-2.1493915618481294,-0.7008904672933429,0.005225674735134689,-0.048607837194670545,0.06877963390946906,-0.01747815901997879,-0.028458230165017424,-0.001960408652327089,-0.19565214764206373,0.07453780888585555,-0.11334864217034285,0.00004493670786025384,0.00001021887990042535,0.00019764485185569925,0.0011628121203871057,0.005279235626399104,0.002322970425002737,0.00009952781515783576,0.0011850948435435037,NaN,0,0,0,2,0.000977,0,0,0
641668086,0,0.8188791767417689,2.3729644759919375,0,0,0.004,0.45805814140946854,-2.4214172240005443,-0.5062629282069704,0.005225674735134689,-0.048607837194670545,0.06877963390946906,-0.01747815901997879,-0.028458230165017424,-0.001960408652327089,-0.19565214764206373,0.07453780888585555,-0.11334864217034285,0.00004493670786025384,0.00001021887990042535,0.00019764485185569925,0.0011654181857559695,0.005317556823586663,0.002346048629613474,0.00009952781555783577,0.0011850948835435038,NaN,0,0,0,2,0.002863,0,0,0
641668102,0,0.8384226752930932,3.0106846075658127,0,0,0.016,1.2000510308140702,-2.9494104359423883,-0.09655598825451328,0.005225674735134689,-0.048607837194670545,0.06877963390946906,-0.01747815901997879,-0.028458230165017424,-0.001960408652327089,-0.19565214764206373,0.07453780888585555,-0.11334864217034285,0.00004493670786025384,0.00001021887990042535,0.00019764485185569925,0.0011758742961323772,0.005485551776207433,0.0024399744371000564,0.00009952781715783577,0.0011850950435435038,NaN,0,0,0,2,0.001396,0,0,0
641668106,0,0.8233857483988235,3.413434331366848,0,0,0.004,1.572602718935455,-3.2334283696399684,0.14070040075033496,0.005225674735134689,-0.048607837194670545,0.06877963390946906,-0.01747815901997879,-0.028458230165017424,-0.001960408652327089,-0.19565214764206373,0.07453780888585555,-0.11334864217034285,0.00004493670786025384,0.00001021887990042535,0.00019764485185569925,0.0011784962859517495,0.005530197637576614,0.0024638915474564397,0.00009952781755783577,0.0011850950835435039,NaN,0,0,0,2,0.000977,0,0,0
641668110,0,0.8017121428089067,3.5677143038916013,0,0,0.004,1.7385312856107005,-3.3201037988256674,0.2529576515124976,0.005225674735134689,-0.048607837194670545,0.06877963390946906,-0.01747815901997879,-0.028458230165017424,-0.001960408652327089,-0.19565214764206373,0.07453780888585555,-0.11334864217034285,0.00004493670786025384,0.00001021887990042535,0.00019764485185569925,0.0011811214606612772,0.005575733457540469,0.002487976202641112,0.00009952781795783578,0.001185095123543504,NaN,0,0,0,2,0.0019549999999999997,0,0,0
641668114,0,0.7964745699388709,3.5767824464836977,0,0,0.004,1.7775490166208585,-3.307012469456331,0.2963626666831676,0.005225674735134689,-0.048607837194670545,0.06877963390946906,-0.01747815901997879,-0.028458230165017424,-0.001960408652327089,-0.19565214764206373,0.07453780888585555,-0.11334864217034285,0.00004493670786025384,0.00001021887990042535,0.00019764485185569925,0.001183749820260973,0.005621559822894706,0.0025122281680661804,0.00009952781835783579,0.001185095163543504,NaN,0,0,0,2,0.0014670000000000002,0,0,0
641668118,0,0.7805991458297884,3.5587678783946997,0,0,0.004,1.8788680360430807,-3.2255114274271524,0.33938254635059906,0.005225674735134689,-0.048607837194670545,0.06877963390946906,-0.01747815901997879,-0.028458230165017424,-0.001960408652327089,-0.19565214764206373,0.07453780888585555,-0.11334864217034285,0.00004493670786025384,0.00001021887990042535,0.00019764485185569925,0.00118638136475085,0.005667130819968274,0.0025366480509850884,0.00009952781875783579,0.001185095203543504,NaN,0,0,0,2,0.001397,0,0,0
641668122,0,0.7668790452265808,3.4644530531317437,0,0,0.004,1.9491858493147265,-3.0662050614783842,0.3905413442578247,0.005225674735134689,-0.048607837194670545,0.06877963390946906,-0.01747815901997879,-0.028458230165017424,-0.001960408652327089,-0.19565214764206373,0.07453780888585555,-0.11334864217034285,0.00004493670786025384,0.00001021887990042535,0.00019764485185569925,0.0011890160941309207,0.005711772280233209,0.0025612358108105925,0.0000995278191578358,0.001185095243543504,NaN,0,0,0,2,0.001397,0,0,0
641668126,0,0.7628255453574537,3.2665038399736006,0,0,0.004,1.8766679528214008,-2.876541865535186,0.38113391412263375,0.005225674735134689,-0.048607837194670545,0.06877963390946906,-0.01747815901997879,-0.028458230165017424,-0.001960408652327089,-0.19565214764206373,0.07453780888585555,-0.11334864217034285,0.00004493670786025384,0.00001021887990042535,0.00019764485185569925,0.001191654008401198,0.005755307500959135,0.00258599177402676,0.0000995278195578358,0.0011850952835435042,NaN,0,0,0,2,0.003771,0,0,0
641668130,0,0.774729383756276,3.0382604047280335,0,0,0.004,1.6915007343211714,-2.728988574284168,0.3190402075922698,0.005225674735134689,-0.048607837194670545,0.06877963390946906,-0.01747815901997879,-0.028458230165017424,-0.001960408652327089,-0.19565214764206373,0.07453780888585555,-0.11334864217034285,0.00004493670786025384,0.00001021887990042535,0.00019764485185569925,0.001194295107561695,0.0057981313652861605,0.0026109173333720105,0.00009952781995783581,0.0011850953235435042,NaN,0,0,0,2,0.001397,0,0,0
641668134,0,0.7804880967186124,2.9417830279807347,0,0,0.004,1.6421686414999415,-2.646212371152984,0.3054734733219302,0.005225674735134689,-0.048607837194670545,0.06877963390946906,-0.01747815901997879,-0.028458230165017424,-0.001960408652327089,-0.19565214764206373,0.07453780888585555,-0.11334864217034285,0.00004493670786025384,0.00001021887990042535,0.00019764485185569925,0.0011969393916124243,0.0058406412389697526,0.002636014674216626,0.00009952782035783582,0.0011850953635435043,NaN,0,0,0,1,0.001466,0,0,0
641668138,0,0.808404160210615,2.7540350362950226,0,0,0.004,1.4151762231080336,-2.5672245375018257,0.18703611234524153,0.005225674735134689,-0.048607837194670545,0.06877963390946906,-0.01747815901997879,-0.028458230165017424,-0.001960408652327089,-0.19565214764206373,0.07453780888585555,-0.11334864217034285,0.00004493670786025384,0.00001021887990042535,0.00019764485185569925,0.0011995868605533986,0.005883060118103186,0.0026612849656008743,0.00009952782075783583,0.0011850954035435043,NaN,0,0,0,2,0.001466,0,0,0
641668142,0,0.8513420261344973,2.5609300642777413,0,0,0.004,1.154049147290824,-2.482279018939491,0.054636827253123244,0.005225674735134689,-0.048607837194670545,0.06877963390946906,-0.01747815901997879,-0.028458230165017424,-0.001960408652327089,-0.19565214764206373,0.07453780888585555,-0.11334864217034285,0.00004493670786025384,0.00001021887990042535,0.00019764485185569925,0.0012022375143846307,0.005925339744884608,0.0026867305560580594,0.00009952782115783583,0.0011850954435435044,NaN,0,0,0,2,0.0014670000000000002,0,0,0
641668158,0,0.9729336872605032,2.313252274338885,0,0,0.016,0.534989291441018,-2.347569251568915,-0.44932048730476204,0.005225674735134689,-0.048607837194670545,0.06877963390946906,-0.01747815901997879,-0.028458230165017424,-0.001960408652327089,-0.19565214764206373,0.07453780888585555,-0.11334864217034285,0.00004493670786025384,0.00001021887990042535,0.00019764485185569925,0.0012128719786123035,0.006096750824044973,0.0027902059024597025,0.00009952782275783583,0.0011850956035435044,NaN,0,0,0,2,0.001886,0,0,0
641668162,0,1.0339151192286509,2.5184176233851825,0,0,0.004,0.07389819220232108,-2.5142000160180777,-0.7492762818823007,0.005225674735134689,-0.048607837194670545,0.06877963390946906,-0.01747815901997879,-0.028458230165017424,-0.001960408652327089,-0.19565214764206373,0.07453780888585555,-0.11334864217034285,0.00004493670786025384,0.00001021887990042535,0.00019764485185569925,0.00121553855689494,0.006142529011468153,0.0028165599334887873,0.00009952782315783584,0.0011850956435435045,NaN,0,0,0,1,0.0018160000000000001,0,0,0
641668166,0,1.0665377911975584,2.708230119879554,0,0,0.004,-0.21958303810272406,-2.6422534998266194,-0.8963116050762725,0.005225674735134689,-0.048607837194670545,0.06877963390946906,-0.01747815901997879,-0.028458230165017424,-0.001960408652327089,-0.19565214764206373,0.07453780888585555,-0.11334864217034285,0.00004493670786025384,0.00001021887990042535,0.00019764485185569925,0.0012182083200679111,0.006190156165667173,0.002843102552538133,0.00009952782355783584,0.0011850956835435045,NaN,0,0,0,2,0.001397,0,0,0
641668190,0,1.0948629019452043,2.0412000696059143,0,0,0.024,-0.45778362170204756,-1.9953334248504906,-0.564536979817369,0.005225674735134689,-0.048607837194670545,0.06877963390946906,-0.01747815901997879,-0.028458230165017424,-0.001960408652327089,-0.19565214764206373,0.07453780888585555,-0.11334864217034285,0.00004493670786025384,0.00001021887990042535,0.00019764485185569925,0.00123429378180313,0.0064405082477049,0.003006026547595782,0.00009952782595783584,0.0011850959235435044,NaN,0,0,0,2,0.003353,0,0,0
641668194,0,1.111632432631227,1.8641513142824273,0,0,0.004,-0.5389568753445538,-1.8058942928532205,-0.47026216009615496,0.005225674735134689,-0.048607837194670545,0.06877963390946906,-0.01747815901997879,-0.028458230165017424,-0.001960408652327089,-0.19565214764206373,0.07453780888585555,-0.11334864217034285,0.00004493670786025384,0.00001021887990042535,0.00019764485185569925,0.00123698583920861,0.006480998101289632,0.0030339528047392634,0.00009952782635783585,0.0011850959635435045,NaN,0,0,0,2,0.001397,0,0,0
641668198,0,1.1110688875785877,1.9333859457303897,0,0,0.004,-0.4686768690928934,-1.927228784251998,-0.40750725570949875,0.005225674735134689,-0.048607837194670545,0.06877963390946906,-0.01747815901997879,-0.028458230165017424,-0.001960408652327089,-0.19565214764206373,0.07453780888585555,-0.11334864217034285,0.00004493670786025384,0.00001021887990042535,0.00019764485185569925,0.0012396810815045272,0.0065227468557341696,0.0030620839434626593,0.00009952782675783586,0.0011850960035435045,NaN,0,0,0,2,0.000978,0,0,0
641668202,0,1.1043413884093491,2.077013377541201,0,0,0.004,-0.3209046442475757,-2.135614167109062,-0.33982711010483513,0.005225674735134689,-0.048607837194670545,0.06877963390946906,-0.01747815901997879,-0.028458230165017424,-0.001960408652327089,-0.19565214764206373,0.07453780888585555,-0.11334864217034285,0.00004493670786025384,0.00001021887990042535,0.00019764485185569925,0.0012423795086908941,0.006566646496341888,0.003090420604337061,0.00009952782715783586,0.0011850960435435046,NaN,0,0,0,2,0.001397,0,0,0
641668206,0,1.0951010282799554,2.311369626004896,0,0,0.004,-0.05374245394407662,-2.4393419553067313,-0.18108945231892015,0.005225674735134689,-0.048607837194670545,0.06877963390946906,-0.01747815901997879,-0.028458230165017424,-0.001960408652327089,-0.19565214764206373,0.07453780888585555,-0.11334864217034285,0.00004493670786025384,0.00001021887990042535,0.00019764485185569925,0.0012450811207677238,0.006613503358419492,0.0031189626054568213,0.00009952782755783587,0.0011850960835435046,NaN,0,0,0,2,0.001397,0,0,0
641668210,0,1.0879286524735357,2.662384054766779,0,0,0.004,0.2583005000534372,-2.805839068920685,-0.025239055404242094,0.005225674735134689,-0.048607837194670545,0.06877963390946906,-0.01747815901997879,-0.028458230165017424,-0.001960408652327089,-0.19565214764206373,0.07453780888585555,-0.11334864217034285,0.00004493670786025384,0.00001021887990042535,0.00019764485185569925,0.001247785917735029,0.006664063843792597,0.00314770899865295,0.00009952782795783587,0.0011850961235435047,NaN,0,0,0,2,0.001466,0,0,0
641668214,0,1.086206135426495,2.7173802837604657,0,0,0.004,0.3494102615275475,-2.855451554428648,0.032150408361312444,0.005225674735134689,-0.048607837194670545,0.06877963390946906,-0.01747815901997879,-0.028458230165017424,-0.001960408652327089,-0.19565214764206373,0.07453780888585555,-0.11334864217034285,0.00004493670786025384,0.00001021887990042535,0.00019764485185569925,0.0012504938995928224,0.0067153894937121055,0.003176658229371554,0.00009952782835783588,0.0011850961635435048,NaN,0,0,0,2,0.001956,0,0,0
641668218,0,1.076383876011249,2.921079099229825,0,0,0.004,0.5305133258646745,-3.0387235336604954,0.12128509792407272,0.005225674735134689,-0.048607837194670545,0.06877963390946906,-0.01747815901997879,-0.028458230165017424,-0.001960408652327089,-0.19565214764206373,0.07453780888585555,-0.11334864217034285,0.00004493670786025384,0.00001021887990042535,0.00019764485185569925,0.001253205066341117,0.006768833856261213,0.003205810571493247,0.00009952782875783589,0.0011850962035435048,NaN,0,0,0,2,0.0032830000000000003,0,0,0
641668222,0,1.0657762001647118,3.1296260526193236,0,0,0.004,0.715231614754945,-3.214629831908492,0.25375332566326314,0.005225674735134689,-0.048607837194670545,0.06877963390946906,-0.01747815901997879,-0.028458230165017424,-0.001960408652327089,-0.19565214764206373,0.07453780888585555,-0.11334864217034285,0.00004493670786025384,0.00001021887990042535,0.00019764485185569925,0.0012559194179799253,0.006824288265720248,0.0032351654858850305,0.0000995278291578359,0.0011850962435435049,NaN,0,0,0,2,0.0014670000000000002,0,0,0
641668226,0,1.0522272864218503,3.3479595165057727,0,0,0.004,0.8951960118133743,-3.386558445333897,0.42975957294033407,0.005225674735134689,-0.048607837194670545,0.06877963390946906,-0.01747815901997879,-0.028458230165017424,-0.001960408652327089,-0.19565214764206373,0.07453780888585555,-0.11334864217034285,0.00004493670786025384,0.00001021887990042535,0.00019764485185569925,0.0012586369545092603,0.0068816838675411175,0.00326472261027692,0.0000995278295578359,0.001185096283543505,NaN,0,0,0,2,0.0018160000000000001,0,0,0
641668230,0,1.0411402058527748,3.625467778196504,0,0,0.004,1.043548841264342,-3.614743656334296,0.6248160774643114,0.005225674735134689,-0.048607837194670545,0.06877963390946906,-0.01747815901997879,-0.028458230165017424,-0.001960408652327089,-0.19565214764206373,0.07453780888585555,-0.11334864217034285,0.00004493670786025384,0.00001021887990042535,0.00019764485185569925,0.0012613576759291348,0.006941680488872429,0.0032944818486977975,0.00009952782995783591,0.001185096323543505,NaN,0,0,0,2,0.0019549999999999997,0,0,0
641668234,0,1.0379053520226431,3.6599907951771486,0,0,0.004,1.083827136200016,-3.6285007493905326,0.6963793401164207,0.005225674735134689,-0.048607837194670545,0.06877963390946906,-0.01747815901997879,-0.028458230165017424,-0.001960408652327089,-0.19565214764206373,0.07453780888585555,-0.11334864217034285,0.00004493670786025384,0.00001021887990042535,0.00019764485185569925,0.0012640815822395615,0.007002291028740678,0.0033244434759127934,0.00009952783035783591,0.001185096363543505,NaN,0,0,0,2,0.000978,0,0,0
641668238,0,1.0308996074165415,3.7857429802953266,0,0,0.004,1.167658792397103,-3.7124927935048886,0.8329827459433847,0.005225674735134689,-0.048607837194670545,0.06877963390946906,-0.01747815901997879,-0.028458230165017424,-0.001960408652327089,-0.19565214764206373,0.07453780888585555,-0.11334864217034285,0.00004493670786025384,0.00001021887990042535,0.00019764485185569925,0.0012668086734405532,0.0070641764255552275,0.0033546082587927405,0.00009952783075783592,0.001185096403543505,NaN,0,0,0,1,0.001885,0,0,0
641668242,0,1.0313181824533346,3.8683058707215214,0,0,0.004,1.229115454004026,-3.746227375372552,0.9984555051649036,0.005225674735134689,-0.048607837194670545,0.06877963390946906,-0.01747815901997879,-0.028458230165017424,-0.001960408652327089,-0.19565214764206373,0.07453780888585555,-0.11334864217034285,0.00004493670786025384,0.00001021887990042535,0.00019764485185569925,0.0012695389495321228,0.007126750802007814,0.0033849768386312673,0.00009952783115783593,0.0011850964435435052,NaN,0,0,0,2,0.001886,0,0,0
641668246,0,1.044214646048606,3.87755542220949,0,0,0.004,1.241466563276877,-3.7108169956645147,1.1592251499937891,0.005225674735134689,-0.048607837194670545,0.06877963390946906,-0.01747815901997879,-0.028458230165017424,-0.001960408652327089,-0.19565214764206373,0.07453780888585555,-0.11334864217034285,0.00004493670786025384,0.00001021887990042535,0.00019764485185569925,0.001272272410514283,0.007189258310914737,0.0034155502404767143,0.00009952783155783593,0.0011850964835435052,NaN,0,0,0,3,0.00426,0,0,0
641668250,0,1.0847946358117366,3.8231752708453426,0,0,0.004,1.1903666370935686,-3.6245080624679815,1.3037739477225099,0.005225674735134689,-0.048607837194670545,0.06877963390946906,-0.01747815901997879,-0.028458230165017424,-0.001960408652327089,-0.19565214764206373,0.07453780888585555,-0.11334864217034285,0.00004493670786025384,0.00001021887990042535,0.00019764485185569925,0.0012750090563870466,0.007251138411701103,0.003446329980353307,0.00009952783195783594,0.0011850965235435053,NaN,0,0,0,2,0.001956,0,0,0
641668254,0,1.1006423746405014,3.764717505030616,0,0,0.004,1.1931254618385743,-3.539953189739066,1.3584797821794954,0.005225674735134689,-0.048607837194670545,0.06877963390946906,-0.01747815901997879,-0.028458230165017424,-0.001960408652327089,-0.19565214764206373,0.07453780888585555,-0.11334864217034285,0.00004493670786025384,0.00001021887990042535,0.00019764485185569925,0.0012777488871504265,0.007312588669127322,0.003477318124400189,0.00009952783235783595,0.0011850965635435053,NaN,0,0,0,2,0.0014670000000000002,0,0,0
641668258,0,1.1638720359105583,3.5544830268146748,0,0,0.004,1.094766963044592,-3.3193489368264135,1.4069909974993262,0.005225674735134689,-0.048607837194670545,0.06877963390946906,-0.01747815901997879,-0.028458230165017424,-0.001960408652327089,-0.19565214764206373,0.07453780888585555,-0.11334864217034285,0.00004493670786025384,0.00001021887990042535,0.00019764485185569925,0.0012804919028044353,0.007371946667735399,0.0035085156758013656,0.00009952783275783595,0.0011850966035435054,NaN,0,0,0,2,0.001397,0,0,0
641668262,0,1.266077363483557,3.3151611970251698,0,0,0.004,0.9867679476287013,-3.0820218289590295,1.4119816063238897,0.005225674735134689,-0.048607837194670545,0.06877963390946906,-0.01747815901997879,-0.028458230165017424,-0.001960408652327089,-0.19565214764206373,0.07453780888585555,-0.11334864217034285,0.00004493670786025384,0.00001021887990042535,0.00019764485185569925,0.0012832381033490861,0.007429009967812081,0.0035399247275051168,0.00009952783315783596,0.0011850966435435054,NaN,0,0,0,2,0.001397,0,0,0
641668266,0,1.3886192004837152,3.1100489199145027,0,0,0.004,0.8362926728220127,-2.9091189462640363,1.3785293849209577,0.005225674735134689,-0.048607837194670545,0.06877963390946906,-0.01747815901997879,-0.028458230165017424,-0.001960408652327089,-0.19565214764206373,0.07453780888585555,-0.11334864217034285,0.00004493670786025384,0.00001021887990042535,0.00019764485185569925,0.0012859874887843916,0.007484558310962195,0.0035715472481793855,0.00009952783355783597,0.0011850966835435055,NaN,0,0,0,2,0.001886,0,0,0
641668270,0,1.509415498984393,2.945728631420748,0,0,0.004,0.4906177196984519,-2.87114119762035,1.2111462572838825,0.005225674735134689,-0.048607837194670545,0.06877963390946906,-0.01747815901997879,-0.028458230165017424,-0.001960408652327089,-0.19565214764206373,0.07453780888585555,-0.11334864217034285,0.00004493670786025384,0.00001021887990042535,0.00019764485185569925,0.0012887400591103644,0.0075404522359174995,0.00360338548551263,0.00009952783395783597,0.0011850967235435056,NaN,0,0,0,2,0.0014670000000000002,0,0,0
641668274,0,1.5473609436713542,2.8576873725796537,0,0,0.004,0.44533148918523324,-2.797752675759528,1.169828952548718,0.005225674735134689,-0.048607837194670545,0.06877963390946906,-0.01747815901997879,-0.028458230165017424,-0.001960408652327089,-0.19565214764206373,0.07453780888585555,-0.11334864217034285,0.00004493670786025384,0.00001021887990042535,0.00019764485185569925,0.0012914958143270176,0.007595983521105568,0.0036354431393455272,0.00009952783435783598,0.0011850967635435056,NaN,0,0,0,2,0.0034230000000000003,0,0,0
641668278,0,1.5994756342695524,2.6812760017422845,0,0,0.004,0.08734349529351582,-2.724692107773347,0.9038684942294868,0.005225674735134689,-0.048607837194670545,0.06877963390946906,-0.01747815901997879,-0.028458230165017424,-0.001960408652327089,-0.19565214764206373,0.07453780888585555,-0.11334864217034285,0.00004493670786025384,0.00001021887990042535,0.00019764485185569925,0.0012942547544343638,0.007651526071741008,0.0036677212931741426,0.00009952783475783599,0.0011850968035435057,NaN,0,0,0,2,0.001466,0,0,0
641668282,0,1.6044661030715417,2.536718458135752,0,0,0.004,-0.28792817038233476,-2.618525171716348,0.5988980028527937,0.005225674735134689,-0.048607837194670545,0.06877963390946906,-0.01747815901997879,-0.028458230165017424,-0.001960408652327089,-0.19565214764206373,0.07453780888585555,-0.11334864217034285,0.00004493670786025384,0.00001021887990042535,0.00019764485185569925,0.0012970168794324158,0.00770666571969554,0.0037002233707623257,0.00009952783515783599,0.0011850968435435057,NaN,0,0,0,2,0.001397,0,0,0
641668286,0,1.5451866187837853,2.49651656434188,0,0,0.004,-0.6013378169393254,-2.5389295964370895,0.36142661654698216,0.005225674735134689,-0.048607837194670545,0.06877963390946906,-0.01747815901997879,-0.028458230165017424,-0.001960408652327089,-0.19565214764206373,0.07453780888585555,-0.11334864217034285,0.00004493670786025384,0.00001021887990042535,0.00019764485185569925,0.0012997821893211865,0.007761569906774062,0.003732952844165126,0.000099527835557836,0.0011850968835435058,NaN,0,0,0,2,0.001466,0,0,0
641668290,0,1.4286233289047703,2.6346578457742638,0,0,0.004,-1.0210201959283607,-2.539203814649933,0.19456670483900318,0.005225674735134689,-0.048607837194670545,0.06877963390946906,-0.01747815901997879,-0.028458230165017424,-0.001960408652327089,-0.19565214764206373,0.07453780888585555,-0.11334864217034285,0.00004493670786025384,0.00001021887990042535,0.00019764485185569925,0.0013025506841006888,0.007817118606600088,0.0037659129084182687,0.000099527835957836,0.0011850969235435058,NaN,0,0,0,2,0.0018160000000000001,0,0,0
641668294,0,1.39448458689615,2.618167160757089,0,0,0.004,-1.1013683450168208,-2.4809894825924896,0.15920643956297376,0.005225674735134689,-0.048607837194670545,0.06877963390946906,-0.01747815901997879,-0.028458230165017424,-0.001960408652327089,-0.19565214764206373,0.07453780888585555,-0.11334864217034285,0.00004493670786025384,0.00001021887990042535,0.00019764485185569925,0.0013053223637709353,0.007872311272683837,0.0037991083332738025,0.00009952783635783601,0.001185096963543506,NaN,0,0,0,1,0.001466,0,0,0
641668298,0,1.249979514934043,2.7581107876275044,0,0,0.004,-1.362137278973456,-2.4938148011512853,0.10253867724572885,0.005225674735134689,-0.048607837194670545,0.06877963390946906,-0.01747815901997879,-0.028458230165017424,-0.001960408652327089,-0.19565214764206373,0.07453780888585555,-0.11334864217034285,0.00004493670786025384,0.00001021887990042535,0.00019764485185569925,0.0013080972283319387,0.007928113430533797,0.0038325408147879465,0.00009952783675783602,0.001185097003543506,NaN,0,0,0,2,0.0019549999999999997,0,0,0
641668302,0,1.0742814944716643,3.0497884597175546,0,0,0.004,-1.5664053649367955,-2.708437820588687,0.08291841013516965,0.005225674735134689,-0.048607837194670545,0.06877963390946906,-0.01747815901997879,-0.028458230165017424,-0.001960408652327089,-0.19565214764206373,0.07453780888585555,-0.11334864217034285,0.00004493670786025384,0.00001021887990042535,0.00019764485185569925,0.001310875277783712,0.007987186455392979,0.003866213993862073,0.00009952783715783603,0.001185097043543506,NaN,0,0,0,3,0.002863,0,0,0
641668306,0,0.9344140304143188,3.334518337863957,0,0,0.004,-1.6089828886126156,-3.016250661377847,0.11067168397088878,0.005225674735134689,-0.048607837194670545,0.06877963390946906,-0.01747815901997879,-0.028458230165017424,-0.001960408652327089,-0.19565214764206373,0.07453780888585555,-0.11334864217034285,0.00004493670786025384,0.00001021887990042535,0.00019764485185569925,0.0013136565121262681,0.008050797006674503,0.0039001310869468384,0.00009952783755783603,0.001185097083543506,NaN,0,0,0,2,0.0009080000000000001,0,0,0
641668310,0,0.874781102186038,3.5660085863256175,0,0,0.004,-1.5542270888046854,-3.3108366944587253,0.20965692018065596,0.005225674735134689,-0.048607837194670545,0.06877963390946906,-0.01747815901997879,-0.028458230165017424,-0.001960408652327089,-0.19565214764206373,0.07453780888585555,-0.11334864217034285,0.00004493670786025384,0.00001021887990042535,0.00019764485185569925,0.0013164409313596195,0.008118766416595235,0.00393429372774596,0.00009952783795783604,0.0011850971235435061,NaN,0,0,0,2,0.001466,0,0,0
641668314,0,0.8755138620085309,3.6067035616776413,0,0,0.004,-1.553594737356466,-3.3557754779654534,0.2459899448681977,0.005225674735134689,-0.048607837194670545,0.06877963390946906,-0.01747815901997879,-0.028458230165017424,-0.001960408652327089,-0.19565214764206373,0.07453780888585555,-0.11334864217034285,0.00004493670786025384,0.00001021887990042535,0.00019764485185569925,0.001319228535483779,0.008187853335257757,0.003968702770518451,0.00009952783835783604,0.0011850971635435062,NaN,0,0,0,1,0.001397,0,0,0
641668318,0,0.8994826731200507,3.6749479301289036,0,0,0.004,-1.4475316497093176,-3.470746520999228,0.4622658705930558,0.005225674735134689,-0.048607837194670545,0.06877963390946906,-0.01747815901997879,-0.028458230165017424,-0.001960408652327089,-0.19565214764206373,0.07453780888585555,-0.11334864217034285,0.00004493670786025384,0.00001021887990042535,0.00019764485185569925,0.0013220193244987597,0.008258762694482655,0.004003359396757466,0.00009952783875783605,0.0011850972035435062,NaN,0,0,0,2,0.001466,0,0,0
641668322,0,0.9298413743277849,3.6257574065844667,0,0,0.004,-1.2128479104873295,-3.475052845924165,0.7708869838291896,0.005225674735134689,-0.048607837194670545,0.06877963390946906,-0.01747815901997879,-0.028458230165017424,-0.001960408652327089,-0.19565214764206373,0.07453780888585555,-0.11334864217034285,0.00004493670786025384,0.00001021887990042535,0.00019764485185569925,0.0013248132984045743,0.008329829091353873,0.004038264466470523,0.00009952783915783606,0.0011850972435435063,NaN,0,0,0,2,0.0019549999999999997,0,0,0
641668326,0,0.935541156777777,3.437896638329896,0,0,0.004,-0.9871349037889491,-3.2857437953870994,1.062880672478638,0.005225674735134689,-0.048607837194670545,0.06877963390946906,-0.01747815901997879,-0.028458230165017424,-0.001960408652327089,-0.19565214764206373,0.07453780888585555,-0.11334864217034285,0.00004493670786025384,0.00001021887990042535,0.00019764485185569925,0.0013276104572012355,0.008398319526040487,0.004073417782197755,0.00009952783955783606,0.0011850972835435064,NaN,0,0,0,2,0.001397,0,0,0
641668330,0,0.9044721211570347,3.184753219337655,0,0,0.004,-0.8406118981711249,-2.9847920969950046,1.274601149481276,0.005225674735134689,-0.048607837194670545,0.06877963390946906,-0.01747815901997879,-0.028458230165017424,-0.001960408652327089,-0.19565214764206373,0.07453780888585555,-0.11334864217034285,0.00004493670786025384,0.00001021887990042535,0.00019764485185569925,0.0013304108008887563,0.008462692407049993,0.004108819109278404,0.00009952783995783607,0.0011850973235435064,NaN,0,0,0,2,0.001397,0,0,0
641668334,0,0.895355490777779,3.0906842323984485,0,0,0.004,-0.8306893398870486,-2.8553713733475035,1.3403271671737667,0.005225674735134689,-0.048607837194670545,0.06877963390946906,-0.01747815901997879,-0.028458230165017424,-0.001960408652327089,-0.19565214764206373,0.07453780888585555,-0.11334864217034285,0.00004493670786025384,0.00001021887990042535,0.00019764485185569925,0.0013332143294671492,0.00852559645566414,0.00414446865742116,0.00009952784035783608,0.0011850973635435065,NaN,0,0,0,3,0.0038410000000000002,0,0,0
641668338,0,0.8451870861688867,2.823620229061076,0,0,0.004,-0.8280561074658691,-2.5094742310156324,1.418632612879323,0.005225674735134689,-0.048607837194670545,0.06877963390946906,-0.01747815901997879,-0.028458230165017424,-0.001960408652327089,-0.19565214764206373,0.07453780888585555,-0.11334864217034285,0.00004493670786025384,0.00001021887990042535,0.00019764485185569925,0.0013360210429364272,0.0085837648918821,0.004180367502103111,0.00009952784075783608,0.0011850974035435065,NaN,0,0,0,2,0.001956,0,0,0
641668342,0,0.7776428804061255,2.613441672256063,0,0,0.004,-0.8631258452005216,-2.204775561743978,1.4769928759103,0.005225674735134689,-0.048607837194670545,0.06877963390946906,-0.01747815901997879,-0.028458230165017424,-0.001960408652327089,-0.19565214764206373,0.07453780888585555,-0.11334864217034285,0.00004493670786025384,0.00001021887990042535,0.00019764485185569925,0.001338830941296603,0.008637734183324237,0.0042165168563996405,0.00009952784115783609,0.0011850974435435066,NaN,0,0,0,2,0.001397,0,0,0
641668346,0,0.6990708419084458,2.4190422119334465,0,0,0.004,-0.9644520089183318,-1.899100599857388,1.4751186472780358,0.005225674735134689,-0.048607837194670545,0.06877963390946906,-0.01747815901997879,-0.028458230165017424,-0.001960408652327089,-0.19565214764206373,0.07453780888585555,-0.11334864217034285,0.00004493670786025384,0.00001021887990042535,0.00019764485185569925,0.0013416440245476893,0.008687485486181331,0.004252918270136249,0.0000995278415578361,0.0011850974835435066,NaN,0,0,0,3,0.000978,0,0,0
641668350,0,0.6370048270888703,2.2979872375174955,0,0,0.004,-1.147909672303629,-1.6740452814263602,1.3785742176073654,0.005225674735134689,-0.048607837194670545,0.06877963390946906,-0.01747815901997879,-0.028458230165017424,-0.001960408652327089,-0.19565214764206373,0.07453780888585555,-0.11334864217034285,0.00004493670786025384,0.00001021887990042535,0.00019764485185569925,0.001344460292689699,0.008734274751986132,0.004289573780892202,0.0000995278419578361,0.0011850975235435067,NaN,0,0,0,2,0.0018160000000000001,0,0,0
641668354,0,0.6198740649731397,2.2554909539538563,0,0,0.004,-1.2171423717517853,-1.5745365571898953,1.348985759712031,0.005225674735134689,-0.048607837194670545,0.06877963390946906,-0.01747815901997879,-0.028458230165017424,-0.001960408652327089,-0.19565214764206373,0.07453780888585555,-0.11334864217034285,0.00004493670786025384,0.00001021887990042535,0.00019764485185569925,0.0013472797457226451,0.008779856323183228,0.004326485941655093,0.00009952784235783611,0.0011850975635435068,NaN,0,0,0,2,0.0009080000000000001,0,0,0
641668358,0,0.5868439150559573,2.222050964908694,0,0,0.004,-1.3549552044812323,-1.4563927728857646,1.261300271334063,0.005225674735134689,-0.048607837194670545,0.06877963390946906,-0.01747815901997879,-0.028458230165017424,-0.001960408652327089,-0.19565214764206373,0.07453780888585555,-0.11334864217034285,0.00004493670786025384,0.00001021887990042535,0.00019764485185569925,0.0013501023836465403,0.008823983837684207,0.004363656335802701,0.00009952784275783612,0.0011850976035435068,NaN,0,0,0,3,0.000978,0,0,0
641668362,0,0.5627234401002001,2.1806091059258303,0,0,0.004,-1.5009445754570767,-1.314919592291034,1.1302213186380747,0.005225674735134689,-0.048607837194670545,0.06877963390946906,-0.01747815901997879,-0.028458230165017424,-0.001960408652327089,-0.19565214764206373,0.07453780888585555,-0.11334864217034285,0.00004493670786025384,0.00001021887990042535,0.00019764485185569925,0.0013529282064613972,0.008866306991392679,0.004401087099252626,0.00009952784315783612,0.0011850976435435069,NaN,0,0,0,2,0.00433,0,0,0
641668366,0,0.5516250923003979,2.185940595138644,0,0,0.004,-1.6632990977601918,-1.2181964752806997,0.959409378803981,0.005225674735134689,-0.048607837194670545,0.06877963390946906,-0.01747815901997879,-0.028458230165017424,-0.001960408652327089,-0.19565214764206373,0.07453780888585555,-0.11334864217034285,0.00004493670786025384,0.00001021887990042535,0.00019764485185569925,0.0013557572141672288,0.008907509942049422,0.004438780298121178,0.00009952784355783613,0.001185097683543507,NaN,0,0,0,3,0.001466,0,0,0
641668370,0,0.5558412098722662,2.2369574587309056,0,0,0.004,-1.7940297372462588,-1.1957820794835743,0.8200469883092936,0.005225674735134689,-0.048607837194670545,0.06877963390946906,-0.01747815901997879,-0.028458230165017424,-0.001960408652327089,-0.19565214764206373,0.07453780888585555,-0.11334864217034285,0.00004493670786025384,0.00001021887990042535,0.00019764485185569925,0.001358589406764048,0.008948672315426558,0.0044767380488952855,0.00009952784395783614,0.001185097723543507,NaN,0,0,0,2,0.001885,0,0,0
641668374,0,0.5573710828894713,2.2431306564938183,0,0,0.004,-1.835476668096934,-1.1589495716428124,0.7778170684666197,0.005225674735134689,-0.048607837194670545,0.06877963390946906,-0.01747815901997879,-0.028458230165017424,-0.001960408652327089,-0.19565214764206373,0.07453780888585555,-0.11334864217034285,0.00004493670786025384,0.00001021887990042535,0.00019764485185569925,0.0013614247842518672,0.008989455173601254,0.004514962268201072,0.00009952784435783614,0.001185097763543507,NaN,0,0,0,2,0.000978,0,0,0
641668378,0,0.5707001652014476,2.326383431803712,0,0,0.004,-1.9312300514075762,-1.168624812006269,0.7660881628054188,0.005225674735134689,-0.048607837194670545,0.06877963390946906,-0.01747815901997879,-0.028458230165017424,-0.001960408652327089,-0.19565214764206373,0.07453780888585555,-0.11334864217034285,0.00004493670786025384,0.00001021887990042535,0.00019764485185569925,0.0013642633466306995,0.00903054528015965,0.0045534543061644915,0.00009952784475783615,0.001185097803543507,NaN,0,0,0,3,0.000978,0,0,0
641668382,0,0.5856030324771425,2.3722413361487966,0,0,0.004,-1.921419109589328,-1.2943659966795311,0.7458877081564843,0.005225674735134689,-0.048607837194670545,0.06877963390946906,-0.01747815901997879,-0.028458230165017424,-0.001960408652327089,-0.19565214764206373,0.07453780888585555,-0.11334864217034285,0.00004493670786025384,0.00001021887990042535,0.00019764485185569925,0.0013671050939005577,0.009073773686981456,0.004592216312594659,0.00009952784515783616,0.0011850978435435072,NaN,0,0,0,3,0.001397,0,0,0
641668386,0,0.6060768009281026,2.2563878293253876,0,0,0.004,-1.6975308198215537,-1.4391873326059799,0.6943716275141991,0.005225674735134689,-0.048607837194670545,0.06877963390946906,-0.01747815901997879,-0.028458230165017424,-0.001960408652327089,-0.19565214764206373,0.07453780888585555,-0.11334864217034285,0.00004493670786025384,0.00001021887990042535,0.00019764485185569925,0.0013699500260614546,0.00911949275035298,0.004631249165339775,0.00009952784555783616,0.0011850978835435072,NaN,0,0,0,3,0.00859,0,0,0
641668390,0,0.640240832710583,2.1481864605091903,0,0,0.004,-1.372003217411077,-1.6361149406336744,0.7065368447245586,0.005225674735134689,-0.048607837194670545,0.06877963390946906,-0.01747815901997879,-0.028458230165017424,-0.001960408652327089,-0.19565214764206373,0.07453780888585555,-0.11334864217034285,0.00004493670786025384,0.00001021887990042535,0.00019764485185569925,0.001372798143113403,0.009168503196175928,0.004670551056215933,0.00009952784595783617,0.0011850979235435073,NaN,0,0,0,3,0.00468,0,0,0
641668394,0,0.651193611315584,2.1030106425093926,0,0,0.004,-1.2720198676539645,-1.6619054972583152,0.7121782099158391,0.005225674735134689,-0.048607837194670545,0.06877963390946906,-0.01747815901997879,-0.028458230165017424,-0.001960408652327089,-0.19565214764206373,0.07453780888585555,-0.11334864217034285,0.00004493670786025384,0.00001021887990042535,0.00019764485185569925,0.0013756494450564156,0.00921812883891367,0.00471011921222981,0.00009952784635783618,0.0011850979635435073,NaN,0,0,0,3,0.001466,0,0,0
641668398,0,0.6834194891029765,2.038528540654942,0,0,0.004,-1.0283283653017516,-1.7414909321873757,0.7789358257886807,0.005225674735134689,-0.048607837194670545,0.06877963390946906,-0.01747815901997879,-0.028458230165017424,-0.001960408652327089,-0.19565214764206373,0.07453780888585555,-0.11334864217034285,0.00004493670786025384,0.00001021887990042535,0.00019764485185569925,0.0013785039318905054,0.009269192496870533,0.0047499535138515936,0.00009952784675783618,0.0011850980035435074,NaN,0,0,0,2,0.001885,0,0,0
641668402,0,0.7232200359384808,1.965215730258112,0,0,0.004,-0.7526585773781992,-1.7905906054201515,0.8371470720259087,0.005225674735134689,-0.048607837194670545,0.06877963390946906,-0.01747815901997879,-0.028458230165017424,-0.001960408652327089,-0.19565214764206373,0.07453780888585555,-0.11334864217034285,0.00004493670786025384,0.00001021887990042535,0.00019764485185569925,0.001381361603615685,0.00932123678960844,0.004790052361473748,0.00009952784715783619,0.0011850980435435074,NaN,0,0,0,2,0.001397,0,0,0
641668406,0,0.7659558531096439,1.7905990172440012,0,0,0.004,-0.39443858776039675,-1.7046974910113901,0.8967029008805305,0.005225674735134689,-0.048607837194670545,0.06877963390946906,-0.01747815901997879,-0.028458230165017424,-0.001960408652327089,-0.19565214764206373,0.07453780888585555,-0.11334864217034285,0.00004493670786025384,0.00001021887990042535,0.00019764485185569925,0.0013842224602319672,0.009372088409299942,0.004830413691245394,0.0000995278475578362,0.0011850980835435075,NaN,0,0,0,2,0.001397,0,0,0
641668410,0,0.7904030533273758,1.5748387537674335,0,0,0.004,-0.10833241276006056,-1.5124376374436672,0.9157493902974245,0.005225674735134689,-0.048607837194670545,0.06877963390946906,-0.01747815901997879,-0.028458230165017424,-0.001960408652327089,-0.19565214764206373,0.07453780888585555,-0.11334864217034285,0.00004493670786025384,0.00001021887990042535,0.00019764485185569925,0.0013870865017393647,0.009420023052751797,0.00487103439776628,0.0000995278479578362,0.0011850981235435076,NaN,0,0,0,2,0.001397,0,0,0
641668414,0,0.798119998694534,1.4839013115400317,0,0,0.004,-0.010638107358645565,-1.4133090595941973,0.9228644344862182,0.005225674735134689,-0.048607837194670545,0.06877963390946906,-0.01747815901997879,-0.028458230165017424,-0.001960408652327089,-0.19565214764206373,0.07453780888585555,-0.11334864217034285,0.00004493670786025384,0.00001021887990042535,0.00019764485185569925,0.0013899537281378905,0.00946653272003579,0.004911912025753924,0.00009952784835783621,0.0011850981635435076,NaN,0,0,0,2,0.0014670000000000002,0,0,0
641668418,0,0.7856631304559556,1.3091934539152457,0,0,0.004,0.10193278727930866,-1.2283507235210231,0.8939056059621446,0.005225674735134689,-0.048607837194670545,0.06877963390946906,-0.01747815901997879,-0.028458230165017424,-0.001960408652327089,-0.19565214764206373,0.07453780888585555,-0.11334864217034285,0.00004493670786025384,0.00001021887990042535,0.00019764485185569925,0.0013928241394275574,0.009510202672898191,0.004953046333729328,0.00009952784875783621,0.0011850982035435077,NaN,0,0,0,2,0.003353,0,0,0
641668422,0,0.7498677061530153,1.2217220321247055,0,0,0.004,0.21745041595690495,-1.0985476545403854,0.9126293449142207,0.005225674735134689,-0.048607837194670545,0.06877963390946906,-0.01747815901997879,-0.028458230165017424,-0.001960408652327089,-0.19565214764206373,0.07453780888585555,-0.11334864217034285,0.00004493670786025384,0.00001021887990042535,0.00019764485185569925,0.0013956977356083782,0.009551878971869824,0.004994436732066168,0.00009952784915783622,0.0011850982435435077,NaN,0,0,0,1,0.001886,0,0,0
641668426,0,0.6948728496549973,1.044518368248598,0,0,0.004,0.38361959996736295,-0.8764565132533495,0.8435124687991706,0.005225674735134689,-0.048607837194670545,0.06877963390946906,-0.01747815901997879,-0.028458230165017424,-0.001960408652327089,-0.19565214764206373,0.07453780888585555,-0.11334864217034285,0.00004493670786025384,0.00001021887990042535,0.00019764485185569925,0.0013985745166803657,0.00959005149936053,0.005036082784792833,0.00009952784955783623,0.0011850982835435078,NaN,0,0,0,2,0.001397,0,0,0
641668430,0,0.6368388622859672,0.9147049765128386,0,0,0.004,0.5343081477997785,-0.6383885519574619,0.7878769940399639,0.005225674735134689,-0.048607837194670545,0.06877963390946906,-0.01747815901997879,-0.028458230165017424,-0.001960408652327089,-0.19565214764206373,0.07453780888585555,-0.11334864217034285,0.00004493670786025384,0.00001021887990042535,0.00019764485185569925,0.0014014544826435325,0.009624408135931156,0.0050779830435256305,0.00009952784995783623,0.0011850983235435078,NaN,0,0,0,2,0.000978,0,0,0
641668434,0,0.6258579060170983,0.8676012286261389,0,0,0.004,0.5705688067078204,-0.5334493659494297,0.7692287291493205,0.005225674735134689,-0.048607837194670545,0.06877963390946906,-0.01747815901997879,-0.028458230165017424,-0.001960408652327089,-0.19565214764206373,0.07453780888585555,-0.11334864217034285,0.00004493670786025384,0.00001021887990042535,0.00019764485185569925,0.0014043376334978916,0.009657116562341042,0.00512013629441581,0.00009952785035783624,0.001185098363543508,NaN,0,0,0,2,0.001397,0,0,0
641668438,0,0.6169399346505011,0.8531473625114205,0,0,0.004,0.5491660300765046,-0.44405459004571757,0.8202187822976565,0.005225674735134689,-0.048607837194670545,0.06877963390946906,-0.01747815901997879,-0.028458230165017424,-0.001960408652327089,-0.19565214764206373,0.07453780888585555,-0.11334864217034285,0.00004493670786025384,0.00001021887990042535,0.00019764485185569925,0.0014072239692434559,0.009688395753832447,0.00516254289052006,0.00009952785075783625,0.001185098403543508,NaN,0,0,0,2,0.001397,0,0,0
641668442,0,0.6362761974165896,0.8535530370081725,0,0,0.004,0.509195293982245,-0.4094440269651629,0.8651488891507828,0.005225674735134689,-0.048607837194670545,0.06877963390946906,-0.01747815901997879,-0.028458230165017424,-0.001960408652327089,-0.19565214764206373,0.07453780888585555,-0.11334864217034285,0.00004493670786025384,0.00001021887990042535,0.00019764485185569925,0.0014101134898802379,0.009719162851196304,0.005205204198107115,0.00009952785115783625,0.001185098443543508,NaN,0,0,0,3,0.001956,0,0,0
641668446,0,0.6942747189347666,0.8037645449475712,0,0,0.004,0.45898984067742366,-0.3684619280425747,0.8508662200419881,0.005225674735134689,-0.048607837194670545,0.06877963390946906,-0.01747815901997879,-0.028458230165017424,-0.001960408652327089,-0.19565214764206373,0.07453780888585555,-0.11334864217034285,0.00004493670786025384,0.00001021887990042535,0.00019764485185569925,0.0014130061954082504,0.009749331250778625,0.005248121796391966,0.00009952785155783626,0.001185098483543508,NaN,0,0,0,2,0.003771,0,0,0
641668450,0,0.7640016870289248,0.8426707401383297,0,0,0.004,0.4007262388533467,-0.42799082458530324,0.9042748923555912,0.005225674735134689,-0.048607837194670545,0.06877963390946906,-0.01747815901997879,-0.028458230165017424,-0.001960408652327089,-0.19565214764206373,0.07453780888585555,-0.11334864217034285,0.00004493670786025384,0.00001021887990042535,0.00019764485185569925,0.0014159020858275065,0.009780573258295434,0.0052912971588902164,0.00009952785195783627,0.0011850985235435081,NaN,0,0,0,2,0.001956,0,0,0
641668454,0,0.7881618551644894,0.8319023796967366,0,0,0.004,0.3476339071452653,-0.41813542066789466,0.9185040287586599,0.005225674735134689,-0.048607837194670545,0.06877963390946906,-0.01747815901997879,-0.028458230165017424,-0.001960408652327089,-0.19565214764206373,0.07453780888585555,-0.11334864217034285,0.00004493670786025384,0.00001021887990042535,0.00019764485185569925,0.0014188011611380189,0.009811735739453384,0.005334732139918025,0.00009952785235783627,0.0011850985635435082,NaN,0,0,0,2,0.001397,0,0,0
641668458,0,0.8298641797925899,0.9905316571894875,0,0,0.004,0.29080250214294534,-0.5017325319375963,1.080550216885344,0.005225674735134689,-0.048607837194670545,0.06877963390946906,-0.01747815901997879,-0.028458230165017424,-0.001960408652327089,-0.19565214764206373,0.07453780888585555,-0.11334864217034285,0.00004493670786025384,0.00001021887990042535,0.00019764485185569925,0.0014217034213398004,0.009844373109835991,0.005378428390852835,0.00009952785275783628,0.0011850986035435082,NaN,0,0,0,3,0.0014670000000000002,0,0,0
641668462,0,0.8392544974213964,1.2369616589078154,0,0,0.004,0.21063461203150224,-0.6079144034986801,1.3221342592979006,0.005225674735134689,-0.048607837194670545,0.06877963390946906,-0.01747815901997879,-0.028458230165017424,-0.001960408652327089,-0.19565214764206373,0.07453780888585555,-0.11334864217034285,0.00004493670786025384,0.00001021887990042535,0.00019764485185569925,0.0014246088664328638,0.00987889283913432,0.0054223882269372895,0.00009952785315783629,0.0011850986435435083,NaN,0,0,0,3,0.001397,0,0,0
641668466,0,0.8068383848217223,1.4304974335121394,0,0,0.004,0.08710898659393351,-0.7225936959447135,1.4921713692880854,0.005225674735134689,-0.048607837194670545,0.06877963390946906,-0.01747815901997879,-0.028458230165017424,-0.001960408652327089,-0.19565214764206373,0.07453780888585555,-0.11334864217034285,0.00004493670786025384,0.00001021887990042535,0.00019764485185569925,0.0014275174964172217,0.009915501500212129,0.005466614587947132,0.00009952785355783629,0.0011850986835435084,NaN,0,0,0,3,0.001397,0,0,0
641668490,0,0.6184317749419738,2.021936439808016,0,0,0.024,-0.46433892430629153,-0.8830202311778745,1.9919999321690511,0.005225674735134689,-0.048607837194670545,0.06877963390946906,-0.01747815901997879,-0.028458230165017424,-0.001960408652327089,-0.19565214764206373,0.07453780888585555,-0.11334864217034285,0.00004493670786025384,0.00001021887990042535,0.00019764485185569925,0.0014450361590409215,0.01015674505917128,0.005736897386258214,0.00009952785595783629,0.0011850989235435083,NaN,0,0,0,3,0.0014670000000000002,0,0,0
641668494,0,0.7101491381871187,2.2131720314766548,0,0,0.004,-0.5956484091660069,-0.9326798968023302,2.1455545600883887,0.005225674735134689,-0.048607837194670545,0.06877963390946906,-0.01747815901997879,-0.028458230165017424,-0.001960408652327089,-0.19565214764206373,0.07453780888585555,-0.11334864217034285,0.00004493670786025384,0.00001021887990042535,0.00019764485185569925,0.0014479670832645084,0.010198933389106659,0.005783078708638093,0.0000995278563578363,0.0011850989635435083,NaN,0,0,0,2,0.001885,0,0,0
641668498,0,0.8342212912970096,2.29998415251561,0,0,0.004,-0.6927632451967475,-0.8320755588499376,2.247396738017148,0.005225674735134689,-0.048607837194670545,0.06877963390946906,-0.01747815901997879,-0.028458230165017424,-0.001960408652327089,-0.19565214764206373,0.07453780888585555,-0.11334864217034285,0.00004493670786025384,0.00001021887990042535,0.00019764485185569925,0.0014509011923794924,0.01023975982608492,0.005829548117675549,0.0000995278567578363,0.0011850990035435084,NaN,0,0,0,2,0.0034230000000000003,0,0,0
641668502,0,0.975926750004726,2.3282315046715567,0,0,0.004,-0.7428458349222103,-0.739368608487416,2.28964782018544,0.005225674735134689,-0.048607837194670545,0.06877963390946906,-0.01747815901997879,-0.028458230165017424,-0.001960408652327089,-0.19565214764206373,0.07453780888585555,-0.11334864217034285,0.00004493670786025384,0.00001021887990042535,0.00019764485185569925,0.0014538384863858863,0.010279332454131748,0.005876308345213541,0.00009952785715783631,0.0011850990435435084,NaN,0,0,0,2,0.001397,0,0,0
641668506,0,1.111287919407975,2.280602586991699,0,0,0.004,-0.7900110024108685,-0.7217091112665552,2.221974480762471,0.005225674735134689,-0.048607837194670545,0.06877963390946906,-0.01747815901997879,-0.028458230165017424,-0.001960408652327089,-0.19565214764206373,0.07453780888585555,-0.11334864217034285,0.00004493670786025384,0.00001021887990042535,0.00019764485185569925,0.0014567789652837027,0.010318869544898699,0.005923361288934672,0.00009952785755783632,0.0011850990835435085,NaN,0,0,0,2,0.001397,0,0,0
641668510,0,1.2231168987549996,2.13260310112331,0,0,0.004,-0.854158604195343,-0.7131377479212808,2.0254793879926396,0.005225674735134689,-0.048607837194670545,0.06877963390946906,-0.01747815901997879,-0.028458230165017424,-0.001960408652327089,-0.19565214764206373,0.07453780888585555,-0.11334864217034285,0.00004493670786025384,0.00001021887990042535,0.00019764485185569925,0.0014597226290729546,0.010358367683208254,0.005970708386407147,0.00009952785795783632,0.0011850991235435085,NaN,0,0,0,2,0.0009080000000000001,0,0,0
641668514,0,1.258250979797555,2.056263469148573,0,0,0.004,-0.8105718657859117,-0.6708476195904631,1.9712737995359415,0.005225674735134689,-0.048607837194670545,0.06877963390946906,-0.01747815901997879,-0.028458230165017424,-0.001960408652327089,-0.19565214764206373,0.07453780888585555,-0.11334864217034285,0.00004493670786025384,0.00001021887990042535,0.00019764485185569925,0.0014626694777536548,0.010397340283963765,0.006018350809030442,0.00009952785835783633,0.0011850991635435086,NaN,0,0,0,2,0.0014670000000000002,0,0,0
641668518,0,1.2959783240798548,1.7807556531590532,0,0,0.004,-0.7423536399321192,-0.5147027728924372,1.7308989348520267,0.005225674735134689,-0.048607837194670545,0.06877963390946906,-0.01747815901997879,-0.028458230165017424,-0.001960408652327089,-0.19565214764206373,0.07453780888585555,-0.11334864217034285,0.00004493670786025384,0.00001021887990042535,0.00019764485185569925,0.001465619511325816,0.010433523066082934,0.006066288879011234,0.00009952785875783634,0.0011850992035435087,NaN,0,0,0,2,0.0014670000000000002,0,0,0
641668522,0,1.2827751998185375,1.5381276631925347,0,0,0.004,-0.6840734904267552,-0.37785010680948106,1.511338011723149,0.005225674735134689,-0.048607837194670545,0.06877963390946906,-0.01747815901997879,-0.028458230165017424,-0.001960408652327089,-0.19565214764206373,0.07453780888585555,-0.11334864217034285,0.00004493670786025384,0.00001021887990042535,0.00019764485185569925,0.0014685727297894511,0.01046720756716632,0.006114521844112291,0.00009952785915783634,0.0011850992435435087,NaN,0,0,0,2,0.0014670000000000002,0,0,0
641668526,0,1.210389486874145,1.3263215801368786,0,0,0.004,-0.6914952353687672,-0.3025891063991517,1.2653957962073559,0.005225674735134689,-0.048607837194670545,0.06877963390946906,-0.01747815901997879,-0.028458230165017424,-0.001960408652327089,-0.19565214764206373,0.07453780888585555,-0.11334864217034285,0.00004493670786025384,0.00001021887990042535,0.00019764485185569925,0.001471529133144573,0.010499392720786498,0.006163049162242629,0.00009952785955783635,0.0011850992835435088,NaN,0,0,0,2,0.002863,0,0,0
641668530,0,1.0683607035878915,1.1517639016570562,0,0,0.004,-0.7782905239049825,-0.3010185403040533,0.9513590003273755,0.005225674735134689,-0.048607837194670545,0.06877963390946906,-0.01747815901997879,-0.028458230165017424,-0.001960408652327089,-0.19565214764206373,0.07453780888585555,-0.11334864217034285,0.00004493670786025384,0.00001021887990042535,0.00019764485185569925,0.001474488721391194,0.01053123991638922,0.006211871059488517,0.00009952785995783636,0.0011850993235435088,NaN,0,0,0,2,0.001396,0,0,0
641668534,0,1.025815456178705,1.0749331185480113,0,0,0.004,-0.7582703637387159,-0.2740842861030681,0.8597262598726818,0.005225674735134689,-0.048607837194670545,0.06877963390946906,-0.01747815901997879,-0.028458230165017424,-0.001960408652327089,-0.19565214764206373,0.07453780888585555,-0.11334864217034285,0.00004493670786025384,0.00001021887990042535,0.00019764485185569925,0.0014774514945293275,0.010562573998761265,0.006260988567261879,0.00009952786035783636,0.0011850993635435089,NaN,0,0,0,2,0.0014670000000000002,0,0,0
641668538,0,0.8608961842770172,0.9649558049306327,0,0,0.004,-0.7479482834533225,-0.24973350497724045,0.6846439493095886,0.005225674735134689,-0.048607837194670545,0.06877963390946906,-0.01747815901997879,-0.028458230165017424,-0.001960408652327089,-0.19565214764206373,0.07453780888585555,-0.11334864217034285,0.00004493670786025384,0.00001021887990042535,0.00019764485185569925,0.0014804174525589859,0.010593303800332195,0.006310402174508965,0.00009952786075783637,0.001185099403543509,NaN,0,0,0,2,0.001886,0,0,0
641668542,0,0.6476237607171424,0.9446068452441456,0,0,0.004,-0.7911773404727119,-0.15710687485391905,0.5743473000033656,0.005225674735134689,-0.048607837194670545,0.06877963390946906,-0.01747815901997879,-0.028458230165017424,-0.001960408652327089,-0.19565214764206373,0.07453780888585555,-0.11334864217034285,0.00004493670786025384,0.00001021887990042535,0.00019764485185569925,0.0014833865954801823,0.010622282048415971,0.0063601121638444825,0.00009952786115783638,0.001185099443543509,NaN,0,0,0,2,0.0014670000000000002,0,0,0
641668546,0,0.4422885393355035,1.014357397474489,0,0,0.004,-0.9005464469350296,-0.06504395528795137,0.47574117601537225,0.005225674735134689,-0.048607837194670545,0.06877963390946906,-0.01747815901997879,-0.028458230165017424,-0.001960408652327089,-0.19565214764206373,0.07453780888585555,-0.11334864217034285,0.00004493670786025384,0.00001021887990042535,0.00019764485185569925,0.0014863589232929294,0.01064952050874663,0.006410119810493511,0.00009952786155783638,0.001185099483543509,NaN,0,0,0,2,0.001397,0,0,0
641668550,0,0.31682047930892293,1.1341475433897124,0,0,0.004,-1.0406024954968096,-0.08545962696414278,0.4062479889835444,0.005225674735134689,-0.048607837194670545,0.06877963390946906,-0.01747815901997879,-0.028458230165017424,-0.001960408652327089,-0.19565214764206373,0.07453780888585555,-0.11334864217034285,0.00004493670786025384,0.00001021887990042535,0.00019764485185569925,0.0014893344359972398,0.01067707019843766,0.006460427353536905,0.00009952786195783639,0.0011850995235435091,NaN,0,0,0,2,0.001397,0,0,0
641668554,0,0.31016432787796644,1.173002148908268,0,0,0.004,-1.0839147598699745,-0.07539493949977483,0.3834630216072856,0.005225674735134689,-0.048607837194670545,0.06877963390946906,-0.01747815901997879,-0.028458230165017424,-0.001960408652327089,-0.19565214764206373,0.07453780888585555,-0.11334864217034285,0.00004493670786025384,0.00001021887990042535,0.00019764485185569925,0.0014923131335931265,0.01070445430705592,0.00651103759048711,0.0000995278623578364,0.0011850995635435092,NaN,0,0,0,2,0.002794,0,0,0
641668558,0,0.3556021733742346,1.2270799467812785,0,0,0.004,-1.131587824841604,-0.10764260959084448,0.4295765110836154,0.005225674735134689,-0.048607837194670545,0.06877963390946906,-0.01747815901997879,-0.028458230165017424,-0.001960408652327089,-0.19565214764206373,0.07453780888585555,-0.11334864217034285,0.00004493670786025384,0.00001021887990042535,0.00019764485185569925,0.0014952950160806021,0.010732541595575741,0.006561952211176493,0.0000995278627578364,0.0011850996035435092,NaN,0,0,0,2,0.0014670000000000002,0,0,0
641668562,0,0.42809972255564266,1.2941265254799172,0,0,0.004,-1.168191487808814,-0.08876365614204085,0.5641169525958638,0.005225674735134689,-0.048607837194670545,0.06877963390946906,-0.01747815901997879,-0.028458230165017424,-0.001960408652327089,-0.19565214764206373,0.07453780888585555,-0.11334864217034285,0.00004493670786025384,0.00001021887990042535,0.00019764485185569925,0.0014982800834596795,0.010760558034094432,0.006613173264056052,0.00009952786315783641,0.0011850996435435093,NaN,0,0,0,2,0.001397,0,0,0
641668566,0,0.4683735616655022,1.4166612711529247,0,0,0.004,-1.2594935420452713,0.00790755067042559,0.6665728186400397,0.005225674735134689,-0.048607837194670545,0.06877963390946906,-0.01747815901997879,-0.028458230165017424,-0.001960408652327089,-0.19565214764206373,0.07453780888585555,-0.11334864217034285,0.00004493670786025384,0.00001021887990042535,0.00019764485185569925,0.0015012683357303717,0.01078705745019867,0.006664703027017619,0.00009952786355783642,0.0011850996835435093,NaN,0,0,0,2,0.0014670000000000002,0,0,0
641668570,0,0.4688290998680472,1.5256557204077372,0,0,0.004,-1.3689254565618239,0.038470225402931435,0.676191257435713,0.005225674735134689,-0.048607837194670545,0.06877963390946906,-0.01747815901997879,-0.028458230165017424,-0.001960408652327089,-0.19565214764206373,0.07453780888585555,-0.11334864217034285,0.00004493670786025384,0.00001021887990042535,0.00019764485185569925,0.0015042597728926914,0.010813083219197172,0.006716544427243335,0.00009952786395783642,0.0011850997235435094,NaN,0,0,0,2,0.001397,0,0,0
641668574,0,0.4689808951347542,1.5731884534235063,0,0,0.004,-1.4176092243647291,0.0625421508176196,0.6746386645737665,0.005225674735134689,-0.048607837194670545,0.06877963390946906,-0.01747815901997879,-0.028458230165017424,-0.001960408652327089,-0.19565214764206373,0.07453780888585555,-0.11334864217034285,0.00004493670786025384,0.00001021887990042535,0.00019764485185569925,0.0015072543949466513,0.010838733681865333,0.006768700276823843,0.00009952786435783643,0.0011850997635435095,NaN,0,0,0,2,0.0014670000000000002,0,0,0
641668578,0,0.4271850469703378,1.7135952965914627,0,0,0.004,-1.5321970479159481,0.09380097498713846,0.7673154855466908,0.005225674735134689,-0.048607837194670545,0.06877963390946906,-0.01747815901997879,-0.028458230165017424,-0.001960408652327089,-0.19565214764206373,0.07453780888585555,-0.11334864217034285,0.00004493670786025384,0.00001021887990042535,0.00019764485185569925,0.001510252201892264,0.010864044626153927,0.006821172525647664,0.00009952786475783644,0.0011850998035435095,NaN,0,0,0,2,0.000978,0,0,0
641668582,0,0.3473150990995022,1.9417249151450064,0,0,0.004,-1.7189232523220754,0.2288204270872456,0.8706641747311075,0.005225674735134689,-0.048607837194670545,0.06877963390946906,-0.01747815901997879,-0.028458230165017424,-0.001960408652327089,-0.19565214764206373,0.07453780888585555,-0.11334864217034285,0.00004493670786025384,0.00001021887990042535,0.00019764485185569925,0.0015132531937295428,0.010887167623547312,0.006873964466765794,0.00009952786515783644,0.0011850998435435096,NaN,0,0,0,2,0.002375,0,0,0
641668586,0,0.3063420320763837,2.0023540005146305,0,0,0.004,-1.6449415213509542,0.45842075529519066,1.0608523564300292,0.005225674735134689,-0.048607837194670545,0.06877963390946906,-0.01747815901997879,-0.028458230165017424,-0.001960408652327089,-0.19565214764206373,0.07453780888585555,-0.11334864217034285,0.00004493670786025384,0.00001021887990042535,0.00019764485185569925,0.0015162573704585003,0.010906566415910271,0.006927080495761157,0.00009952786555783645,0.0011850998835435096,NaN,0,0,0,2,0.0009080000000000001,0,0,0
641668590,0,0.3513964583640628,1.7281190479885373,0,0,0.004,-1.3577508154361544,0.22806541560059257,1.1107688265537323,0.005225674735134689,-0.048607837194670545,0.06877963390946906,-0.01747815901997879,-0.028458230165017424,-0.001960408652327089,-0.19565214764206373,0.07453780888585555,-0.11334864217034285,0.00004493670786025384,0.00001021887990042535,0.00019764485185569925,0.0015192647320791492,0.010930329022770989,0.006980521713182163,0.00009952786595783645,0.0011850999235435097,NaN,0,0,0,2,0.0014670000000000002,0,0,0
641668594,0,0.38249699542989624,1.6469758128593417,0,0,0.004,-1.2601550098088845,0.1792008478559033,1.1249276182268488,0.005225674735134689,-0.048607837194670545,0.06877963390946906,-0.01747815901997879,-0.028458230165017424,-0.001960408652327089,-0.19565214764206373,0.07453780888585555,-0.11334864217034285,0.00004493670786025384,0.00001021887990042535,0.00019764485185569925,0.0015222752785915025,0.010955107552997004,0.007034285574962327,0.00009952786635783646,0.0011850999635435097,NaN,0,0,0,2,0.001397,0,0,0
641668598,0,0.5753612301450791,1.7481141987427264,0,0,0.004,-1.2560751060444657,0.5458993191566115,1.1292416950435573,0.005225674735134689,-0.048607837194670545,0.06877963390946906,-0.01747815901997879,-0.028458230165017424,-0.001960408652327089,-0.19565214764206373,0.07453780888585555,-0.11334864217034285,0.00004493670786025384,0.00001021887990042535,0.00019764485185569925,0.0015252890099955727,0.010973357408387908,0.007088372055467774,0.00009952786675783647,0.0011851000035435098,NaN,0,0,0,2,0.0014670000000000002,0,0,0
641668602,0,0.7856009588283481,2.189503634138563,0,0,0.004,-1.5614441262481495,1.1804276468757504,0.8809205555784558,0.005225674735134689,-0.048607837194670545,0.06877963390946906,-0.01747815901997879,-0.028458230165017424,-0.001960408652327089,-0.19565214764206373,0.07453780888585555,-0.11334864217034285,0.00004493670786025384,0.00001021887990042535,0.00019764485185569925,0.0015283059262913728,0.010979724176640226,0.007142782418676009,0.00009952786715783647,0.0011851000435435099,NaN,0,0,0,2,0.001397,0,0,0
641668606,0,0.9836895179154325,2.1812571402321863,0,0,0.004,-1.2572040896179124,1.501936475056292,0.8299820339250168,0.005225674735134689,-0.048607837194670545,0.06877963390946906,-0.01747815901997879,-0.028458230165017424,-0.001960408652327089,-0.19565214764206373,0.07453780888585555,-0.11334864217034285,0.00004493670786025384,0.00001021887990042535,0.00019764485185569925,0.0015313260274789156,0.010980315439691237,0.007197521331814375,0.00009952786755783648,0.00118510008354351,NaN,0,0,0,2,0.001397,0,0,0
641668610,0,1.139936232822591,1.9903271202484771,0,0,0.004,-0.8738354667629661,1.5390624183642851,0.7945440090533324,0.005225674735134689,-0.048607837194670545,0.06877963390946906,-0.01747815901997879,-0.028458230165017424,-0.001960408652327089,-0.19565214764206373,0.07453780888585555,-0.11334864217034285,0.00004493670786025384,0.00001021887990042535,0.00019764485185569925,0.0015343493135582136,0.010980318113267015,0.007252585493319923,0.00009952786795783649,0.00118510012354351,NaN,0,0,0,2,0.0014670000000000002,0,0,0
641668614,0,1.187223793940348,1.9401281699241735,0,0,0.004,-0.7051379076286962,1.5710172425175497,0.7839557023270078,0.005225674735134689,-0.048607837194670545,0.06877963390946906,-0.01747815901997879,-0.028458230165017424,-0.001960408652327089,-0.19565214764206373,0.07453780888585555,-0.11334864217034285,0.00004493670786025384,0.00001021887990042535,0.00019764485185569925,0.00153737578452928,0.010979885470729533,0.007307970454699349,0.0000995278683578365,0.00118510016354351,NaN,0,0,0,3,0.0029330000000000003,0,0,0
641668618,0,1.241596023794754,1.9809181213053773,0,0,0.004,-0.705335406266998,1.6805135052663964,0.5484837908681026,0.005225674735134689,-0.048607837194670545,0.06877963390946906,-0.01747815901997879,-0.028458230165017424,-0.001960408652327089,-0.19565214764206373,0.07453780888585555,-0.11334864217034285,0.00004493670786025384,0.00001021887990042535,0.00019764485185569925,0.0015404054403921274,0.01097713231689699,0.007363674924832246,0.0000995278687578365,0.00118510020354351,NaN,0,0,0,2,0.001396,0,0,0
641668622,0,1.219363750259032,2.2361448094247804,0,0,0.004,-0.8953054961463599,1.9061560892814067,0.2897586461452377,0.005225674735134689,-0.048607837194670545,0.06877963390946906,-0.01747815901997879,-0.028458230165017424,-0.001960408652327089,-0.19565214764206373,0.07453780888585555,-0.11334864217034285,0.00004493670786025384,0.00001021887990042535,0.00019764485185569925,0.0015434382811467687,0.01096994375291457,0.007419699078569971,0.00009952786915783651,0.0011851002435435101,NaN,0,0,0,1,0.001466,0,0,0
641668626,0,1.1213911229399864,2.3944207624117864,0,0,0.004,-0.7803570864635984,2.119728079176749,-0.01933534978644147,0.005225674735134689,-0.048607837194670545,0.06877963390946906,-0.01747815901997879,-0.028458230165017424,-0.001960408652327089,-0.19565214764206373,0.07453780888585555,-0.11334864217034285,0.00004493670786025384,0.00001021887990042535,0.00019764485185569925,0.0015464743067932166,0.010958460017074609,0.007476045788644082,0.00009952786955783651,0.0011851002835435102,NaN,0,0,0,2,0.001397,0,0,0
641668630,0,0.933505660449137,2.4273054625276314,0,0,0.004,-0.49490894635191107,2.210781360370479,-0.25047402914518635,0.005225674735134689,-0.048607837194670545,0.06877963390946906,-0.01747815901997879,-0.028458230165017424,-0.001960408652327089,-0.19565214764206373,0.07453780888585555,-0.11334864217034285,0.00004493670786025384,0.00001021887990042535,0.00019764485185569925,0.001549513517331484,0.010945067745703667,0.007532713186111798,0.00009952786995783652,0.0011851003235435103,NaN,0,0,0,1,0.0014670000000000002,0,0,0
641668634,0,0.8779445540909797,2.456905073300686,0,0,0.004,-0.37871932166610545,2.252623641272338,-0.32271844460579935,0.005225674735134689,-0.048607837194670545,0.06877963390946906,-0.01747815901997879,-0.028458230165017424,-0.001960408652327089,-0.19565214764206373,0.07453780888585555,-0.11334864217034285,0.00004493670786025384,0.00001021887990042535,0.00019764485185569925,0.0015525559127615837,0.010931017720172404,0.007589697160941289,0.00009952787035783653,0.0011851003635435103,NaN,0,0,0,2,0.0014670000000000002,0,0,0
641668638,0,0.7042510468538091,2.4124521362866918,0,0,0.004,-0.21769680647842315,2.24946803210302,-0.2409458522600918,0.005225674735134689,-0.048607837194670545,0.06877963390946906,-0.01747815901997879,-0.028458230165017424,-0.001960408652327089,-0.19565214764206373,0.07453780888585555,-0.11334864217034285,0.00004493670786025384,0.00001021887990042535,0.00019764485185569925,0.0015556014930835284,0.010917452752197167,0.007646996761044125,0.00009952787075783653,0.0011851004035435104,NaN,0,0,0,2,0.001397,0,0,0
641668642,0,0.5285678731777194,2.3845164734364435,0,0,0.004,-0.163802962641466,2.2514809068243924,-0.08529776151450896,0.005225674735134689,-0.048607837194670545,0.06877963390946906,-0.01747815901997879,-0.028458230165017424,-0.001960408652327089,-0.19565214764206373,0.07453780888585555,-0.11334864217034285,0.00004493670786025384,0.00001021887990042535,0.00019764485185569925,0.001558650258297331,0.010904446060207114,0.007704611021999314,0.00009952787115783654,0.0011851004435435104,NaN,0,0,0,2,0.003282,0,0,0
641668646,0,0.40003025534977343,2.3536694299107785,0,0,0.004,-0.009463994991475988,2.2308125926413966,-0.0921691412724126,0.005225674735134689,-0.048607837194670545,0.06877963390946906,-0.01747815901997879,-0.028458230165017424,-0.001960408652327089,-0.19565214764206373,0.07453780888585555,-0.11334864217034285,0.00004493670786025384,0.00001021887990042535,0.00019764485185569925,0.0015617022084030042,0.010892024514434337,0.007762540913132018,0.00009952787155783655,0.0011851004835435105,NaN,0,0,0,2,0.001466,0,0,0
641668650,0,0.35063816584963803,2.2719000986585924,0,0,0.004,0.26431517492502776,2.1330093840060798,-0.15854288583722287,0.005225674735134689,-0.048607837194670545,0.06877963390946906,-0.01747815901997879,-0.028458230165017424,-0.001960408652327089,-0.19565214764206373,0.07453780888585555,-0.11334864217034285,0.00004493670786025384,0.00001021887990042535,0.00019764485185569925,0.0015647573434005608,0.010881370874080736,0.007820785129875097,0.00009952787195783655,0.0011851005235435105,NaN,0,0,0,2,0.0009080000000000001,0,0,0
641668654,0,0.3488025164571146,2.266017125080515,0,0,0.004,0.34240329041690354,2.115431238276223,-0.1824244078215571,0.005225674735134689,-0.048607837194670545,0.06877963390946906,-0.01747815901997879,-0.028458230165017424,-0.001960408652327089,-0.19565214764206373,0.07453780888585555,-0.11334864217034285,0.00004493670786025384,0.00001021887990042535,0.00019764485185569925,0.0015678156632900136,0.01087118707095092,0.007879340229745081,0.00009952787235783656,0.0011851005635435106,NaN,0,0,0,2,0.001466,0,0,0
641668658,0,0.36472390266718974,2.1498842652136685,0,0,0.004,0.5504245353070202,1.9735624104427807,-0.1016789639134199,0.005225674735134689,-0.048607837194670545,0.06877963390946906,-0.01747815901997879,-0.028458230165017424,-0.001960408652327089,-0.19565214764206373,0.07453780888585555,-0.11334864217034285,0.00004493670786025384,0.00001021887990042535,0.00019764485185569925,0.0015708771680713756,0.010863809095968027,0.007938205907654126,0.00009952787275783657,0.0011851006035435107,NaN,0,0,0,2,0.001397,0,0,0
641668662,0,0.38059634536792336,2.098903113963844,0,0,0.004,0.7131865528869558,1.895658923774388,0.08547762353646782,0.005225674735134689,-0.048607837194670545,0.06877963390946906,-0.01747815901997879,-0.028458230165017424,-0.001960408652327089,-0.19565214764206373,0.07453780888585555,-0.11334864217034285,0.00004493670786025384,0.00001021887990042535,0.00019764485185569925,0.0015739418577446595,0.01085835843587211,0.007998345098886878,0.00009952787315783657,0.0011851006435435107,NaN,0,0,0,2,0.001397,0,0,0
641668666,0,0.4026458221620586,2.161626461955376,0,0,0.004,0.8821786266535866,1.9052591863588766,0.17151191530932586,0.005225674735134689,-0.048607837194670545,0.06877963390946906,-0.01747815901997879,-0.028458230165017424,-0.001960408652327089,-0.19565214764206373,0.07453780888585555,-0.11334864217034285,0.00004493670786025384,0.00001021887990042535,0.00019764485185569925,0.001577009732309878,0.010853122693603655,0.008063787378141308,0.00009952787355783658,0.0011851006835435108,NaN,0,0,0,2,0.000977,0,0,0
641668670,0,0.48490754418756143,2.3633332972600734,0,0,0.004,1.1426427284570209,2.0059830457213907,0.08408124133677752,0.005225674735134689,-0.048607837194670545,0.06877963390946906,-0.01747815901997879,-0.028458230165017424,-0.001960408652327089,-0.19565214764206373,0.07453780888585555,-0.11334864217034285,0.00004493670786025384,0.00001021887990042535,0.00019764485185569925,0.001580080791767044,0.01084619148164225,0.008129586202502804,0.00009952787395783659,0.0011851007235435108,NaN,0,0,0,2,0.002863,0,0,0
641668674,0,0.517830568353437,2.4529548343081875,0,0,0.004,1.2346001839445093,2.057702886186724,0.049581091877980654,0.005225674735134689,-0.048607837194670545,0.06877963390946906,-0.01747815901997879,-0.028458230165017424,-0.001960408652327089,-0.19565214764206373,0.07453780888585555,-0.11334864217034285,0.00004493670786025384,0.00001021887990042535,0.00019764485185569925,0.0015831550361161703,0.010838526619728558,0.00819573781375078,0.00009952787435783659,0.0011851007635435109,NaN,0,0,0,2,0.001397,0,0,0
641668678,0,0.6548313674666689,2.5203486797694032,0,0,0.004,1.1950650545598651,2.1496619664375096,-0.01212419892958927,0.005225674735134689,-0.048607837194670545,0.06877963390946906,-0.01747815901997879,-0.028458230165017424,-0.001960408652327089,-0.19565214764206373,0.07453780888585555,-0.11334864217034285,0.00004493670786025384,0.00001021887990042535,0.00019764485185569925,0.0015862324653572696,0.010829415369729263,0.008262240053367667,0.0000995278747578366,0.001185100803543511,NaN,0,0,0,2,0.0014670000000000002,0,0,0
641668682,0,0.8573621267025909,2.496933913220241,0,0,0.004,1.0873316674116826,2.180269506824482,0.054970493387111574,0.005225674735134689,-0.048607837194670545,0.06877963390946906,-0.01747815901997879,-0.028458230165017424,-0.001960408652327089,-0.19565214764206373,0.07453780888585555,-0.11334864217034285,0.00004493670786025384,0.00001021887990042535,0.00019764485185569925,0.0015893130794903546,0.010820185645246692,0.008329089429297505,0.0000995278751578366,0.001185100843543511,NaN,0,0,0,2,0.001397,0,0,0
641668686,0,1.099652607678997,2.5341454991425345,0,0,0.004,1.157341861817509,2.1944076575623974,0.14925712193425866,0.005225674735134689,-0.048607837194670545,0.06877963390946906,-0.01747815901997879,-0.028458230165017424,-0.001960408652327089,-0.19565214764206373,0.07453780888585555,-0.11334864217034285,0.00004493670786025384,0.00001021887990042535,0.00019764485185569925,0.0015923968785154382,0.010811179408529539,0.00839628503614469,0.00009952787555783661,0.001185100883543511,NaN,0,0,0,2,0.001397,0,0,0
641668690,0,1.3680750916642987,2.652351296459841,0,0,0.004,1.0238565610792953,2.3717145179163577,0.0003410161595613914,0.005225674735134689,-0.048607837194670545,0.06877963390946906,-0.01747815901997879,-0.028458230165017424,-0.001960408652327089,-0.19565214764206373,0.07453780888585555,-0.11334864217034285,0.00004493670786025384,0.00001021887990042535,0.00019764485185569925,0.0015954838624325333,0.010799192892192647,0.00846382662655982,0.00009952787595783662,0.0011851009235435111,NaN,0,0,0,1,0.0014670000000000002,0,0,0
641668694,0,1.4497828009002414,2.7461850198019087,0,0,0.004,1.0477806831959176,2.4588563560609167,-0.06150625989122993,0.005225674735134689,-0.048607837194670545,0.06877963390946906,-0.01747815901997879,-0.028458230165017424,-0.001960408652327089,-0.19565214764206373,0.07453780888585555,-0.11334864217034285,0.00004493670786025384,0.00001021887990042535,0.00019764485185569925,0.0015985740312416529,0.01078593891866479,0.008531707491297483,0.00009952787635783662,0.0011851009635435112,NaN,0,0,0,2,0.001886,0,0,0
641668698,0,1.6230144966806954,3.0456461253678158,0,0,0.004,0.7407353968233151,2.83744776176606,-0.27645123109517655,0.005225674735134689,-0.048607837194670545,0.06877963390946906,-0.01747815901997879,-0.028458230165017424,-0.001960408652327089,-0.19565214764206373,0.07453780888585555,-0.11334864217034285,0.00004493670786025384,0.00001021887990042535,0.00019764485185569925,0.0016016673849428094,0.01076642880406098,0.00859992394963489,0.00009952787675783663,0.0011851010035435112,NaN,0,0,0,2,0.0029340000000000004,0,0,0
641668702,0,1.8092785160018021,3.2192352612770834,0,0,0.004,0.47226945440784285,3.0690255244540756,-0.2332176089632405,0.005225674735134689,-0.048607837194670545,0.06877963390946906,-0.01747815901997879,-0.028458230165017424,-0.001960408652327089,-0.19565214764206373,0.07453780888585555,-0.11334864217034285,0.00004493670786025384,0.00001021887990042535,0.00019764485185569925,0.0016047639235360156,0.01074373640521792,0.008668462828374263,0.00009952787715783664,0.0011851010435435113,NaN,0,0,0,2,0.001397,0,0,0
641668706,0,2.0013546366127835,3.2230537726264123,0,0,0.004,0.34517806386869887,3.103598502070601,-0.08357859031849912,0.005225674735134689,-0.048607837194670545,0.06877963390946906,-0.01747815901997879,-0.028458230165017424,-0.001960408652327089,-0.19565214764206373,0.07453780888585555,-0.11334864217034285,0.00004493670786025384,0.00001021887990042535,0.00019764485185569925,0.0016078636470212846,0.010721300498664512,0.008737316813469715,0.00009952787755783664,0.0011851010835435113,NaN,0,0,0,2,0.0009080000000000001,0,0,0
641668710,0,2.1558379566165824,3.163932633627275,0,0,0.004,0.01593083198630285,3.054891238082342,-0.06999719442372232,0.005225674735134689,-0.048607837194670545,0.06877963390946906,-0.01747815901997879,-0.028458230165017424,-0.001960408652327089,-0.19565214764206373,0.07453780888585555,-0.11334864217034285,0.00004493670786025384,0.00001021887990042535,0.00019764485185569925,0.0016109665553986291,0.010700128489627585,0.00880648486881446,0.00009952787795783665,0.0011851011235435114,NaN,0,0,0,2,0.001397,0,0,0
641668714,0,2.2022069867806304,3.1974271962690626,0,0,0.004,0.015494565626605339,3.0882832379316056,-0.0831695431327173,0.005225674735134689,-0.048607837194670545,0.06877963390946906,-0.01747815901997879,-0.028458230165017424,-0.001960408652327089,-0.19565214764206373,0.07453780888585555,-0.11334864217034285,0.00004493670786025384,0.00001021887990042535,0.00019764485185569925,0.0016140726486680618,0.010678867441122265,0.008875967199465812,0.00009952787835783666,0.0011851011635435115,NaN,0,0,0,2,0.0014670000000000002,0,0,0
641668718,0,2.2674439370399733,3.2567137515223186,0,0,0.004,-0.22262674421582795,3.1331574049720334,-0.09677289075149709,0.005225674735134689,-0.048607837194670545,0.06877963390946906,-0.01747815901997879,-0.028458230165017424,-0.001960408652327089,-0.19565214764206373,0.07453780888585555,-0.11334864217034285,0.00004493670786025384,0.00001021887990042535,0.00019764485185569925,0.0016171819268295954,0.010657354562404608,0.008945761495884674,0.00009952787875783666,0.0011851012035435115,NaN,0,0,0,2,0.000978,0,0,0
641668722,0,2.310325769924202,3.243643888449047,0,0,0.004,-0.4741883427001238,3.09569280803888,0.04004943594287447,0.005225674735134689,-0.048607837194670545,0.06877963390946906,-0.01747815901997879,-0.028458230165017424,-0.001960408652327089,-0.19565214764206373,0.07453780888585555,-0.11334864217034285,0.00004493670786025384,0.00001021887990042535,0.00019764485185569925,0.0016202943898832429,0.01063719855478362,0.009015865086681417,0.00009952787915783667,0.0011851012435435116,NaN,0,0,0,2,0.0014670000000000002,0,0,0
641668726,0,2.323674173352174,3.088923008807333,0,0,0.004,-0.6779516296891995,2.8971486554824226,0.24180782165210424,0.005225674735134689,-0.048607837194670545,0.06877963390946906,-0.01747815901997879,-0.028458230165017424,-0.001960408652327089,-0.19565214764206373,0.07453780888585555,-0.11334864217034285,0.00004493670786025384,0.00001021887990042535,0.00019764485185569925,0.001623410037829017,0.010620952574704004,0.009086278983079033,0.00009952787955783668,0.0011851012835435116,NaN,0,0,0,1,0.003282,0,0,0
641668730,0,2.319936918690112,2.9106134440034186,0,0,0.004,-0.921217264762685,2.6228375189213793,0.4452164245214032,0.005225674735134689,-0.048607837194670545,0.06877963390946906,-0.01747815901997879,-0.028458230165017424,-0.001960408652327089,-0.19565214764206373,0.07453780888585555,-0.11334864217034285,0.00004493670786025384,0.00001021887990042535,0.00019764485185569925,0.0016265288706669308,0.010609687842846336,0.00915700963501843,0.00009952787995783668,0.0011851013235435117,NaN,0,0,0,2,0.0018160000000000001,0,0,0
641668734,0,2.318821521942859,2.878583823044391,0,0,0.004,-0.8877293986649365,2.5956193439198163,0.4994584548540075,0.005225674735134689,-0.048607837194670545,0.06877963390946906,-0.01747815901997879,-0.028458230165017424,-0.001960408652327089,-0.19565214764206373,0.07453780888585555,-0.11334864217034285,0.00004493670786025384,0.00001021887990042535,0.00019764485185569925,0.0016296508883969969,0.010599300742691288,0.009228066042838065,0.00009952788035783669,0.0011851013635435117,NaN,0,0,0,1,0.0018160000000000001,0,0,0
641668738,0,2.2957582978599707,2.9061995099934266,0,0,0.004,-0.8680413921363427,2.6125632312850486,0.6434726355939144,0.005225674735134689,-0.048607837194670545,0.06877963390946906,-0.01747815901997879,-0.028458230165017424,-0.001960408652327089,-0.19565214764206373,0.07453780888585555,-0.11334864217034285,0.00004493670786025384,0.00001021887990042535,0.00019764485185569925,0.0016327760910192278,0.010589349980842678,0.009299448731259924,0.0000995278807578367,0.0011851014035435118,NaN,0,0,0,2,0.000978,0,0,0
641668742,0,2.267555119614434,2.943730933483656,0,0,0.004,-0.7772757922883796,2.6348557934150687,0.8797555269087258,0.005225674735134689,-0.048607837194670545,0.06877963390946906,-0.01747815901997879,-0.028458230165017424,-0.001960408652327089,-0.19565214764206373,0.07453780888585555,-0.11334864217034285,0.00004493670786025384,0.00001021887990042535,0.00019764485185569925,0.0016359044785336366,0.010580002227135113,0.009371157695385256,0.0000995278811578367,0.0011851014435435119,NaN,0,0,0,2,0.001886,0,0,0
641668758,0,2.2624808357465214,2.7730225917043017,0,0,0.016,-0.22532860930098575,2.485550905292923,1.1734372378321982,0.005225674735134689,-0.048607837194670545,0.06877963390946906,-0.01747815901997879,-0.028458230165017424,-0.001960408652327089,-0.19565214764206373,0.07453780888585555,-0.11334864217034285,0.00004493670786025384,0.00001021887990042535,0.00019764485185569925,0.0016484498775132168,0.010558054562802621,0.009661332616106067,0.0000995278827578367,0.0011851016035435119,NaN,0,0,0,2,0.000978,0,0,0
641668762,0,2.2792955158753045,2.7142630792513343,0,0,0.004,0.01980894754841389,2.3888053609401103,1.30334982384562,0.005225674735134689,-0.048607837194670545,0.06877963390946906,-0.01747815901997879,-0.028458230165017424,-0.001960408652327089,-0.19565214764206373,0.07453780888585555,-0.11334864217034285,0.00004493670786025384,0.00001021887990042535,0.00019764485185569925,0.00165159418948863,0.010555199537493403,0.0097346989329441,0.00009952788315783671,0.001185101643543512,NaN,0,0,0,1,0.0019549999999999997,0,0,0
641668766,0,2.2979503893156,2.6835459131203656,0,0,0.004,0.23246806107400741,2.3743233046229744,1.2580663444856253,0.005225674735134689,-0.048607837194670545,0.06877963390946906,-0.01747815901997879,-0.028458230165017424,-0.001960408652327089,-0.19565214764206373,0.07453780888585555,-0.11334864217034285,0.00004493670786025384,0.00001021887990042535,0.00019764485185569925,0.001654741686356298,0.010552784192625533,0.009808400898887055,0.00009952788355783672,0.001185101683543512,NaN,0,0,0,2,0.0014670000000000002,0,0,0
641668790,0,2.2050764934430345,2.573377847487907,0,0,0.024,0.33226563600935866,2.412754137499082,0.7805919965729977,0.005225674735134689,-0.048607837194670545,0.06877963390946906,-0.01747815901997879,-0.028458230165017424,-0.001960408652327089,-0.19565214764206373,0.07453780888585555,-0.11334864217034285,0.00004493670786025384,0.00001021887990042535,0.00019764485185569925,0.0016736935503000178,0.010533940505763312,0.010257689838606438,0.00009952788595783671,0.0011851019235435119,NaN,0,0,0,2,0.0032830000000000003,0,0,0
641668794,0,2.17812627453243,2.540921859607668,0,0,0.004,0.3304311538643393,2.4088803897495854,0.6441726891295971,0.005225674735134689,-0.048607837194670545,0.06877963390946906,-0.01747815901997879,-0.028458230165017424,-0.001960408652327089,-0.19565214764206373,0.07453780888585555,-0.11334864217034285,0.00004493670786025384,0.00001021887990042535,0.00019764485185569925,0.0016768633414136348,0.010531516486873286,0.01033369484207857,0.00009952788635783672,0.001185101963543512,NaN,0,0,0,2,0.000978,0,0,0
641668798,0,2.1198357687050096,2.5732026608808702,0,0,0.004,0.2519891828536588,2.4643875723392448,0.5388556440226875,0.005225674735134689,-0.048607837194670545,0.06877963390946906,-0.01747815901997879,-0.028458230165017424,-0.001960408652327089,-0.19565214764206373,0.07453780888585555,-0.11334864217034285,0.00004493670786025384,0.00001021887990042535,0.00019764485185569925,0.0016800363174196088,0.010528337010011855,0.010410025359153783,0.00009952788675783673,0.001185102003543512,NaN,0,0,0,2,0.0014670000000000002,0,0,0
641668802,0,2.0557406598984174,2.553850793619007,0,0,0.004,0.19469752722261158,2.4411034175969393,0.5825304153923767,0.005225674735134689,-0.048607837194670545,0.06877963390946906,-0.01747815901997879,-0.028458230165017424,-0.001960408652327089,-0.19565214764206373,0.07453780888585555,-0.11334864217034285,0.00004493670786025384,0.00001021887990042535,0.00019764485185569925,0.0016832124783179526,0.010525901838602345,0.01048667804660175,0.00009952788715783673,0.001185102043543512,NaN,0,0,0,2,0.001397,0,0,0
641668806,0,1.9849392704576256,2.5144038605682804,0,0,0.004,0.09185797131830176,2.4130313154557035,0.508355735749527,0.005225674735134689,-0.048607837194670545,0.06877963390946906,-0.01747815901997879,-0.028458230165017424,-0.001960408652327089,-0.19565214764206373,0.07453780888585555,-0.11334864217034285,0.00004493670786025384,0.00001021887990042535,0.00019764485185569925,0.001686391824108679,0.010523886743368164,0.01056365364878103,0.00009952788755783674,0.0011851020835435121,NaN,0,0,0,2,0.001397,0,0,0
641668810,0,1.8640719931219139,2.5014388828036314,0,0,0.004,-0.1880797424659313,2.3899700878203243,0.4222702413630195,0.005225674735134689,-0.048607837194670545,0.06877963390946906,-0.01747815901997879,-0.028458230165017424,-0.001960408652327089,-0.19565214764206373,0.07453780888585555,-0.11334864217034285,0.00004493670786025384,0.00001021887990042535,0.00019764485185569925,0.0016895743547918009,0.010522209496772893,0.010640951991684909,0.00009952788795783675,0.0011851021235435122,NaN,0,0,0,2,0.0014670000000000002,0,0,0
641668814,0,1.8279418885844292,2.5245846124219917,0,0,0.004,-0.18469948890110788,2.4169898572148387,0.38947697129110814,0.005225674735134689,-0.048607837194670545,0.06877963390946906,-0.01747815901997879,-0.028458230165017424,-0.001960408652327089,-0.19565214764206373,0.07453780888585555,-0.11334864217034285,0.00004493670786025384,0.00001021887990042535,0.00019764485185569925,0.001692760070367331,0.010520370744805503,0.010718572735234001,0.00009952788835783675,0.0011851021635435122,NaN,0,0,0,2,0.001397,0,0,0
641668818,0,1.6981315698305994,2.5933133354325637,0,0,0.004,-0.2596805384218691,2.4514507951746873,0.595463887247254,0.005225674735134689,-0.048607837194670545,0.06877963390946906,-0.01747815901997879,-0.028458230165017424,-0.001960408652327089,-0.19565214764206373,0.07453780888585555,-0.11334864217034285,0.00004493670786025384,0.00001021887990042535,0.00019764485185569925,0.0016959489708352825,0.010519081067208424,0.010796514199264523,0.00009952788875783676,0.0011851022035435123,NaN,0,0,0,3,0.00433,0,0,0
641668822,0,1.553336816343217,2.71690459244626,0,0,0.004,-0.25604100902413085,2.5463749170744467,0.7667422650619571,0.005225674735134689,-0.048607837194670545,0.06877963390946906,-0.01747815901997879,-0.028458230165017424,-0.001960408652327089,-0.19565214764206373,0.07453780888585555,-0.11334864217034285,0.00004493670786025384,0.00001021887990042535,0.00019764485185569925,0.0016991410561956676,0.010517519227357908,0.010874776753606267,0.00009952788915783677,0.0011851022435435123,NaN,0,0,0,3,0.0014670000000000002,0,0,0
641668826,0,1.3872457452848141,2.797873446864724,0,0,0.004,-0.29528321951557446,2.59038531929827,0.9062726074212701,0.005225674735134689,-0.048607837194670545,0.06877963390946906,-0.01747815901997879,-0.028458230165017424,-0.001960408652327089,-0.19565214764206373,0.07453780888585555,-0.11334864217034285,0.00004493670786025384,0.00001021887990042535,0.00019764485185569925,0.0017023363264484993,0.010516258435624192,0.010953358296580281,0.00009952788955783677,0.0011851022835435124,NaN,0,0,0,3,0.0009080000000000001,0,0,0
641668830,0,1.261468939298396,2.8247573179570233,0,0,0.004,-0.224205284248706,2.561505501090699,1.1226615519802525,0.005225674735134689,-0.048607837194670545,0.06877963390946906,-0.01747815901997879,-0.028458230165017424,-0.001960408652327089,-0.19565214764206373,0.07453780888585555,-0.11334864217034285,0.00004493670786025384,0.00001021887990042535,0.00019764485185569925,0.0017055347815937904,0.010516507684637515,0.0110322582361055,0.00009952788995783678,0.0011851023235435125,NaN,0,0,0,3,0.001397,0,0,0
641668834,0,1.223831761271299,2.8552949868185777,0,0,0.004,-0.1434706846184174,2.5829655990141784,1.180110969327119,0.005225674735134689,-0.048607837194670545,0.06877963390946906,-0.01747815901997879,-0.028458230165017424,-0.001960408652327089,-0.19565214764206373,0.07453780888585555,-0.11334864217034285,0.00004493670786025384,0.00001021887990042535,0.00019764485185569925,0.0017087364216315537,0.010517110659612151,0.011111479479731918,0.00009952789035783679,0.0011851023635435125,NaN,0,0,0,2,0.001397,0,0,0
641668850,0,1.3370696239525652,3.0238121802483593,0,0,0.016,0.5278588141682495,2.576178735171549,1.5771272955100724,0.005225674735134689,-0.048607837194670545,0.06877963390946906,-0.01747815901997879,-0.028458230165017424,-0.001960408652327089,-0.19565214764206373,0.07453780888585555,-0.11334864217034285,0.00004493670786025384,0.00001021887990042535,0.00019764485185569925,0.001721574830707496,0.010530236406832413,0.011431666968325349,0.00009952789195783678,0.0011851025235435125,NaN,0,0,0,2,0.001397,0,0,0
641668854,0,1.3723696324761046,3.1149788813929957,0,0,0.004,0.7497840098426095,2.577090271412872,1.6914529827458953,0.005225674735134689,-0.048607837194670545,0.06877963390946906,-0.01747815901997879,-0.028458230165017424,-0.001960408652327089,-0.19565214764206373,0.07453780888585555,-0.11334864217034285,0.00004493670786025384,0.00001021887990042535,0.00019764485185569925,0.0017247923952077358,0.010535166979344018,0.011512506052327802,0.00009952789235783679,0.0011851025635435126,NaN,0,0,0,2,0.000978,0,0,0
641668858,0,1.4838371307100802,3.1648465177409695,0,0,0.004,0.9838086875487793,2.550245928036115,1.728830461009455,0.005225674735134689,-0.048607837194670545,0.06877963390946906,-0.01747815901997879,-0.028458230165017424,-0.001960408652327089,-0.19565214764206373,0.07453780888585555,-0.11334864217034285,0.00004493670786025384,0.00001021887990042535,0.00019764485185569925,0.0017280131446005247,0.010541043584310052,0.01159367048710478,0.0000995278927578368,0.0011851026035435126,NaN,0,0,0,2,0.00426,0,0,0
641668862,0,1.626660671330842,3.160352880948224,0,0,0.004,1.0991931059247566,2.523215263327698,1.6981114431248372,0.005225674735134689,-0.048607837194670545,0.06877963390946906,-0.01747815901997879,-0.028458230165017424,-0.001960408652327089,-0.19565214764206373,0.07453780888585555,-0.11334864217034285,0.00004493670786025384,0.00001021887990042535,0.00019764485185569925,0.0017312370788858755,0.010547577601932544,0.011675161573032939,0.0000995278931578368,0.0011851026435435127,NaN,0,0,0,3,0.001886,0,0,0
641668866,0,1.7550931579747224,3.080181160032512,0,0,0.004,1.1733022160625608,2.4964664096569793,1.5207169085772545,0.005225674735134689,-0.048607837194670545,0.06877963390946906,-0.01747815901997879,-0.028458230165017424,-0.001960408652327089,-0.19565214764206373,0.07453780888585555,-0.11334864217034285,0.00004493670786025384,0.00001021887990042535,0.00019764485185569925,0.001734464198063801,0.010554111384648927,0.011756979939841225,0.00009952789355783681,0.0011851026835435128,NaN,0,0,0,3,0.001397,0,0,0
