timestamp_ms,is_static,zupt_gyro_norm,zupt_accel_norm,zupt_enter_count,zupt_exit_count,nav_dt,nav_linear_accel_x,nav_linear_accel_y,nav_linear_accel_z,cal_accel_bias_x,cal_accel_bias_y,cal_accel_bias_z,cal_gyro_bias_x,cal_gyro_bias_y,cal_gyro_bias_z,eskf_bias_accel_x,eskf_bias_accel_y,eskf_bias_accel_z,eskf_bias_gyro_x,eskf_bias_gyro_y,eskf_bias_gyro_z,eskf_cov_att_max,eskf_cov_vel_max,eskf_cov_pos_max,eskf_cov_bg_max,eskf_cov_ba_max,eskf_innovation_norm,backward_triggered,backward_correction_mag,accel_saturated,perf_process_us,perf_ble_interval_ms,perf_upstream_len,perf_downstream_len,perf_record_len
641344467,0,0,0,0,0,0,0,0,0,0.005225674735134689,-0.048607837194670545,0.06877963390946906,0,0,0,0,0,0,0,0,0,0.0001,0.0001,0.000001,0.0001,0.010000000000000002,NaN,0,0,0,2,0,0,0,0
641344471,0,0.016258462133667634,0.019569391066938446,1,0,0.004,-0.016724249208653896,0.00802535610160382,0.006233314894986464,0.005225674735134689,-0.048607837194670545,0.06877963390946906,0,0,0,0,0,0,0,0,0,0.00010010160000000001,0.00011016000054773065,0.0000010016000039999999,0.00010000000040000001,0.010000000040000002,NaN,0,0,0,4,0.001885,0,0,0
641344475,0,0.02539632864860152,0.03986100646671916,2,0,0.004,-0.03473835127849334,0.01614072392834698,0.01102831891362932,0.005225674735134689,-0.048607837194670545,0.06877963390946906,0,0,0,0,0,0,0,0,0,0.00010020640000000642,0.00012064000516739353,0.0000010065625680087636,0.00010000000080000002,0.010000000080000002,NaN,0,0,0,2,0.001956,0,0,0
641344479,0,0.03207027396094888,0.06538186058658989,3,0,0.004,-0.05316789014326395,0.03075558291731828,0.02240663452850633,0.005225674735134689,-0.048607837194670545,0.06877963390946906,0,0,0,0,0,0,0,0,0,0.00010031440000003203,0.0001314400223673673,0.0000010152230521452638,0.00010000000120000002,0.010000000120000001,NaN,0,0,0,3,0.001466,0,0,0
641344483,0,0.03410197839878789,0.07362515921949327,4,0,0.004,-0.059352335670781464,0.03514443892874708,0.025745538116384026,0.005225674735134689,-0.048607837194670545,0.06877963390946906,0,0,0,0,0,0,0,0,0,0.00010042560000008963,0.00014256005612688888,0.0000010279321769585156,0.00010000000160000003,0.010000000160000001,NaN,0,0,0,2,0.001397,0,0,0
641344487,0,0.03772417663015579,0.08740111680604189,5,0,0.004,-0.07592866924711172,0.02442735499069737,0.03573649022308345,0.005225674735134689,-0.048607837194670545,0.06877963390946906,0,0,0,0,0,0,0,0,0,0.00010054000000019202,0.00015400011323089545,0.000001045056023710455,0.00010000000200000004,0.010000000200000001,NaN,0,0,0,2,0.001466,0,0,0
641344491,0,0.03800506527816652,0.11832473728312579,6,0,0.004,-0.10312375957547903,0.0089974933249648,0.057317351456664056,0.005225674735134689,-0.048607837194670545,0.06877963390946906,0,0,0,0,0,0,0,0,0,0.00010065760000035202,0.00016576022915466254,0.0000010669760347000026,0.00010000000240000004,0.010000000240000001,NaN,0,0,0,2,0.001886,0,0,0
641344495,0,0.036008879918506605,0.13480852174661234,7,0,0.004,-0.11518497844113296,-0.0027879521148067576,0.06998560994967562,0.005225674735134689,-0.048607837194670545,0.06877963390946906,0,0,0,0,0,0,0,0,0,0.00010077840000058242,0.00017784042092505668,0.000001094089014080659,0.00010000000280000005,0.01000000028,NaN,0,0,0,2,0.001397,0,0,0
641344499,0,0.032419553249987416,0.15324931934622169,8,0,0.004,-0.1324637712287513,-0.008217333471941868,0.07662361661099126,0.005225674735134689,-0.048607837194670545,0.06877963390946906,0,0,0,0,0,0,0,0,0,0.00010090240000089603,0.00019024070988829967,0.000001126807130501434,0.00010000000320000006,0.01000000032,NaN,0,0,0,2,0.003422,0,0,0
641344503,0,0.03163681924343114,0.15958643599724617,9,0,0.004,-0.13861777310457168,-0.009641634107038333,0.0784855555218833,0.005225674735134689,-0.048607837194670545,0.06877963390946906,0,0,0,0,0,0,0,0,0,0.00010102960000130564,0.0002029610910953586,0.0000011655579173100636,0.00010000000360000006,0.01000000036,NaN,0,0,0,2,0.001396,0,0,0
641344507,0,0.02878260943672937,0.14945755812900632,10,0,0.004,-0.12136217311498942,-0.02687081831765381,0.08298640696904691,0.005225674735134689,-0.048607837194670545,0.06877963390946906,0,0,0,0,0,0,0,0,0,0.00010116000000182404,0.00021600151371959836,0.0000012107842706669531,0.00010000000400000007,0.0100000004,NaN,0,0,0,2,0.001396,0,0,0
641344511,0,0.025605265295031758,0.16182917675975045,11,0,0.004,-0.12485286444398036,-0.050053293110856156,0.08997284334525801,0.005225674735134689,-0.048607837194670545,0.06877963390946906,0,0,0,0,0,0,0,0,0,0.00010129360000246403,0.00022936202941730092,0.0000012629444481287616,0.00010000000440000008,0.01000000044,NaN,0,0,0,2,0.001397,0,0,0
641344515,0,0.02662764176619871,0.17238378509903926,12,0,0.004,-0.13509112091683972,-0.06556182294535984,0.08466525725812701,0.005225674735134689,-0.048607837194670545,0.06877963390946906,0,0,0,0,0,0,0,0,0,0.00010143040000323844,0.000243042646854094,0.0000013225120732737597,0.00010000000480000008,0.01000000048,NaN,0,0,0,2,0.001466,0,0,0
641344519,0,0.03119504519334989,0.17138017910772763,13,0,0.004,-0.12652966595853554,-0.0835127107857997,0.07991893743428768,0.005225674735134689,-0.048607837194670545,0.06877963390946906,0,0,0,0,0,0,0,0,0,0.00010157040000416005,0.0002570433012692518,0.0000013899761347952401,0.00010000000520000009,0.01000000052,NaN,0,0,0,2,0.001397,0,0,0
641344523,0,0.032758469147786476,0.17148755133542676,14,0,0.004,-0.12415178340291777,-0.08854147680728552,0.07845203519145016,0.005225674735134689,-0.048607837194670545,0.06877963390946906,0,0,0,0,0,0,0,0,0,0.00010171360000524165,0.0002713640142349395,0.0000014658409803582223,0.0001000000056000001,0.01000000056,NaN,0,0,0,2,0.0014670000000000002,0,0,0
641344527,1,0.035214239496801,0.16270064103632392,0,0,0.004,-0.12595345989032336,-0.0873468164212502,0.054568839060033625,0.005225674735134689,-0.048607837194670545,0.06877963390946906,0.00036218990825077636,-0.00006391586616190171,0,-0.008685414961480252,-0.0007853935219457601,0.005688823057048368,-0.00000003307598332965586,-0.000000004153882041068704,-0.00000005835192115882778,0.00010185965250570535,0.00007409358230527823,0.0000012251859088606097,0.00010000000548582714,0.0090673698667451,0.006698579965805699,0,0,0,3,0.003352,0,0,0
641344531,1,0.041306348669777886,0.15472661633533524,0,0,0.004,-0.11004454208343906,-0.09246040468311856,0.025665248907509763,0.005225674735134689,-0.048607837194670545,0.06877963390946906,0.000781051884498439,-0.0001904692811624671,-0.000010652644360316954,-0.00915744186390101,-0.0011325481803511409,0.005833875478925953,-0.00000002809679974360116,-0.000000008504631616182744,-0.00000005267644441161058,0.00010200917553231906,0.000046086511653834026,0.0000011943932708646782,0.00010000000572360263,0.008869228480648507,0.000584019625396329,0,0,0,2,0.001956,0,0,0
641344535,1,0.045164049442977104,0.15982417740012714,0,0,0.004,-0.10926992155476456,-0.10492596772478346,-0.012215530353593351,0.005225674735134689,-0.048607837194670545,0.06877963390946906,0.0012021892655814652,-0.00037840749402492295,0.000032170985968157195,-0.00956878501538119,-0.001478278434714745,0.005825880434283833,-0.000000022426442060463025,-0.000000014961565428172404,-0.00000004793921501038432,0.00010216192293173338,0.00003632820522187674,0.0000011859955124311408,0.00010000000595919206,0.008746504455715417,0.0006079288595404731,0,0,0,2,0.001397,0,0,0
641344559,1,0.04950033136758062,0.2211069611166558,0,0,0.024,-0.08995684357579892,-0.07132737717537596,-0.18830740862556716,0.005225674735134689,-0.048607837194670545,0.06877963390946906,0.001614903899042831,-0.0005945448757110805,0.00024458045345513314,-0.013220011469935827,-0.003983362709545,-0.00044855498219295836,0.00000003815629569534284,-0.00000009081988359340755,-0.00000004820780898110145,0.00010314470765045766,0.0000513646963238735,0.0000012450523861774782,0.0001000000045979696,0.008313697739217358,0.005293047982443621,0,0,0,2,0.0014670000000000002,0,0,0
641344563,1,0.05108163510087456,0.26054132228972,0,0,0.004,-0.07979702714613945,-0.05537968133571225,-0.23460399804319998,0.005225674735134689,-0.048607837194670545,0.06877963390946906,0.0020193642398349696,-0.0008063595097635149,0.0004527417315923695,-0.01364242904647455,-0.004239577440703517,-0.0014465612319587231,0.00000005719610450952391,-0.00000011071587871215937,-0.000000049996979253177504,0.00010331932693568376,0.000038521691510478103,0.0000012453321127683611,0.00010000000372707592,0.008118166890892372,0.0010156653822519345,0,0,0,2,0.001466,0,0,0
641344567,1,0.05035333591243591,0.2860196417646505,0,0,0.004,-0.0708470584664802,-0.04893445018362308,-0.2656274451086116,0.005225674735134689,-0.048607837194670545,0.06877963390946906,0.0023944300850906315,-0.0010139378511349008,0.0006673924285271781,-0.013979809197413002,-0.00444394062422933,-0.0024321146024547133,0.00000007569399733904585,-0.00000013121778566182386,-0.00000005116398581692692,0.00010349756530817283,0.00003312347155841819,0.0000012468631336648832,0.00010000000320330488,0.007983103665466826,0.001116937424947735,0,0,0,3,0.0014670000000000002,0,0,0
641344571,1,0.045910776415936876,0.2914267160199218,0,0,0.004,-0.06948160629184397,-0.031277537748224726,-0.2735828860859293,0.005225674735134689,-0.048607837194670545,0.06877963390946906,0.0026874261029189613,-0.001185406692597908,0.0009097080446042414,-0.014285600443511343,-0.004572923258887189,-0.00337712322039576,0.00000009607059598855697,-0.0000001451716491189699,-0.000000054754431954278585,0.00010367905387810248,0.000030561404492510796,0.0000012487610685320278,0.0001000000028497804,0.007871155607006243,0.0011359829121221359,0,0,0,2,0.001397,0,0,0
641344575,1,0.04263297538247686,0.3199109335724,0,0,0.004,-0.05547548092873811,-0.011211533327525891,-0.3075430454977557,0.005225674735134689,-0.048607837194670545,0.06877963390946906,0.002942604267309774,-0.0013321408685110212,0.0011578299927200804,-0.01453402697427026,-0.004636546404320526,-0.004404109122553028,0.00000012289872697417006,-0.0000001653329886583393,-0.0000000588716260961869,0.00010386378144796,0.000029275337850088404,0.000001250736575366697,0.00010000000267889647,0.007769903963897661,0.0012508298192663214,0,0,0,2,0.0029330000000000003,0,0,0
641344579,1,0.03908943231146378,0.3406325706482616,0,0,0.004,-0.030937964125912876,0.0021326737760024583,-0.33225583341266685,0.005225674735134689,-0.048607837194670545,0.06877963390946906,0.0031500682909715023,-0.0014439824278249212,0.0014116421462339196,-0.014697569726849357,-0.004663308973653639,-0.005494143429278399,0.00000015002239472051112,-0.00000019547051984345425,-0.00000006160635336614345,0.00010405174274960104,0.000028610926858228007,0.0000012526831053699727,0.00010000000272626323,0.0076743394847441785,0.0013347997288488604,0,0,0,2,0.001466,0,0,0
641344583,1,0.037872859986856224,0.34740747996699234,0,0,0.004,-0.02335066117030471,0.006664143943746481,-0.33889701851101073,0.005225674735134689,-0.048607837194670545,0.06877963390946906,0.003353383034159996,-0.0015535871559525434,0.001660378056677482,-0.014834237078326382,-0.004677541671942227,-0.006590200325300957,0.0000001704154084761283,-0.00000021958202284878868,-0.0000000635029148249047,0.0001042429235872339,0.000028261621717194795,0.0000012545652013012656,0.00010000000291632815,0.007582262488414899,0.0013590635207950846,0,0,0,2,0.0014670000000000002,0,0,0
641344587,1,0.03404807521183393,0.34093930223393426,0,0,0.004,-0.009463826139687326,0.01765430843170379,-0.3323070652382061,0.005225674735134689,-0.048607837194670545,0.06877963390946906,0.0034674103276021847,-0.001618389212076345,0.001925444537632807,-0.014921350778752734,-0.004658746790119942,-0.007655449719798082,0.0000001910220086690457,-0.0000002434702994024813,-0.00000006537751548660856,0.00010443731631913701,0.000028075180542610496,0.000001256377397073386,0.00010000000321562056,0.00749268241855201,0.0013316409379026063,0,0,0,2,0.001397,0,0,0
641344619,1,0.009943051084257437,0.2885513896312161,0,0,0.032,0.03126688110954068,0.04993116293712374,-0.27589943137926554,0.005225674735134689,-0.048607837194670545,0.06877963390946906,0.0032915356774469713,-0.0016392846496364028,0.001886935646880151,-0.014054352812097808,-0.002930445680486675,-0.020592109095318986,0.00000027501762029520827,-0.00000030835187302564085,-0.00000006793995668674455,0.00010610741465851565,0.00005473013144573547,0.0000012986559443971752,0.00010000000354074325,0.007029067040180452,0.00902781395271863,0,0,0,3,0.001397,0,0,0
641344623,1,0.01193884446444419,0.27515263898633313,0,0,0.004,0.042724702618908594,0.05796811347397479,-0.2464683832417176,0.005225674735134689,-0.048607837194670545,0.06877963390946906,0.003119178520294862,-0.0016597621784452596,0.001849196933942548,-0.013919631168507958,-0.0027403034675854243,-0.02163687205567113,0.0000002965105879801159,-0.00000032968609407803085,-0.00000006926302016780923,0.00010633047215842665,0.00003976002302439143,0.0000013006042203692934,0.00010000000237495772,0.006848806978679167,0.0010270919439379668,0,0,0,2,0.001397,0,0,0
641344627,1,0.0172411927206639,0.25327524253937655,0,0,0.004,0.049288475232772244,0.047304369013115855,-0.22411201172882755,0.005225674735134689,-0.048607837194670545,0.06877963390946906,0.0028970052844842107,-0.001679830156677939,0.0018015603509033801,-0.013781907100101574,-0.0026167377206772376,-0.02243415538644354,0.0000003002500214403508,-0.00000034995134161850756,-0.00000007274359562745865,0.0001065567616792021,0.000033644757468938394,0.000001302532482930813,0.00010000000143599942,0.006733893709680147,0.00093717235059208,0,0,0,3,0.001466,0,0,0
641344631,1,0.023469941724260392,0.2280848307147758,0,0,0.004,0.05671057885716202,0.04434810956602531,-0.1965251272526043,0.005225674735134689,-0.048607837194670545,0.06877963390946906,0.00261535964722787,-0.0016781914866253313,0.0017122659220837277,-0.013629413224654616,-0.002512447661115573,-0.023070127710546635,0.000000302549903094049,-0.0000003709046566482679,-0.00000007683058076398233,0.00010678625648444153,0.000030772663255885045,0.0000013044089357388985,0.00010000000043660383,0.006643524570600452,0.0008371854773517935,0,0,0,2,0.003422,0,0,0
641344635,1,0.027536680976440128,0.17068818778772485,0,0,0.004,0.04401571566795548,0.02186076580876206,-0.14267011836576238,0.005225674735134689,-0.048607837194670545,0.06877963390946906,0.002307388989635706,-0.0016446276568928247,0.0016141047374801515,-0.013518474547602362,-0.00247230520756049,-0.023505169767875693,0.00000029265187264186895,-0.00000038025278751836143,-0.00000008133142558407035,0.00010701896651418181,0.000029334636608279036,0.0000013062269022772551,0.00009999999961173028,0.006564623908945558,0.0006035897809871667,0,0,0,2,0.0014670000000000002,0,0,0
641344639,1,0.02959000009824314,0.12712384949709857,0,0,0.004,0.03904446172571263,0.007637709897922784,-0.09979032819567912,0.005225674735134689,-0.048607837194670545,0.06877963390946906,0.001994925100835068,-0.0015691245263137004,0.0015179067765686467,-0.013421322428305628,-0.002468802811756724,-0.023799249920054714,0.00000028103077999002,-0.00000038813440952636123,-0.00000008649224431138909,0.00010725489158561167,0.00002859041088976277,0.0000013079894263421803,0.00009999999899538963,0.006491885437592553,0.000429714588169158,0,0,0,2,0.001397,0,0,0
641344643,1,0.030055849945052043,0.11426207151462756,0,0,0.004,0.03752830020319453,0.003118691143913277,-0.08674539540630555,0.005225674735134689,-0.048607837194670545,0.06877963390946906,0.0016887104898104426,-0.0014951314583461586,0.001423632774875372,-0.013329429411841521,-0.0024763891521526766,-0.024049073319191476,0.0000002712598916058843,-0.0000003921660725784855,-0.00000009087346289106022,0.00010749402682131092,0.000028197533449444097,0.00000130970371283405,0.00009999999851491264,0.006422874504858934,0.0003782668513055515,0,0,0,2,0.001397,0,0,0
641344647,1,0.03155940551543114,0.08657686806451559,0,0,0.004,0.02674744379177585,-0.004740826870909154,-0.06013354878288801,0.005225674735134689,-0.048607837194670545,0.06877963390946906,0.001377967526645993,-0.0013800076742966998,0.0013205916088556459,-0.013266051485820027,-0.0025007293290202175,-0.024218623563563794,0.0000002629776520965775,-0.0000003922412472117885,-0.00000009455755115978265,0.00010773637472971374,0.000027986843445875154,0.0000013113782496261429,0.0000999999982297326,0.00635639214366685,0.00026393771622981407,0,0,0,2,0.001397,0,0,0
641344651,1,0.030716096158127353,0.0380545473876827,0,0,0.004,0.014383627351850947,-0.005042063484583359,-0.012216733654819123,0.005225674735134689,-0.048607837194670545,0.06877963390946906,0.0010734394227448324,-0.001288491654648864,0.0012622218435975822,-0.013229745998815042,-0.0025183655117017416,-0.02425347213325069,0.00000026039234028291703,-0.00000039497889409479386,-0.00000009647420478920953,0.0001079819357416782,0.00002787183724748895,0.0000013130212510683173,0.0000999999981573512,0.006291819084361483,0.00007813421490458825,0,0,0,2,0.0014670000000000002,0,0,0
641344655,1,0.028873630885406357,0.021402202433943626,0,0,0.004,0.01153722498331411,-0.0023949637529793177,0.04590439817525471,0.005225674735134689,-0.048607837194670545,0.06877963390946906,0.0008176124583629629,-0.0011455427335924004,0.0011943668292843628,-0.013192098117828455,-0.0025223149842112905,-0.024131362128249213,0.00000026162473812694575,-0.0000004050420645168192,-0.00000009730660189544432,0.00010823070565152927,0.000027807463175553108,0.0000013146399298273432,0.00009999999822428364,0.006228821873679222,0.00018957034297699713,0,0,0,2,0.001466,0,0,0
641344659,1,0.025538245304365832,0.06259676719390045,0,0,0.004,0.006762215376341363,-0.009357388811528367,0.08620844626329571,0.005225674735134689,-0.048607837194670545,0.06877963390946906,0.0006201652550703156,-0.000984147502236432,0.0011491742039780415,-0.013162636413731658,-0.0025398966762679724,-0.023901832536277368,0.00000026353047441500856,-0.0000004174454532339663,-0.00000009879842958083707,0.0001084826832390738,0.00002777001455962739,0.000001316240261264845,0.00009999999840599819,0.0061672128147789084,0.00034791227605355206,0,0,0,3,0.001396,0,0,0
641344663,1,0.024523145197193726,0.0750121092987334,0,0,0.004,0.005224221158618869,-0.011574915814529407,0.0981052866247083,0.005225674735134689,-0.048607837194670545,0.06877963390946906,0.00042666699584352106,-0.0008259801755075829,0.0011048854311778466,-0.01313611793546615,-0.0025617110938779167,-0.02364285882263765,0.00000026596642700230404,-0.0000004279719283630769,-0.00000010016571894576873,0.00010873786592002453,0.000027746930430074205,0.00000131782700042104,0.00009999999865322674,0.006106879788807486,0.00039569520444996596,0,0,0,3,0.0027930000000000003,0,0,0
641344667,1,0.0217724198739533,0.07742201086856568,0,0,0.004,0.0029703980954898235,-0.021346352707295235,0.09759197542811116,0.005225674735134689,-0.048607837194670545,0.06877963390946906,0.0002689966348822133,-0.0006816288396736278,0.0010721350781939727,-0.01311749650385066,-0.0026084502078649,-0.02338643657393936,0.0000002722541600869108,-0.00000043636338535563983,-0.00000010218839229519685,0.00010899625191643645,0.000027731530236275916,0.0000013194038362686365,0.00009999999891800783,0.006047749789669716,0.00039977361006871866,0,0,0,2,0.0014670000000000002,0,0,0
641344671,1,0.017164621428380617,0.1054028961968677,0,0,0.004,-0.007302022030570399,-0.045600736168095235,0.11602535555045357,0.005225674735134689,-0.048607837194670545,0.06877963390946906,0.00018904819166235033,-0.0005401645305563519,0.001093302954071361,-0.01312697006879883,-0.0027138000719151433,-0.023080888607698885,0.0000002897647529603322,-0.0000004492629601891849,-0.0000001061515781797225,0.00010925783874781244,0.000027720278487436876,0.0000013209735764269775,0.00009999999907351222,0.005989769658242029,0.0004995138403754807,0,0,0,2,0.001397,0,0,0
641344675,1,0.014045335406614139,0.142902038554424,0,0,0.004,-0.021503369220555735,-0.06136319032923332,0.1472719673589591,0.005225674735134689,-0.048607837194670545,0.06877963390946906,0.00018526722782910335,-0.00040152950762142143,0.0011140474724312015,-0.013170734818160456,-0.0028530344934567294,-0.022694695901463047,0.0000003120775349100237,-0.00000047002003363444624,-0.00000011153755765816744,0.00010952262101179047,0.000027711310421233304,0.000001322538322434164,0.00009999999889529447,0.005932897050389987,0.0006439486735446615,0,0,0,2,0.0014670000000000002,0,0,0
641344679,1,0.011289674401838316,0.14680717087566392,0,0,0.004,-0.032078530429551,-0.04974538433411391,0.1534027385272978,0.005225674735134689,-0.048607837194670545,0.06877963390946906,0.00025613039379473996,-0.00030827776258645734,0.0011237244560635285,-0.013238044869361134,-0.0029591401523104536,-0.022296350356510602,0.00000032221676246443604,-0.0000004952439580320007,-0.00000011759311100197358,0.00010979059972894204,0.00002770359236131027,0.0000013240996307264047,0.00009999999843171747,0.005877096663066402,0.0006577055336819702,0,0,0,3,0.001396,0,0,0
641344683,1,0.011387811670075243,0.14839610705643458,0,0,0.004,-0.035569720918610326,-0.04611960025992068,0.1549195281133322,0.005225674735134689,-0.048607837194670545,0.06877963390946906,0.0003255762964410638,-0.00021689105245219255,0.0011332079000232087,-0.013312678405794308,-0.003054428275315238,-0.02189780919487232,0.00000032935172374978316,-0.0000005191794892982349,-0.00000012307695402918804,0.00011006177468650067,0.00002769658188797037,0.00000132565865240051,0.00009999999769917152,0.005822336796527421,0.0006620245646828549,0,0,0,2,0.001886,0,0,0
641344687,1,0.013026812595508587,0.1305498640965137,0,0,0.004,-0.03463185570402305,-0.017926262844829566,0.14289060198843195,0.005225674735134689,-0.048607837194670545,0.06877963390946906,0.0004682017915566799,-0.00022320587576346565,0.0011744596081846462,-0.01338138270676191,-0.003080006958292052,-0.02153585029988628,0.00000031272166908581537,-0.0000005395409081921739,-0.00000012965989336119385,0.00011033615516552452,0.000027689973398101596,0.0000013272162255514513,0.00009999999710681425,0.0057685882805298015,0.0005924652288963823,0,0,0,2,0.001397,0,0,0
641344691,1,0.020611936563395175,0.12406819730240412,0,0,0.004,-0.050887260357966424,-0.01436091584077448,0.12790825603478417,0.005225674735134689,-0.048607837194670545,0.06877963390946906,0.0006399327098509345,-0.0003465734905719998,0.0012894547927050737,-0.013490994321490193,-0.003095194042118913,-0.02121230486420849,0.0000003014548574087981,-0.0000005756134045442747,-0.00000013819195439095382,0.00011061373672151316,0.000027683623758569463,0.000001328772970419915,0.00009999999643240005,0.005715823530644329,0.0005536247267943898,0,0,0,3,0.003352,0,0,0
641344695,1,0.03064986015854439,0.11851596748565854,0,0,0.004,-0.05166412915085283,-0.030730036214410172,0.11605884978539116,0.005225674735134689,-0.048607837194670545,0.06877963390946906,0.0008721448759412057,-0.0005633475523272158,0.0014128027178954095,-0.013605786921580971,-0.0031511209787876493,-0.020918897158469472,0.00000031348113477013634,-0.0000006081422449343173,-0.0000001414494769071803,0.00011089451299373573,0.000027677463435788795,0.000001330329327757504,0.00009999999542825099,0.0056640158478582165,0.000522810466309357,0,0,0,3,0.0014670000000000002,0,0,0
641344699,1,0.04078768621262003,0.09382387505191261,0,0,0.004,-0.0350375398278282,-0.035195677572136264,0.09317141182317279,0.005225674735134689,-0.048607837194670545,0.06877963390946906,0.0011742813092318902,-0.0008716599320901801,0.0015017257515009877,-0.013683221110001738,-0.0032221161911451805,-0.02068526634209099,0.00000033283436448894336,-0.0000006231776641717753,-0.00000013984775709627754,0.00011117848779327363,0.000027671437202084682,0.0000013318856096067182,0.00009999999433629419,0.005613139646944023,0.00042232266144400416,0,0,0,2,0.0014670000000000002,0,0,0
641344703,1,0.04367456097833531,0.08639050485109978,0,0,0.004,-0.02959334750134479,-0.03586960524248051,0.08617619860090286,0.005225674735134689,-0.048607837194670545,0.06877963390946906,0.0014703750138567611,-0.0011738060642578851,0.0015888703244344544,-0.01374798127315226,-0.003295591429535025,-0.020471134890194618,0.0000003509610776749613,-0.0000006326852779036617,-0.00000013757635213480942,0.00011146566256396325,0.00002766554433653225,0.0000013334420451627192,0.00009999999323570348,0.005563169922908607,0.0003916882842646992,0,0,0,2,0.0014670000000000002,0,0,0
641344707,1,0.04875018636081386,0.06147556679521036,0,0,0.004,-0.012576267854825574,-0.05144740924896207,0.03378405224499481,0.005225674735134689,-0.048607837194670545,0.06877963390946906,0.0017818521331097684,-0.0015338251399441378,0.0016955772946298856,-0.013781332196235289,-0.0034128169282894145,-0.020384153096966718,0.0000003910725399767324,-0.0000006370624363552274,-0.00000012929915285045077,0.00011175603541436123,0.000027659731933945504,0.0000013349987944975133,0.00009999999209296627,0.005514083403466325,0.00025128026162606716,0,0,0,3,0.001396,0,0,0
641344711,1,0.051043001263562995,0.07496742317403182,0,0,0.004,-0.013620282515730775,-0.05624260558711969,-0.01587020940358208,0.005225674735134689,-0.048607837194670545,0.06877963390946906,0.0020870997099777158,-0.0019079491228372993,0.0018001501254214082,-0.013824309825453655,-0.0035445012179660096,-0.02041435179130922,0.0000004383694758294345,-0.0000006502812333020415,-0.0000001230781697359798,0.00011204960344427877,0.000027654017613169973,0.0000013365559706700708,0.00009999999074068046,0.005465857429132736,0.00024002021000074717,0,0,0,2,0.001396,0,0,0
641344715,1,0.04953206983476424,0.09806609344179705,0,0,0.004,-0.0006186850320004655,-0.04988076112186923,-0.059862361019881405,0.005225674735134689,-0.048607837194670545,0.06877963390946906,0.002386242335308304,-0.0022532853373519635,0.0018493682777955156,-0.013841518151099188,-0.0036661167785694156,-0.020549338155926838,0.0000004837147954195709,-0.0000006591409019704805,-0.0000001161765391656338,0.00011234637064907401,0.000027648415868899366,0.0000013381136453753728,0.00009999998941220085,0.005418469742576816,0.00031169152360987736,0,0,0,3,0.000978,0,0,0
641344719,1,0.04401653169801734,0.12792703122561963,0,0,0.004,0.023029940422979678,-0.03990367594464239,-0.09834884569246327,0.005225674735134689,-0.048607837194670545,0.06877963390946906,0.0026687494637719633,-0.002506493672693799,0.001897602067122141,-0.013807515656565747,-0.0037707071196546424,-0.020776269630147493,0.0000005263716641579743,-0.0000006608990161111548,-0.00000010548527949322684,0.00011264633957504649,0.000027642934412426226,0.0000013396718684210936,0.00009999998832723653,0.005371898642273547,0.00043442241118654966,0,0,0,2,0.0029330000000000003,0,0,0
641344723,1,0.04215845480411837,0.13856101021393885,0,0,0.004,0.030634390616982143,-0.03635984551736293,-0.10967432371407071,0.005225674735134689,-0.048607837194670545,0.06877963390946906,0.0029456064496663496,-0.0027546378413287973,0.0019448711806622338,-0.013757356405693703,-0.003868470236409346,-0.02102857353124083,0.0000005611010890062561,-0.0000006599224618077905,-0.00000009612038103277832,0.00011294950683037673,0.000027637578300413842,0.0000013412306775997372,0.00009999998731575114,0.005326122832864729,0.0004781457775475444,0,0,0,3,0.000978,0,0,0
641344727,1,0.03495408622119893,0.17959051698468945,0,0,0.004,0.030501246052303088,-0.0318979337576758,-0.15311843104136003,0.005225674735134689,-0.048607837194670545,0.06877963390946906,0.0031743157184015804,-0.0029125979717085602,0.001959236978850574,-0.013713009170437484,-0.003958996631739696,-0.02137808034429018,0.0000005994189544254532,-0.000000654212751854111,-0.00000008969046169662205,0.00011325587195672351,0.000027632331029820508,0.0000013427900926589916,0.00009999998631229945,0.005281122527547802,0.000637407977525477,0,0,0,2,0.0014670000000000002,0,0,0
641344731,1,0.02666977206869014,0.22361741026692272,0,0,0.004,0.01259991571929886,-0.03814106339437462,-0.19734409096509964,0.005225674735134689,-0.048607837194670545,0.06877963390946906,0.0033664928686811557,-0.0029608724558775586,0.0019413575279941964,-0.013716156953518386,-0.004063902130354264,-0.02182169763039858,0.0000006360803102492486,-0.0000006354205491491918,-0.00000009099815906173825,0.0001135654371599065,0.00002762720825906136,0.0000013443501265340034,0.00009999998528884966,0.005236878684848644,0.0008055625495945418,0,0,0,2,0.001397,0,0,0
641344735,1,0.01571217414155138,0.2539297530481634,0,0,0.004,0.004197675760385655,-0.04004094901126454,-0.2272244877938796,0.005225674735134689,-0.048607837194670545,0.06877963390946906,0.0034483000323519697,-0.002933612939840958,0.0019025303774343125,-0.01374227461422875,-0.004173484641386524,-0.02232731090001129,0.0000006687024052817274,-0.0000006105606610569297,-0.00000009479417242493775,0.00011387820394580748,0.00002762219946832877,0.0000013459107771159405,0.00009999998427137102,0.005193372519623102,0.0009230546326860872,0,0,0,2,0.001397,0,0,0
641344739,1,0.011723175084313812,0.2731346471417897,0,0,0.004,0.006539374605983417,-0.043280114536339065,-0.2456977097090398,0.005225674735134689,-0.048607837194670545,0.06877963390946906,0.0034752078309477825,-0.002821677459242554,0.0018005639037237246,-0.013765872294472159,-0.004291316028367517,-0.022869760796495765,0.0000006934539841489564,-0.000000590944854423624,-0.00000009761049475451099,0.00011419417014222682,0.00002761728923033284,0.000001347472039805557,0.00009999998316151718,0.0051505856337221234,0.0009982648649794993,0,0,0,2,0.001466,0,0,0
641344743,1,0.012480241419051331,0.27891108452667623,0,0,0.004,0.007070394542373792,-0.04408593323997778,-0.2508690260417623,0.005225674735134689,-0.048607837194670545,0.06877963390946906,0.0035015774735716793,-0.002711980688256118,0.0017006367594873484,-0.013788909512726377,-0.0044105071094835855,-0.023419150167201266,0.0000007110018305810644,-0.0000005747887436912131,-0.00000009997539847907316,0.00011451333551326641,0.000027612455245973405,0.0000013490339092050593,0.00009999998195102474,0.00510850007618774,0.0010192454323921555,0,0,0,3,0.0014670000000000002,0,0,0
641344747,1,0.018304273622160906,0.2957595625201909,0,0,0.004,-0.01488043865481914,-0.041744576668147904,-0.26656591563652654,0.005225674735134689,-0.048607837194670545,0.06877963390946906,0.0034421985684605625,-0.0024979514090862414,0.0015707502250547488,-0.013861301925644734,-0.004521662432114023,-0.023995931667080667,0.0000007304836188590671,-0.0000005295754493735916,-0.00000010816191890259011,0.00011483570531787021,0.000027607703677254024,0.0000013505963809433665,0.00009999998080917153,0.005067098923342008,0.0010808990666285358,0,0,0,2,0.003353,0,0,0
641344751,1,0.023133151270151055,0.3162208811759886,0,0,0.004,-0.04413309395307974,-0.025454890116531126,-0.2848166817739628,0.005225674735134689,-0.048607837194670545,0.06877963390946906,0.0033307440196500833,-0.0022455921380584946,0.001464766710031435,-0.013996349518642062,-0.004593832350123746,-0.024605598282226766,0.0000007736900023628541,-0.0000004501288523508001,-0.00000012197092559431055,0.00011516128474449962,0.00002760303249922502,0.000001352159443561465,0.00009999997992260977,0.005026365904696557,0.0011573502400186167,0,0,0,2,0.001885,0,0,0
641344755,1,0.030058169098215466,0.32785581365878647,0,0,0.004,-0.07226809365125098,-0.014021067296522527,-0.2906977798670489,0.005225674735134689,-0.048607837194670545,0.06877963390946906,0.003136297406933278,-0.0019450168306497178,0.0013609028653085876,-0.014189779359661559,-0.004637197571236358,-0.025220739725266006,0.0000008234282202552366,-0.0000003456658966722409,-0.00000013938485187977907,0.00011549006586357847,0.000027598424609898337,0.000001353723086286657,0.00009999997874035126,0.004986284984060055,0.0011994963403545728,0,0,0,2,0.001397,0,0,0
641344759,1,0.04068712798908157,0.33539716675003567,0,0,0.004,-0.09333085848977896,0.0023957542828403344,-0.2921234193500819,0.005225674735134689,-0.048607837194670545,0.06877963390946906,0.0028818238603089074,-0.001543926585785947,0.0012484636531198802,-0.014424327951234838,-0.004642260747682682,-0.025833062660834783,0.0000008866648223940863,-0.00000023415990356642236,-0.00000015868275279242338,0.00011582203534417248,0.000027593886008610055,0.000001355287295389382,0.00009999997643997556,0.004946840530271047,0.001226719077329813,0,0,0,3,0.000978,0,0,0
641344763,1,0.043571215996873844,0.33829331796150036,0,0,0.004,-0.1000905210870664,0.007065604803137893,-0.2921711684183954,0.005225674735134689,-0.048607837194670545,0.06877963390946906,0.002632439784617024,-0.0011508581458194516,0.001138273225174947,-0.014670627370153422,-0.004636428038180911,-0.02644032119324917,0.0000009366758984138321,-0.00000014492267876114392,-0.00000017366606407112804,0.00011615718245422544,0.000027589410590495468,0.0000013568520586038301,0.0000999999724040854,0.004908017330703626,0.0012356829809473625,0,0,0,2,0.001397,0,0,0
641344767,1,0.0485099077357428,0.3404939508822538,0,0,0.004,-0.12034273872583756,0.0114434282653737,-0.2858888645780411,0.005225674735134689,-0.048607837194670545,0.06877963390946906,0.0023560854573580273,-0.0007123878528507014,0.0010196339614285954,-0.014956024363911032,-0.004618017576717697,-0.02702773125504897,0.000000976073133564701,-0.00000004096037732790772,-0.00000018609903690625675,0.00011649549153988948,0.000027584990302218903,0.0000013584173673764587,0.00009999996555082497,0.004869800645972216,0.0012415845985141501,0,0,0,3,0.001397,0,0,0
641344771,1,0.05137071302822615,0.337053028127953,0,0,0.004,-0.14230651278693918,0.015296607796178807,-0.27089207912431945,0.005225674735134689,-0.048607837194670545,0.06877963390946906,0.0020533002835632598,-0.0002613816770206923,0.0009566307047587557,-0.015282485939595592,-0.0045873713423978495,-0.027577220010440707,0.0000010069633985333634,0.00000008288446824791621,-0.0000001953476972538258,0.00011683694452038763,0.000027580616951249176,0.0000013599832098000153,0.0000999999545816806,0.004832176046820425,0.0012255131060837888,0,0,0,2,0.0019549999999999997,0,0,0
641344775,1,0.055539536764468,0.3372454639377487,0,0,0.004,-0.1706385452508341,0.012335924049854508,-0.25392627269712165,0.005225674735134689,-0.048607837194670545,0.06877963390946906,0.001724612880163437,0.00022321495273398449,0.0009055401575826297,-0.015663220574287016,-0.004557688841940877,-0.028084013079928128,0.0000010180576218809754,0.00000023622895180294178,-0.0000001953750312779676,0.0001171815156271942,0.00002757630075085305,0.000001361549575664615,0.0000999999375710924,0.004795129613358798,0.0012247333758060991,0,0,0,2,0.0028640000000000002,0,0,0
641344779,1,0.053780861810293235,0.3156848913027282,0,0,0.004,-0.18984606742869392,0.016676532199166205,-0.21184540916688555,0.005225674735134689,-0.048607837194670545,0.06877963390946906,0.0014024992248316106,0.0006555090724522999,0.0008874293544309771,-0.016074774044979534,-0.004513321167508464,-0.028498898598330488,0.0000010334247907083864,0.00000041617520293281957,-0.00000019501477406015716,0.00011752918848949588,0.000027572005782759772,0.0000013631164497374461,0.0000999999132424278,0.0047586472208117694,0.0011398113066953858,0,0,0,3,0.001466,0,0,0
641344783,1,0.05291484751380288,0.3107582673108447,0,0,0.004,-0.19600885336883822,0.017574534023252708,-0.19900825843926384,0.005225674735134689,-0.048607837194670545,0.06877963390946906,0.0010868278426064207,0.0010791573097762488,0.0008696807673423575,-0.016494083550927532,-0.004465588248717261,-0.02888395658833648,0.0000010426299733056423,0.0000005573844302194833,-0.0000001916537842212885,0.00011787996917593514,0.000027567781574285328,0.000001364683819160234,0.00009999988188874535,0.004722715988080837,0.0011195186234958668,0,0,0,2,0.001956,0,0,0
641344787,1,0.050230027372689647,0.3090351763361552,0,0,0.004,-0.21289040064042553,0.017287450996691378,-0.1788769974150739,0.005225674735134689,-0.048607837194670545,0.06877963390946906,0.0007561645993051007,0.0014410693605521343,0.0008948977294367781,-0.01694197738089182,-0.004414895892323819,-0.029223632956942063,0.0000010466588745876337,0.0000006998360070036159,-0.00000018273883443164517,0.0001182338461659611,0.000027563627128319537,0.0000013662516760867294,0.00009999984246143021,0.004687323337223884,0.0011144014275011407,0,0,0,3,0.001397,0,0,0
641344791,1,0.04369650951265191,0.32503933384655587,0,0,0.004,-0.24757846305671638,0.0191625487935978,-0.16071218863173797,0.005225674735134689,-0.048607837194670545,0.06877963390946906,0.00042146197650949006,0.0016679114379886985,0.0009728735740908951,-0.017453644527057152,-0.004354651041814636,-0.029520811812460603,0.0000010509640710069541,0.0000008679060987385391,-0.00000016941977317972378,0.00011859077107766756,0.000027559568984322072,0.0000013678200124722338,0.00009999979109204649,0.004652457325449415,0.0011831531175336264,0,0,0,2,0.001397,0,0,0
641344795,1,0.036640154759808384,0.3280522329373155,0,0,0.004,-0.27060508756307655,-0.0014222339090671499,-0.12978292409286318,0.005225674735134689,-0.048607837194670545,0.06877963390946906,0.0001041060505301086,0.0017410796528320941,0.0010919004792931976,-0.018006499940213,-0.0043303082280249545,-0.029750119596301576,0.0000010240361639110014,0.0000010525154974570476,-0.00000011541155517836518,0.00011895072630295535,0.000027555579096888436,0.0000013693888172012596,0.00009999972604919397,0.004618105935153478,0.0012004848590492514,0,0,0,2,0.001397,0,0,0
641344799,1,0.032092654453343084,0.31098655926071916,0,0,0.004,-0.2637708130331806,-0.016062915015914392,-0.10329182352297828,0.005225674735134689,-0.048607837194670545,0.06877963390946906,-0.00016429217948841737,0.0016849527710548183,0.0012511574238327219,-0.018540751589994266,-0.0043339792392250494,-0.029924983728149914,0.0000009874333815982368,0.0000011990882330154622,-0.00000004487333139504675,0.00011931376545785841,0.000027551622876431305,0.0000013709580729439427,0.00009999965109994742,0.004584257429905415,0.0011349168064924986,0,0,0,2,0.0019549999999999997,0,0,0
641344803,1,0.03163495107193491,0.30644897119493425,0,0,0.004,-0.2615027113919113,-0.020957066381042777,-0.09520425168924973,0.005225674735134689,-0.048607837194670545,0.06877963390946906,-0.00042732244490657285,0.001629948426913088,0.0014072292294814556,-0.019066406970417317,-0.004346905216975769,-0.030082597000322755,0.0000009567546292630922,0.0000012894205613967124,0.000000019348974551899003,0.00011967992125499116,0.00002754772546033197,0.0000013725277712375314,0.00009999956853454194,0.004550901035666194,0.0011163276668529232,0,0,0,2,0.001397,0,0,0
641344823,1,0.040896834365663395,0.22088576173708033,0,0,0.02,-0.19052197202456944,-0.013392482287179375,-0.04207226477832826,0.005225674735134689,-0.048607837194670545,0.06877963390946906,-0.0005466077283322448,0.0012671174832050006,0.001719969264421969,-0.022051353036140375,-0.004374839739290502,-0.030565236587692748,0.000000925082489435502,0.0000012539313495122869,0.0000001711462264175484,0.00012156130043710961,0.000044854347058327147,0.0000013904191804326515,0.00009999935701316975,0.004442565203674795,0.003911422036524364,0,0,0,3,0.002863,0,0,0
641344827,1,0.048010249206272344,0.19535881736775193,0,0,0.004,-0.1578190078688948,-0.02713672402993872,-0.04246800178388099,0.005225674735134689,-0.048607837194670545,0.06877963390946906,-0.0006208967286481357,0.0009008905140107581,0.0020690650761049398,-0.02244603007334264,-0.004418251195027919,-0.030645435995224592,0.000000915696797795654,0.0000012120058671612998,0.00000023248474952295295,0.00012194643898441521,0.000035709629390602786,0.000001392286060571177,0.00009999925088195393,0.004384469445364075,0.0006626826958515221,0,0,0,3,0.001397,0,0,0
641344831,1,0.04922197356777263,0.18010208880785958,0,0,0.004,-0.13578691329688475,-0.03983641057342591,-0.045845252191627495,0.005225674735134689,-0.048607837194670545,0.06877963390946906,-0.0006617420158767577,0.0005419880842004003,0.0024005263271939343,-0.022748306868067662,-0.0044871667497945085,-0.030724662006226214,0.0000009088978006877913,0.0000011516274213556566,0.00000030486589444578474,0.00012233524396077503,0.00003163282671724523,0.0000013941151354824597,0.0000999991829712245,0.004342179506265407,0.0005950033623916313,0,0,0,2,0.001396,0,0,0
641344859,1,0.0680486800912525,0.13921277027760168,0,0,0.028,-0.08878825372478838,-0.026304226196441904,-0.048102205621669114,0.005225674735134689,-0.048607837194670545,0.06877963390946906,-0.0008189494853242938,-0.00008670505038199108,0.0027892742194230505,-0.024942760400961696,-0.005000423016737895,-0.031717400178067776,0.0000010049832245217522,0.0000005740117451776682,0.0000004410111615309875,0.0001251509258517452,0.000051934483652347936,0.0000014313779814756332,0.00009999908990412,0.004194419211526766,0.0029218222712466416,0,0,0,2,0.001397,0,0,0
641344863,1,0.07343950229245294,0.12481526408838448,0,0,0.004,-0.06875604203468111,-0.021711137775899725,-0.04717823224295081,0.005225674735134689,-0.048607837194670545,0.06877963390946906,-0.0009730128053828792,-0.0007028243222727347,0.0031702471538075845,-0.025123351815559195,-0.005046477148761455,-0.0318228139728517,0.0000010164449737424897,0.0000005139882015799169,0.0000004517724710767493,0.0001255657673513294,0.000038528078344515345,0.0000014331888857693887,0.00009999905507634361,0.0041316500289707535,0.0003446633700843474,0,0,0,3,0.0014670000000000002,0,0,0
641344867,1,0.07728016508094744,0.09204958430947943,0,0,0.004,-0.025965500621444315,-0.03083268291699981,-0.03565140307170189,0.005225674735134689,-0.048607837194670545,0.06877963390946906,-0.0011666054364815606,-0.0013492317861669308,0.003532947985144111,-0.025186695407528877,-0.005110208984851873,-0.03189223174191683,0.0000010221588843992126,0.0000004769540543468624,0.0000004795875699147077,0.00012598400341130365,0.00003292693454830616,0.000001435063936192471,0.00009999903991301655,0.004090167950080331,0.00021525367729684648,0,0,0,3,0.001397,0,0,0
641344871,1,0.07956560681213806,0.06521642391722075,0,0,0.004,-0.004104848474492551,-0.028768438866752066,-0.014938402794463457,0.005225674735134689,-0.048607837194670545,0.06877963390946906,-0.0014308947254804871,-0.002004016389503877,0.003856436866772956,-0.025200030462924707,-0.005165972076746811,-0.03191829444019266,0.0000010246389936863696,0.00000046580157224645703,0.0000005003246795378785,0.00012640552362290123,0.000030271973871287323,0.0000014369224531333727,0.00009999903362751598,0.0040568664790863445,0.0001306983540143167,0,0,0,2,0.001397,0,0,0
641344875,1,0.07819135784390405,0.04425028791360538,0,0,0.004,0.01583950708415549,-0.03723453896694007,0.0250653404342831,0.005225674735134689,-0.048607837194670545,0.06877963390946906,-0.0017325088061407028,-0.0025924420789725,0.004184108615129541,-0.02517314628819726,-0.00523432456411379,-0.03187138814892526,0.000001020821484759553,0.0000004779674209055648,0.0000005208403350754188,0.00012683027659039463,0.000028938107325289406,0.0000014387409470318456,0.00009999903125407358,0.004027379881843435,0.00019039210772870175,0,0,0,2,0.003282,0,0,0
641344879,1,0.06955472607244577,0.05732727025649416,0,0,0.004,0.05040695346497004,-0.020897624596561526,0.07615815950385318,0.005225674735134689,-0.048607837194670545,0.06877963390946906,-0.002092006471349616,-0.0030306148779676296,0.004430658417996776,-0.025078634318995926,-0.005272799242497355,-0.03173995766425455,0.000001005370235726764,0.0000005040137199955823,0.0000005382122638591786,0.00012725823400902393,0.0000282479345662832,0.000001440514965643794,0.00009999903036676261,0.003999898160884177,0.00037475617524812717,0,0,0,2,0.001396,0,0,0
641344883,1,0.06685834170467646,0.0732657612426169,0,0,0.004,0.06145637707411589,-0.016483722913718468,0.09147584400431263,0.005225674735134689,-0.048607837194670545,0.06877963390946906,-0.002444314183254351,-0.003460024220982857,0.004672277224806666,-0.024964636310740255,-0.00530331281859453,-0.03158580737115904,0.000000992611617374653,0.0000005260654751643676,0.0000005507550018902761,0.0001276893671775758,0.000027884943526096218,0.0000014422477193748471,0.00009999902805043181,0.003973581649175116,0.00044571613281053235,0,0,0,2,0.001956,0,0,0
641344887,1,0.054806140873084955,0.14278394118735405,0,0,0.004,0.10972709266125635,-0.007967448456370207,0.14553134852722316,0.005225674735134689,-0.048607837194670545,0.06877963390946906,-0.002832186318362259,-0.003603876623769539,0.004877105722399407,-0.024762972847223143,-0.005321449994666305,-0.03134621857013109,0.0000009689760796136143,0.0000005605705702252063,0.0000005704932736262221,0.0001281236290584323,0.00002769201854857269,0.0000014439452694931759,0.00009999901987744923,0.00394801364295046,0.000729743938684785,0,0,0,3,0.001397,0,0,0
641344891,1,0.04897786481584004,0.18668531287371476,0,0,0.004,0.12539941749711947,-0.0015062985781867377,0.1885230562826461,0.005225674735134689,-0.048607837194670545,0.06877963390946906,-0.0032336062994886426,-0.003563757024375099,0.00505653236131966,-0.02453162900414512,-0.0053278104861115535,-0.031037952439716604,0.0000009415206005997267,0.0000005714497871330659,0.000000588851732269883,0.00012856099192706978,0.00002758852015911456,0.000001445614246725191,0.00009999900279499406,0.003922980655168833,0.0009056995139154995,0,0,0,2,0.001466,0,0,0
641344895,1,0.04729638692036324,0.24235503565047434,0,0,0.004,0.13845579705740862,-0.002675043216116224,0.24513479115945103,0.005225674735134689,-0.048607837194670545,0.06877963390946906,-0.003595039947911548,-0.0032687763523209412,0.005179107245659923,-0.02427469127267437,-0.005334367470882977,-0.030638022724100166,0.0000009232891961008642,0.0000005360323018690124,0.0000005987204784369174,0.00012900144035761052,0.000027532376197445215,0.0000014472607892511203,0.00009999897489301819,0.0038983697036332316,0.001126184563430333,0,0,0,13,0.001885,0,0,0
641344899,1,0.058114114299309454,0.2997970145337741,0,0,0.004,0.1512584406569375,0.0014331323457839051,0.3026784361867687,0.005225674735134689,-0.048607837194670545,0.06877963390946906,-0.003906634345924727,-0.0027133791846999425,0.005309883276673697,-0.023992065070254427,-0.0053322679529745265,-0.03014623031122784,0.0000009043109685637657,0.0000004520134782068074,0.0000006085143702251388,0.00012944496574055826,0.00002750141638191471,0.0000014488901011718376,0.0000999989349750909,0.0038741194502861093,0.0013534867888280646,0,0,0,3,0.0019549999999999997,0,0,0
641344903,1,0.06262816108801499,0.31697671673199784,0,0,0.004,0.15441207100852128,0.0019077874994499755,0.31955719105685354,0.005225674735134689,-0.048607837194670545,0.06877963390946906,-0.004211996855977643,-0.0021690899604313637,0.005438043787067195,-0.023704384237491882,-0.005328886188575231,-0.029630027967993678,0.0000008965630617714804,0.00000036189000608766245,0.0000006126870060425966,0.00012989158222300235,0.000027483801618273982,0.0000014505063998418753,0.00009999888413121106,0.0038501963809615043,0.001419653623571215,0,0,0,2,0.003352,0,0,0
641344907,1,0.07093692900186875,0.3565314506975689,0,0,0.004,0.17030547390797934,-0.006378612273040041,0.3549281946662841,0.005225674735134689,-0.048607837194670545,0.06877963390946906,-0.0044579888940279155,-0.0014652442108830854,0.00551037786545124,-0.02338989822462522,-0.005339146936504666,-0.029059683971077433,0.0000009275698938079588,0.00000027279225984901483,0.0000005960662353456135,0.00013034127657269933,0.000027473349305799962,0.0000014521130014298267,0.00009999882065499475,0.0038265801711660488,0.0015748963877366352,0,0,0,2,0.001886,0,0,0
641344911,1,0.07857989356156597,0.3799641458354355,0,0,0.004,0.15892550284850326,-0.003161809984638997,0.38458702433912073,0.005225674735134689,-0.048607837194670545,0.06877963390946906,-0.004613839936434647,-0.0006582962883622861,0.005559959973546969,-0.023092861074099597,-0.00534114462966965,-0.02844335196399203,0.000000948021562790997,0.0000000907759803095546,0.0000005859247828950435,0.000130794102363184,0.00002746668985124125,0.0000014537124465497108,0.00009999874987144607,0.00380325833732059,0.0016645695745773946,0,0,0,2,0.0014670000000000002,0,0,0
641344915,1,0.08023096303064353,0.3918205121706,0,0,0.004,0.15000884404751125,0.007300661290272958,0.39988563528678966,0.005225674735134689,-0.048607837194670545,0.06877963390946906,-0.004660047514390074,0.000153817964428731,0.0055765925063998335,-0.022809620140289918,-0.005324265947403521,-0.027805642352908985,0.0000009282433378818473,-0.00000012892876432767278,0.0000005971413502563605,0.00013125009802000755,0.0000274620240198259,0.0000014553066568218344,0.00009999867570503208,0.0037802223770422995,0.0017086344220176076,0,0,0,2,0.001466,0,0,0
641344919,1,0.07538299633177929,0.38743312354587034,0,0,0.004,0.14346630939744276,0.0009687675446919952,0.39671181154026414,0.005225674735134689,-0.048607837194670545,0.06877963390946906,-0.0046201097859038575,0.0008857740660020261,0.005582239744235323,-0.022539833007496707,-0.005317251351114924,-0.027175882899298794,0.0000009529436327854137,-0.0000003300127287496285,0.0000005884724552001243,0.00013170928874645693,0.000027458365945398703,0.000001456897073421932,0.00009999860067579193,0.0037574659551521217,0.0016874301495859861,0,0,0,2,0.0014670000000000002,0,0,0
641344923,1,0.07361068118389498,0.38582482792445305,0,0,0.004,0.14047172630040317,-0.001224556050580472,0.3952503634742719,0.005225674735134689,-0.048607837194670545,0.06877963390946906,-0.004580970811987365,0.0016030910455438552,0.005587774037314103,-0.022276961760180156,-0.005313607952684826,-0.026551807507878573,0.0000009915849692207581,-0.0000005054974803354495,0.0000005739636641508991,0.0001321716841731682,0.00002745524237282225,0.0000014584847783182618,0.00009999852573510922,0.003734983523370521,0.0016778875063788057,0,0,0,3,0.001397,0,0,0
641344927,1,0.062152551430501156,0.3803656579765585,0,0,0.004,0.14297212550367056,-0.008712309240164196,0.3877176367674924,0.005225674735134689,-0.048607837194670545,0.06877963390946906,-0.004436088173946032,0.0021462720200900935,0.005635808221972575,-0.02201331439909391,-0.005322716279540443,-0.025943222661161593,0.0000010678811352440597,-0.0000006209030122325794,0.0000005430138738384938,0.0001326372781100139,0.00002745238826811949,0.00000146007055114321,0.0000999984501263461,0.003712770037043486,0.0016533210159622492,0,0,0,2,0.0014670000000000002,0,0,0
641344931,1,0.05236150871797426,0.3686149965787031,0,0,0.004,0.13231807280069652,-0.022106200820692257,0.3773394555991718,0.005225674735134689,-0.048607837194670545,0.06877963390946906,-0.004208882033782992,0.0025720629315422374,0.005650923789856927,-0.021770723902347074,-0.005352444639766346,-0.025352940771677053,0.0000012040214308368775,-0.000000755098841230365,0.0000004871840283779459,0.00013310609812535896,0.00002744964929963584,0.0000014616549709085274,0.00009999837676567787,0.0036908208605468946,0.001601907968673829,0,0,0,3,0.002863,0,0,0
641344935,1,0.03932079917707658,0.3275622316289227,0,0,0.004,0.10087138084716074,-0.03146487524178587,0.3419208543320895,0.005225674735134689,-0.048607837194670545,0.06877963390946906,-0.003858388284099408,0.0027443272044780486,0.005655084402023274,-0.021583607968700885,-0.005395126810877864,-0.024818804108411648,0.0000013642180101846887,-0.0000009603556833046862,0.0000004208031455428482,0.00013357821002050622,0.000027446862331917235,0.0000014632384614646775,0.00009999831287192437,0.003669131925679339,0.001431502396645874,0,0,0,2,0.001397,0,0,0
641344939,1,0.03534521152598426,0.2795180721391348,0,0,0.004,0.09224217949204072,-0.023776508068871105,0.2945001128773441,0.005225674735134689,-0.048607837194670545,0.06877963390946906,-0.0034403358988872776,0.0026574827273075368,0.005669814446306612,-0.02141464364935507,-0.005427039396913993,-0.02436208628163549,0.000001455204214877593,-0.000001073840072105505,0.0000003829566899690839,0.00013405360374702075,0.000027444033344106505,0.0000014648213288719122,0.00009999825747368335,0.003647698883187535,0.0012380905201036594,0,0,0,2,0.001466,0,0,0
641344943,1,0.03735766550170728,0.2650764473411161,0,0,0.004,0.0896167269257786,-0.021035447770420213,0.279954613629803,0.005225674735134689,-0.048607837194670545,0.06877963390946906,-0.00303064456137939,0.002572375139680435,0.005684249889704283,-0.021251802748254323,-0.005454957243943596,-0.02393069549577191,0.0000015178299461324947,-0.0000011548656441483392,0.0000003566518826207476,0.00013453225938508842,0.000027441291853334557,0.0000014664037999557265,0.00009999820845947057,0.0036265169001941937,0.001178800973874073,0,0,0,2,0.001396,0,0,0
641344947,1,0.048951104245629214,0.22414009048359218,0,0,0.004,0.11358187781144169,-0.02582694739555036,0.2262008177038748,0.005225674735134689,-0.048607837194670545,0.06877963390946906,-0.0025439258957391238,0.002254611527878903,0.005741007201675269,-0.021058044216412095,-0.005495724364214656,-0.02358715287504111,0.0000016026705655531716,-0.000001016680960121566,0.00000032975920665437916,0.00013501410952536643,0.00002743853893079857,0.0000014679860388018526,0.0000999981583312059,0.003605581485484261,0.0010177204654233689,0,0,0,2,0.001396,0,0,0
641344951,1,0.06121425683448692,0.19590555292057918,0,0,0.004,0.11338280617811713,-0.031816906037524406,0.19253875644479557,0.005225674735134689,-0.048607837194670545,0.06877963390946906,-0.0020349836703307126,0.0017834135229086467,0.005807282011767152,-0.020869346006254914,-0.0055472667891844135,-0.023297253097075123,0.0000017031208092027535,-0.0000008667624012271973,0.0000002953515422565455,0.00013549915486166364,0.000027435829383305524,0.0000014695681656951865,0.00009999810713669252,0.003584888208172046,0.0009027881167134042,0,0,0,2,0.001886,0,0,0
641344955,1,0.07370889707440069,0.15008470859877818,0,0,0.004,0.10422452688051431,-0.05135390762316372,0.1340930192529335,0.005225674735134689,-0.048607837194670545,0.06877963390946906,-0.0015042623563495186,0.0011725024569933583,0.005882883970017514,-0.020703060878835732,-0.005630603227056596,-0.023096917049300916,0.0000018722712175425084,-0.0000006975079447446057,0.0000002287308327760449,0.00013598740917325085,0.00002743310520828937,0.0000014711502684398197,0.00009999805626957288,0.0035644330018161515,0.0007097144625157705,0,0,0,2,0.001886,0,0,0
641344959,1,0.08391266306778562,0.11665381364620006,0,0,0.004,0.09855333651816645,-0.06432290702447419,0.07238965274890319,0.005225674735134689,-0.048607837194670545,0.06877963390946906,-0.0009521975355669975,0.00046728316879320617,0.005935668600382234,-0.020553217882024213,-0.005735924686779615,-0.022990788079071046,0.0000020642445358420955,-0.0000004913589014572118,0.0000001507194258954786,0.0001364788731063722,0.00002743040774673027,0.0000014727324064789716,0.00009999800570763192,0.003544211764551695,0.0005526728990214577,0,0,0,2,0.003422,0,0,0
641344963,1,0.08643334273653124,0.11192107784828909,0,0,0.004,0.09778226206179386,-0.06729147106337319,0.05388353228966203,0.005225674735134689,-0.048607837194670545,0.06877963390946906,-0.0004111740112001269,-0.00022383173364294296,0.005987397538139661,-0.02040734065411549,-0.005846056066750791,-0.02291314692147493,0.000002221778193060522,-0.0000003163457520889879,0.00000008365846458783997,0.00013697354053256443,0.00002742783883351328,0.0000014743146218483003,0.00009999795478787907,0.0035242200890291285,0.0005214280069778404,0,0,0,2,0.001397,0,0,0
641344967,1,0.08869608891562364,0.11253593099242276,0,0,0.004,0.09950043914383111,-0.06845462043856687,0.0013934638991717208,0.005225674735134689,-0.048607837194670545,0.06877963390946906,0.00010837639831908933,-0.0009437349154716369,0.006059397185862573,-0.02026444214417696,-0.005960315014766839,-0.022915357840229165,0.000002370681517212204,-0.00000010126056217044399,0.000000029175793467472692,0.0001374714042863944,0.000027425328385625827,0.000001475896945691386,0.00009999790274551472,0.0035044540109752734,0.0004831283753346192,0,0,0,2,0.001397,0,0,0
641344971,1,0.08907547626461242,0.12693015670622287,0,0,0.004,0.08908550334299215,-0.06980905986946084,-0.04855455583238388,0.005225674735134689,-0.048607837194670545,0.06877963390946906,0.0006175357996479212,-0.001659892678024074,0.006097998907550075,-0.020142525953072532,-0.006077503674101584,-0.022991677375145035,0.000002513839561294461,0.00000011878133157612798,-0.000000024769763110378323,0.00013797248274634714,0.000027422883464825188,0.0000014774794010557773,0.00009999785179169643,0.003484909726250085,0.0004926187432538444,0,0,0,2,0.0014670000000000002,0,0,0
641344975,1,0.08317415351847464,0.16430790736388343,0,0,0.004,0.11468242011446328,-0.05277703955147672,-0.09476454329931983,0.005225674735134689,-0.048607837194670545,0.06877963390946906,0.0010845540798692258,-0.0022871587748032433,0.006146481239164146,-0.019985391540415856,-0.006173882372507859,-0.023139806579325246,0.0000026341767246888038,0.00000037420861074212066,-0.000000021499408756194028,0.00013847673648796228,0.000027420559185744474,0.0000014790619984881065,0.00009999779764841894,0.0034655832694970344,0.0006314148183735577,0,0,0,2,0.001397,0,0,0
641344979,1,0.07253015236443365,0.1932803428375055,0,0,0.004,0.11952571854749183,-0.03457647090060767,-0.13479273877168652,0.005225674735134689,-0.048607837194670545,0.06877963390946906,0.0014889687726845195,-0.00279535310604366,0.0061726886354253,-0.019823601653589644,-0.006245406914477927,-0.02334812636913836,0.0000027424264242158184,0.0000006259740754042522,0.000000009910423223876611,0.0001389841749154321,0.00002741833380110006,0.000001480644750986502,0.00009999774167738221,0.0034464709692599745,0.0007337684883918842,0,0,0,3,0.0014670000000000002,0,0,0
641344983,1,0.06889242600777709,0.2036815413064588,0,0,0.004,0.12275992234626565,-0.027582550514066217,-0.14653941381713054,0.005225674735134689,-0.048607837194670545,0.06877963390946906,0.001885295171643507,-0.003293383550659268,0.006198371883761231,-0.0196582821942002,-0.006307227637849614,-0.023573377123040622,0.00000282588061232276,0.000000826400091747783,0.000000042123647314223234,0.00013949479768997743,0.00002741614175436587,0.000001482227668008256,0.00009999768379344752,0.003427569122964202,0.0007725759036282757,0,0,0,2,0.001886,0,0,0
641344987,1,0.055521430407729666,0.24259105129401387,0,0,0.004,0.12681095471584825,-0.022340350454007618,-0.1898088068470134,0.005225674735134689,-0.048607837194670545,0.06877963390946906,0.0021991265321010963,-0.00362166372097781,0.006223541467130444,-0.019491229815887783,-0.00636379920059112,-0.02386167932155797,0.0000029093540925750383,0.0000010444488777594877,0.00000007232498184180624,0.00014000860097037997,0.000027414039617105514,0.000001483810753707834,0.00009999762345417857,0.0034088743857474545,0.0009174529319897747,0,0,0,2,0.001397,0,0,0
641344991,1,0.040874760077141005,0.2758562768629029,0,0,0.004,0.12805453491777397,-0.02076549415179152,-0.22604514767704664,0.005225674735134689,-0.048607837194670545,0.06877963390946906,0.002453418043547949,-0.0037942412668455438,0.006205597081391004,-0.019326350714011373,-0.006419881566461137,-0.024201616132580466,0.000002981241541299531,0.0000012670807996006302,0.00000009274615204327555,0.00014052558606462068,0.000027412000750518545,0.0000014853940108656968,0.00009999756071495996,0.0033903834746905055,0.0010425014413320555,0,0,0,2,0.003771,0,0,0
641344995,1,0.025249293117023522,0.29771191030549676,0,0,0.004,0.13307479390716082,-0.027122910099371067,-0.2466604194562052,0.005225674735134689,-0.048607837194670545,0.06877963390946906,0.0026280552142436456,-0.0037822723076705346,0.006166706294645719,-0.019157598503794518,-0.006486587982764666,-0.02456975391267277,0.0000030184215745089434,0.0000014560626345657097,0.00000009219107714557515,0.00014104574316963227,0.000027410009420079185,0.0000014869774408416636,0.00009999749416925987,0.0033720930788738164,0.0011263101921016466,0,0,0,2,0.001397,0,0,0
641344999,1,0.017709560055454474,0.3173120227912062,0,0,0.004,0.15090218986437687,-0.014441547486824136,-0.2610668056966805,0.005225674735134689,-0.048607837194670545,0.06877963390946906,0.002745936419723844,-0.003632058350994905,0.006107288034914706,-0.018964020016284548,-0.006537333381339625,-0.024958990462328544,0.0000030740073986645254,0.0000015726669280042607,0.00000011805347817582942,0.00014156904118363623,0.00002740806402262367,0.0000014885610394747917,0.00009999741992437197,0.0033539999003221205,0.0012075489637201266,0,0,0,2,0.001466,0,0,0
641345003,1,0.017708090613857568,0.3233735245079388,0,0,0.004,0.15605802523254386,-0.010381067446991854,-0.26513627863769607,0.005225674735134689,-0.048607837194670545,0.06877963390946906,0.002861460001094438,-0.0034848486734527884,0.0060490581403783135,-0.01876404738423145,-0.006582780371919977,-0.025352680366423762,0.0000031173026268893806,0.000001647729743071166,0.00000014078259151645107,0.00014209548099745198,0.00002740612316428591,0.0000014901448088855501,0.00009999733796911583,0.003336100745517884,0.0012313187730277893,0,0,0,2,0.001466,0,0,0
641345007,1,0.020556864662805527,0.3233529808998365,0,0,0.004,0.14450218325765463,-0.006957592048332684,-0.2700536595136782,0.005225674735134689,-0.048607837194670545,0.06877963390946906,0.002889451955955085,-0.0032234041014980275,0.005960034910651698,-0.018581734929155387,-0.006622172508895443,-0.02575057129667738,0.0000031505329925229386,0.0000017505407775495916,0.00000015611586552393446,0.00014262510619248274,0.000027404165045403936,0.0000014917287489164532,0.00009999725387364435,0.003318392574989936,0.0012254518714013664,0,0,0,3,0.001397,0,0,0
641345011,1,0.025518122745584165,0.32911176955144483,0,0,0.004,0.14120407233549293,0.0046367528183320905,-0.27752417869789525,0.005225674735134689,-0.048607837194670545,0.06877963390946906,0.002852968205556617,-0.002913925199180777,0.0058408342124386635,-0.018404542172932872,-0.0066449440750888855,-0.02615740061225626,0.0000032074994725355992,0.0000018517257497391677,0.00000018700983706957698,0.00014315792911798262,0.000027402212289740413,0.0000014933128557318506,0.00009999716928855344,0.003300872385952171,0.001245662935357823,0,0,0,2,0.001397,0,0,0
641345015,1,0.032240012390123356,0.3254325259778275,0,0,0.004,0.14845099510290238,-0.0087851353446462,-0.2695507799377257,0.005225674735134689,-0.048607837194670545,0.06877963390946906,0.0027746035527248503,-0.00254672000874797,0.00569205959510894,-0.01821870671523143,-0.006686939915109826,-0.026550607667205163,0.0000031838891986015934,0.0000018757939371788186,0.0000001734030511039385,0.0001436939302598098,0.000027400250686812643,0.0000014948971302194563,0.00009999708143170913,0.003283537069083668,0.001231405697664921,0,0,0,2,0.0014670000000000002,0,0,0
641345019,1,0.03409011247163924,0.3156167835849661,0,0,0.004,0.14520667342509486,-0.029733843969777407,-0.2578532669728908,0.005225674735134689,-0.048607837194670545,0.06877963390946906,0.0026445429711481347,-0.002197511566484136,0.005546260470125811,-0.018039494583113366,-0.006757253416521937,-0.026923798599821754,0.0000030698498204510752,0.0000018769867777077504,0.00000010918846427027614,0.00014423312282422292,0.000027398263847638288,0.0000014964815712312003,0.0000999969918276173,0.0032663849743439378,0.0011896714623659366,0,0,0,2,0.003422,0,0,0
641345023,1,0.0345046181617907,0.3128779904746196,0,0,0.004,0.14375012859681013,-0.0361690660528291,-0.2541160096498043,0.005225674735134689,-0.048607837194670545,0.06877963390946906,0.0025170836012029536,-0.0018552872930655787,0.005403377327642344,-0.017863565254686683,-0.006835871564228903,-0.027289316477356964,0.000002950058224943317,0.0000018727933785255454,0.000000042156160932698175,0.00014477551074383731,0.000027396281696597533,0.0000014980661732272847,0.00009999690094894262,0.0032494124980875804,0.0011767565401293357,0,0,0,2,0.001397,0,0,0
641345027,1,0.03415669800321471,0.3025883789333162,0,0,0.004,0.13790416574365283,-0.058191754529817286,-0.24050163809454084,0.005225674735134689,-0.048607837194670545,0.06877963390946906,0.0023602154855757247,-0.0015625180825566604,0.005188783337486328,-0.017697706527650854,-0.006943436510432714,-0.027632230304932823,0.000002759614002880912,0.000001859997198866168,-0.00000006384906829103111,0.0001453211023342007,0.000027394282505145856,0.0000014996509363397423,0.0000999968096716437,0.0032326160522589305,0.0011331010698141194,0,0,0,3,0.001397,0,0,0
641345039,1,0.028807353731798598,0.2803107720308296,0,0,0.012,0.13866177493504972,-0.053621797995791365,-0.21552605204303354,0.005225674735134689,-0.048607837194670545,0.06877963390946906,0.002185179443540407,-0.0014247412773023577,0.004935870649692164,-0.017021393676964616,-0.00734216177103094,-0.028862673796410044,0.000002366924600306247,0.0000016666992922535733,-0.00000026804179782534315,0.00014697773119935536,0.00003698868611755089,0.0000015078593173005153,0.00009999661581554417,0.003198388077063256,0.003141935142345917,0,0,0,2,0.001886,0,0,0
641345043,1,0.027884401385896995,0.2736677812199162,0,0,0.004,0.13775418799545136,-0.05256035218093591,-0.20694021018771735,0.005225674735134689,-0.048607837194670545,0.06877963390946906,0.002013644122345795,-0.001289720008153141,0.004688016215653883,-0.01682683683068774,-0.007454827707753894,-0.02920374827051554,0.0000022705670478668496,0.000001601758172059396,-0.0000003155939031118012,0.0001475357818338113,0.000032163179443055416,0.0000015096420977966295,0.00009999647836990213,0.003174588870219098,0.0010163704641454852,0,0,0,2,0.001397,0,0,0
641345047,1,0.025581903565554863,0.2598808229963012,0,0,0.004,0.12964991362469036,-0.05197289284427531,-0.1948845445447418,0.005225674735134689,-0.048607837194670545,0.06877963390946906,0.0018455395075750757,-0.0012639256079900781,0.004434466225936051,-0.01665804900360153,-0.007556415656796355,-0.029500142109483315,0.000002190950663920042,0.000001558595254533622,-0.00000035696657024302524,0.00014809723175912809,0.000029842468120022282,0.0000015113919055522585,0.00009999636634077066,0.003154974373694377,0.0009590851256976403,0,0,0,3,0.001397,0,0,0
641345051,1,0.0265894102646493,0.24121388944220026,0,0,0.004,0.1120956171105798,-0.039587959408432516,-0.18473018749510217,0.005225674735134689,-0.048607837194670545,0.06877963390946906,0.0016914496294600876,-0.0012919103176318612,0.004154029302931625,-0.0165193844954995,-0.007633640732902149,-0.029768394513684113,0.000002168731887985113,0.0000015699219821585249,-0.00000037277995599589526,0.000148662030614534,0.000028668492416756256,0.000001513110273559118,0.00009999627401185259,0.003137346156833059,0.0008787070144479424,0,0,0,2,0.001466,0,0,0
641345055,1,0.028100174840662517,0.23913771241312806,0,0,0.004,0.10018543561147919,-0.04563804919456704,-0.18573748448760874,0.005225674735134689,-0.048607837194670545,0.06877963390946906,0.0015297889045470824,-0.0014045564879633444,0.003889853762747604,-0.016401397868247868,-0.007716006259868072,-0.03002976815314318,0.000002126121012956792,0.0000016208463058677507,-0.0000004081825289052785,0.00014923013828347027,0.000028059147351633364,0.000001514800712646351,0.00009999619608919498,0.0031207667268297913,0.0008636514684684536,0,0,0,2,0.0038410000000000002,0,0,0
641345059,1,0.030938216311676398,0.22375138268497083,0,0,0.004,0.08769583819641358,-0.03442149694021346,-0.17583251598186678,0.005225674735134689,-0.048607837194670545,0.06877963390946906,0.0013926666828529713,-0.0016001708897707336,0.003630961733367264,-0.016300354288111416,-0.007780079522821392,-0.030273115410239998,0.000002121306136952539,0.0000016772369525092807,-0.00000042151907196754334,0.00014980154702055046,0.000027738342882915753,0.0000015164675932478485,0.00009999613194641298,0.0031047935792207102,0.0007979220329339463,0,0,0,3,0.001397,0,0,0
641345063,1,0.03192274977838686,0.21933683323825595,0,0,0.004,0.08413047376748928,-0.031234752748064754,-0.17266029778162562,0.005225674735134689,-0.048607837194670545,0.06877963390946906,0.0012582869055927422,-0.001791873003541975,0.0033772475445745308,-0.016204640386221273,-0.007838656054905935,-0.030509440458975856,0.0000021202242140116416,0.000001720560143455231,-0.00000042977840191359867,0.00015037622943369649,0.00002756791865054183,0.0000015181153588416894,0.00009999607787398957,0.0030892061257074633,0.0007783585274215431,0,0,0,2,0.001397,0,0,0
641345067,1,0.03544412255327227,0.235354389109176,0,0,0.004,0.09794083837330247,-0.014471945992529989,-0.18698355338354133,0.005225674735134689,-0.048607837194670545,0.06877963390946906,0.0011265947238777178,-0.0020223516524790594,0.003096649706476701,-0.016090955676586183,-0.007876501874582748,-0.030764866663333133,0.000002172178831685505,0.0000017299638911323704,-0.00000040316246609751426,0.00015095414118674176,0.0000274767145033878,0.000001519748053581818,0.00009999602795327837,0.003073890883095741,0.0008463067460727153,0,0,0,2,0.001397,0,0,0
641345071,1,0.0385049646894519,0.2570815986321252,0,0,0.004,0.1245014754334024,-0.003658859349768062,-0.19973693886705846,0.005225674735134689,-0.048607837194670545,0.06877963390946906,0.000986883741436677,-0.002280178661518353,0.0028110111807805108,-0.015943026811178124,-0.00790297925802342,-0.031038072965619064,0.00000223916109278141,0.0000016733990630572417,-0.0000003602405257963427,0.00015153522080843152,0.000027427470353313213,0.000001521369125101976,0.00009999597351897626,0.0030587880733544525,0.000941563375539372,0,0,0,2,0.0014670000000000002,0,0,0
641345075,1,0.03620539714599861,0.2510348261419072,0,0,0.004,0.14466057628913098,-0.0201251963135074,-0.18000998161994808,0.005225674735134689,-0.048607837194670545,0.06877963390946906,0.0008286616899238232,-0.002479585908575276,0.0025523907143188782,-0.015769518127974322,-0.00795187168360846,-0.03128445637071597,0.0000022209870228885182,0.0000015347164829104827,-0.0000003592622723421015,0.00015211942437072079,0.0000274004665411806,0.0000015229813844008123,0.00009999590781328773,0.003043865170862875,0.0009272350238577035,0,0,0,2,0.001466,0,0,0
641345079,1,0.03395742897562821,0.2134139087481806,0,0,0.004,0.10885723572801742,-0.02179680717754906,-0.15607430556145907,0.005225674735134689,-0.048607837194670545,0.06877963390946906,0.0007055620125221773,-0.0025578259227275737,0.00222437414666426,-0.015641905503392863,-0.007998109084514,-0.03149547384928818,0.000002189592572002333,0.0000015007233113567292,-0.0000003763331693304927,0.00015270685067919387,0.000027385227815862993,0.000001524587047902697,0.00009999584516311982,0.003029103863240613,0.0007661246627537543,0,0,0,3,0.001397,0,0,0
641345083,1,0.033644442325290375,0.20258622491913827,0,0,0.004,0.09817000219465477,-0.02238246405078148,-0.14874086671026454,0.005225674735134689,-0.048607837194670545,0.06877963390946906,0.0005849243286685643,-0.002634501136596826,0.0019029179103627338,-0.015528296453973696,-0.00804349754884812,-0.03169506042677888,0.000002157399527330028,0.0000014940280772436851,-0.00000039649527056784393,0.00015329751600074112,0.000027376294730139996,0.000001526187818076494,0.00009999578796612661,0.0030144937238460873,0.0007184669173466929,0,0,0,3,0.002794,0,0,0
641345087,1,0.03985673992991787,0.22796490543084638,0,0,0.004,0.07692335523388694,-0.03527481624862572,-0.18169280091834317,0.005225674735134689,-0.048607837194670545,0.06877963390946906,0.00041343617669043864,-0.002656379624387108,0.0014920169995443857,-0.015446449600811244,-0.008104851254585047,-0.03193402891375137,0.000002100345446720735,0.0000016054763311641363,-0.00000044218965546075525,0.0001538914480345469,0.00002737076777082428,0.0000015277849940571777,0.00009999574010951605,0.0030000289432776154,0.0008017360078965221,0,0,0,2,0.001397,0,0,0
641345091,1,0.04216896988662671,0.23828062855970578,0,0,0.004,0.08852336452221155,-0.05381252856149299,-0.18430766772723572,0.005225674735134689,-0.048607837194670545,0.06877963390946906,0.00021341985467092467,-0.002603252031899366,0.0010893341069424048,-0.015351986410428849,-0.00819092843102661,-0.0321751169102376,0.0000020022968585485874,0.0000016523833098256216,-0.0000005029024757929916,0.00015448859521730756,0.000027367061684763757,0.0000015293795450885752,0.00009999569376257733,0.002985705299705442,0.0008457090817019004,0,0,0,2,0.001396,0,0,0
641345095,1,0.04489222192921766,0.2179540120950084,0,0,0.004,0.08938705606582253,-0.04294793266197794,-0.16429445485777094,0.005225674735134689,-0.048607837194670545,0.06877963390946906,0.000017403859091801016,-0.002455313192018526,0.0006733995834718293,-0.015254339626604906,-0.008261810820104973,-0.03239004519901549,0.000001950317552205139,0.0000016489123184798941,-0.0000005301950991160807,0.00015508895408868607,0.000027364295486673515,0.0000015309721934751195,0.00009999564873894499,0.0029715191827147415,0.0007676169733304695,0,0,0,2,0.0014670000000000002,0,0,0
641345099,1,0.04738777804608981,0.17794909512473683,0,0,0.004,0.024631415871612994,-0.02356703967764373,-0.14118975396185895,0.005225674735134689,-0.048607837194670545,0.06877963390946906,-0.00017469181657574014,-0.002182501396611499,0.0002870890391912993,-0.015236034250560703,-0.008300602868641956,-0.032570688449690896,0.000001951987885856549,0.000001789649607207021,-0.0000005533195188981589,0.00015569263580596625,0.000027361979651744266,0.0000015325634836792191,0.00009999562171927904,0.0029574675209294242,0.0005809875541636774,0,0,0,2,0.0014670000000000002,0,0,0
641345103,1,0.048288858684161544,0.17007596642289316,0,0,0.004,0.004867278129923269,-0.018186115641567024,-0.1341494956566205,0.005225674735134689,-0.048607837194670545,0.06877963390946906,-0.0003629455787299305,-0.001915145837112613,-0.0000914952942036201,-0.015241829124290262,-0.008330243208467428,-0.03274036241459579,0.0000019594077670171077,0.000001925534468010473,-0.0000005714005847031776,0.00015629961251255317,0.000027359967044948236,0.000001534153805901738,0.00009999560829818426,0.0029435480705083186,0.0005418562522802241,0,0,0,3,0.0014670000000000002,0,0,0
641345107,1,0.054505176068629334,0.19873826895041558,0,0,0.004,-0.03388242865747393,-0.03387339569551706,-0.15472134664757675,0.005225674735134689,-0.048607837194670545,0.06877963390946906,-0.000579392198721988,-0.0015679162339211688,-0.0005051185183719089,-0.015299402047878755,-0.008376939546070359,-0.03293158577818303,0.0000019277503769196825,0.000002121616174733275,-0.0000006073529567004098,0.0001569098593851382,0.000027358156025886043,0.0000015357434555831294,0.000099995603779936,0.0029297592917940764,0.0006478780257562498,0,0,0,2,0.001397,0,0,0
641345111,1,0.059685037003973006,0.2193139632018196,0,0,0.004,-0.03910258797971067,-0.04997622463022433,-0.17096095203079642,0.005225674735134689,-0.048607837194670545,0.06877963390946906,-0.0008234678193951551,-0.0011850206453522859,-0.0009317745667774658,-0.015365889460087961,-0.008443897666347212,-0.033141151474599076,0.0000018670607481295685,0.0000022596452776967674,-0.0000006337875101276594,0.00015752332121848426,0.000027356486676017994,0.0000015373326388960534,0.00009999559954228822,0.002916099621103013,0.0007294302712037984,0,0,0,2,0.006285,0,0,0
641345115,1,0.06606945797126383,0.20056770768002063,0,0,0.004,-0.07108342139139956,-0.05375870765759461,-0.13705581430794034,0.005225674735134689,-0.048607837194670545,0.06877963390946906,-0.0010839672163754927,-0.0007139091693119282,-0.0013605501385752284,-0.015469735105305006,-0.00851087829681198,-0.03330482241872528,0.0000017950756551817894,0.0000024215419070402918,-0.0000006599703282121361,0.00015813996328113792,0.000027354836490630163,0.000001538921512972222,0.00009999558962043038,0.0029025665950146986,0.0006539375833375491,0,0,0,2,0.001397,0,0,0
641345119,1,0.06760178152177032,0.20355155990355756,0,0,0.004,-0.12473278971149093,-0.0372720707036619,-0.10844923725931643,0.005225674735134689,-0.048607837194670545,0.06877963390946906,-0.0013392566254162236,-0.00024156727843206054,-0.001770097554576719,-0.015636191085679485,-0.008550984895694037,-0.03342908288740224,0.0000017667656530401612,0.000002659161211848039,-0.0000007091242151314881,0.00015875972741284953,0.000027353224574823673,0.000001540510190641849,0.00009999556390034155,0.0028891579091060767,0.0006777458301856506,0,0,0,2,0.001397,0,0,0
641345123,1,0.06760651286127406,0.20893673815050706,0,0,0.004,-0.14151232082453102,-0.03284538069624954,-0.09984876453264135,0.005225674735134689,-0.048607837194670545,0.06877963390946906,-0.00158944024627614,0.00022132777463020962,-0.0021714540222581794,-0.01582161339051512,-0.008583571110803394,-0.03354115034752003,0.000001750555691389233,0.000002845742699417546,-0.0000007475659077874337,0.0001593825618234177,0.00002735168012714358,0.0000015420987501160468,0.00009999551423500001,0.002875871861843578,0.000705116520945824,0,0,0,2,0.001886,0,0,0
641345127,1,0.06420830750545861,0.24480801583819795,0,0,0.004,-0.16587907162685567,-0.027198337074313184,-0.1283457652231217,0.005225674735134689,-0.048607837194670545,0.06877963390946906,-0.0018665781277998087,0.0006217017048296496,-0.00253282542750506,-0.01603783113380764,-0.00860817229491341,-0.033686455192452246,0.0000017637173933763713,0.0000029436951579938165,-0.0000007853393049594306,0.00016000841436509522,0.00002735021753101661,0.0000015436872527975714,0.0000999954320358328,0.0028627073651528384,0.0008459621872788797,0,0,0,2,0.001396,0,0,0
641345131,1,0.059550610425212584,0.24735542578098021,0,0,0.004,-0.1715854765817073,-0.03428141287565312,-0.12365433463333808,0.005225674735134689,-0.048607837194670545,0.06877963390946906,-0.0021381732516930043,0.0009501522902631992,-0.002876316760286686,-0.016260291942090246,-0.008640672925603608,-0.03382462950296773,0.0000017537678664004617,0.0000029942396798687654,-0.0000007855430941887203,0.000160637279054143,0.00002734876806111405,0.0000015452757410711605,0.00009999531667664813,0.0028496627578200253,0.0008570384870343798,0,0,0,2,0.001956,0,0,0
641345135,1,0.05374895613913684,0.24255217634982262,0,0,0.004,-0.19391933186493304,-0.048570260958618605,-0.07675234335966685,0.005225674735134689,-0.048607837194670545,0.06877963390946906,-0.002436294406189287,0.001197465353465859,-0.003159675044611095,-0.01650674395414181,-0.00868655234332032,-0.03390260626780746,0.0000016959506619491038,0.0000031571273228750075,-0.0000007425369589381212,0.0001612691072452883,0.000027347316181930072,0.0000015468642499704674,0.0000999951596351608,0.0028367357331379843,0.0008565484199434896,0,0,0,2,0.0014670000000000002,0,0,0
641345155,1,0.04028987060713545,0.1888861547632795,0,0,0.02,-0.157748625125812,-0.05796187092121308,-0.007239929502711462,0.005225674735134689,-0.048607837194670545,0.06877963390946906,-0.0027391057819559604,0.0010882948915140061,-0.003330839719645846,-0.01807697903714307,-0.009143708486602157,-0.033864225337708324,0.0000015123634474617807,0.0000035812639903706306,-0.0000001288647076187901,0.0001644769406445355,0.00004435520277846832,0.0000015650331337138722,0.00009999451529856416,0.0027942495087292987,0.0033643200673524254,0,0,0,2,0.001397,0,0,0
641345159,1,0.03822346818096574,0.18624903744040847,0,0,0.004,-0.13273844844930904,-0.08263509219558074,0.10088847844749083,0.005225674735134689,-0.048607837194670545,0.06877963390946906,-0.0030145556414866667,0.0010026131275218243,-0.0035092337455402186,-0.01828066267438357,-0.009251335426825932,-0.03369217582062928,0.000001361643573979567,0.0000041172293912040855,0.00000011187938717160815,0.00016512690191799664,0.00003539612364453825,0.000001566869125887869,0.00009999416678849714,0.002771144940500467,0.0007443283065137515,0,0,0,2,0.003771,0,0,0
641345163,1,0.037596195491596304,0.19888221689210764,0,0,0.004,-0.12551618451443725,-0.09073810636891544,0.13318408159147488,0.005225674735134689,-0.048607837194670545,0.06877963390946906,-0.003284496503826759,0.000918644998809486,-0.003684059890916704,-0.018448834243429184,-0.00935659786798215,-0.03349645555355979,0.0000012473266980825433,0.000004597592857667987,0.0000003314717744770351,0.00016578058986096612,0.00003138937617256634,0.000001568679958003738,0.00009999391430812478,0.002754182025972553,0.0008170749401306444,0,0,0,3,0.001397,0,0,0
641345183,1,0.04446345821526377,0.15977133611544236,0,0,0.02,-0.026700671714149138,-0.041815124239643175,0.1800790804297705,0.005225674735134689,-0.048607837194670545,0.06877963390946906,-0.0034318594609565626,0.0013263778732459743,-0.0039512633126285125,-0.01863128481784693,-0.009684218019561541,-0.03172348209419257,0.0000009355403049318534,0.000006974740217078163,0.0000008379352929101743,0.0001691028402462647,0.00004561077771058689,0.000001590560337750734,0.0000999937174733543,0.0027108862683361927,0.0037357679635435237,0,0,0,3,0.000978,0,0,0
641345187,1,0.06830261469273857,0.15432530176187556,0,0,0.004,-0.013589381340723738,-0.03452739086579393,0.17788939597097375,0.005225674735134689,-0.048607837194670545,0.06877963390946906,-0.0035549698702231364,0.0020242301322826077,-0.004245080598987035,-0.018639503701210782,-0.009726053651228063,-0.03145031551374715,0.0000008845915430084805,0.00000733620293945509,0.0000009043293894255784,0.0001697766926141677,0.00003591517160803268,0.0000015923681478409256,0.00009999363766455393,0.002688294389635253,0.0007268721945887413,0,0,0,3,0.001466,0,0,0
641345191,1,0.08043136733628643,0.13270573585971357,0,0,0.004,-0.014919754793082829,-0.03518918556853923,0.1537092450952855,0.005225674735134689,-0.048607837194670545,0.06877963390946906,-0.0036117022051424773,0.002782693856660727,-0.0045543268283390215,-0.018650473627925414,-0.00976461165409198,-0.031242814133250186,0.0000008941907591123186,0.00000753932350949158,0.000000951866046958569,0.0001704539294997978,0.00003163009249971919,0.0000015942040007689348,0.00009999359429498816,0.0026720082024360796,0.0006335602246584027,0,0,0,2,0.0014670000000000002,0,0,0
641345195,1,0.09989768697729096,0.13992045507741102,0,0,0.004,0.017277845198317543,-0.06559875623293776,0.1504188422039352,0.005225674735134689,-0.048607837194670545,0.06877963390946906,-0.0036992578264443817,0.003739041193757623,-0.004942609287986503,-0.018623666112591152,-0.009841031631653903,-0.031054680989138047,0.0000010421538345045047,0.000007807530757194129,0.0000010519845945990836,0.0001711344503538774,0.000029547852377059177,0.0000015960191773505027,0.00009999356771638217,0.002658331603435261,0.0006600308943554418,0,0,0,3,0.001397,0,0,0
641345199,1,0.11705931220203955,0.13653015942474783,0,0,0.004,0.045024229063638455,-0.033051252504663786,0.15872209810813942,0.005225674735134689,-0.048607837194670545,0.06877963390946906,-0.00371049382479803,0.00485735653823797,-0.005355084031521987,-0.018561886451607095,-0.009877664478752999,-0.0308674534132782,0.0000010388878979215013,0.000008120076165863152,0.0000011181787571188828,0.00017181823883549556,0.000028489324408257325,0.0000015977994594110888,0.00009999355536510251,0.0026459101020243044,0.0006730500239685234,0,0,0,2,0.001397,0,0,0
641345203,1,0.12146398083718915,0.13764376230928935,0,0,0.004,0.05149782904934064,-0.02360954279772365,0.16090716401830107,0.005225674735134689,-0.048607837194670545,0.06877963390946906,-0.003721505103184605,0.005953305575828709,-0.005759309280186761,-0.018493223352251557,-0.00990291595772591,-0.030682881534159084,0.0000010176987808369787,0.000008381844334722535,0.0000011635668564655848,0.0001725052494753574,0.000027938644762374824,0.0000015995432227688361,0.00009999354873602736,0.0026341539592337946,0.0006823553600912076,0,0,0,2,0.003352,0,0,0
641345207,1,0.13360977714821784,0.07179559253298863,0,0,0.004,0.019302529635551124,-0.013931294060332111,0.09961017184324206,0.005225674735134689,-0.048607837194670545,0.06877963390946906,-0.003774906733444716,0.007187125298072388,-0.006198060601319507,-0.01846569886925932,-0.009916556373421159,-0.030569500638094466,0.0000010167943766483903,0.000008456885401892496,0.0000011743627237730674,0.00017319547152844708,0.000027648408504785876,0.000001601253920769636,0.00009999354493770297,0.002622782484849605,0.00040966044357085757,0,0,0,2,0.001397,0,0,0
641345211,1,0.13680756070351766,0.08229029049459692,0,0,0.004,-0.029888581850918694,-0.013433830741852781,0.09594770202098957,0.005225674735134689,-0.048607837194670545,0.06877963390946906,-0.0037526718205774068,0.00840692127023151,-0.006628036896029599,-0.018494366813618334,-0.009925849093436538,-0.030458343549225813,0.0000010270423360685408,0.000008340606624618407,0.0000011613527626969554,0.00017388890576485898,0.00002749426575592694,0.0000016029368145451744,0.0000999935428566053,0.00261165428630981,0.0004055565392212222,0,0,0,3,0.001397,0,0,0
641345219,1,0.1389703697986629,0.10699432418618317,0,0,0.008,-0.015861475044367745,-0.06434490704465023,0.10168705809311973,0.005225674735134689,-0.048607837194670545,0.06877963390946906,-0.0037415342503277606,0.009612973967307767,-0.007102676886647074,-0.018532642773611708,-0.010084885296032402,-0.030179644964387454,0.000001405618337592891,0.000008271366292630266,0.0000011769644886841727,0.00017528532797970276,0.000032485622338515856,0.0000016077340462826872,0.00009999352865698082,0.0025952441126063275,0.0009710072703925972,0,0,0,2,0.001397,0,0,0
641345223,1,0.13872569175296734,0.11943189303059226,0,0,0.004,-0.015875586341786097,-0.08012482340529348,0.10273886015462708,0.005225674735134689,-0.048607837194670545,0.06877963390946906,-0.003730619431483107,0.010794905610442499,-0.007567824077452199,-0.01855146664412564,-0.01017715435723368,-0.030049630928008733,0.0000016094877704377198,0.000008248248682230268,0.000001190618933379575,0.00017598828258756259,0.000029968943980357053,0.0000016094776885413125,0.00009999350913192107,0.0025818901061693514,0.0005250111610744593,0,0,0,2,0.001885,0,0,0
641345227,1,0.1391414849071609,0.03633196889015054,0,0,0.004,-0.006160570213863625,-0.01797290007270247,0.035764942686574486,0.005225674735134689,-0.048607837194670545,0.06877963390946906,-0.0037199229090153466,0.01197450390943517,-0.008023668324441222,-0.01855771407542965,-0.010196202109665528,-0.03000685213928093,0.0000016346333649598667,0.00000824075656429602,0.000001191260493049583,0.00017669447672704263,0.000028701296245160735,0.0000016111923370531716,0.0000999934980118075,0.002569957936451395,0.00016199303134430194,0,0,0,2,0.001397,0,0,0
641345231,1,0.13189805984821126,0.03821962012512229,0,0,0.004,-0.011908673810446357,0.008009821905339054,0.005584378780563171,0.005225674735134689,-0.048607837194670545,0.06877963390946906,-0.003773356183158843,0.013045289087565451,-0.008427785109049197,-0.018570253637711438,-0.010186021111669096,-0.030000158554556802,0.000001609655842192959,0.000008210907966505105,0.0000011807306967326235,0.0001774039023909233,0.000028045008572784982,0.0000016128810466006388,0.00009999349372466567,0.002558760930270383,0.00006159987600554593,0,0,0,2,0.001466,0,0,0
641345235,1,0.13164607478886403,0.09180469101353013,0,0,0.004,-0.06496873015424232,-0.0320676737238913,0.03612543005469959,0.005225674735134689,-0.048607837194670545,0.06877963390946906,-0.0038150681474591525,0.014105311206493444,-0.00889838806848723,-0.018642716921592698,-0.01021558253327062,-0.029954871218463863,0.0000016634763561976105,0.000008089041052123562,0.0000011693958075602277,0.00017811650426371778,0.00002770027292019926,0.0000016145477706789287,0.00009999348377663326,0.002547977413846586,0.0003238349775439014,0,0,0,2,0.003352,0,0,0
641345239,1,0.12446033123042473,0.1617860511826225,0,0,0.004,-0.11831047700532715,-0.05707400945813346,0.09015792945191947,0.005225674735134689,-0.048607837194670545,0.06877963390946906,-0.003866598516833773,0.015048259083800026,-0.009348926324376184,-0.018771790935822076,-0.010266541358590226,-0.029846533717330752,0.0000017362432675178174,0.000007934052872487586,0.0000011669862398224186,0.00017883220223680792,0.00002751766910981263,0.000001616196570675268,0.00009999345200822773,0.002537447369484707,0.0006372850384926662,0,0,0,3,0.001397,0,0,0
641345243,1,0.12159474762158783,0.18605705901440997,0,0,0.004,-0.13610212583339854,-0.06502077639519777,0.10608951989849835,0.005225674735134689,-0.048607837194670545,0.06877963390946906,-0.003917098278820901,0.015972348003560476,-0.00979045381514736,-0.018919016830169708,-0.010323976933361404,-0.02972033787915443,0.0000018116111762057312,0.00000779633746774865,0.0000011795764234973443,0.00017955093988505864,0.00002742033558543269,0.000001617831173401183,0.00009999338817826666,0.002527088913427479,0.0007376337980510212,0,0,0,3,0.0014670000000000002,0,0,0
641345247,1,0.12865371088540764,0.06740521321516348,0,0,0.004,0.004324625818307393,-0.05376542833316378,0.014575831048706078,0.005225674735134689,-0.048607837194670545,0.06877963390946906,-0.0039559354012079695,0.017005786877249518,-0.010244456044823746,-0.018917244376702648,-0.010382224927005362,-0.029702586212607584,0.0000019220770711759564,0.00000783285260295968,0.0000012812533611836923,0.00018027299897077235,0.00002736788679108504,0.0000016194547618586426,0.00009999334880629898,0.0025168601860126798,0.00022349509249475221,0,0,0,2,0.0014670000000000002,0,0,0
641345251,1,0.13818590780786008,0.09226135534767736,0,0,0.004,0.016392728081892516,-0.057753714203891415,-0.031163162486326,0.005225674735134689,-0.048607837194670545,0.06877963390946906,-0.004004648425507613,0.018146388705788583,-0.010689378229906604,-0.018905253517913678,-0.010446983321929145,-0.029734931484029302,0.0000020506419580693545,0.000007821718692377847,0.0000013698834249041423,0.00018099832458386624,0.00002733939994508798,0.0000016210699812267733,0.00009999332330040568,0.0025067385135788467,0.00027056550362411817,0,0,0,2,0.0014670000000000002,0,0,0
641345255,1,0.1510881071390214,0.05550988472268782,0,0,0.004,0.004961026196188323,-0.040426275663880684,0.01241798099789726,0.005225674735134689,-0.048607837194670545,0.06877963390946906,-0.0041269556998434825,0.019413315518801308,-0.011157359904368756,-0.018902005224056176,-0.010490431505273207,-0.029720234544504145,0.000002089317838290207,0.000007838579372574566,0.0000014091416816474757,0.00018172688628222402,0.000027323730908526597,0.0000016226789272022971,0.00009999330564699841,0.0024967105688193667,0.0001703221323039599,0,0,0,2,0.001396,0,0,0
641345259,1,0.1842691470600945,0.08812185252305531,0,0,0.004,0.08642148644469205,-0.043187574709264376,0.036191260236625666,0.005225674735134689,-0.048607837194670545,0.06877963390946906,-0.00419355360689105,0.021112967503047402,-0.011637287234062299,-0.01881037279501,-0.010541500870892565,-0.029684166255728856,0.0000021073540121779883,0.00000795191863929606,0.0000015014067868307784,0.00018245866782287508,0.000027314863103022802,0.0000016242832018303608,0.00009999329430737368,0.0024867691243118093,0.00041267221367266387,0,0,0,3,0.001397,0,0,0
641345263,1,0.1931203212301828,0.1071381467345216,0,0,0.004,0.10783637786046085,-0.044401645514745014,0.042994100948996916,0.005225674735134689,-0.048607837194670545,0.06877963390946906,-0.004258819555797666,0.02277862644760858,-0.012107616017161971,-0.018695989134454055,-0.010594883488414118,-0.029641966371331697,0.000002124650178656945,0.000008065358663576047,0.000001575366671686602,0.00018319358337617027,0.000027309623841815414,0.0000016258840233392498,0.00009999327300393217,0.0024769099819004726,0.0004971709280461794,0,0,0,3,0.003213,0,0,0
641345267,1,0.24219615727305988,0.21218690033099827,0,0,0.004,0.19184695907987181,-0.09602393053684644,-0.023428551099723194,0.005225674735134689,-0.048607837194670545,0.06877963390946906,-0.004493222495491222,0.02510339409669913,-0.012579190868959967,-0.018499665672948903,-0.010711019269708093,-0.029672769161962795,0.0000022540686825375668,0.000008309230588580825,0.0000016375766758671396,0.00018393138034854782,0.00002730636633010706,0.0000016274823026151247,0.00009999319467769065,0.002467131526353644,0.0008632473383736225,0,0,0,2,0.0014670000000000002,0,0,0
641345271,1,0.29376188516022117,0.30485357458851803,0,0,0.004,0.25118585221094003,-0.17936686832982274,-0.01037037813225794,0.005225674735134689,-0.048607837194670545,0.06877963390946906,-0.004701632087670272,0.027935603899544352,-0.013094597445523588,-0.018246091637116494,-0.010918527024243974,-0.029689154450208605,0.0000024052626749319946,0.00000852548622372391,0.0000015723810780250183,0.00018467164604047317,0.00002730435258340708,0.000001629078748556878,0.00009999298090642531,0.002457432131195059,0.00123530951941926,0,0,0,2,0.0014670000000000002,0,0,0
641345275,1,0.38211914671316655,0.21700226748740845,0,1,0.004,0.20488646565382063,-0.014953870045661843,-0.07322775989229413,0.005225674735134689,-0.048607837194670545,0.06877963390946906,-0.004692820600799403,0.03178708658672468,-0.013738180267240057,-0.018034588821931288,-0.010950674264002598,-0.029775657714713345,0.0000025508646967608417,0.000008866421932291104,0.000001909565938951915,0.00018541493131272712,0.000027302676353065006,0.0000016306738200543154,0.00009999273761641006,0.002447809602246889,0.0008723704429316734,0,0,0,2,0.001466,0,0,0
641345279,1,0.4111273692726802,0.23974151645465416,0,2,0.004,0.07124310391728939,0.07227134487036913,-0.19431776018499214,0.005225674735134689,-0.048607837194670545,0.06877963390946906,-0.004907890875232606,0.03561480284196299,-0.014432807298684099,-0.017964244627673272,-0.010886095236532226,-0.029986032530178137,0.000002810729071752846,0.000009558463161570388,0.0000022611360900697664,0.0001861618643508399,0.00002730108258823205,0.0000016322679020653751,0.00009999258074253926,0.0024382631724243183,0.0008768864835856795,0,0,0,2,0.001956,0,0,0
641345283,0,0.41715238346230227,0.2763152417899898,0,0,0.004,0.018230678883009777,0.09706392083536897,-0.23151077722525493,0.005225674735134689,-0.048607837194670545,0.06877963390946906,-0.004907890875232606,0.03561480284196299,-0.014432807298684099,-0.017964244627673272,-0.010886095236532226,-0.029986032530178137,0.000002810729071752846,0.000009558463161570388,0.0000022611360900697664,0.00018691288469391938,0.000037551165811460584,0.0000016348456586207087,0.00009999258114253927,0.002438263212424318,NaN,0,0,0,2,0.001327,0,0,0
641345287,0,0.43745499574943864,0.18248992429217636,0,0,0.004,0.025893141964498545,0.12356437063592274,-0.11226271716979142,0.005225674735134689,-0.048607837194670545,0.06877963390946906,-0.004907890875232606,0.03561480284196299,-0.014432807298684099,-0.017964244627673272,-0.010886095236532226,-0.029986032530178137,0.000002810729071752846,0.000009558463161570388,0.0000022611360900697664,0.000187667104799589,0.00004787922118029391,0.0000016383901935507444,0.00009999258154253928,0.002438263252424318,NaN,0,0,0,2,0.001397,0,0,0
641345291,0,0.43795677412741507,0.14114035035983166,0,0,0.004,0.048473377444901766,0.141867649936252,-0.01071072012774188,0.005225674735134689,-0.048607837194670545,0.06877963390946906,-0.004907890875232606,0.03561480284196299,-0.014432807298684099,-0.017964244627673272,-0.010886095236532226,-0.029986032530178137,0.000002810729071752846,0.000009558463161570388,0.0000022611360900697664,0.00018842452466786156,0.000058285139364193,0.0000016432353553029467,0.00009999258194253928,0.002438263292424318,NaN,0,0,0,2,0.001397,0,0,0
641345295,0,0.4335976834346718,0.12321572687119355,0,0,0.004,-0.02287398445770794,0.08272932702202729,-0.06124325066361891,0.005225674735134689,-0.048607837194670545,0.06877963390946906,-0.004907890875232606,0.03561480284196299,-0.014432807298684099,-0.017964244627673272,-0.010886095236532226,-0.029986032530178137,0.000002810729071752846,0.000009558463161570388,0.0000022611360900697664,0.0001891851442987499,0.00006876912948226374,0.0000016497187368656957,0.00009999258234253929,0.0024382633324243176,NaN,0,0,0,2,0.0029330000000000003,0,0,0
641345299,0,0.3960468537839693,0.3325057793383967,0,0,0.004,-0.19107306150028114,0.021317382639985172,-0.22877770353084337,0.005225674735134689,-0.048607837194670545,0.06877963390946906,-0.004907890875232606,0.03561480284196299,-0.014432807298684099,-0.017964244627673272,-0.010886095236532226,-0.029986032530178137,0.000002810729071752846,0.000009558463161570388,0.0000022611360900697664,0.00018994896369226678,0.00007933173203180758,0.0000016581817135674919,0.0000999925827425393,0.0024382633724243175,NaN,0,0,0,2,0.0014670000000000002,0,0,0
641345303,0,0.3848217298869878,0.40777237080099316,0,0,0.004,-0.24774589503796518,0.002135007519197041,-0.27967859171282683,0.005225674735134689,-0.048607837194670545,0.06877963390946906,-0.004907890875232606,0.03561480284196299,-0.014432807298684099,-0.017964244627673272,-0.010886095236532226,-0.029986032530178137,0.000002810729071752846,0.000009558463161570388,0.0000022611360900697664,0.00019071598284842503,0.00008997282530757122,0.0000016689694635227044,0.0000999925831425393,0.0024382634124243173,NaN,0,0,0,2,0.001397,0,0,0
641345307,0,0.3244717557361873,0.34255254423719295,0,0,0.004,-0.23121777681408218,-0.06361436863238668,-0.1937817835232405,0.005225674735134689,-0.048607837194670545,0.06877963390946906,-0.004907890875232606,0.03561480284196299,-0.014432807298684099,-0.017964244627673272,-0.010886095236532226,-0.029986032530178137,0.000002810729071752846,0.000009558463161570388,0.0000022611360900697664,0.00019148620176723746,0.00010069155947446928,0.0000016824308928132387,0.00009999258354253931,0.002438263452424317,NaN,0,0,0,2,0.001396,0,0,0
641345311,0,0.2859667652989256,0.2464139865589646,0,0,0.004,-0.18484553550679483,-0.07571777159745874,-0.08178349092860415,0.005225674735134689,-0.048607837194670545,0.06877963390946906,-0.004907890875232606,0.03561480284196299,-0.014432807298684099,-0.017964244627673272,-0.010886095236532226,-0.029986032530178137,0.000002810729071752846,0.000009558463161570388,0.0000022611360900697664,0.00019225962044871683,0.00011148793888015553,0.0000016989185717127357,0.00009999258394253932,0.002438263492424317,NaN,0,0,0,2,0.001396,0,0,0
641345315,0,0.2387305416917087,0.2952407546991631,0,0,0.004,-0.2550237696061344,-0.04282986750633777,-0.07185102658243991,0.005225674735134689,-0.048607837194670545,0.06877963390946906,-0.004907890875232606,0.03561480284196299,-0.014432807298684099,-0.017964244627673272,-0.010886095236532226,-0.029986032530178137,0.000002810729071752846,0.000009558463161570388,0.0000022611360900697664,0.00019303623889287597,0.0001223631168928417,0.000001718788783842933,0.00009999258434253932,0.002438263532424317,NaN,0,0,0,2,0.0014670000000000002,0,0,0
641345319,0,0.18080622577533748,0.4481571014186329,0,0,0.004,-0.3722246119807109,-0.013889910911597414,-0.1907485568252678,0.005225674735134689,-0.048607837194670545,0.06877963390946906,-0.004907890875232606,0.03561480284196299,-0.014432807298684099,-0.017964244627673272,-0.010886095236532226,-0.029986032530178137,0.000002810729071752846,0.000009558463161570388,0.0000022611360900697664,0.00019381605709972767,0.00013331838925875018,0.000001742401624835033,0.00009999258474253933,0.0024382635724243167,NaN,0,0,0,2,0.001397,0,0,0
641345323,0,0.16361333600882735,0.49883060245325106,1,0,0.004,-0.4103055501710584,-0.00566075751298456,-0.22678988369932007,0.005225674735134689,-0.048607837194670545,0.06877963390946906,-0.004907890875232606,0.03561480284196299,-0.014432807298684099,-0.017964244627673272,-0.010886095236532226,-0.029986032530178137,0.000002810729071752846,0.000009558463161570388,0.0000022611360900697664,0.00019459907506928474,0.00014435339932834205,0.0000017701210670776902,0.00009999258514253934,0.0024382636124243165,NaN,0,0,0,2,0.0027930000000000003,0,0,0
641345327,0,0.10361515623769368,0.4777375125952337,2,0,0.004,-0.3748346346153426,-0.005602515772358041,-0.24264176198048837,0.005225674735134689,-0.048607837194670545,0.06877963390946906,-0.004907890875232606,0.03561480284196299,-0.014432807298684099,-0.017964244627673272,-0.010886095236532226,-0.029986032530178137,0.000002810729071752846,0.000009558463161570388,0.0000022611360900697664,0.00019538529280155998,0.00015546750129647314,0.0000018023147884054448,0.00009999258554253934,0.0024382636524243164,NaN,0,0,0,2,0.001397,0,0,0
641345331,0,0.06429198012986857,0.42153090351282746,3,0,0.004,-0.34822940016419657,-0.040343031158276976,-0.1740823913489038,0.005225674735134689,-0.048607837194670545,0.06877963390946906,-0.004907890875232606,0.03561480284196299,-0.014432807298684099,-0.017964244627673272,-0.010886095236532226,-0.029986032530178137,0.000002810729071752846,0.000009558463161570388,0.0000022611360900697664,0.00019617471029656616,0.00016665962051388346,0.0000018393542138963084,0.00009999258594253935,0.002438263692424316,NaN,0,0,0,2,0.001397,0,0,0
641345335,0,0.03354454172712156,0.44788029353155,4,0,0.004,-0.38302665925201573,-0.10352943954118476,-0.13594107187087978,0.005225674735134689,-0.048607837194670545,0.06877963390946906,-0.004907890875232606,0.03561480284196299,-0.014432807298684099,-0.017964244627673272,-0.010886095236532226,-0.029986032530178137,0.000002810729071752846,0.000009558463161570388,0.0000022611360900697664,0.0001969673275543161,0.00017793074604040662,0.0000018816143833088364,0.00009999258634253936,0.002438263732424316,NaN,0,0,0,2,0.0014670000000000002,0,0,0
641345339,0,0.03413917978584288,0.549017582637051,5,0,0.004,-0.4605400226666465,-0.15089514884989014,-0.18732699973006106,0.005225674735134689,-0.048607837194670545,0.06877963390946906,-0.004907890875232606,0.03561480284196299,-0.014432807298684099,-0.017964244627673272,-0.010886095236532226,-0.029986032530178137,0.000002810729071752846,0.000009558463161570388,0.0000022611360900697664,0.0001977631445748226,0.00018928305460850977,0.000001929474067382178,0.00009999258674253936,0.002438263772424316,NaN,0,0,0,2,0.001397,0,0,0
641345343,0,0.04147793697182667,0.5799824725094849,6,0,0.004,-0.4841574646578839,-0.16533582776103145,-0.20278567191376773,0.005225674735134689,-0.048607837194670545,0.06877963390946906,-0.004907890875232606,0.03561480284196299,-0.014432807298684099,-0.017964244627673272,-0.010886095236532226,-0.029986032530178137,0.000002810729071752846,0.000009558463161570388,0.0000022611360900697664,0.00019856216135809846,0.00020071566057625523,0.000001983318211820165,0.00009999258714253937,0.0024382638124243157,NaN,0,0,0,2,0.001815,0,0,0
641345347,0,0.06418431008502007,0.5720276264300393,7,0,0.004,-0.46450375641508823,-0.16978113804356482,-0.22042069636516182,0.005225674735134689,-0.048607837194670545,0.06877963390946906,-0.004907890875232606,0.03561480284196299,-0.014432807298684099,-0.017964244627673272,-0.010886095236532226,-0.029986032530178137,0.000002810729071752846,0.000009558463161570388,0.0000022611360900697664,0.00019936437790415648,0.00021222778773845956,0.0000020435331146450038,0.00009999258754253937,0.0024382638524243156,NaN,0,0,0,2,0.001466,0,0,0
641345351,0,0.0749172649929655,0.5157696299689748,8,0,0.004,-0.42068864539074546,-0.17320517508106037,-0.17144492687339863,0.005225674735134689,-0.048607837194670545,0.06877963390946906,-0.004907890875232606,0.03561480284196299,-0.014432807298684099,-0.017964244627673272,-0.010886095236532226,-0.029986032530178137,0.000002810729071752846,0.000009558463161570388,0.0000022611360900697664,0.00020016979421300947,0.00022381751315589336,0.0000021105090460742373,0.00009999258794253938,0.0024382638924243154,NaN,0,0,0,2,0.0032830000000000003,0,0,0
641345355,0,0.07339177856595,0.45399118083229734,9,0,0.004,-0.33515211049192706,-0.12727571436275475,-0.22079143012112468,0.005225674735134689,-0.048607837194670545,0.06877963390946906,-0.004907890875232606,0.03561480284196299,-0.014432807298684099,-0.017964244627673272,-0.010886095236532226,-0.029986032530178137,0.000002810729071752846,0.000009558463161570388,0.0000022611360900697664,0.00020097841028467024,0.0002354848613161764,0.0000021846402644737516,0.00009999258834253939,0.0024382639324243153,NaN,0,0,0,2,0.0014670000000000002,0,0,0
641345359,0,0.06414151691885472,0.4666819743227843,10,0,0.004,-0.3669375240044661,-0.12066656139389398,-0.20026341365076306,0.005225674735134689,-0.048607837194670545,0.06877963390946906,-0.004907890875232606,0.03561480284196299,-0.014432807298684099,-0.017964244627673272,-0.010886095236532226,-0.029986032530178137,0.000002810729071752846,0.000009558463161570388,0.0000022611360900697664,0.00020179022611915156,0.0002472318525427105,0.0000022663248917384768,0.0000999925887425394,0.002438263972424315,NaN,0,0,0,2,0.001397,0,0,0
641345363,0,0.06162249421764897,0.47105764045483156,11,0,0.004,-0.37643152171313665,-0.11892926239716756,-0.1940864963566522,0.005225674735134689,-0.048607837194670545,0.06877963390946906,-0.004907890875232606,0.03561480284196299,-0.014432807298684099,-0.017964244627673272,-0.010886095236532226,-0.029986032530178137,0.000002810729071752846,0.000009558463161570388,0.0000022611360900697664,0.00020260524171646625,0.00025905816572825246,0.000002355964896890851,0.0000999925891425394,0.002438264012424315,NaN,0,0,0,2,0.0014670000000000002,0,0,0
641345367,0,0.049001061813519146,0.4846594892530084,12,0,0.004,-0.3700111687705454,-0.06722927230029807,-0.25087142052541367,0.005225674735134689,-0.048607837194670545,0.06877963390946906,-0.004907890875232606,0.03561480284196299,-0.014432807298684099,-0.017964244627673272,-0.010886095236532226,-0.029986032530178137,0.000002810729071752846,0.000009558463161570388,0.0000022611360900697664,0.00020342345707662708,0.00027096464707714865,0.0000024539660519106937,0.00009999258954253941,0.0024382640524243148,NaN,0,0,0,2,0.001397,0,0,0
641345371,0,0.04250006441641763,0.41679664923674636,13,0,0.004,-0.29470933358917284,-0.09804095491947684,-0.22405408696727847,0.005225674735134689,-0.048607837194670545,0.06877963390946906,-0.004907890875232606,0.03561480284196299,-0.014432807298684099,-0.017964244627673272,-0.010886095236532226,-0.029986032530178137,0.000002810729071752846,0.000009558463161570388,0.0000022611360900697664,0.0002042448721996469,0.0002829467934606996,0.0000025607381261255963,0.00009999258994253941,0.0024382640924243146,NaN,0,0,0,2,0.0014670000000000002,0,0,0
641345375,0,0.03930497820122725,0.3571947837929035,14,0,0.004,-0.1769885746904043,-0.11034183502362044,-0.2438461567322534,0.005225674735134689,-0.048607837194670545,0.06877963390946906,-0.004907890875232606,0.03561480284196299,-0.014432807298684099,-0.017964244627673272,-0.010886095236532226,-0.029986032530178137,0.000002810729071752846,0.000009558463161570388,0.0000022611360900697664,0.00020506948708553846,0.0002950034939827049,0.0000026766940293706743,0.00009999259034253942,0.0024382641324243145,NaN,0,0,0,2,0.0014670000000000002,0,0,0
641345379,1,0.06710238999611973,0.36156603297642004,0,0,0.004,-0.16122224924246287,-0.11002848164288315,-0.25990024296457115,0.005225674735134689,-0.048607837194670545,0.06877963390946906,-0.005267796765221582,0.03586124477755226,-0.013952403554224712,-0.03639505190503341,-0.013360063985520849,-0.0416013463814018,0.0000015960309079658611,0.000009417032476333202,0.000003712897908792957,0.0002058287968254374,0.00007543833568095413,0.0000021470444940082867,0.0000999792249635248,0.0022590526416170057,0.03302779710603981,0,0,0,2,0.003911,0,0,0
641345383,1,0.07583627491524138,0.36420322348233425,0,0,0.004,-0.13999915842626964,-0.10741287375062558,-0.2527653512367021,0.005225674735134689,-0.048607837194670545,0.06877963390946906,-0.005620504537410779,0.036102757874429736,-0.013481607884654512,-0.03664373145941436,-0.013533137506292512,-0.041999084927263994,0.000001203470114378618,0.000007512444344888075,0.000004734785289777936,0.00020664885829228894,0.000046239009355474195,0.000002080056041612781,0.00009997712856338305,0.0022285183638753505,0.0012330619617407388,0,0,0,3,0.0014670000000000002,0,0,0
641345399,1,0.12864754760838773,0.32487669656952406,0,0,0.016,-0.10957948586037203,-0.043089301732944896,-0.24209639961721585,0.005225674735134689,-0.048607837194670545,0.06877963390946906,-0.006030074020318094,0.03714904168075376,-0.01297761755103445,-0.037407782399285716,-0.013817358111727985,-0.043541776389893115,0.0000013662835969542666,0.0000033135141209275596,0.000005384504447834065,0.00020999767203027977,0.000046841160804780354,0.000002116185143270998,0.00009997591445254292,0.0021977024381157244,0.004307389545691913,0,0,0,2,0.001397,0,0,0
641345403,1,0.144633968702926,0.3209529314859469,0,0,0.004,-0.10954460072438588,-0.02683748842784217,-0.23850331537813751,0.005225674735134689,-0.048607837194670545,0.06877963390946906,-0.006431452113567263,0.038174399810951304,-0.012483707024086788,-0.03755406340657273,-0.013851857677152284,-0.04383662183923434,0.000001485901967825853,0.000002684853997997321,0.000005395353141338841,0.00021084173612390475,0.000036387585700747426,0.000002109024939034404,0.00009997538561976727,0.0021822693648173587,0.0010553035717126556,0,0,0,2,0.001397,0,0,0
641345407,1,0.13492194242233754,0.2803065337222432,0,0,0.004,-0.0786406088439684,-0.03164082967874038,-0.206672484984896,0.005225674735134689,-0.048607837194670545,0.06877963390946906,-0.006931329088554618,0.038923587313897286,-0.012010327352038396,-0.037647075264556365,-0.013888034772926109,-0.04405950776963142,0.000001477148585774542,0.0000022251987447134605,0.000005465548023986343,0.00021169019647604355,0.00003182177264892547,0.0000021074036844351955,0.00009997509482909055,0.002171331519057178,0.0008935233943166001,0,0,0,2,0.0019549999999999997,0,0,0
641345411,1,0.11606361799804996,0.19408591082528048,0,0,0.004,-0.05521986256288991,-0.07003224745545078,-0.10372717287867239,0.005225674735134689,-0.048607837194670545,0.06877963390946906,-0.00733598736915969,0.039423432890857375,-0.011493152051629388,-0.03770937018698594,-0.013958671307617021,-0.04416133364292662,0.0000011506803237956358,0.000002164519521175138,0.000005679308427216134,0.00021254242217108555,0.000029614890657265694,0.000002107873080284307,0.00009997491589011252,0.00216221529089564,0.0005471829719357565,0,0,0,2,0.0014670000000000002,0,0,0
641345415,1,0.0894766475336928,0.17539816936248648,0,0,0.004,-0.046450920952122665,-0.06236881851065812,-0.08891709104236867,0.005225674735134689,-0.048607837194670545,0.06877963390946906,-0.0077432051285129784,0.03952978635930685,-0.010986320257228559,-0.037759771694514825,-0.014019033663079064,-0.04424504975627168,0.0000009423059119507826,0.0000021292481714782397,0.000005812176021517238,0.00021339815495340108,0.000028496084857748903,0.000002109204676835016,0.00009997479822473706,0.0021539612375158592,0.0004725049275366789,0,0,0,2,0.001397,0,0,0
641345419,1,0.06470562953147757,0.15500126338337403,0,0,0.004,-0.012011547177029014,-0.08673797843763564,-0.06135982012103014,0.005225674735134689,-0.048607837194670545,0.06877963390946906,-0.008174236465760152,0.039122685829092126,-0.010521583031796698,-0.03777710096709934,-0.014102174113369456,-0.04430060745879735,0.0000006785664454111326,0.0000020417732395856548,0.00000598845456287771,0.00021425728744844114,0.000027914968860040695,0.000002110884671225394,0.00009997472055079743,0.0021461551204942217,0.0004276967466664934,0,0,0,2,0.003701,0,0,0
641345423,1,0.06177207814105332,0.15243112171384426,0,0,0.004,-0.002127275546895735,-0.09494430819510913,-0.05305767856354926,0.005225674735134689,-0.048607837194670545,0.06877963390946906,-0.008596647176262382,0.0387237273094817,-0.010066140550873473,-0.03778521081078083,-0.014192101729232411,-0.0443475746619503,0.00000046943184768761935,0.0000019723402580837583,0.0000061227492937637635,0.00021511969199291124,0.000027609274779665346,0.000002112685082938968,0.0000999746577724518,0.0021386007195102097,0.00043513794069381174,0,0,0,2,0.001397,0,0,0
641345427,1,0.056062485250718865,0.12265610007580023,0,0,0.004,0.02503026055998192,-0.03660253839528338,-0.06527870186806162,0.005225674735134689,-0.048607837194670545,0.06877963390946906,-0.00886147265151013,0.03804512656253491,-0.009619806919568714,-0.03776518280487045,-0.0142290240091649,-0.044407467695179906,0.0000004847863380787858,0.0000018629068991575584,0.0000061897971794163705,0.00021598543282019635,0.000027447219124775948,0.000002114505335804939,0.00009997462482132528,0.002131200085074847,0.0003156597833936544,0,0,0,2,0.001397,0,0,0
641345431,1,0.07736467044002812,0.07343588218228131,0,0,0.004,0.05061974022641791,-0.027987659564512435,-0.01218289396436667,0.005225674735134689,-0.048607837194670545,0.06877963390946906,-0.009152959550333873,0.03692203412303344,-0.009182399960890049,-0.03772035987413128,-0.014257786160745701,-0.044418736214375816,0.00000044869841031105945,0.0000017683150218644783,0.000006255571177983073,0.00021685442055432001,0.000027360800355959034,0.000002116304635871542,0.00009997460438452488,0.0021239018597512278,0.00023644331561999642,0,0,0,2,0.0014670000000000002,0,0,0
641345435,1,0.08049981151249636,0.1007788333087904,0,0,0.004,0.12959434914800183,-0.020865794982045216,0.03500671224990093,0.005225674735134689,-0.048607837194670545,0.06877963390946906,-0.009310784978857338,0.03583205617668231,-0.008775046430105592,-0.03760233667800102,-0.014282932520046511,-0.04438815052483048,0.0000003946541430183309,0.000001604987359876465,0.000006365693959422461,0.0002177264639935586,0.000027314530127114878,0.000002118069735511305,0.00009997456059089294,0.00211667852246619,0.0005434047719168365,0,0,0,2,0.001466,0,0,0
641345459,1,0.07603173060396416,0.17646801441665902,0,0,0.024,0.18938833445028913,0.02276613495891011,-0.04122218980207926,0.005225674735134689,-0.048607837194670545,0.06877963390946906,-0.009412190677008749,0.034753225144897884,-0.008588892857143163,-0.035834003947646305,-0.014185489399251806,-0.044810112925009,0.0000002515444528091706,0.000003179616561925387,0.000006472242872952641,0.00022301901293581827,0.00004726857901660169,0.0000021450675908886375,0.00009997303989957869,0.00208801318580265,0.0046837220312404,0,0,0,2,0.001885,0,0,0
641345463,1,0.07466939490384564,0.20776582243301095,0,0,0.004,0.20997969947285344,0.03372002034488475,-0.06315650778937787,0.005225674735134689,-0.048607837194670545,0.06877963390946906,-0.009511568261197131,0.03369597073374915,-0.008406462355639981,-0.035581939835028414,-0.01416202921431747,-0.04489141939212817,0.00000020856544939002053,0.0000035567146696371927,0.000006519542079368887,0.0002239088104446363,0.0000365540024645856,0.0000021468639300454365,0.000099972147413359,0.0020738586371609326,0.0008873985209716684,0,0,0,2,0.001396,0,0,0
641345467,1,0.07302018679694852,0.2291251451629665,0,0,0.004,0.20816567522594465,0.04217061255117194,-0.10024560312332653,0.005225674735134689,-0.048607837194670545,0.06877963390946906,-0.009672874159863648,0.032681166699544024,-0.008291596330328766,-0.035364849846737455,-0.014133749025404948,-0.04500099763189948,0.00000012505509368162057,0.00000413146164358461,0.000006581362807006555,0.00022480263659721398,0.000031893135466800423,0.000002148681633274767,0.00009997140777485084,0.002063887188458763,0.0009394508170268331,0,0,0,2,0.001396,0,0,0
641345471,1,0.072483754151563,0.21811310682898505,0,0,0.004,0.17819400797238816,0.0007523200987775702,-0.11663673850370593,0.005225674735134689,-0.048607837194670545,0.06877963390946906,-0.009905522451079054,0.03170796403474364,-0.00823229084732536,-0.035195253832928264,-0.01414615723753273,-0.0451167359354189,-0.000000014020649463904422,0.000004743935789513239,0.000006369084242339637,0.00022570019244374316,0.00002964461914573309,0.000002150479378200298,0.00009997086895195569,0.0020556028154140077,0.0008518948219734775,0,0,0,2,0.003282,0,0,0
641345475,1,0.07793833239023351,0.19665964363525484,0,0,0.004,0.18883691197505603,-0.04997489252056353,-0.055360946627766694,0.005225674735134689,-0.048607837194670545,0.06877963390946906,-0.010229391575713004,0.030711614845797985,-0.008248739984504242,-0.03502453415999415,-0.014203976773298401,-0.045169900322625606,-0.00000012810486772753707,0.000004865463154169863,0.000005864747589089817,0.00022660111720775158,0.000028505841131590464,0.000002152245262355926,0.00009997083878821764,0.0020481133600677233,0.0008121251491561075,0,0,0,2,0.0014670000000000002,0,0,0
641345479,1,0.0692207819398462,0.21408067743645492,0,0,0.004,0.22986682283798587,-0.051749722534685016,-0.005900577912498761,0.005225674735134689,-0.048607837194670545,0.06877963390946906,-0.010557435962214591,0.029916287594756636,-0.008275512783299863,-0.03482013590676528,-0.014263020990058991,-0.04517781596849021,-0.00000017981657431052338,0.000004675140325214328,0.000005431570294401798,0.00022750489101371,0.00002791485423941908,0.000002153978035979135,0.00009997082932410065,0.0020410364827565,0.0009427755350559186,0,0,0,2,0.001886,0,0,0
641345483,1,0.06635400608347695,0.22340173372543096,0,0,0.004,0.24253175882619893,-0.05305972066546372,0.009020628752628213,0.005225674735134689,-0.048607837194670545,0.06877963390946906,-0.010878919460986148,0.029136866888736113,-0.008301750126119571,-0.03460721023674009,-0.014322697715589703,-0.045172556824270564,-0.00000020031657045040814,0.00000450735763665364,0.000005062868974998712,0.00022841141261727084,0.00002760414695740946,0.0000021556809821459177,0.00009997082627238534,0.0020341944812627714,0.0009937272039308922,0,0,0,2,0.001397,0,0,0
641345487,1,0.06568788476839807,0.18687773102320038,0,0,0.004,0.19475811476201987,-0.03214107593119464,-0.03420787820800797,0.005225674735134689,-0.048607837194670545,0.06877963390946906,-0.011289847089025126,0.02847956104043917,-0.008402031232605104,-0.034437967254708504,-0.014361893979731907,-0.045205209660185465,-0.0000001887809739962972,0.000004758798182012101,0.000004882180737751932,0.00022932124241035638,0.000027439392985337786,0.0000021573589043034067,0.00009997082262930161,0.0020274925630137846,0.0008013383900367168,0,0,0,3,0.001397,0,0,0
641345491,1,0.06987209967207882,0.12978456764871377,0,0,0.004,0.1367689982484417,-0.03639843350962013,-0.01160594656586511,0.005225674735134689,-0.048607837194670545,0.06877963390946906,-0.01177777731938586,0.027909969819630388,-0.008606833160564096,-0.03432036300088802,-0.014401048497226204,-0.0452168084961806,-0.00000018173790736110416,0.0000048486970148424685,0.000004669565448063069,0.00023023487381991384,0.00002735144816491308,0.0000021590167034925646,0.00009997081883667863,0.0020208837106560767,0.0005680183495560855,0,0,0,2,0.001397,0,0,0
641345495,1,0.06704816769577361,0.1238752191281561,0,0,0.004,0.13812163838313707,-0.042517841808373924,0.07569289257924439,0.005225674735134689,-0.048607837194670545,0.06877963390946906,-0.012255948945139377,0.027511560088642535,-0.008796886405603591,-0.03420094659541517,-0.014443474314725953,-0.04515213265685095,-0.00000019435525600424482,0.000004409961311179286,0.0000044504482816573,0.0002311520874760861,0.000027304355712571057,0.00000216065865804378,0.00009997080143918739,0.002014342279674155,0.0006525613270637116,0,0,0,2,0.001466,0,0,0
641345499,1,0.06501009309525634,0.1503723244273187,0,0,0.004,0.14233304922379553,-0.03523585552164732,0.13553418643964577,0.005225674735134689,-0.048607837194670545,0.06877963390946906,-0.012724557138377826,0.027334171439480776,-0.008983138585742295,-0.03407694887556127,-0.014478340236900112,-0.04503601341567334,-0.00000021176170325760175,0.0000037775537943701974,0.0000043084497802188825,0.00023207272924986432,0.000027279032295362176,0.0000021622884371573244,0.00009997072884103893,0.002007854742760006,0.0007986967195078989,0,0,0,2,0.003422,0,0,0
641345503,1,0.0651840320137439,0.1620100974567123,0,0,0.004,0.14305287012098267,-0.03428834707548312,0.15341782382015623,0.005225674735134689,-0.048607837194670545,0.06877963390946906,-0.013183793167751505,0.027160330563302255,-0.009165665722278225,-0.03395240840377727,-0.014511933653420865,-0.04490489711557857,-0.0000002002336901726091,0.0000032474382591689496,0.000004183450636163028,0.00023299672212725298,0.000027265284878657967,0.000002163909022200454,0.00009997057272278812,0.00200141438066633,0.0008501937949501352,0,0,0,2,0.0019549999999999997,0,0,0
641345507,1,0.06212629560707061,0.12555536763883965,0,0,0.004,0.09801487021770205,-0.016142924928696734,0.14810266864068922,0.005225674735134689,-0.048607837194670545,0.06877963390946906,-0.013580581254736126,0.027085840303890156,-0.009312584383002486,-0.03386626070883937,-0.014527653200121558,-0.04477847609181959,-0.00000021330797795046394,0.0000027673878501833705,0.000004142850068785993,0.00023392436737235052,0.000027257556788223166,0.000002165522773843996,0.00009997034303368308,0.0019950177306867867,0.0007133235929651037,0,0,0,2,0.001396,0,0,0
641345511,1,0.061692418129555636,0.1409391140757231,0,0,0.004,0.04007137758129309,0.004879182139969962,0.18610214045789064,0.005225674735134689,-0.048607837194670545,0.06877963390946906,-0.013969433579981054,0.02703414513838693,-0.009456564670512263,-0.033828442008937344,-0.01452161863361441,-0.044619328020466,-0.0000002891734195441387,0.0000020109059553985068,0.000004181230870242686,0.00023485588094407668,0.00002725308764648705,0.0000021671314641372208,0.00009997000296334983,0.001988662218116518,0.0007617194066334508,0,0,0,2,0.001396,0,0,0
641345515,1,0.05394370935687519,0.19693877780347685,0,0,0.004,0.007884421393739682,0.0008285004349372072,0.24050891617645576,0.005225674735134689,-0.048607837194670545,0.06877963390946906,-0.014243982415117915,0.02696217858747314,-0.009576360063551208,-0.03381756572494812,-0.014516402445270943,-0.044413482725382314,-0.00000029446712781664153,0.0000010772174574921386,0.000004187039398345958,0.00023579114650047078,0.000027250505054615553,0.000002168736404782067,0.00009996948117374312,0.0019823462306967437,0.0009625581688318534,0,0,0,2,0.0014670000000000002,0,0,0
641345519,1,0.040907601371464083,0.23937405273248186,0,0,0.004,-0.027499465938544576,-0.0073426874648026,0.2761100156756573,0.005225674735134689,-0.048607837194670545,0.06877963390946906,-0.014385208541228234,0.026817082857055405,-0.009651148971288107,-0.03383671670301267,-0.014515763150675924,-0.04417715849223208,-0.00000020234504473503436,0.00000005557880898154468,0.000004171594508262173,0.00023673004347523583,0.000027248956963634302,0.0000021703385962266474,0.00009996873359043108,0.001976069033161137,0.0011102927645807491,0,0,0,2,0.0014670000000000002,0,0,0
641345523,1,0.03695486530750415,0.25294055129999954,0,0,0.004,-0.03864188640258592,-0.010557931351220406,0.28660453536594943,0.005225674735134689,-0.048607837194670545,0.06877963390946906,-0.014523610144816347,0.026674889041246024,-0.009724442100870269,-0.03386526845223629,-0.014517152087190257,-0.043932414173719514,-0.00000006052539095174738,-0.0000008223233502822292,0.000004160982491870345,0.00023767237551571574,0.000027247942981118356,0.0000021719387316547263,0.0000999677722445938,0.0019698304568666765,0.001157561747754299,0,0,0,2,0.001397,0,0,0
641345527,1,0.022711091431858735,0.26388145249264977,0,0,0.004,-0.08721981799267065,-0.011888905481771572,0.2786455914311947,0.005225674735134689,-0.048607837194670545,0.06877963390946906,-0.014542064628369211,0.026311833570186176,-0.009689742924257616,-0.033935122112382365,-0.014517490772005854,-0.04369439970687298,0.00000010307540587408872,-0.0000018751688420161892,0.000004169518897829197,0.0002386180440260335,0.0000272471258306224,0.000002173537418843249,0.00009996665688215612,0.0019636305522256615,0.0011688764406781026,0,0,0,3,0.0038410000000000002,0,0,0
641345531,1,0.030261999779905818,0.2848867876687285,0,0,0.004,-0.12379791348679592,0.00041002493588293554,0.2825473588758989,0.005225674735134689,-0.048607837194670545,0.06877963390946906,-0.014453623578647849,0.025657765166458648,-0.00961312715373595,-0.03403500762237786,-0.014505622308344663,-0.0434535192618225,0.00000016848428509105076,-0.0000030041113295798606,0.000004201800262628553,0.000239566859705014,0.000027246467961056603,0.0000021751350176311814,0.00009996541118308179,0.001957469039083564,0.001233914755641593,0,0,0,2,0.001886,0,0,0
641345535,1,0.05931035504020547,0.29842970238383437,0,0,0.004,-0.1367943013559192,0.0036706777762373077,0.2900295234631862,0.005225674735134689,-0.048607837194670545,0.06877963390946906,-0.014239119617597112,0.024675893511275526,-0.0094634751881025,-0.034145228127694854,-0.014490310537228343,-0.043206948861193355,0.00000023749429072069638,-0.000003994537446320139,0.000004248824801617367,0.0002405186764210098,0.00002724591394650487,0.000002176731801608344,0.00009996490185408221,0.0019513456689987858,0.0012827675034179742,0,0,0,2,0.001886,0,0,0
641345539,1,0.09292099735609458,0.2912696516666994,0,0,0.004,-0.14051408764139617,0.008196121309650306,0.27845591668516434,0.005225674735134689,-0.048607837194670545,0.06877963390946906,-0.013933031936524535,0.02337277466966593,-0.009252900395619814,-0.03425816462916805,-0.014471316876389528,-0.042970895619638905,0.00000028832120167922655,-0.0000048317093171114895,0.0000043008516965795856,0.00024147344050689555,0.000027245320138381246,0.0000021783279827210694,0.00009996479399183899,0.001945260406250663,0.0012480325814156722,0,0,0,2,0.0014670000000000002,0,0,0
641345543,1,0.10219174124713934,0.28859801016153985,0,0,0.004,-0.1403564714255554,0.009631561102467656,0.27496132790598793,0.005225674735134689,-0.048607837194670545,0.06877963390946906,-0.01363306600907341,0.022095718204888523,-0.009046537098986784,-0.034370578171982163,-0.014451276038872985,-0.04273852654610096,0.00000035497121125998624,-0.000005508290896695723,0.000004360231337680097,0.00024243116387627148,0.0000272447071555403,0.0000021799237295931256,0.00009996463823798088,0.001939213045505306,0.0012354525511512132,0,0,0,3,0.001397,0,0,0
641345579,1,0.11757582662640542,0.08677533169898323,0,0,0.036,0.10288407578563163,-0.02453261155942721,0.012711705595348732,0.005225674735134689,-0.048607837194670545,0.06877963390946906,-0.013104741224244335,0.020705718492722545,-0.008769732557764195,-0.032869993668334624,-0.014896544088606106,-0.04257730432202575,0.000002089225041008793,0.0000012645364324240183,0.000003500297207948175,0.0002511985522447422,0.00005480659732868391,0.0000022281731937590353,0.00009996416589544294,0.0019019647021425263,0.003835067942419596,0,0,0,2,0.001886,0,0,0
641345583,1,0.12147928925851834,0.1988394786176996,0,0,0.004,0.19145690592981068,-0.03012013401371616,-0.06422287548394756,0.005225674735134689,-0.048607837194670545,0.06877963390946906,-0.01258698293511184,0.019343518774799884,-0.008498464107366058,-0.032648797910151725,-0.01494678250297116,-0.04265730736473997,0.0000022506314771993118,0.0000024611593033973488,0.0000034177902126030267,0.0002521871168592053,0.00003945475653537478,0.000002229921807000022,0.00009996383210843225,0.0018876435734395422,0.0008167011403116539,0,0,0,2,0.001397,0,0,0
641345587,1,0.10127883896384593,0.2582970413762374,0,0,0.004,0.22786850122680136,-0.014565282273056424,-0.12019055029443848,0.005225674735134689,-0.048607837194670545,0.06877963390946906,-0.012164800966644533,0.0182748791602436,-0.008339147469579053,-0.032427776549591544,-0.014976980983739629,-0.042781018545691774,0.0000023143392757739872,0.0000036280508161268,0.0000033958150607870352,0.00025317852664803113,0.00003320917227062939,0.0000022317333020995616,0.00009996342730652349,0.0018785032119309998,0.0010321392904380495,0,0,0,3,0.002863,0,0,0
641345591,1,0.0680452009264301,0.3001524278319283,0,0,0.004,0.25715102783156696,0.011331714137516213,-0.15266705643692902,0.005225674735134689,-0.048607837194670545,0.06877963390946906,-0.01179367321498784,0.017611107534949853,-0.008246933030709691,-0.03220001648492043,-0.014983425574469056,-0.04292393646916464,0.000002309312908428982,0.000004682496520767528,0.0000034642245368248837,0.0002541723508274514,0.0000302834244397188,0.000002233537293956738,0.00009996287413901801,0.0018712664806188667,0.0011970783699072817,0,0,0,3,0.000978,0,0,0
641345595,1,0.03686186680582896,0.343689599512699,0,0,0.004,0.2823002704314532,0.04058903198821351,-0.1881504488993766,0.005225674735134689,-0.048607837194670545,0.06877963390946906,-0.011493883884526181,0.017269538028611173,-0.008220478746779617,-0.031961873951572004,-0.014966599970306865,-0.04309099891504158,0.000002276420989500503,0.000005686892618069472,0.0000036301351031778267,0.0002551682820931481,0.000028822873175441517,0.0000022353133520102704,0.00009996211623058037,0.0018648851188712784,0.0013666982322338682,0,0,0,2,0.001397,0,0,0
641345599,1,0.018655786904336336,0.40271501676788696,0,0,0.004,0.3221767470763882,0.04215150559142311,-0.23156807267442403,0.005225674735134689,-0.048607837194670545,0.06877963390946906,-0.011264006206835656,0.01727568453192941,-0.008290427347770997,-0.0316985677861894,-0.014951728605189517,-0.043290031803673155,0.000002185279116836512,0.0000066992989771761875,0.0000036862972336793626,0.0002561658880220337,0.000028070728225087054,0.000002237056933007121,0.00009996107175378511,0.0018589329306830697,0.0015959868574019981,0,0,0,2,0.0018160000000000001,0,0,0
641345603,1,0.022999422420551738,0.42026115768235267,0,0,0.004,0.3336899152099996,0.0425487169243598,-0.2444677450570083,0.005225674735134689,-0.048607837194670545,0.06877963390946906,-0.011038726082698944,0.01728170810518128,-0.00835897697674255,-0.031430659283467,-0.014937575767649652,-0.043496460801684206,0.000002059407707582383,0.000007572253271435179,0.0000036651804436081277,0.00025716517970940047,0.00002767712944220306,0.0000022387699626651815,0.00009995974384652665,0.0018532134554603205,0.0016633644516967385,0,0,0,3,0.000977,0,0,0
641345607,1,0.04228912452531088,0.43917839463622854,0,0,0.004,0.35026001526463835,0.033773099559567754,-0.2547093702046279,0.005225674735134689,-0.048607837194670545,0.06877963390946906,-0.010924478004648134,0.01758588524905699,-0.008490071479296575,-0.031152858331542146,-0.014931577110873822,-0.043709141439159986,0.0000018657477665960152,0.000008301490398724727,0.000003494405204487862,0.00025816614805282986,0.000027469441508068567,0.0000022404565965528818,0.00009995884445147264,0.0018476300768848202,0.0017375825220901982,0,0,0,2,0.001886,0,0,0
641345611,1,0.06473325802793667,0.4232251046348834,0,0,0.004,0.3276051496544561,0.023887758106174606,-0.2551302758877245,0.005225674735134689,-0.048607837194670545,0.06877963390946906,-0.010876430754320241,0.01807572644854089,-0.008735723179763006,-0.030895514671549364,-0.014932441367836793,-0.043920021934688865,0.0000016210430410631806,0.000009039549940149657,0.0000032483651481342648,0.0002591694773104964,0.00002735915003889857,0.000002242121544643462,0.00009995814751027471,0.0018421333787857362,0.001663669278394016,0,0,0,2,0.0014670000000000002,0,0,0
641345615,1,0.0819637338358355,0.4069964643024989,0,0,0.004,0.3069767950042832,0.013829015834195157,-0.25216874886539387,0.005225674735134689,-0.048607837194670545,0.06877963390946906,-0.010882607670800492,0.01866229726763828,-0.009093640934183593,-0.03065622224556098,-0.014940242455174536,-0.04412683865560351,0.0000013377717981534202,0.000009748786720849259,0.0000029416653476631246,0.0002601757178626216,0.00002730026483579049,0.0000022437693225439513,0.00009995734084132986,0.001836697541355179,0.0015900443880817023,0,0,0,2,0.003282,0,0,0
641345619,1,0.09134633599168304,0.4023221896417825,0,0,0.004,0.2933825516489581,0.022177114043192336,-0.25770663279071293,0.005225674735134689,-0.048607837194670545,0.06877963390946906,-0.010973882203833673,0.019247789314714044,-0.009529621488398305,-0.03042834798205099,-0.014940838424261568,-0.04433704723499356,0.0000011357389806809649,0.000010484352958625489,0.0000027741702368782115,0.00026118513823499007,0.000027268657729112853,0.0000022454038266556978,0.00009995643112840682,0.0018313088568623036,0.0015644953414244002,0,0,0,2,0.001397,0,0,0
641345623,1,0.09379529770436099,0.40024451881463907,0,0,0.004,0.28784214800501295,0.024056059799261398,-0.2592885405385239,0.005225674735134689,-0.048607837194670545,0.06877963390946906,-0.011063331246206192,0.01982157152084829,-0.009956882431528721,-0.030205562672308527,-0.01493968893939515,-0.044547654685191874,0.000000952875293827444,0.00001114247037787734,0.0000026314264096909386,0.0002621978165092088,0.000027251553668466364,0.000002247028221049522,0.00009995543670685239,0.0018259599557255684,0.0015526098978728851,0,0,0,2,0.001397,0,0,0
641345627,1,0.09244239142410389,0.385505084375591,0,0,0.004,0.2834666466248469,0.008965723064447761,-0.24324998411197996,0.005225674735134689,-0.048607837194670545,0.06877963390946906,-0.01118294924081221,0.020298656927977315,-0.010439514021958432,-0.029987251490041136,-0.014949841950174325,-0.04474453917689889,0.000000681500541459387,0.000011552495709728269,0.0000023296420495896117,0.00026321382817590756,0.000027242099974008294,0.0000022486449953035226,0.00009995442319423134,0.00182064669864329,0.0014945462386117478,0,0,0,2,0.001397,0,0,0
641345631,1,0.08992117208988822,0.34108746420092056,0,0,0.004,0.24303741499663978,0.01009599267097816,-0.21896283909769387,0.005225674735134689,-0.048607837194670545,0.06877963390946906,-0.011353438097327693,0.020627716250279638,-0.010997714135462085,-0.029800705148602495,-0.014956759957617267,-0.04492098607824164,0.0000004819240481809038,0.00001197042217881369,0.0000021268126242830646,0.0002642338007421189,0.000027236504324865077,0.0000022502561260066833,0.00009995345442837187,0.0018153664934590589,0.0013091300260064862,0,0,0,3,0.001466,0,0,0
641345635,1,0.0897909750515524,0.2910087099751308,0,0,0.004,0.2088646852813123,0.0100099255231747,-0.18187032548597948,0.005225674735134689,-0.048607837194670545,0.06877963390946906,-0.011552475109793818,0.02086497323125338,-0.011608666112857565,-0.029640654407490644,-0.014961465755110663,-0.04506722372057206,0.00000034218136554732494,0.000012216414550169851,0.0000019793762421916447,0.00026525803655804965,0.00002723292264161692,0.0000022518630570526453,0.0000999526043749348,0.001810117604257983,0.0011085231303605155,0,0,0,2,0.001397,0,0,0
641345639,1,0.09084889043448158,0.26238376675715785,0,0,0.004,0.1796518965113687,0.011098975235094954,-0.16780483304444438,0.005225674735134689,-0.048607837194670545,0.06877963390946906,-0.011790141959451888,0.02096965334028384,-0.012281967561227356,-0.029503465432366087,-0.014963700404783193,-0.04520151785585779,0.000000232110800972844,0.000012514750361397075,0.0000018808384238264411,0.0002662866173208117,0.000027230501969627108,0.0000022534669173248836,0.00009995186582823272,0.001804899155988525,0.0009843288325715113,0,0,0,2,0.0014670000000000002,0,0,0
641345643,1,0.09110870631801185,0.25360774709618283,0,0,0.004,0.17011835166529776,0.010526872267089149,-0.16350026809973706,0.005225674735134689,-0.048607837194670545,0.06877963390946906,-0.012023055472116797,0.021072239847133696,-0.01294180298062975,-0.029373996704812624,-0.014965830779767719,-0.04533186924635348,0.00000012346307290074447,0.000012796163813327694,0.0000017855160797756089,0.0002673192939229773,0.00002722881492675629,0.0000022550685127090326,0.00009995121227407037,0.00179971068969737,0.0009447404408130854,0,0,0,2,0.001397,0,0,0
641345647,1,0.09343317094397881,0.23527372670676824,0,0,0.004,0.16875468226588453,0.01875541816357784,-0.14177683893839088,0.005225674735134689,-0.048607837194670545,0.06877963390946906,-0.012283268647609358,0.021140816690765604,-0.013631052269085365,-0.029245190261859594,-0.014961088857435873,-0.04544510902948395,0.0000000879783074799903,0.000012878293724309577,0.0000017537196377755267,0.0002683557767654881,0.000027227520863997995,0.0000022566685002599815,0.000099950656046503,0.00179455159044704,0.00088481031238577,0,0,0,2,0.003352,0,0,0
641345651,1,0.09815264157245196,0.1901422929766292,0,0,0.004,0.14578551603910317,0.01818142418728874,-0.10230926224809522,0.005225674735134689,-0.048607837194670545,0.06877963390946906,-0.012516972270871434,0.021261285219326454,-0.014370432437933768,-0.029133769972008252,-0.014955068028552494,-0.04552707918988935,0.00000007509607303078589,0.000012817111800011002,0.000001724126777350327,0.00026939614207082335,0.00002722634524691489,0.000002258267320642556,0.00009995023215035237,0.0017894211768922877,0.0007161135777404615,0,0,0,11,0.001396,0,0,0
641345655,1,0.10440983643614381,0.15972389502028533,0,0,0.004,0.11603381293328285,-0.005098575617910717,-0.08469917007759342,0.005225674735134689,-0.048607837194670545,0.06877963390946906,-0.01277795975474922,0.021507176109639894,-0.015116330292125838,-0.02904619789681109,-0.014965355026380469,-0.04559427817635315,-0.00000004543105031086702,0.000012830822503518305,0.0000015582043587559853,0.00027044052158243045,0.000027225277999614778,0.00000225986530788133,0.00009994992456818151,0.0017843193056555169,0.0005749962174345251,0,0,0,2,0.001885,0,0,0
641345659,1,0.1131955312168497,0.12271277136219604,0,0,0.004,0.12235813097340698,-0.013429546585680407,-0.02538117126742101,0.005225674735134689,-0.048607837194670545,0.06877963390946906,-0.013012422200228815,0.021950549424993086,-0.0158686154779547,-0.028953300105309707,-0.014981207836720087,-0.045615634869136,-0.00000012241019128652827,0.000012493576503763777,0.0000013655717815534752,0.0002714885827156509,0.000027224325365183986,0.0000022614626281992546,0.0000999497583754667,0.0017792451993287604,0.0005027296496799612,0,0,0,3,0.001396,0,0,0
641345663,1,0.11555836279785607,0.11479850160140703,0,0,0.004,0.12300243452231296,-0.016927875670363912,-0.007639779962863358,0.005225674735134689,-0.048607837194670545,0.06877963390946906,-0.013242195396798818,0.022385055274039212,-0.01660585496006698,-0.028859990428108634,-0.014999388938437275,-0.045623266363221254,-0.0000001757912158959963,0.000012184908052681419,0.0000011887974049615845,0.0002725401610561308,0.000027223514017577986,0.0000022630594689748497,0.00009994968153017213,0.0017741987327176759,0.000497586464623115,0,0,0,3,0.001396,0,0,0
641345667,1,0.12858265470882377,0.11183461680880417,0,0,0.004,0.09933954800583389,-0.01603379931613036,-0.032763759050221,0.005225674735134689,-0.048607837194670545,0.06877963390946906,-0.013414109907635837,0.023098492403832976,-0.01736030758561797,-0.028785382622723562,-0.015016251119557388,-0.045649671768452305,-0.0000002213934302568852,0.000012168366682360141,0.000001059034858590695,0.0002735953525290292,0.00002722276459079903,0.0000022646559900948574,0.00009994963555628462,0.0017691802800181805,0.0004232992780643833,0,0,0,2,0.0014670000000000002,0,0,0
641345671,1,0.1351892673960804,0.11565704846692439,0,0,0.004,0.04294879900833459,0.004322191371315953,-0.0674485088012684,0.005225674735134689,-0.048607837194670545,0.06877963390946906,-0.013571933483895798,0.0238828819459134,-0.018078365869937305,-0.028753654033531553,-0.015015822014060862,-0.0457018429778115,-0.0000002390043328931999,0.000012419579571877914,0.0000010636885692551086,0.0002746544135399427,0.00002722198955362173,0.000002266252300277282,0.0000999495884635054,0.0017641900460430829,0.00032031439590560727,0,0,0,2,0.0014670000000000002,0,0,0
641345675,1,0.13819509186258527,0.07869821008684616,0,0,0.004,-0.011297172958869561,0.028957241269893852,-0.02079692637786934,0.005225674735134689,-0.048607837194670545,0.06877963390946906,-0.01369464265554961,0.02473680485203475,-0.01872879976676867,-0.028761422179581456,-0.014993731587183033,-0.0457179653383349,-0.00000020855316724731832,0.000012511010619418396,0.0000011747017425675723,0.000275717322500523,0.000027221198932904257,0.000002267848453528993,0.00009994955861160095,0.0017592270297105493,0.0001495946568881108,0,0,0,2,0.003771,0,0,0
641345679,1,0.13663969220931318,0.09896566966983415,0,0,0.004,-0.056664083408807464,0.04554001382514827,0.0033081852682101953,0.005225674735134689,-0.048607837194670545,0.06877963390946906,-0.013761634421968759,0.02558430194439399,-0.01932361440822214,-0.02880247240056613,-0.014956960492792729,-0.04571535931169578,-0.00000016482798551485479,0.000012553231940760013,0.0000013293173737267483,0.0002767838243469233,0.000027220508791266073,0.0000022694444957398477,0.0000999495353953344,0.0017542907936917722,0.0002910850129436083,0,0,0,3,0.001397,0,0,0
641345683,1,0.13552315519936453,0.11140828790774979,0,0,0.004,-0.07239174379561741,0.04992881746329558,0.01032963338427173,0.005225674735134689,-0.048607837194670545,0.06877963390946906,-0.013827286353059525,0.026414849094906045,-0.01990653275684654,-0.02885501232608104,-0.014916260228299802,-0.045707303735670564,-0.00000013693618338723192,0.00001256371849522788,0.000001468298047984391,0.00027785359226538376,0.000027219918903578915,0.000002271040438960264,0.00009994950492128759,0.0017493812761813293,0.00035417854726466677,0,0,0,3,0.000978,0,0,0
641345687,1,0.12954850903129425,0.1383589469167894,0,0,0.004,-0.08946207725884103,0.046450617715367515,-0.020975611633936353,0.005225674735134689,-0.048607837194670545,0.06877963390946906,-0.013870319956807842,0.027175522080606276,-0.020435182161057185,-0.028920897158597848,-0.01487814072092383,-0.04572257375537166,-0.0000001776902080591877,0.000012544488858984596,0.0000016002259544765112,0.0002789264388799947,0.000027219375102403523,0.0000022726363259431814,0.00009994946431171455,0.0017444989259888094,0.0004118465624384651,0,0,0,2,0.001397,0,0,0
641345691,1,0.11697219211175108,0.1801245964957069,0,0,0.004,-0.10887314802565151,0.023195535435205583,-0.071059378139676,0.005225674735134689,-0.048607837194670545,0.06877963390946906,-0.01385922966667961,0.027771844585548065,-0.020921300644102664,-0.02900283110857413,-0.014857644827006787,-0.04577480637370571,-0.000000306640593162894,0.000012441696073907593,0.0000017623470314977833,0.00028000229158098983,0.000027218856474069034,0.0000022742322029411246,0.00009994942279511137,0.0017396443648653264,0.0005282549452185187,0,0,0,2,0.001466,0,0,0
641345695,1,0.10160399628685991,0.18831449698532426,0,0,0.004,-0.10601670776914185,0.009387145949053988,-0.08615462950033681,0.005225674735134689,-0.048607837194670545,0.06877963390946906,-0.013837708537993624,0.028185798330625948,-0.021355086180045967,-0.029083136116685192,-0.01484790637043535,-0.04583804749594706,-0.00000044671455229668753,0.000012293930413926664,0.000001916513877935595,0.0002810811520438307,0.000027218340348041948,0.000002275828036624932,0.00009994937688499305,0.0017348174758164954,0.0005477266620440056,0,0,0,2,0.001397,0,0,0
641345699,1,0.08988062186919175,0.17285335350710138,0,0,0.004,-0.08437078664967657,-0.0073875085522548956,-0.08312751869616974,0.005225674735134689,-0.048607837194670545,0.06877963390946906,-0.013763354610079773,0.02849559920155942,-0.021748238072189452,-0.02914761444172819,-0.014851515417383363,-0.045898912342969465,-0.0000005727297242573166,0.000012135739324079295,0.0000020566951480691775,0.0002821631622444194,0.00002721779397747585,0.0000022774238230539942,0.00009994932897078978,0.0017300179100104799,0.0004746904555531224,0,0,0,3,0.0014670000000000002,0,0,0
641345703,1,0.08610152032922941,0.171097363944178,0,0,0.004,-0.08082937347883434,-0.013546965830183444,-0.08246682969297225,0.005225674735134689,-0.048607837194670545,0.06877963390946906,-0.0136904877607242,0.02879920405507422,-0.02213352692649007,-0.029209472525630838,-0.014859837717459797,-0.045959088636858186,-0.0000006803537211556722,0.000011983489684926614,0.0000021855070151360443,0.00028324834272506913,0.0000272172679075991,0.000002279019593072367,0.00009994927682578396,0.0017252453066469132,0.00046506233388301377,0,0,0,2,0.003352,0,0,0
641345707,1,0.07653560816781001,0.1863785135997998,0,0,0.004,-0.05153153620337414,-0.01890161527609202,-0.1184499487080668,0.005225674735134689,-0.048607837194670545,0.06877963390946906,-0.013629730892716055,0.028958252434834606,-0.02247915207062372,-0.029250079312745668,-0.014873763934716228,-0.046046162802909546,-0.0000008031229380074739,0.000011688795210366958,0.0000022843485995123364,0.0002843368416251869,0.00002721672847346334,0.0000022806153230874244,0.00009994919435824796,0.0017204998382552023,0.0005221978266131518,0,0,0,2,0.001397,0,0,0
641345711,1,0.06585520282179974,0.24549906064938856,0,0,0.004,-0.04221400448364676,-0.03510603330900386,-0.18302717921506506,0.005225674735134689,-0.048607837194670545,0.06877963390946906,-0.013548883873347439,0.028975635470315664,-0.02278590677879375,-0.029285105526065152,-0.014900976286426759,-0.046180742383221916,-0.0000009696439438316064,0.000011243114026582483,0.000002406291760631807,0.0002854286625848015,0.00002721626491758551,0.0000022822110709424843,0.0000999490170589913,0.0017157820058325514,0.0007643392344310139,0,0,0,2,0.001397,0,0,0
641345715,1,0.058507351088562164,0.25528693811512904,0,0,0.004,-0.05180708674122836,-0.025943068652844792,-0.19206599664911828,0.005225674735134689,-0.048607837194670545,0.06877963390946906,-0.013533569660528096,0.028864839112763295,-0.02307587374844006,-0.029326845152905796,-0.014921136633233497,-0.04632167292581976,-0.0000010802083043362372,0.000010892336625828884,0.000002481163231908058,0.00028652371166408525,0.000027215840640169515,0.0000022838068315634755,0.00009994873119386067,0.0017110912468153406,0.0008024598593480772,0,0,0,2,0.001396,0,0,0
641345719,1,0.05623515241289583,0.23495934131189,0,0,0.004,-0.06323166608200959,-0.03012657494068549,-0.1646707564113168,0.005225674735134689,-0.048607837194670545,0.06877963390946906,-0.013518561731965141,0.02867103752747944,-0.02338134666741408,-0.029376619924166063,-0.014943502355767212,-0.04644183384864457,-0.0000011963650482268487,0.000010716426669725176,0.0000025558039157519006,0.00028762192558873603,0.000027215364979208724,0.000002285402625856994,0.00009994839275824489,0.0017064266895560666,0.0007157911665310069,0,0,0,2,0.001396,0,0,0
641345723,1,0.05569949533842758,0.22971818455648707,0,0,0.004,-0.0673647441756351,-0.03179770160193118,-0.15643401847958316,0.005225674735134689,-0.048607837194670545,0.06877963390946906,-0.013503853961973445,0.02848111197390126,-0.023680710128008618,-0.029429213487520027,-0.014966769399317778,-0.04655554933895911,-0.000001303395440900433,0.000010591636314716002,0.0000026251659741448044,0.00028872328865362266,0.00002721486494785302,0.0000022869984373744466,0.00009994802570926943,0.0017017878803021588,0.000693059359335805,0,0,0,2,0.001886,0,0,0
641345727,1,0.0581184041869802,0.23583416233016066,0,0,0.004,-0.029304553775030273,-0.030823664425873698,-0.17674272724346096,0.005225674735134689,-0.048607837194670545,0.06877963390946906,-0.013595966790984753,0.02820976377651211,-0.0239953916081119,-0.02945398768745403,-0.014990909086369221,-0.046684321728838976,-0.000001382701194768267,0.000010242433317792153,0.0000026973311446465202,0.0002898279775457527,0.000027214358790541227,0.000002288594209445398,0.00009994760180076797,0.001697174826870582,0.0007271516682953999,0,0,0,2,0.0014670000000000002,0,0,0
641345731,1,0.0588253090215208,0.23333580795892878,0,0,0.004,0.015377836613665874,-0.0007281834425193479,-0.18499349746340243,0.005225674735134689,-0.048607837194670545,0.06877963390946906,-0.013707542652136468,0.027943842543070745,-0.0242931268142528,-0.02944508346896651,-0.014994685745908004,-0.04681975707712621,-0.0000013095831361105157,0.00000973175137677356,0.0000027034572892334876,0.00029093610412764037,0.00002721383686035137,0.000002290189918505405,0.00009994712297670535,0.001692587163288318,0.000742531908688476,0,0,0,2,0.003352,0,0,0
641345735,1,0.06380748935759362,0.2283987837002992,0,0,0.004,0.022746889506479295,0.013474264956498061,-0.18076006833659086,0.005225674735134689,-0.048607837194670545,0.06877963390946906,-0.013891455506587366,0.02766193444557757,-0.024627517893712148,-0.029430261386386113,-0.01498827589452627,-0.046952035177153434,-0.0000012117225473470215,0.000009319125741638473,0.000002682977728878199,0.00029204755120935277,0.00002721331780389552,0.0000022917856605781897,0.00009994660862392129,0.0016880244709187304,0.000730733101518051,0,0,0,2,0.0014670000000000002,0,0,0
641345759,1,0.11185443148374485,0.11471499611488425,0,0,0.024,0.05952913935330817,0.0001461784242653419,-0.06163970881934766,0.005225674735134689,-0.048607837194670545,0.06877963390946906,-0.014338006212957171,0.028376360435543736,-0.025168274038788647,-0.028993762827832337,-0.015015718644057865,-0.047417854305645636,-0.0000014556851825339384,0.000008018401287860915,0.0000024447675033935483,0.000298783157336732,0.00004710725975496292,0.0000023163576976507036,0.00009994610099015066,0.0016697859786928848,0.0020566184522366054,0,0,0,2,0.001397,0,0,0
641345763,1,0.1302777308919863,0.08617064726509871,0,0,0.004,0.06462564297022455,-0.009326934342958948,-0.025720269630435055,0.005225674735134689,-0.048607837194670545,0.06877963390946906,-0.014775625905199579,0.02907649790571058,-0.02569821506096362,-0.028932608268880135,-0.015027897641602783,-0.0474432258327583,-0.0000015060044107434704,0.00000781511962860616,0.000002393946270240617,0.0002999166427960926,0.00003646057979921561,0.0000023181588404952007,0.00009994592808236182,0.0016607372399948387,0.0002807133115023961,0,0,0,2,0.0014670000000000002,0,0,0
641345767,1,0.15571991838861776,0.058974299383334254,0,0,0.004,0.07056765906721219,-0.008740579331788734,0.015646146085529722,0.005225674735134689,-0.048607837194670545,0.06877963390946906,-0.01520449320359714,0.030124822534724864,-0.02626016784013636,-0.028873881109008362,-0.015037588418090709,-0.047430836748511195,-0.0000015214749146801236,0.000007613991564225828,0.0000023505004495312133,0.00030105333900728087,0.000031823941826273685,0.000002319961362026209,0.00009994587981276184,0.0016543445429556456,0.0002912317048842402,0,0,0,2,0.0014670000000000002,0,0,0
641345771,1,0.17800956997130066,0.03777585196015019,0,0,0.004,0.04220606555438611,-0.010411397078859741,0.02464508744145988,0.005225674735134689,-0.048607837194670545,0.06877963390946906,-0.01562478315602675,0.03141849678016678,-0.026810881563725644,-0.02884132243238708,-0.015046750241711393,-0.04741204150233204,-0.0000015259095442000416,0.00000751835241822578,0.000002318025410217256,0.00030219331654037884,0.00002958612644662171,0.0000023217397887242386,0.00009994587277541728,0.0016490215712769377,0.00019988514677032028,0,0,0,2,0.001466,0,0,0
641345775,1,0.19206586772525397,0.04237464706743883,0,0,0.004,-0.006113527564389543,-0.000032990044040448474,0.0275979560053905,0.005225674735134689,-0.048607837194670545,0.06877963390946906,-0.016015362020687134,0.0328354345617443,-0.027339928368482827,-0.02884558868287197,-0.015046214437553678,-0.047391488879205336,-0.0000015179158715367713,0.0000074754378868955205,0.000002320060896293052,0.0003033366644122122,0.000028452549543674995,0.0000023234875786501345,0.00009994587228955015,0.0016442008780837335,0.00011306801374740965,0,0,0,2,0.001397,0,0,0
641345779,1,0.20068226021543656,0.07645337903755815,0,0,0.004,-0.04247395162444412,-0.009202361872842957,0.06554008192068395,0.005225674735134689,-0.048607837194670545,0.06877963390946906,-0.01635551873061304,0.03431990738693312,-0.027869046881505183,-0.028876071772819503,-0.0150507235463748,-0.047343461183334795,-0.00000149040030219984,0.00000738969539054734,0.000002326330465040188,0.00030448333160808385,0.00002786422055662188,0.000002325205335662668,0.00009994585408384441,0.0016396377754877324,0.00031455930744593997,0,0,0,2,0.001397,0,0,0
641345783,1,0.20220176824568317,0.0936951635759276,0,0,0.004,-0.05670133386289833,-0.013217601909621512,0.07659346854065419,0.005225674735134689,-0.048607837194670545,0.06877963390946906,-0.01668887230634043,0.03577469075561817,-0.028387583024267093,-0.028916365566936237,-0.01505749053155122,-0.04728803385389471,-0.000001448527905829277,0.00000729610379882757,0.0000023416690214939737,0.0003056331970344247,0.000027554983167173346,0.000002326896539982299,0.00009994579703539486,0.0016352164536889721,0.00038483878567860126,0,0,0,2,0.002863,0,0,0
641345787,1,0.20206269877354813,0.13382717336589153,0,0,0.004,-0.09060459631974727,-0.002177857642589598,0.10750307574051554,0.005225674735134689,-0.048607837194670545,0.06877963390946906,-0.01695164294439137,0.03721103110128983,-0.02892770637725471,-0.028979811140599596,-0.01505500856588545,-0.047211064889644036,-0.0000014199841051377771,0.000007156566123984828,0.0000023631277953444523,0.0003067861119315913,0.000027391346512956616,0.0000023285656579863117,0.00009994566771037888,0.0016308786791710476,0.0005624353791410604,0,0,0,2,0.0014670000000000002,0,0,0
641345791,1,0.19387350423676938,0.15513094915954978,0,0,0.004,-0.11988629510928517,-0.004157330784932967,0.09030347603082944,0.005225674735134689,-0.048607837194670545,0.06877963390946906,-0.01714524230351939,0.03854407612952584,-0.029403764041380995,-0.0290637879541702,-0.015053314681698056,-0.04714649533304428,-0.0000013810936623855138,0.000006912331975286792,0.0000024028375910657914,0.00030794189049492834,0.000027304367935178146,0.0000023302171005470824,0.00009994548852751178,0.0016265951821863149,0.0006005960364509449,0,0,0,2,0.0014670000000000002,0,0,0
641345795,1,0.17438105244500757,0.177511896829137,0,0,0.004,-0.14896227821704477,0.01067167738741992,0.05898080758428215,0.005225674735134689,-0.048607837194670545,0.06877963390946906,-0.017292359098023586,0.03962675472563047,-0.02981703733042317,-0.029167657551202198,-0.015040779828147667,-0.047104267257522356,-0.0000014019194387620286,0.000006512332986625864,0.000002419512452546071,0.0003091003059923013,0.00002725795626253059,0.000002331854733002421,0.0000999453062725507,0.0016223508469669086,0.0006422757126738333,0,0,0,2,0.001397,0,0,0
641345799,1,0.14906931975281487,0.20754195426973654,0,0,0.004,-0.17878709625966316,0.008619232415587708,0.05994320814692955,0.005225674735134689,-0.048607837194670545,0.06877963390946906,-0.017361965046115476,0.04042146364080509,-0.03017943457624323,-0.029292124608874832,-0.015028912331103766,-0.047061405224071845,-0.0000014039263326288085,0.000006065889691741508,0.0000024735082628071976,0.0003102611161448941,0.000027233152300133037,0.0000023334818149675095,0.00009994512015546329,0.0016181374021752228,0.0007550608469186265,0,0,0,2,0.001396,0,0,0
641345803,1,0.14093629387965703,0.2190751734155153,0,0,0.004,-0.19017150128437588,0.007238068947105436,0.05993666870396375,0.005225674735134689,-0.048607837194670545,0.06877963390946906,-0.01743017887524553,0.04120027837767621,-0.03053458387714689,-0.02942421832612645,-0.015017770482307983,-0.04701867844527109,-0.0000013943303050982677,0.000005639816912728418,0.0000025506935600107056,0.00031142426733795356,0.000027219819530804145,0.0000023351009012034544,0.00009994493119783937,0.0016139504234033996,0.0007980976762092733,0,0,0,2,0.001396,0,0,0
641345807,1,0.11478862850122572,0.23082272567928264,0,0,0.004,-0.20074038730030308,0.03239963434063209,0.06763812246520651,0.005225674735134689,-0.048607837194670545,0.06877963390946906,-0.017454417850351713,0.04163328484464009,-0.030797409037149944,-0.029562563301044308,-0.014988833946420983,-0.0469710313562941,-0.0000014696370208815505,0.000005270495220783219,0.0000024976493373882483,0.00031258970689494514,0.000027212600655532297,0.0000023367139708779607,0.00009994472388727243,0.0016097872649614264,0.0008571707415398696,0,0,0,3,0.0014670000000000002,0,0,0
641345811,1,0.08763093185137708,0.2353083564720492,0,0,0.004,-0.20365806798529285,0.05161403574289425,0.0402794418093162,0.005225674735134689,-0.048607837194670545,0.06877963390946906,-0.017435561468514504,0.04178066242889644,-0.030980409183430715,-0.029702202180788746,-0.014946922025374607,-0.04694278085303711,-0.0000016261845869126494,0.000004748035135922233,0.0000023630404024790555,0.0003137574916179359,0.00002720855167504256,0.0000023383225718620385,0.00009994452645495167,0.0016056469093203103,0.0008556920078966827,0,0,0,2,0.0028640000000000002,0,0,0
641345815,1,0.06458106555729594,0.3105348594820677,0,0,0.004,-0.27508750848176144,0.021147504609824397,-0.015938087298245307,0.005225674735134689,-0.048607837194670545,0.06877963390946906,-0.01745969279175531,0.04157355519757721,-0.031170401971146188,-0.02989203910347355,-0.014924867274104548,-0.04695294963087509,-0.000001723682835425204,0.0000036464740091405658,0.000002607369998133548,0.0003149267427972019,0.000027206388321077476,0.000002339928025366739,0.0000999444042306081,0.0016015294115798349,0.0011054365790991519,0,0,0,3,0.001397,0,0,0
641345819,1,0.04769992876117701,0.3009344752317905,0,0,0.004,-0.27070848113444446,0.002920933248807378,0.024561006886345993,0.005225674735134689,-0.048607837194670545,0.06877963390946906,-0.01743007826672971,0.04095513698083201,-0.031282026392585136,-0.030078662129554967,-0.014915221369243802,-0.04693503491772682,-0.0000016950537337845823,0.0000030987378003658483,0.0000029683665908609425,0.00031610286204636134,0.00002720515552126984,0.000002341531042369902,0.00009994430044838612,0.0015974335816684915,0.0010873443367650046,0,0,0,3,0.001397,0,0,0
641345823,1,0.04788247009694852,0.3009476512376618,0,0,0.004,-0.2708472172691174,-0.0038678003703641606,0.03655766997684751,0.005225674735134689,-0.048607837194670545,0.06877963390946906,-0.017401056032204622,0.0403490871284217,-0.031391418325595305,-0.03026503517249314,-0.014910202856875426,-0.04690889427032498,-0.00000163880898603447,0.00000271874813891571,0.0000033310029280101233,0.0003172840625396299,0.000027204370624599013,0.0000023431322647783274,0.00009994420099036189,0.0015933588921178622,0.001093322556000858,0,0,0,2,0.0018160000000000001,0,0,0
641345827,1,0.04894698167613001,0.23227913577789264,0,0,0.004,-0.19631389353143436,0.026659521906169714,-0.0060054077357172275,0.005225674735134689,-0.048607837194670545,0.06877963390946906,-0.017393919531090672,0.03970189505125802,-0.03147731713122463,-0.03039912786116213,-0.014886726654038038,-0.046912666871733816,-0.0000017147840459526062,0.000002132536252517118,0.0000032582474130866815,0.0003184686253318736,0.000027203400565925915,0.00000234473203165205,0.00009994412751047771,0.0015893054894697714,0.000792827242960877,0,0,0,2,0.001397,0,0,0
641345831,1,0.05188162448658526,0.2804304597840725,0,0,0.004,-0.22423887255935115,0.062411396275574016,-0.06215316128242243,0.005225674735134689,-0.048607837194670545,0.06877963390946906,-0.017376273115638684,0.03897177301639476,-0.03155084531638106,-0.030551283600321565,-0.014838706271361937,-0.04695520675183243,-0.0000019234096712276665,0.000001046660165995037,0.000002923487259859196,0.00031965654923519495,0.000027202725844117776,0.000002346330872696891,0.00009994407540196109,0.0015852735687739608,0.0009636702324688004,0,0,0,2,0.001466,0,0,0
641345835,1,0.059245445528616256,0.31890845647082283,0,0,0.004,-0.2619154987263923,0.07050784689121481,-0.06912813681025298,0.005225674735134689,-0.048607837194670545,0.06877963390946906,-0.01748681136081954,0.0382136428447875,-0.03165486087091531,-0.030728599283259883,-0.014784412346652415,-0.04700239793408249,-0.0000021256788971050586,0.00000006617681873617166,0.000002694334689538796,0.00032084761889271656,0.00002720239051739366,0.0000023479290885176003,0.00009994400738931731,0.0015812627493273072,0.0011196412585837438,0,0,0,2,0.0014670000000000002,0,0,0
641345839,1,0.05582644036913584,0.21997732742738169,0,0,0.004,-0.1826604863563055,0.026818085256957613,-0.007748210708134806,0.005225674735134689,-0.048607837194670545,0.06877963390946906,-0.017616444129817412,0.03768372816381873,-0.03177810140307951,-0.030852373912692074,-0.014761512853933673,-0.04700743907338958,-0.0000021528203764362632,-0.00000009187227020944551,0.0000028241849044752336,0.00032204192988186396,0.00002720164023474269,0.0000023495267622489925,0.00009994394829198086,0.0015772721375378312,0.0007391248635184631,0,0,0,2,0.003282,0,0,0
641345843,1,0.05529353157150977,0.1930457614359829,0,0,0.004,-0.1593917502005,0.012899987987603279,0.010633861310390458,0.005225674735134689,-0.048607837194670545,0.06877963390946906,-0.017743484243435328,0.03716441177646933,-0.031898877124600426,-0.030960320745242992,-0.014748574241263407,-0.046999908412860836,-0.0000021371762689058568,-0.00000008335366676533135,0.0000030258037598057254,0.0003232394908379541,0.000027200879597498916,0.000002351124084197841,0.00009994390100815355,0.0015733014267242532,0.0006410643490749118,0,0,0,3,0.001396,0,0,0
641345847,1,0.05335337354057356,0.1806868448000908,0,0,0.004,-0.13671933793543434,0.029315915521109015,-0.02029586404158934,0.005225674735134689,-0.048607837194670545,0.06877963390946906,-0.01788928884350152,0.03688983989279389,-0.03200658468733061,-0.031052325457301657,-0.014725442312676534,-0.04701360705234688,-0.000002197168888395744,-0.0000003787297742075894,0.0000030105112069438226,0.00032444027040416597,0.000027200148620698407,0.0000023527211178219796,0.00009994385610433216,0.0015693508358195956,0.0005651693178584836,0,0,0,3,0.000977,0,0,0
641345851,1,0.0657976155623022,0.2501758679762657,0,0,0.004,-0.1759041260716636,0.03263875611662026,-0.0931731190245948,0.005225674735134689,-0.048607837194670545,0.06877963390946906,-0.01808544057336797,0.03697229671068242,-0.03214409603188713,-0.03117075211475533,-0.014699851519754855,-0.047076522418591914,-0.000002383069481964713,-0.0000012416077254810186,0.0000030574865871732493,0.00032564427922031206,0.000027199650927342363,0.0000023543180437024923,0.00009994380665167065,0.0015654210605962496,0.0008068584022357057,0,0,0,2,0.001396,0,0,0
641345855,1,0.08159718471368163,0.3134897453259058,0,0,0.004,-0.2661428251377489,-0.01758582062047165,-0.04854790438519707,0.005225674735134689,-0.048607837194670545,0.06877963390946906,-0.01842680628968153,0.037138325547095716,-0.032300162438273154,-0.031350833876506244,-0.0147055752163506,-0.0471085289158472,-0.0000024719800719050187,-0.0000015598461349274828,0.0000036656308297330876,0.0003268516297644387,0.00002719947752577513,0.0000023559150246832283,0.00009994377871637181,0.0015615113216322148,0.0010844217886368166,0,0,0,2,0.0014670000000000002,0,0,0
641345879,1,0.14893075638839376,0.34542196810088344,0,0,0.024,-0.31156167207214347,0.041759964985715214,0.01119091074491152,0.005225674735134689,-0.048607837194670545,0.06877963390946906,-0.018889176423992623,0.03845151939769497,-0.032272012562406076,-0.033490684102031563,-0.01434175472940398,-0.04703625330050169,-0.0000025837390281039805,-0.0000029094493499653793,0.000004578820514717757,0.0003341619570972115,0.000047072404824575743,0.0000023805134674790604,0.00009994352836235207,0.0015458724057115978,0.007549127673980617,0,0,0,2,0.001397,0,0,0
641345883,1,0.171570414907937,0.37321610529007865,0,0,0.004,-0.3376528850646947,0.052931479738803966,0.027444392931382566,0.005225674735134689,-0.048607837194670545,0.06877963390946906,-0.019342299155617495,0.03973844937128224,-0.03224442568405634,-0.03378893856325885,-0.014284076187802783,-0.04701273597503851,-0.0000025746573640180617,-0.0000028911458541001827,0.0000045841726077700024,0.0003353906977855821,0.00003644029723753066,0.0000023823108646375258,0.00009994337074018982,0.001538104389139886,0.001371506657910043,0,0,0,3,0.001397,0,0,0
641345887,1,0.17527232625538275,0.4012003916837969,0,0,0.004,-0.3635828911087702,0.02516323540311427,0.10376166375377771,0.005225674735134689,-0.048607837194670545,0.06877963390946906,-0.01963722241156543,0.04103159867847872,-0.032132169388391064,-0.03406948459960992,-0.014253999374881091,-0.0469331390260184,-0.0000023430153638696087,-0.0000018530137646438656,0.00000512380199156879,0.00033662256191010006,0.000031809182290606146,0.0000023841112103573047,0.00009994320246250911,0.0015326126739406893,0.0015157424054919961,0,0,0,2,0.0032830000000000003,0,0,0
641345891,1,0.15254222668450396,0.44024946748536736,0,0,0.004,-0.4022208301517691,0.03576008540167741,0.10421206070633282,0.005225674735134689,-0.048607837194670545,0.06877963390946906,-0.019968857779835675,0.04194734773564081,-0.03190497913067561,-0.03435722319552257,-0.014217631401148652,-0.04685931728194827,-0.0000022006292122662134,-0.0000013405596533059218,0.000005474280268225028,0.0003378572941735891,0.000029574252995964,0.000002385888228530336,0.00009994298066906406,0.0015280375957366645,0.0016681512330125178,0,0,0,2,0.0014670000000000002,0,0,0
641345895,1,0.12521094786871526,0.42778287859295294,0,0,0.004,-0.38757349307855593,0.024545822122889138,0.1181171836014343,0.005225674735134689,-0.048607837194670545,0.06877963390946906,-0.02022994457457861,0.042567813058291416,-0.031586458878871605,-0.03462355035013554,-0.01419077299043769,-0.0467790125205697,-0.0000020315879586911474,-0.0000008598571459345146,0.000005911041051227532,0.0003390947896149852,0.000028442224310845516,0.000002387635039280256,0.00009994268851765783,0.0015238924065189802,0.0016236619302440365,0,0,0,2,0.001397,0,0,0
641345899,1,0.09137171211766602,0.4580968750225606,0,0,0.004,-0.4092857157772387,0.02931331502684109,0.1597426279041887,0.005225674735134689,-0.048607837194670545,0.06877963390946906,-0.020464504344706053,0.04278172123315729,-0.031199740521581462,-0.03489837758642275,-0.014160611114953809,-0.046672854026962626,-0.000001843314505765312,-0.00000011141442770115146,0.00000624054556088959,0.0003403345780829013,0.000027855074138784393,0.0000023893521424255766,0.00009994224884643115,0.0015199726037819685,0.0017613257495279425,0,0,0,2,0.001396,0,0,0
641345903,1,0.08153521329082974,0.46947952082456357,0,0,0.004,-0.41751256477019405,0.029602761703011016,0.17193778440454466,0.005225674735134689,-0.048607837194670545,0.06877963390946906,-0.020694372919430947,0.042991351244525834,-0.030820756531437125,-0.0351750630039273,-0.014130458018047373,-0.04656020708317461,-0.0000016765776346275872,0.0000004244247222264691,0.0000065382473332997455,0.00034157657107956044,0.000027546701740891345,0.0000023910429577298357,0.00009994164639466876,0.0015161759858497938,0.0018099974229699861,0,0,0,3,0.001397,0,0,0
641345907,1,0.05558475034425922,0.4861466823222205,0,0,0.004,-0.4189928204165887,0.03245286329923458,0.21948925712330514,0.005225674735134689,-0.048607837194670545,0.06877963390946906,-0.02086638090085976,0.04280264081433529,-0.030385436354933768,-0.03545053468102339,-0.014098392234284362,-0.04641738884743431,-0.0000014767419648097003,0.0000014162434197779773,0.000006760777761421892,0.00034282012687211684,0.00002738378003749613,0.000002392711866095722,0.00009994077390398759,0.0015124503736209252,0.0018964544007784923,0,0,0,2,0.001956,0,0,0
641345911,1,0.03496646118229214,0.4516041858825942,0,0,0.004,-0.36509836265114615,0.05962655876863143,0.25038851927561545,0.005225674735134689,-0.048607837194670545,0.06877963390946906,-0.02091776963469651,0.04220225146269619,-0.029873601427077946,-0.0356887629787669,-0.014049778819275187,-0.046255278978279524,-0.0000014628691699026276,0.0000028816176781090466,0.000006422096059361375,0.0003440647438179821,0.000027297011249986124,0.0000023943631072838,0.00009993954758641463,0.0015087698209252211,0.0017868253479561885,0,0,0,2,0.001397,0,0,0
641345915,1,0.053065010162817804,0.4395976986255797,0,0,0.004,-0.33528161947463286,0.05277961403793907,0.27921416687756917,0.005225674735134689,-0.048607837194670545,0.06877963390946906,-0.020968130593856528,0.0412516799898391,-0.029276129398536386,-0.03590690052994134,-0.014006344014425869,-0.04607496789314447,-0.0000013214482487645356,0.000004518883251614516,0.000006275108545939781,0.00034531013903169234,0.00002725068980178684,0.0000023960006554383747,0.00009993791992538221,0.0015051208113596943,0.0017579988759980998,0,0,0,2,0.003352,0,0,0
641345939,1,0.08539071632408719,0.3299057279318186,0,0,0.024,-0.22137642230933285,0.040151283197288,0.25125132724501675,0.005225674735134689,-0.048607837194670545,0.06877963390946906,-0.02081508409098732,0.039915319460747105,-0.028562775078241856,-0.03737980213300425,-0.013675036117793563,-0.04441261395542759,-0.00000020862193854142914,0.00000947294213346503,0.000006429848014918765,0.00035285515492585996,0.00004707513363134,0.0000024211110488393693,0.00009992913731411861,0.001490567500459275,0.008094331361848785,0,0,0,2,0.0014670000000000002,0,0,0
641345943,1,0.0956571867896252,0.2956385297868529,0,0,0.004,-0.18189209218292834,0.03429015751768938,0.2419140335039831,0.005225674735134689,-0.048607837194670545,0.06877963390946906,-0.020665098518175495,0.03860568614223695,-0.027863687844353214,-0.03753566987073709,-0.013638627328446465,-0.044206426512515176,-0.000000007523399763438312,0.000010415169651703626,0.000006444913377454053,0.00035410536114333427,0.0000364381694913836,0.0000024229024749136254,0.0000999247141097054,0.001483340952945939,0.001218411738009362,0,0,0,2,0.001397,0,0,0
641345947,1,0.08486725543829454,0.34730885430295966,0,0,0.004,-0.17184473475440076,-0.041343388940954906,0.3157341024766218,0.005225674735134689,-0.048607837194670545,0.06877963390946906,-0.020326365058334205,0.03753529837730334,-0.02716792971078203,-0.03766604172147026,-0.01366312781265456,-0.04397124408029528,0.0000014328765441773809,0.00001206832172393856,0.0000074478970571104185,0.00035536429548508984,0.000031805327934340197,0.000002424702642026198,0.00009992118609945123,0.0014782324097313913,0.0014473584884949623,0,0,0,3,0.001397,0,0,0
641345951,1,0.06273397220370962,0.15962476142971935,0,0,0.004,-0.0697769774095025,0.06582967570154696,0.15047496646485925,0.005225674735134689,-0.048607837194670545,0.06877963390946906,-0.020111585355653223,0.03677393976539696,-0.02651804467296322,-0.03771329619672546,-0.013615052719789201,-0.04386777806227546,0.000000740550329389534,0.00001272954142606753,0.000006835636525264395,0.0003566328092710311,0.000029567774559409013,0.000002426480931255281,0.00009991872409880959,0.001473977069676253,0.0007138076862794638,0,0,0,3,0.001396,0,0,0
641345955,1,0.055447847310373236,0.1988705049450941,0,0,0.004,-0.07053059529561301,0.05922303050401345,0.20468291115307302,0.005225674735134689,-0.048607837194670545,0.06877963390946906,-0.01991175389138618,0.03610237683625092,-0.025817241469738884,-0.037759455854549574,-0.01357299460412378,-0.04373246682317069,0.0000004301835606014387,0.000013585195543366102,0.0000064807714190333626,0.00035790632386884945,0.000028434553072341505,0.00000242822956506826,0.00009991656612381829,0.0014701212901437827,0.0008977930838043219,0,0,0,2,0.001466,0,0,0
641345959,1,0.04138825863433447,0.2380503691574169,0,0,0.004,-0.10607955039689188,0.09618073023370055,0.21501478568782773,0.005225674735134689,-0.048607837194670545,0.06877963390946906,-0.01960939261280131,0.035966224739343335,-0.025162412263659988,-0.03782688256776841,-0.013507098389382813,-0.04359386057284349,-0.00000018229148682835192,0.000013790017052934707,0.000006084096165372783,0.0003591834536832026,0.00002784652110358206,0.000002429948463133229,0.00009991448474087939,0.0014664703237176476,0.0010333244365257378,0,0,0,2,0.0014670000000000002,0,0,0
641345963,1,0.04404853421053128,0.2512269016927139,0,0,0.004,-0.11759245162811682,0.10721228001181238,0.2179125529654975,0.005225674735134689,-0.048607837194670545,0.06877963390946906,-0.019313078559788137,0.0358327956843739,-0.024520679641702667,-0.03790056457556457,-0.013434764786151647,-0.04345534132066242,-0.0000007381614676928011,0.000013740145468592447,0.000005804918231226371,0.0003604636982018919,0.000027537440506340003,0.00000243164088409415,0.00009991239803003768,0.00146293168213906,0.0010793208116602442,0,0,0,2,0.001466,0,0,0
641345967,1,0.04270243798922803,0.22339982095124855,0,0,0.004,-0.11567367557289465,0.12869072490137723,0.15873836629945082,0.005225674735134689,-0.048607837194670545,0.06877963390946906,-0.01915052252015903,0.03557420347818005,-0.02385982373910354,-0.037971792164422244,-0.01334975185038651,-0.043355636370857965,-0.0000015848169097809151,0.000013318441918966034,0.000005523085507575493,0.0003617482409550958,0.000027373497691704357,0.000002433311144100148,0.00009991050255491082,0.0014594594767806744,0.000939272661853661,0,0,0,3,0.003282,0,0,0
641345971,1,0.05220728706226187,0.13169355816877923,0,0,0.004,-0.00716827804387643,0.0952448492848198,0.13686703735910122,0.005225674735134689,-0.048607837194670545,0.06877963390946906,-0.0188633858689987,0.03561905715819895,-0.023212184954556396,-0.03797474514789643,-0.013288759001060068,-0.043269773954421414,-0.0000019640262034065123,0.000013927665367638072,0.0000050764925881016366,0.0003630374675627093,0.000027286054208518926,0.0000024349635650143172,0.00009990886039343836,0.001456028867196463,0.0006675992982723689,0,0,0,2,0.0014670000000000002,0,0,0
641345975,1,0.054699514329970056,0.1163902485351674,0,0,0.004,0.002720418340625752,0.11868619002137903,0.08058797752457458,0.005225674735134689,-0.048607837194670545,0.06877963390946906,-0.01860329723958221,0.03563105583153652,-0.022566846301339878,-0.03797079938429927,-0.013213771677827824,-0.043219725514969685,-0.0000027073863975905135,0.000014223112912187996,0.0000046590404321935825,0.00036433174493474016,0.00002723926756874705,0.000002436602094112354,0.0000999075286872047,0.001452627781650046,0.0005739440321040405,0,0,0,2,0.001956,0,0,0
641345979,1,0.05206093789359785,0.12954412845462324,0,0,0.004,-0.03464404150792877,0.10662850677335911,0.0976626384139081,0.005225674735134689,-0.048607837194670545,0.06877963390946906,-0.018305799805312783,0.03558955130960576,-0.021955719709908325,-0.03799062399987837,-0.013145699193997341,-0.043159186608408354,-0.0000030830239427998627,0.000014152541772752645,0.000004597210285758427,0.0003656301753936232,0.00002721419339387786,0.0000024382300792750025,0.00009990635817105284,0.0014492498509211355,0.0005947482023268017,0,0,0,2,0.0014670000000000002,0,0,0
641345983,1,0.05096588476660428,0.13655105046708282,0,0,0.004,-0.046869793365120316,0.10307425429200079,0.10261840701847547,0.005225674735134689,-0.048607837194670545,0.06877963390946906,-0.01801425231972875,0.03554887687811361,-0.021356815650305404,-0.03801813933252955,-0.013079753018248565,-0.04309574320842261,-0.0000033149666966015754,0.00001398401895926204,0.000004655147360213058,0.00036693238159137904,0.000027200645770974984,0.000002439850050569955,0.00009990528645879696,0.0014458915750897117,0.0006112494336939789,0,0,0,2,0.001466,0,0,0
641345987,1,0.04271129326206082,0.13445025862450946,0,0,0.004,-0.05182516045891283,0.10917272996660854,0.074218541309925,0.005225674735134689,-0.048607837194670545,0.06877963390946906,-0.017675272562054804,0.03534922626984655,-0.02081250024933581,-0.03804844280703508,-0.0130102125114957,-0.043050225428374826,-0.000003672026125741232,0.00001374525914812048,0.000004749157688149039,0.00036823853244802936,0.000027193160067780867,0.000002441464001536193,0.00009990433941173991,0.0014425512098252507,0.0005672801649855511,0,0,0,3,0.001397,0,0,0
641345991,1,0.0361982793243095,0.10097334071156544,0,0,0.004,-0.005739950569091823,0.10251760697162182,0.021759399194797524,0.005225674735134689,-0.048607837194670545,0.06877963390946906,-0.01735372504389466,0.03488725256473691,-0.020279071156385605,-0.03804993964169004,-0.012946228028865197,-0.04303724229983418,-0.000004167953324921739,0.000013738381201182663,0.0000046331299890642635,0.00036954912000918856,0.00002718882442159719,0.0000024430734403320985,0.00009990359379023541,0.0014392274704430519,0.00041983383808439446,0,0,0,1,0.0014670000000000002,0,0,0
641345995,1,0.04403866901275059,0.05399492207425279,0,0,0.004,0.015967847153855574,0.05704505985246755,0.018972078768435097,0.005225674735134689,-0.048607837194670545,0.06877963390946906,-0.01698534525429613,0.03418950751344218,-0.019766963289654722,-0.03803890968511417,-0.012911082723142385,-0.04302569606751096,-0.0000043406248265025375,0.000013825968989931409,0.000004508807671934343,0.00037086420790267657,0.000027186208398331713,0.0000024446796247369325,0.00009990305945286083,0.0014359195034640158,0.0002488067770490572,0,0,0,2,0.003353,0,0,0
641345999,1,0.05928124578120128,0.115748405820241,0,0,0.004,-0.001465557303954368,0.09308772157382106,-0.03176958943456931,0.005225674735134689,-0.048607837194670545,0.06877963390946906,-0.016688248926651477,0.0332287486098051,-0.019318360802060043,-0.03803772658269882,-0.01285359485601957,-0.04304584857971041,-0.000004835770929399675,0.00001381740916092026,0.000004512259494685903,0.00037218329190628804,0.00002718461468588401,0.0000024462833486779837,0.00009990264844541297,0.0014326274111616793,0.00039348247389397166,0,0,0,2,0.001885,0,0,0
641346003,1,0.06451602758178972,0.1346691823027614,0,0,0.004,-0.006169484785688573,0.10395743104352528,-0.04691950638474829,0.005225674735134689,-0.048607837194670545,0.06877963390946906,-0.016397094525559715,0.03228720488424076,-0.018878730364217257,-0.038039155527643635,-0.012789506329486463,-0.04307538737942822,-0.0000053038696909616315,0.00001381374752815081,0.000004569475368053911,0.0003735058768495462,0.000027183610615355805,0.000002447885287782176,0.00009990227903204086,0.001429350956942982,0.0004568877339754893,0,0,0,2,0.001956,0,0,0
641346007,1,0.09215514310598914,0.09715791043141891,0,0,0.004,-0.009927703853354286,0.08937572878905997,0.005088864602779353,0.005225674735134689,-0.048607837194670545,0.06877963390946906,-0.016069152635048517,0.030959691547495654,-0.018458545179491644,-0.03804341836374558,-0.012734210846567364,-0.0430727434746224,-0.000005396863425078059,0.000013795423283472955,0.000004656985823940127,0.0003748317546436183,0.00002718291065736954,0.0000024494859540332487,0.00009990192546793611,0.0014260895661105909,0.000360277154275892,0,0,0,3,0.0014670000000000002,0,0,0
641346011,1,0.10122367938874628,0.08574660532660813,0,0,0.004,0.0363677997111449,0.08350550983883565,-0.006791270991934439,0.005225674735134689,-0.048607837194670545,0.06877963390946906,-0.015747769582347547,0.029626770544404504,-0.018089374275901814,-0.038019288189000536,-0.012683688833842582,-0.043077191354400995,-0.000005522968018366598,0.00001383813211718354,0.000004535287128029068,0.00037616099457936294,0.00002718233827174368,0.000002451085625058068,0.00009990159790120629,0.0014228427218567342,0.0003653361934648079,0,0,0,2,0.001397,0,0,0
641346015,1,0.1200544461042257,0.13279953771875383,0,0,0.004,0.02960253750847408,0.0813766350991536,-0.07095020499006033,0.005225674735134689,-0.048607837194670545,0.06877963390946906,-0.01548607741250218,0.02806484449672757,-0.017727586790383776,-0.037999154843988706,-0.012634763608978767,-0.043121019266321045,-0.00000591002097588237,0.000013947629866557971,0.000004499740056934144,0.0003774936327714895,0.000027181870275949856,0.00000245268462615265,0.00009990129434109351,0.0014196108473447555,0.0004477927834189916,0,0,0,2,0.001886,0,0,0
641346019,1,0.13039132955540605,0.10105894889221131,0,0,0.004,0.014748400788542337,0.05996740654281385,-0.04374282096589788,0.005225674735134689,-0.048607837194670545,0.06877963390946906,-0.015261577019134671,0.02644893581512164,-0.017373035054576103,-0.03798871744926451,-0.012598601320165173,-0.043148044932860424,-0.000006089115674967952,0.000014013517242078109,0.000004530287651279628,0.0003788297473365896,0.000027181395481889224,0.00000245428317432899,0.0000999010331959664,0.0014163937616144156,0.0003027088253578395,0,0,0,2,0.001885,0,0,0
641346023,1,0.1323674904287487,0.09180375092954958,0,0,0.004,0.011817942253901093,0.053514600983887495,-0.035401363224577764,0.005225674735134689,-0.048607837194670545,0.06877963390946906,-0.015041566633634514,0.02486534530714783,-0.017025574353484584,-0.037980262941579156,-0.012566357638123443,-0.04316989447771646,-0.000006198351905073507,0.000014065099403061142,0.000004572560378604776,0.000380169300892522,0.00002718094725396227,0.0000024558813597784397,0.00009990081025677781,0.0014131913048139328,0.00026097456721266066,0,0,0,2,0.0024449999999999997,0,0,0
641346027,1,0.1315213552567276,0.06857366967509543,0,0,0.004,0.015322499185374872,0.05870895431166001,-0.0033335051917671166,0.005225674735134689,-0.048607837194670545,0.06877963390946906,-0.014868567033285627,0.023313426609333495,-0.016706368155135525,-0.03796970084525191,-0.012530936377267416,-0.04317216612391764,-0.000006164659137050595,0.000014057246341802915,0.000004617080542769445,0.00038151220271105376,0.000027180539989590088,0.0000024574792611628673,0.0000999006156988968,0.0014100031297083514,0.00024306814038924755,0,0,0,3,0.001466,0,0,0
641346031,1,0.1226257429894353,0.054451190206560834,0,0,0.004,0.02729411737839693,0.05735234888029983,0.012618181353952096,0.005225674735134689,-0.048607837194670545,0.06877963390946906,-0.0146883747805834,0.021899072729078616,-0.01641485136947408,-0.03795196703486293,-0.012496589006843478,-0.04316469027164196,-0.000006093034165424701,0.00001401972457485891,0.000004625273727694829,0.00038285840797528244,0.00002718015492379281,0.0000024590769584521665,0.00009990044336662463,0.0014068289786800079,0.0002590283155559504,0,0,0,2,0.001466,0,0,0
641346035,1,0.11373249848263038,0.06380534992767521,0,0,0.004,0.020695567076386867,0.053966641063300624,-0.0031283899276726146,0.005225674735134689,-0.048607837194670545,0.06877963390946906,-0.014533091661655853,0.020587574436951053,-0.016129164919525867,-0.0379382948018413,-0.012464310924649353,-0.04316679473409866,-0.000006099333556012594,0.000014022974063824397,0.000004664085403865927,0.0003842079040006041,0.00002717976672642728,0.0000024606745334602966,0.0000999002877432568,0.0014036690030469377,0.00023153372688428496,0,0,0,3,0.000977,0,0,0
641346059,1,0.06693234579969548,0.1033888175173942,0,0,0.024,-0.025739143346867888,0.0920693029350661,0.06522841518875389,0.005225674735134689,-0.048607837194670545,0.06877963390946906,-0.01429569305022432,0.01993081212792474,-0.01584919219857662,-0.038080002656875576,-0.011883844968831629,-0.04276671368113762,-0.000005432652787135137,0.00001286953385344158,0.000006492619041897097,0.00039236803852277485,0.000047011650494625715,0.0000024853016169814974,0.00009989881469168157,0.0013910185664498928,0.002777579443713616,0,0,0,1,0.000977,0,0,0
641346063,1,0.05274798300285813,0.12404459412127418,0,0,0.004,-0.03614797190011654,0.10270695910963812,0.08570911380796886,0.005225674735134689,-0.048607837194670545,0.06877963390946906,-0.014063042411021418,0.019287185065078954,-0.015574818932046354,-0.0381063303389444,-0.011800172188715465,-0.04269889944872456,-0.000005283913734356783,0.000012672299369470265,0.000006783559772809341,0.00039373508245524314,0.00003640373463748184,0.000002487092495645011,0.00009989796392853905,0.0013847258924441024,0.0005542771510612769,0,0,0,2,0.001397,0,0,0
641346067,1,0.05115300135082039,0.14744833032563015,0,0,0.004,-0.07363458692772018,0.09160707048982475,0.09842038997329183,0.005225674735134689,-0.048607837194670545,0.06877963390946906,-0.013792434207161306,0.018624472610409133,-0.01528462784212606,-0.0381556585868649,-0.011734050584517729,-0.04263097601783492,-0.000005085624037889405,0.000012368908383343339,0.000007207636113242293,0.0003951064020609597,0.00003178098670953199,0.000002488888695149076,0.00009989727234176545,0.0013802748146293329,0.0006131946629674925,0,0,0,2,0.0014670000000000002,0,0,0
641346071,1,0.05583493818401191,0.1599636652916094,0,0,0.004,-0.0993646300714004,0.08086216280805159,0.08861577473360427,0.005225674735134689,-0.048607837194670545,0.06877963390946906,-0.013505932878657763,0.017889793249950173,-0.015021545862724807,-0.03821825904738637,-0.011679133081559028,-0.04257428027166898,-0.000004962354922972953,0.000012014833428175776,0.000007662184933356198,0.0003964814393511682,0.000029549248878058988,0.000002490662891830622,0.00009989665982812498,0.0013765656671065162,0.0006230861849196656,0,0,0,2,0.003282,0,0,0
641346075,1,0.0689457454793575,0.16699304015925773,0,0,0.004,-0.1120432083556322,0.06702528571898192,0.09204890059026738,0.005225674735134689,-0.048607837194670545,0.06877963390946906,-0.01322516157672429,0.016988712522575004,-0.014753072878551262,-0.0382864806726734,-0.011634729869155033,-0.042517682600273665,-0.000004812572995315152,0.000011676246408307808,0.00000808530224067318,0.0003978599667924558,0.000028418651381158415,0.0000024924078197874062,0.00009989609415290086,0.0013732043732154141,0.0006389875687580997,0,0,0,3,0.001397,0,0,0
641346079,1,0.08204713447042597,0.18920327203540033,0,0,0.004,-0.12482276747174947,0.06581918395580955,0.12297369789828672,0.005225674735134689,-0.048607837194670545,0.06877963390946906,-0.012960658345189805,0.0159565163887029,-0.014511274642781822,-0.0383609459067087,-0.01159165832179391,-0.042443625361378384,-0.000004579582840452964,0.000011398725529928457,0.000008465433146348375,0.00039924140209212055,0.00002783193902345581,0.0000024941236790909785,0.00009989548724928049,0.0013700209543766784,0.0007487100226997817,0,0,0,2,0.0014670000000000002,0,0,0
641346083,1,0.08527597688353597,0.19578486884252144,0,0,0.004,-0.1276964586722824,0.06544145448039418,0.1323018667621767,0.005225674735134689,-0.048607837194670545,0.06877963390946906,-0.012701445178286008,0.01494496417750824,-0.014274312371727771,-0.038436149946981184,-0.011549281987945883,-0.042364958208355584,-0.000004381247709357578,0.00001115679128677556,0.000008771937264299385,0.0004006255870035239,0.000027523599647035383,0.0000024958137322327496,0.0000998948149465368,0.001366934695177935,0.000780694598118452,0,0,0,2,0.001397,0,0,0
641346087,1,0.09743402783311307,0.20299649760249514,0,0,0.004,-0.1426262846595776,0.0741833973844187,0.11129107979620123,0.005225674735134689,-0.048607837194670545,0.06877963390946906,-0.01243676363035997,0.013783200700772403,-0.014031436701734483,-0.03851938738499467,-0.011501861327483202,-0.04229943315020952,-0.000004369231665817774,0.000010772709407655898,0.000009036959636631747,0.00040201281301053193,0.000027360460392244123,0.0000024974822623927794,0.0000998941217768831,0.0013639054634002057,0.0007821113779046448,0,0,0,2,0.0014670000000000002,0,0,0
641346091,1,0.10290187124110826,0.18874088439438966,0,0,0.004,-0.1239210973168754,0.09163981226991702,0.09789235527742157,0.005225674735134689,-0.048607837194670545,0.06877963390946906,-0.01218802835775277,0.012602061916130013,-0.013825376478222013,-0.038590763613081606,-0.0114448405357671,-0.042242212056691736,-0.000004513897927592215,0.000010490032864349704,0.000009110667793520383,0.00040340312180116024,0.000027273703155826562,0.0000024991334754083172,0.00009989341381658537,0.001360912276431706,0.0007303391735334488,0,0,0,3,0.001397,0,0,0
641346095,1,0.09848011464883913,0.16937149603437848,0,0,0.004,-0.10370349613983887,0.08707845030085881,0.09680911212601906,0.005225674735134689,-0.048607837194670545,0.06877963390946906,-0.011965573079318349,0.01151911441770269,-0.013602132170459157,-0.03865005268777946,-0.011391132633476315,-0.04218579337248766,-0.000004608634855195995,0.000010344632755942469,0.000009133267829188683,0.00040479659126200314,0.000027227382918735523,0.000002500771200928278,0.00009989270343299692,0.0013579440325777064,0.0006658417326548746,0,0,0,2,0.001815,0,0,0
641346119,1,0.023635334061245374,0.14577917790222442,0,0,0.024,-0.08926519911337838,0.035409724363444806,0.10904849294529662,0.005225674735134689,-0.048607837194670545,0.06877963390946906,-0.011726261617731982,0.011544395593996244,-0.013404658037572192,-0.03917966071992303,-0.011154791312144394,-0.041532046247425326,-0.000003666549847491036,0.000009280590709931906,0.000010228957602876854,0.00041323657949182045,0.00004701241230371755,0.0000025259109333250654,0.0000998902793612587,0.0013460989245938117,0.003487332812272253,0,0,0,2,0.003282,0,0,0
641346123,1,0.013825478219028388,0.14102638676191667,0,0,0.004,-0.08304188165203352,0.019776983362638112,0.11224120112265545,0.005225674735134689,-0.048607837194670545,0.06877963390946906,-0.011491736385377344,0.011569171146763925,-0.013211133387342967,-0.03924344476727683,-0.011136597802894213,-0.04144528284129561,-0.0000034291775650212935,0.000009199236267058634,0.000010417519564047586,0.0004146488238274765,0.00003640119108367605,0.0000025276965992342737,0.00009988908599183047,0.0013402073792965802,0.0005640591516313558,0,0,0,2,0.001397,0,0,0
641346127,1,0.026223618445508103,0.15910830908501747,0,0,0.004,-0.08266669922715386,0.021412471404092415,0.1437996156725756,0.005225674735134689,-0.048607837194670545,0.06877963390946906,-0.011219291080228528,0.011721282920800057,-0.012978868652677058,-0.03929871969759772,-0.011119481815485506,-0.04134842651720126,-0.000003201051134829357,0.000009241538387951524,0.000010541872623429393,0.0004160660604078398,0.00003177727806578359,0.000002529493065611411,0.00009988814739669491,0.0013360394729093152,0.0006689766101779553,0,0,0,2,0.001397,0,0,0
641346131,1,0.03486175145230151,0.18216766001896004,0,0,0.004,-0.11126713037386127,0.026776219226008036,0.14345517181373246,0.005225674735134689,-0.048607837194670545,0.06877963390946906,-0.010899031459381106,0.0118916577480761,-0.012697985990902882,-0.03936778887575287,-0.011099641227849838,-0.04125880469807378,-0.000003084768648171276,0.000009018698952111027,0.0000106720845078243,0.00041748702340248337,0.000029545120385236355,0.0000025312692047013423,0.00009988728407594864,0.001332565719060087,0.0007340487889810113,0,0,0,3,0.0014670000000000002,0,0,0
641346135,1,0.03535924053397136,0.2020277536188465,0,0,0.004,-0.14179700171697962,0.027902573690905985,0.13006120464166848,0.005225674735134689,-0.048607837194670545,0.06877963390946906,-0.010563871742229997,0.012005361857005037,-0.012422720982364192,-0.039452388091911796,-0.011079370128890955,-0.04118084753714913,-0.000003040697128830997,0.000008541725226315382,0.000010819530248588233,0.00041891156692870255,0.000028414388438542287,0.0000025330164475497144,0.00009988647836994911,0.0013294174750682385,0.0007776977332341252,0,0,0,2,0.001397,0,0,0
641346139,1,0.03271357887045479,0.2236002466156547,0,0,0.004,-0.16637913839627294,0.013145930273450679,0.12941618471579197,0.005225674735134689,-0.048607837194670545,0.06877963390946906,-0.010182151997620325,0.011957002218350641,-0.01213165598527564,-0.0395497868326996,-0.011067728674827684,-0.04110498092654241,-0.0000029170634772214986,0.000007975560599770478,0.00001103279795332591,0.00042033953754045517,0.00002782763622164622,0.000002534734529456466,0.00009988570862704834,0.001326435839429917,0.0008447805115425668,0,0,0,2,0.0014670000000000002,0,0,0
641346143,1,0.03253793481850792,0.2307526364918636,0,0,0.004,-0.17412568024521557,0.009043793750556528,0.1290946437496494,0.005225674735134689,-0.048607837194670545,0.06877963390946906,-0.009808066647902848,0.011909609772469333,-0.01184641228812886,-0.03965047239602813,-0.011058464678145785,-0.041030292539059286,-0.000002806843169230093,0.000007457888768994227,0.000011214477518214513,0.000421770816185911,0.0000275193040243223,0.000002536426505527166,0.00009988495772336427,0.0013235452160414798,0.0008677969326621114,0,0,0,2,0.0014670000000000002,0,0,0
641346147,1,0.03679947273710323,0.24626741952523024,0,0,0.004,-0.18886586339260147,-0.003961978965333235,0.13237255839040252,0.005225674735134689,-0.048607837194670545,0.06877963390946906,-0.009388199783378135,0.011682070221380262,-0.01151361024312343,-0.039759072779959416,-0.011056436378065153,-0.040954270992067845,-0.0000026425697127629397,0.000006948440597285305,0.000011430424049740111,0.00042320529326156836,0.000027356216674684915,0.0000025380966471171647,0.00009988420924551177,0.0013207078441574481,0.0009226787596746775,0,0,0,2,0.001397,0,0,0
641346151,1,0.04963930042881468,0.2342266921361673,0,0,0.004,-0.1777109511077053,-0.008413323035777576,0.12649437998328494,0.005225674735134689,-0.048607837194670545,0.06877963390946906,-0.008934119678702649,0.011203417996665367,-0.011144853661576842,-0.039860812016752956,-0.011057197274592385,-0.0408819913477162,-0.0000025034172286877965,0.000006560847690435079,0.000011597455345995233,0.00042464305396023655,0.000027269519479143915,0.0000025397491905581256,0.00009988347618537602,0.0013179040453685895,0.0008731807997473627,0,0,0,2,0.003352,0,0,0
641346155,1,0.06260016741297623,0.21665378455281561,0,0,0.004,-0.16207410722421756,-0.007422593044796422,0.11795659983488349,0.005225674735134689,-0.048607837194670545,0.06877963390946906,-0.008467815887400037,0.010585201795400333,-0.01076216692294055,-0.03995324160503846,-0.011057724656467526,-0.04081484754189805,-0.0000024177460284069102,0.000006273681504883296,0.000011694810975996716,0.0004260842179605287,0.000027223216824843016,0.000002541387962281942,0.00009988277671779927,0.0013151234244883124,0.0008023652092621431,0,0,0,2,0.001886,0,0,0
641346159,1,0.08372075678645008,0.22007319691610883,0,0,0.004,-0.17050528646182972,-0.0015215958240132332,0.10504717128462637,0.005225674735134689,-0.048607837194670545,0.06877963390946906,-0.008000185527563161,0.009681075876071725,-0.010355175985996034,-0.040050056238897735,-0.011054794776002484,-0.04075524989632093,-0.0000024007619892532095,0.000005872043078693699,0.00001171335227454741,0.0004275289633630227,0.000027198414244385484,0.0000025430161983181788,0.00009988213766161955,0.0013123606990671271,0.0008010920162896036,0,0,0,2,0.001397,0,0,0
641346163,1,0.08974357456405567,0.22038380740299887,0,0,0.004,-0.17197204766407803,0.0006873366637970557,0.10123248050504863,0.005225674735134689,-0.048607837194670545,0.06877963390946906,-0.007541907774923024,0.008795032475129689,-0.009956324867790408,-0.040147403484501715,-0.011050605575550296,-0.040697971501441485,-0.0000024073974057890813,0.0000055004636916609735,0.00001170116937761413,0.0004289772394314379,0.00002718505156657937,0.0000025446364629984863,0.00009988155119250162,0.0013096129665735622,0.0007982267619534728,0,0,0,3,0.001397,0,0,0
641346167,1,0.10815114667391694,0.21594265992786815,0,0,0.004,-0.1633744750802648,-0.0004223591748827582,0.11303126660256169,0.005225674735134689,-0.048607837194670545,0.06877963390946906,-0.007071490288615055,0.007681699121919203,-0.00948022961706636,-0.04023967770186299,-0.011047145332414639,-0.04063414859282287,-0.0000024114930375732776,0.000005324629550754647,0.000011692080145434544,0.0004304287221593018,0.00002717778869819601,0.000002546250752161891,0.00009988096895905869,0.0013068785045519447,0.0007946568036560595,0,0,0,2,0.001397,0,0,0
641346171,1,0.1284350957204415,0.17335227008003948,0,0,0.004,-0.12485311140456057,-0.00380133399849536,0.09257526715722442,0.005225674735134689,-0.048607837194670545,0.06877963390946906,-0.006631786440753879,0.006334968971125321,-0.009013656271356791,-0.04031008976018567,-0.011046421598457652,-0.04058195539385113,-0.0000023979917451642822,0.000005235650187251541,0.000011705116012913081,0.00043188377890710167,0.00002717356611882201,0.000002547860566869005,0.0000998804449998887,0.0013041560655714852,0.0006219058405488626,0,0,0,2,0.0014670000000000002,0,0,0
641346175,1,0.148546402242137,0.22112417121126776,0,0,0.004,-0.12983222267610617,-0.05933403925744585,0.16318267922253327,0.005225674735134689,-0.048607837194670545,0.06877963390946906,-0.006136960803688025,0.004812773180501294,-0.008524456459480464,-0.0403841842073425,-0.011076430525894264,-0.040489884268007106,-0.000002091075904549021,0.0000055689756189752685,0.000012072146974654522,0.00043334087348022933,0.000027171378359330182,0.0000025494672076781935,0.00009987974900940189,0.0013014451857082862,0.0008672302675332898,0,0,0,2,0.001886,0,0,0
641346179,1,0.15947113900507304,0.15417356024071938,0,0,0.004,-0.07544516871297158,-0.05317863585858151,0.11947668992601912,0.005225674735134689,-0.048607837194670545,0.06877963390946906,-0.005673336968084123,0.0032251475064468947,-0.008034387999481345,-0.04042746982565558,-0.011104176947502133,-0.04042253920725382,-0.0000018717227539347246,0.000005824184077997607,0.000012326076576959968,0.0004348010839185797,0.000027169780919885005,0.000002551071343277725,0.00009987904185515953,0.0012987451348759368,0.0006039154938179543,0,0,0,3,0.003282,0,0,0
641346183,1,0.16156416833853077,0.13137351221704627,0,0,0.004,-0.054944740974951944,-0.050188182656505265,0.10677074378615892,0.005225674735134689,-0.048607837194670545,0.06877963390946906,-0.005218985609192298,0.001669274345873583,-0.00755412090868221,-0.04045911727171824,-0.011130644222712704,-0.04036245513115101,-0.0000017186414972378441,0.000006025585568276314,0.000012501430078460586,0.0004362646566827373,0.000027168670461935118,0.0000025526736890797675,0.00009987836067349887,0.001296055707616258,0.000520580752126959,0,0,0,2,0.0014670000000000002,0,0,0
641346187,1,0.1646861671705885,0.09682467098756478,0,0,0.004,0.016995576602048867,-0.04864860824027839,0.11239539317171499,0.005225674735134689,-0.048607837194670545,0.06877963390946906,-0.004795026566198943,0.00008060278234983632,-0.007094111804059375,-0.04045044561029319,-0.011157533541668542,-0.040299421346141534,-0.0000016349385568653995,0.0000065954720212331855,0.000012738602411587045,0.000437731416517589,0.000027167813254792982,0.000002554274667532047,0.0000998776801199096,0.001293376121764507,0.0004945828321157392,0,0,0,3,0.001397,0,0,0
641346191,1,0.15294195590506793,0.11546339477290608,0,0,0.004,0.025348418730586575,-0.0004622186940047568,0.1544075914032632,0.005225674735134689,-0.048607837194670545,0.06877963390946906,-0.004315630837903554,-0.0012952003957780475,-0.006685913458970264,-0.04043612778635685,-0.011157438403632508,-0.04021335461148275,-0.0000019657777623665127,0.00000710751376090988,0.000012798152630070258,0.00043920075846524926,0.000027167387883798976,0.0000025558746570776867,0.00009987691609786553,0.0012907064718638138,0.0006259004427059539,0,0,0,2,0.0014670000000000002,0,0,0
641346195,1,0.1470646430290442,0.1217819102804862,0,0,0.004,0.08845467920433159,0.061835605942188177,0.14050244701860315,0.005225674735134689,-0.048607837194670545,0.06877963390946906,-0.003899086245975657,-0.0026434875103433734,-0.006307184369503568,-0.040385503512410624,-0.011123962882919941,-0.04013566146893408,-0.000002605967472396721,0.000007817268945750868,0.00001289140364251434,0.00044067319032732854,0.000027167010736048365,0.000002557473844452824,0.0000998761463667539,0.0012880462729775548,0.0007086754975710016,0,0,0,2,0.0019549999999999997,0,0,0
641346199,1,0.13636144953426615,0.16995266731906333,0,0,0.004,0.08937513513681838,-0.026037007387823885,0.19847449837339504,0.005225674735134689,-0.048607837194670545,0.06877963390946906,-0.0034695672571656844,-0.003847629794653906,-0.005978640439267475,-0.04033600527011034,-0.011139036649679464,-0.04002544955542279,-0.0000024933033933635375,0.00000821269931642546,0.000012898048666616724,0.0004421471431009017,0.00002716699764857079,0.00000255907275477058,0.00009987513304539859,0.0012853958587444997,0.0008768850965914194,0,0,0,1,0.001886,0,0,0
641346203,1,0.13224873300437628,0.19392043006095783,0,0,0.004,0.09161042394760222,-0.051769878887314325,0.2159373206737687,0.005225674735134689,-0.048607837194670545,0.06877963390946906,-0.003048638648131911,-0.0050276892332782284,-0.0056566673876361035,-0.04028578196550206,-0.011168276058187352,-0.03990564773688865,-0.000002231811743552483,0.000008382626201053122,0.000012833767858148525,0.0004436223329557416,0.000027167067057545656,0.000002560671362728605,0.00009987383365481807,0.0012827554989260639,0.0009608455992146303,0,0,0,2,0.0014670000000000002,0,0,0
641346207,1,0.11750481189323998,0.1763403228972909,0,0,0.004,0.10035513853777334,-0.07052281304652741,0.18370335288264528,0.005225674735134689,-0.048607837194670545,0.06877963390946906,-0.0025615601007565945,-0.005981747240284042,-0.005437007596280212,-0.04023121016282133,-0.011208167831932703,-0.03980385767420343,-0.0000018475250691046673,0.000008601566141423414,0.000012712981864979725,0.00044509995281743114,0.000027166946748473442,0.0000025622697331784713,0.00009987242453198999,0.0012801253518334322,0.0008835523106302815,0,0,0,2,0.006146,0,0,0
641346211,1,0.11253033217722683,0.15479920341054387,0,0,0.004,0.11336334419358707,-0.0869158085042464,0.13344723920891255,0.005225674735134689,-0.048607837194670545,0.06877963390946906,-0.0020842231243287847,-0.00691672408714974,-0.005221741000751438,-0.04016997539445286,-0.011257555358440625,-0.03972999016172482,-0.0000013307433823019277,0.000009022324807848718,0.000012551321517776486,0.0004465814362939254,0.000027166595180972436,0.0000025638679236553836,0.00009987111637142304,0.0012775054593403277,0.0007819337181851797,0,0,0,2,0.0019549999999999997,0,0,0
641346215,1,0.09739408794633388,0.14290293655583378,0,0,0.004,0.15637368553360054,-0.0515564204991531,0.09203324119270384,0.005225674735134689,-0.048607837194670545,0.06877963390946906,-0.0015631696656279459,-0.0076092958655114675,-0.005096000892015775,-0.04008458857962332,-0.011288415723254506,-0.03967946631173986,-0.0000011513746314232595,0.00000985280107321962,0.00001271364062645571,0.0004480678614468831,0.000027166242257105822,0.0000025654658718614306,0.00009987006987564567,0.001274895446450819,0.0007545161258075937,0,0,0,2,0.0014670000000000002,0,0,0
641346219,1,0.08635647993904244,0.1633012783446222,0,0,0.004,0.10369326346583574,-0.07926686131454641,0.1590930267048467,0.005225674735134689,-0.048607837194670545,0.06877963390946906,-0.001095147853542392,-0.008213447697783743,-0.0050153861628960935,-0.04002862262712607,-0.011333040509402493,-0.03959181517419768,-0.0000010114162987368723,0.000009566643779619355,0.00001248380269168229,0.00044955674733872453,0.000027166036482997288,0.0000025670638549162727,0.00009986891852867056,0.0012722960727917234,0.0008231269096508881,0,0,0,2,0.0009080000000000001,0,0,0
641346223,1,0.0825861587421623,0.17795521709229328,0,0,0.004,0.08902389892305018,-0.08683151746604845,0.17920712359860147,0.005225674735134689,-0.048607837194670545,0.06877963390946906,-0.0006364864776985491,-0.008805516493410572,-0.0049363837283588055,-0.03998086288486304,-0.011381312252564594,-0.039493210881384,-0.0000009296754124687042,0.000009033193308288233,0.000012189130683113224,0.0004510476187549099,0.000027165845079483942,0.000002568661786930031,0.0000998675936630705,0.0012697074716647525,0.0008725150786401579,0,0,0,2,0.001466,0,0,0
641346227,1,0.07127972932945688,0.18011980205776695,0,0,0.004,0.0959760261130056,-0.10437776328550141,0.16486954303245405,0.005225674735134689,-0.048607837194670545,0.06877963390946906,-0.00002720866396682881,-0.009055511937955039,-0.004880266631232897,-0.03992975076919629,-0.011439296027037058,-0.0394025920186226,-0.0000006877093860647496,0.000008716042692166782,0.000011851176327638216,0.0004525409028101743,0.000027165587769293524,0.0000025702596740996854,0.0000998661572804656,0.0012671294972460838,0.0008698329152351844,0,0,0,2,0.001397,0,0,0
641346231,1,0.060826461558033985,0.12321287690706569,0,0,0.004,0.127414912715065,-0.06849643896994428,0.010395052153315376,0.005225674735134689,-0.048607837194670545,0.06877963390946906,0.0005166203716886723,-0.00915137045256418,-0.004867882453490775,-0.03986143268916517,-0.011479082537036112,-0.03939698556677611,-0.00000016404187640255718,0.000009707341500062748,0.000011939196279978848,0.0004540410310522286,0.00002716481959716004,0.0000025718574203382474,0.0000998652565607214,0.0012645617226698506,0.0005801293544446249,0,0,0,2,0.001397,0,0,0
641346235,1,0.06112940439760956,0.17344299655777803,0,0,0.004,0.13105374459712094,-0.06320232469349651,-0.08635344249674404,0.005225674735134689,-0.048607837194670545,0.06877963390946906,0.0011454466258739161,-0.008957690399152578,-0.004898356536744763,-0.03979153671024975,-0.011516575967983424,-0.03944423118917346,0.0000005806210616982855,0.000011131754928659535,0.00001203081556509783,0.0004555477325738257,0.000027164151587606135,0.000002573455149253566,0.00009986483939060614,0.0012620040890272825,0.0006767751159802263,0,0,0,2,0.003352,0,0,0
641346239,1,0.06310679213045245,0.16153472216385825,0,0,0.004,0.020477587082468496,-0.014071527952278062,-0.11838062911202663,0.005225674735134689,-0.048607837194670545,0.06877963390946906,0.001729738421894504,-0.008608094281404454,-0.004938873782693988,-0.03978112477213812,-0.011525378253865261,-0.03950869732598887,0.0000010973356619410887,0.000012094353243821622,0.000012003449651049224,0.0004570594729273545,0.00002716344078764756,0.0000025750529327522716,0.00009986467837944621,0.001259457731229703,0.00048383985483779285,0,0,0,3,0.001397,0,0,0
641346243,1,0.06429722615123146,0.17617702230101084,0,0,0.004,-0.01298907642902547,0.0023797949147777997,-0.12806393106386516,0.005225674735134689,-0.048607837194670545,0.06877963390946906,0.0023023443819946803,-0.008265490086011294,-0.004978580683724228,-0.03978863329873031,-0.011524670325502423,-0.039578267154282025,0.0000014998187420125882,0.00001288843210316449,0.000011974104442984634,0.00045857473735458234,0.000027162797855446528,0.0000025766507195558115,0.0000998645512476985,0.0012569226443773383,0.0005149718434220787,0,0,0,2,0.0014670000000000002,0,0,0
641346247,1,0.06568389011625388,0.10753471255507491,0,0,0.004,-0.017651506238636205,-0.03636124034523136,-0.03723860990695904,0.005225674735134689,-0.048607837194670545,0.06877963390946906,0.002852845578532536,-0.007865822108364095,-0.005038798735454498,-0.03979903057142487,-0.011544291308373754,-0.039598154457005943,0.000001520234738959668,0.000013096688806708802,0.000011760734621523197,0.0004600931570121289,0.0000271623432352282,0.00000257824856116084,0.0000998644174021423,0.0012543985510029604,0.00021983373862040237,0,0,0,2,0.0014670000000000002,0,0,0
641346251,1,0.08417758903716242,0.23014561877320988,0,0,0.004,-0.022752556265922097,-0.045783641209049986,-0.1738782223047668,0.005225674735134689,-0.048607837194670545,0.06877963390946906,0.003562779060904706,-0.007250441958703184,-0.005129770359231113,-0.03981287411405556,-0.011569793577306847,-0.03969185785329092,0.0000018176749533446078,0.000013764678847081347,0.000011542192275990789,0.00046161343655977573,0.000027162129733633065,0.000002579846397752008,0.00009986406663096961,0.0012518852053852699,0.0007249546944283773,0,0,0,2,0.001396,0,0,0
641346255,1,0.0686900133965491,0.43415233282649945,0,0,0.004,-0.12341629163736778,-0.03815194182085102,-0.3592696753638318,0.005225674735134689,-0.048607837194670545,0.06877963390946906,0.004088071563864361,-0.006956296098484683,-0.005250880483613147,-0.03988157301585623,-0.011590536444017942,-0.03988518870682716,0.0000024964531551102017,0.00001522829157369393,0.00001114336554387393,0.0004631311653720576,0.000027162718122687267,0.000002581444321226126,0.0000998628287189827,0.0012493834365469411,0.0015271508181826942,0,0,0,2,0.0014670000000000002,0,0,0
641346259,1,0.06675862023768643,0.4341495401843211,0,0,0.004,-0.19992169812854832,-0.07473959853618428,-0.31141367313843205,0.005225674735134689,-0.048607837194670545,0.06877963390946906,0.0046774267272870415,-0.0068065175321546725,-0.005412178982948808,-0.03999182090631958,-0.011629243687953528,-0.04005183273913282,0.0000025711717063877934,0.000017074144745356112,0.000010642275721802853,0.00046464662057234556,0.000027163274259272814,0.000002583042347325761,0.00009986076641061506,0.0012468936627971002,0.0015101426093691818,0,0,0,2,0.0014670000000000002,0,0,0
641346263,1,0.06644297363859548,0.43834694892917553,0,0,0.004,-0.22296762707704643,-0.08475615334400077,-0.29702619057649216,0.005225674735134689,-0.048607837194670545,0.06877963390946906,0.005254994787441268,-0.0066597345371512615,-0.005570251512297756,-0.04011435562423734,-0.011672765737683846,-0.040210247403553716,0.0000024727173456331247,0.000018843081895077033,0.000010201150851794461,0.0004661608138361121,0.000027163918916644627,0.000002584640338619666,0.00009985804295361757,0.0012444156298580583,0.0015237990741166542,0,0,0,3,0.0027930000000000003,0,0,0
641346267,1,0.06562744223815441,0.4498166585845097,0,0,0.004,-0.25654666976234863,-0.07847724941950096,-0.2856387129799405,0.005225674735134689,-0.048607837194670545,0.06877963390946906,0.005831664130752728,-0.0066969821561733076,-0.005693204657978774,-0.0402544866750464,-0.011712181865031236,-0.0403621658201402,0.0000024392312735949387,0.00002073964602526639,0.000009699343255736931,0.0004676750816719046,0.000027164529887965503,0.000002586238292657447,0.00009985486599153479,0.001241949254464085,0.0015674914828243958,0,0,0,3,0.001466,0,0,0
641346271,1,0.06325995150299217,0.5311269134539888,0,0,0.004,-0.2833976380213279,-0.08460605659497134,-0.3695129200803944,0.005225674735134689,-0.048607837194670545,0.06877963390946906,0.006332884221036057,-0.006893274488219667,-0.005781740807665221,-0.04040913802191555,-0.011754969038283864,-0.04055852382260164,0.0000026341515434063816,0.00002203871633733836,0.000009239322175418394,0.0004691858640702175,0.000027165794181419614,0.0000025878362310781738,0.000099850707476959,0.0012394944969332732,0.0018931971018568943,0,0,0,3,0.000977,0,0,0
641346275,1,0.06608635323578307,0.6263983270649277,0,0,0.004,-0.3228288960056118,-0.07768536884945898,-0.4617784737320001,0.005225674735134689,-0.048607837194670545,0.06877963390946906,0.006728206110270866,-0.007319999149552073,-0.005889811523078573,-0.04058477674497391,-0.011794013874137565,-0.04080368480162743,0.0000032458164057816115,0.00002294036173325139,0.000008643891120284724,0.00047068897336155323,0.000027167882657835347,0.000002589434154501313,0.0000998449545167824,0.001237051563137812,0.0022750573493667686,0,0,0,2,0.0014670000000000002,0,0,0
641346279,1,0.07529382226263104,0.5886698746874436,0,0,0.004,-0.3368638434587685,0.013025705108107966,-0.41105153372834025,0.005225674735134689,-0.048607837194670545,0.06877963390946906,0.006945179251955908,-0.00801515807102607,-0.005910499669301122,-0.04076571731298969,-0.011784115581021033,-0.04102195973620563,0.000005157656136576347,0.000024614341446716545,0.0000071154128729106745,0.00047219051274246637,0.000027169168513745117,0.0000025910319053257357,0.00009983852935595114,0.001234620188875045,0.0021264440981273803,0,0,0,2,0.001886,0,0,0
641346283,1,0.07954863180605833,0.5800192422585184,0,0,0.004,-0.3401789050872652,0.040696562358958466,-0.39560001012413615,0.005225674735134689,-0.048607837194670545,0.06877963390946906,0.0071578129308072485,-0.008696413814070589,-0.00593077405259922,-0.04094751847666212,-0.011759385095713415,-0.041231769348219566,0.0000070551113170000405,0.0000262767763847976,0.000005640814129835872,0.00047369240767436026,0.000027169991850147163,0.0000025926296216686145,0.00009983172297481703,0.0012322000805461064,0.0020933313762113203,0,0,0,3,0.001397,0,0,0
641346287,1,0.07639913483495413,0.4674827031832335,0,0,0.004,-0.25787369835259666,0.14862302152924756,-0.2916711863679833,0.005225674735134689,-0.048607837194670545,0.06877963390946906,0.007408804513522831,-0.009289475931731997,-0.005854769148988504,-0.04108292015385267,-0.011678209418884993,-0.04138703512186769,0.000010503412904334572,0.000027439263717879412,0.0000031773609950605814,0.0004752018856511512,0.000027168842757444056,0.0000025942270830574447,0.00009982560910528956,0.0012297897601707187,0.0016669000103801596,0,0,0,2,0.0014670000000000002,0,0,0
641346291,1,0.08607466212585675,0.4910988570825379,0,0,0.004,-0.3182156414603752,0.13058617088865132,-0.2721922407404165,0.005225674735134689,-0.048607837194670545,0.06877963390946906,0.007431070733017446,-0.010105034982967151,-0.005737673766008733,-0.04125031126508813,-0.011605471366668955,-0.04153136272399468,0.00001268997336305674,0.00002984677931549662,0.000001771059696989876,0.0004767179832162587,0.00002716822256153831,0.0000025958247522267425,0.00009982003908930378,0.0012273898798450828,0.0017545486412941051,0,0,0,2,0.0014670000000000002,0,0,0
641346295,1,0.08113481398989275,0.5325812206184405,0,0,0.004,-0.3264860071056441,-0.11178634752396122,-0.3233983463351109,0.005225674735134689,-0.048607837194670545,0.06877963390946906,0.007602028649166605,-0.010755145832133163,-0.005622920290688559,-0.04142636596368107,-0.011661049750401165,-0.041700470375473066,0.000009694077850826682,0.00003113516639626002,0.0000043360579200981446,0.000478238054751608,0.00002716827163508306,0.0000025974228386556327,0.00009981460309030993,0.0012250006002605827,0.0018917750003245898,0,0,0,2,0.003352,0,0,0
641346299,1,0.10880129821458964,0.6511277980424348,0,0,0.004,-0.4149618330526217,-0.27302486223547984,-0.32506502409585103,0.005225674735134689,-0.048607837194670545,0.06877963390946906,0.007716304185191197,-0.011839665527449169,-0.005510461884874788,-0.04165173024863369,-0.011799948131690798,-0.041868495889241276,0.000004565547890735513,0.00003380460309218921,0.000008621676240064521,0.00047975939764104044,0.000027169029065033255,0.0000025990212069708057,0.0000998089025778524,0.0012226228951181832,0.0023745422065889867,0,0,0,3,0.0014670000000000002,0,0,0
641346303,1,0.11646047655870373,0.6901180852055298,0,0,0.004,-0.4388308420228766,-0.3207451575851173,-0.32509927899432434,0.005225674735134689,-0.048607837194670545,0.06877963390946906,0.007828294210495296,-0.012902494828858854,-0.005400252647177293,-0.041890129021252887,-0.011963348626793947,-0.04203564438005879,-0.00000003158433989019932,0.00003632180067590935,0.000012323458706621671,0.00048127858105555276,0.000027169814369632297,0.0000026006195112226954,0.00009980244555160718,0.0012202566898056532,0.0025334229973770685,0,0,0,2,0.001466,0,0,0
641346307,1,0.11452177580844994,0.616818022534698,0,0,0.004,-0.3593768526718333,-0.3918106316809055,-0.19500671858149943,0.005225674735134689,-0.048607837194670545,0.06877963390946906,0.007938044435293314,-0.01389080432243876,-0.005249637016792479,-0.0420869933312645,-0.01216411987131491,-0.042133728381676484,-0.000005684005928265686,0.000039260931467026286,0.00001681287357568897,0.000482799815556659,0.000027168376611673283,0.0000026022176657449048,0.00009979586026984333,0.0012179001116129633,0.0022651972580821364,0,0,0,2,0.001396,0,0,0
641346311,1,0.10909824106975521,0.5328937998588865,0,0,0.004,-0.35954086815696873,-0.2941148380552556,-0.12779338899922976,0.005225674735134689,-0.048607837194670545,0.06877963390946906,0.008120168166117589,-0.014774126471264531,-0.0050168125441328254,-0.042281514124504066,-0.012312945161696384,-0.04219706370717314,-0.000008974940307812355,0.00004272577317665593,0.000018063383386730914,0.00048432860164928195,0.000027166839278527424,0.000002603815544431736,0.00009978995126865158,0.0012155528102958124,0.0019270882662140599,0,0,0,2,0.001466,0,0,0
641346315,1,0.09242836058690643,0.5131185515737411,0,0,0.004,-0.38663316684793436,-0.09320449352537175,-0.21941933805630498,0.005225674735134689,-0.048607837194670545,0.06877963390946906,0.008138859756920625,-0.015448034578628082,-0.004746033983485098,-0.04248678541531233,-0.012356906097998801,-0.04230955191529095,-0.0000073782509758620355,0.000043949003940094184,0.000014717098685636167,0.0004858673553146783,0.00002716665864929307,0.0000026054130973539302,0.00009978505498308409,0.0012132154752996934,0.0018168858158211297,0,0,0,2,0.001397,0,0,0
641346319,1,0.0722620603506765,0.5110305762844812,0,0,0.004,-0.3451413532569394,0.05279472901616544,-0.2887188837542176,0.005225674735134689,-0.048607837194670545,0.06877963390946906,0.008008040494863164,-0.015863453703557073,-0.004384797194807472,-0.042667803444094606,-0.012325906486422783,-0.042459236643439154,-0.0000034992820357250804,0.00004304743483269906,0.000009904889556948026,0.000487414503996411,0.000027166525319573737,0.000002607010433503289,0.0000997809341250998,0.001210887667638777,0.0018122623694209541,0,0,0,2,0.001397,0,0,0
641346323,1,0.06683444782856682,0.5202849401503556,0,0,0.004,-0.3317221800754724,0.09685288186328544,-0.3092780614709483,0.005225674735134689,-0.048607837194670545,0.06877963390946906,0.00787983761804685,-0.016270564445987484,-0.004030785141903399,-0.04284083838296602,-0.012272343214926767,-0.04261974050637089,0.00000008121831642355005,0.00004193917713082813,0.0000057067935036516885,0.0004889659712393624,0.000027166395925146486,0.000002608607830187925,0.00009977699826852649,0.0012085692697604027,0.001855038564716002,0,0,0,2,0.003282,0,0,0
641346327,1,0.043987156095998764,0.4521663906364067,0,0,0.004,-0.25643992049852105,0.06865421156937135,-0.2918806823715041,0.005225674735134689,-0.048607837194670545,0.06877963390946906,0.007637019710803378,-0.016136900755553442,-0.0035879795308145545,-0.042974783286080384,-0.012234588240866266,-0.04277097031357383,0.000002178706898337923,0.00004045803410271154,0.0000035040928649157917,0.0004905203834730194,0.00002716539653968057,0.000002610205307392133,0.00009977305023154745,0.001206259125825087,0.0015781972821325206,0,0,0,3,0.001397,0,0,0
641346331,1,0.056895442163643666,0.36262158835497027,0,0,0.004,-0.17029577595196566,-0.005084739704222296,-0.24994550919110203,0.005225674735134689,-0.048607837194670545,0.06877963390946906,0.0073351422955428725,-0.015601109853236034,-0.0030048930109030495,-0.0430647985597062,-0.012236226290199815,-0.042899924538221855,0.0000024844770851027962,0.000038894906337283386,0.0000033176481443529937,0.0004920792549326186,0.00002716360121260223,0.000002611802903516889,0.0000997693064991091,0.0012039560209605468,0.0012099538070504414,0,0,0,2,0.001397,0,0,0
641346335,1,0.09115244907214803,0.4032782666899279,0,0,0.004,-0.17517275925128084,-0.073823893026014,-0.2848656317444007,0.005225674735134689,-0.048607837194670545,0.06877963390946906,0.006943428629344725,-0.01453274990658881,-0.0024547735101104087,-0.04315858426301085,-0.012273592619662332,-0.0430461880137949,0.000001704289511524254,0.00003745631896454322,0.000004160363502865744,0.0004936399590159411,0.000027162660431586435,0.00000261340069692614,0.00009976538412730214,0.0012016607405591975,0.0013698694297741524,0,0,0,2,0.001397,0,0,0
641346359,1,0.09714520771012868,0.22812109460418228,0,0,0.024,-0.12748874162413504,0.03394954902092895,-0.1073084743340651,0.005225674735134689,-0.048607837194670545,0.06877963390946906,0.006335843704903885,-0.013986431443809427,-0.0016493402903256967,-0.043835397016317286,-0.012077261121001739,-0.043614602093717515,0.00000469506956552507,0.00004104254991972815,0.000001714171530877224,0.0005031963968379561,0.00004694819602420483,0.0000026380507184199483,0.00009976024268848097,0.0011924304926461049,0.004081486302233041,0,0,0,2,0.001466,0,0,0
641346363,1,0.10024125614686513,0.19461508126517377,0,0,0.004,-0.1173313057881622,0.0633457135365525,-0.05398616160712244,0.005225674735134689,-0.048607837194670545,0.06877963390946906,0.005740410478951861,-0.013451039350285632,-0.000860015734936679,-0.0439145704118694,-0.01203154693775404,-0.04365167504127002,0.000005456483631883227,0.00004194473040892086,0.000001124599130021041,0.0005047923056800245,0.00003636496636712746,0.000002639834451584489,0.00009975822125083238,0.0011878290960200203,0.0005754138738192611,0,0,0,2,0.0014670000000000002,0,0,0
641346367,1,0.09683891219922794,0.10741969789114764,0,0,0.004,-0.03062870768874615,0.050017139997427296,-0.024622209120522598,0.005225674735134689,-0.048607837194670545,0.06877963390946906,0.005135580628798244,-0.013224629140721186,-0.00005451973757449101,-0.043931914345469815,-0.012001260627308849,-0.043666688843498315,0.000005887978349037139,0.00004201478836938977,0.0000007327897859097563,0.0005063984479086202,0.00003175051968217056,0.000002641625881056011,0.00009975723829296236,0.0011845675644228998,0.00025443538150751423,0,0,0,2,0.0018160000000000001,0,0,0
641346371,1,0.09505003679856215,0.02524613946254347,0,0,0.004,0.06551064802648598,0.001896487615576481,0.04760252623876937,0.005225674735134689,-0.048607837194670545,0.06877963390946906,0.0045854579530889665,-0.013173189445113103,0.0007561716285610871,-0.04389532383620351,-0.012001173443029122,-0.043640580922122,0.000005995249924223303,0.000041856446794210035,0.0000005933097708786428,0.0005080121723138645,0.00002952205126740279,0.0000026433966673755742,0.0000997568992011284,0.001181842589751332,0.0003240059795605975,0,0,0,3,0.002794,0,0,0
641346375,1,0.09335144766256388,0.11791794219559053,0,0,0.004,0.11912395345741134,-0.02463533499037307,0.1260277560575318,0.005225674735134689,-0.048607837194670545,0.06877963390946906,0.00409960095269546,-0.013325178786263202,0.0015293438786533197,-0.04383181198876693,-0.012015684777362883,-0.04357378220310006,0.000006083554407816848,0.00004172574105176155,0.0000004882830883202226,0.0005096311852054655,0.00002839318506409197,0.0000026451391451145704,0.00009975687772398796,0.001179366297416008,0.0007006329859697803,0,0,0,2,0.001466,0,0,0
641346379,1,0.09052736124031394,0.17368293212034988,0,0,0.004,0.17219849639106866,-0.027202790650568298,0.15295463378123486,0.005225674735134689,-0.048607837194670545,0.06877963390946906,0.003708682247192359,-0.013633918005995053,0.002223136817581806,-0.0437420351822314,-0.012032073204511596,-0.04349468080051213,0.000006173639990132898,0.00004152299702172603,0.00000035537481292733275,0.0005112529713790147,0.000027807762650409476,0.0000026468532602195237,0.0000997568182005026,0.0011770147219996782,0.0009276847220790064,0,0,0,2,0.0014670000000000002,0,0,0
641346383,1,0.0898946100783411,0.19188226354839652,0,0,0.004,0.1891914903559343,-0.02826424197925559,0.16110114228643013,0.005225674735134689,-0.048607837194670545,0.06877963390946906,0.0033255819157993203,-0.013936482441332268,0.002903053897731723,-0.043644671118504966,-0.012049095967818772,-0.04341248988679665,0.000006252471195925061,0.00004131751582569217,0.00000023138299454547787,0.0005128762662338658,0.000027500597409532096,0.0000026485421611780384,0.00009975654151062197,0.001174729684830502,0.0010003668562582758,0,0,0,2,0.001466,0,0,0
641346387,1,0.08901372712541265,0.24584954308041043,0,0,0.004,0.2502011901564628,-0.024955839780069433,0.17030856727480348,0.005225674735134689,-0.048607837194670545,0.06877963390946906,0.0030247121015563607,-0.014296911454124638,0.003558719991918324,-0.04351685142949374,-0.012065446148503356,-0.0433265718860659,0.000006303245730133292,0.00004130626189549967,0.00000016014571934118233,0.0005145005586416364,0.000027338733614462775,0.0000026502099483294786,0.00009975597615036527,0.0011724815479752803,0.0012147654099918072,0,0,0,2,0.001885,0,0,0
641346391,1,0.0834698610620746,0.30244945039593746,0,0,0.004,0.3021181973922671,-0.0298515110109544,0.19317384015900174,0.005225674735134689,-0.048607837194670545,0.06877963390946906,0.002825733482841113,-0.01466078453102148,0.004137356898059292,-0.043363317960912966,-0.01208509288833019,-0.04322972022952022,0.0000063663477931678425,0.000041340078663922395,0.00000007210955203169156,0.0005161252702988207,0.000027253589096754452,0.000002651860811166527,0.00009975504406697073,0.0011702551531642077,0.0014393479102814053,0,0,0,2,0.0014670000000000002,0,0,0
641346395,1,0.07225427967720276,0.33239555593944814,0,0,0.004,0.32824731429635456,-0.02064401918733405,0.2101191102323341,0.005225674735134689,-0.048607837194670545,0.06877963390946906,0.002705302947022389,-0.01493215899149785,0.004619199911194905,-0.04319685045867743,-0.0121004506974574,-0.043124868687616905,0.000006338460918830881,0.0000412936835988874,0.00000011707682799456844,0.0005177501387033978,0.000027209016404894356,0.000002653498452543826,0.00009975371149364829,0.001168043074169432,0.0015611406873478357,0,0,0,2,0.001397,0,0,0
641346419,1,0.033478112261435926,0.3239780226648636,0,0,0.024,0.360213239724237,0.002336234182832797,0.10479067831992772,0.005225674735134689,-0.048607837194670545,0.06877963390946906,0.0027577233316851105,-0.014271325903417117,0.004686605578375762,-0.041326914252521565,-0.012154658937276382,-0.04260207314425733,0.000005886025729970748,0.0000489510578690761,0.0000015402989722060996,0.0005275988465482341,0.000046968499997561334,0.0000026786678610348042,0.00009975009348161592,0.0011591860368219222,0.009003683160768711,0,0,0,3,0.003422,0,0,0
641346423,1,0.04521271567742941,0.33117939300842675,0,0,0.004,0.3701963372797843,0.009990763305398387,0.07280137699813594,0.005225674735134689,-0.048607837194670545,0.06877963390946906,0.0028090953086545778,-0.013623709477097998,0.004752663132213002,-0.041079310265906624,-0.012157102404446285,-0.04255626630247711,0.000005760367615607965,0.0000508692633487674,0.0000019213900347327064,0.0005292435481524226,0.00003637555511730518,0.000002680445520453114,0.0000997485062810188,0.0011547745830415952,0.0015096764367485743,0,0,0,2,0.001397,0,0,0
641346427,1,0.05838517189073516,0.3060879528425676,0,0,0.004,0.34552712153331366,0.011073469962602944,0.022920874163386173,0.005225674735134689,-0.048607837194670545,0.06877963390946906,0.0028700924904449727,-0.012861213646981458,0.004817399534973496,-0.040878120578494936,-0.012158453633817,-0.04254525849954462,0.000005663761971200667,0.000053307080830934587,0.000002203416788198768,0.0005308976290357855,0.00003175769579424817,0.0000026822369646289543,0.00009974771637382168,0.0011516519309312605,0.001385854133302773,0,0,0,3,0.001397,0,0,0
641346431,1,0.06532395833868927,0.29460822162276773,0,0,0.004,0.3267137604541642,-0.00253250569754504,-0.022418031362585467,0.005225674735134689,-0.048607837194670545,0.06877963390946906,0.0029192170842392427,-0.012050051867305346,0.004774314766075611,-0.04070207629278494,-0.012167018025430508,-0.042559319886016723,0.000005674990928281516,0.000056043544635210865,0.0000020657987861904763,0.0005325584357500168,0.000029527802455381966,0.0000026840096811188844,0.0000997473788693421,0.001149048474303808,0.0013099671017877234,0,0,0,2,0.0014670000000000002,0,0,0
641346435,1,0.0676699921105611,0.2875902792216691,0,0,0.004,0.3061673393527823,-0.020750331637222064,-0.05971337864128046,0.005225674735134689,-0.048607837194670545,0.06877963390946906,0.0029460538974369938,-0.011244460678862441,0.004721439048195366,-0.040544283136589844,-0.012184548603886491,-0.04259189012301657,0.000005758970627546912,0.000058825344048043066,0.0000015351764845851265,0.000534224426766089,0.00002839784378475215,0.000002685754559231052,0.0000997472892075775,0.001146688393133115,0.0012505020018419698,0,0,0,2,0.001397,0,0,0
641346439,1,0.06640538700920677,0.27155458783618847,0,0,0.004,0.2713039535774482,-0.0202905098426448,-0.09443731217385753,0.005225674735134689,-0.048607837194670545,0.06877963390946906,0.0029723539743707894,-0.010476286602909028,0.004637662911591776,-0.04040784288519488,-0.012200990597852065,-0.042641118953463196,0.000005824949150589872,0.00006158237377106596,0.0000011346361271965527,0.0005358943849309264,0.000027811005419961726,0.0000026874710023048427,0.00009974728535759844,0.0011444529548427793,0.0011519440677189236,0,0,0,2,0.001466,0,0,0
641346443,1,0.06551675524369474,0.267813370503594,0,0,0.004,0.26011068449904406,-0.020121839713182377,-0.10486802408639662,0.005225674735134689,-0.048607837194670545,0.06877963390946906,0.0029981280497659094,-0.009723476008474683,0.004555562297720257,-0.04027880970100842,-0.012216985330292607,-0.04269483240159287,0.0000058760367333602654,0.00006387343281200644,0.0000008233862921059522,0.0005375673487037885,0.000027502454474775,0.0000026891619111820295,0.00009974724241111092,0.0011422854110587602,0.0011247026920909494,0,0,0,10,0.0014670000000000002,0,0,0
641346447,1,0.059470089022315424,0.27017137985329787,0,0,0.004,0.23821044427394278,-0.010928889317702861,-0.138014993346129,0.005225674735134689,-0.048607837194670545,0.06877963390946906,0.002991428710572176,-0.009060290136451243,0.004453798407405535,-0.04016160862707386,-0.012228082925235641,-0.04276451836786228,0.0000059442298064822266,0.00006630769735857838,0.0000007480053513711799,0.0005392425598976583,0.000027338986219414373,0.0000026908313881226094,0.00009974705964613469,0.0011401575586703907,0.0011020838064048656,0,0,0,2,0.001396,0,0,0
641346451,1,0.05205368530901926,0.2956336535174098,0,0,0.004,0.24253846860630868,0.0030685063888067354,-0.17106538873671262,0.005225674735134689,-0.048607837194670545,0.06877963390946906,0.0029635580694416836,-0.00848493649239049,0.00434341715053679,-0.040042738478883094,-0.0122325213069206,-0.04285027047949106,0.000006053451854683616,0.00006877954423217452,0.0000009454622928012429,0.0005409191626183676,0.000027252257829254517,0.000002692483598053496,0.00009974662433870662,0.0011380546083672454,0.0011872502126105964,0,0,0,2,0.003422,0,0,0
641346455,1,0.04429068283521908,0.3110152298284512,0,0,0.004,0.23098859797134275,0.003710974791312771,-0.20118628236798308,0.005225674735134689,-0.048607837194670545,0.06877963390946906,0.0028829816193322163,-0.007995658431733171,0.004245896163165737,-0.03993008536688774,-0.01223660852300429,-0.042950470549445195,0.000006139109409199604,0.0000712884839192012,0.0000010877673250744317,0.0005425962723216768,0.00002720609608066014,0.000002694122328615764,0.00009974582062137527,0.0011359689570887128,0.0012253680194274253,0,0,0,2,0.0014670000000000002,0,0,0
641346459,1,0.034359844527788015,0.31944786295716726,0,0,0.004,0.21836191002793925,-0.002963986106577665,-0.2203490548053768,0.005225674735134689,-0.048607837194670545,0.06877963390946906,0.002793364053864621,-0.007633345020252486,0.004107715018100837,-0.03982414168389074,-0.012243842781914841,-0.04305966997567866,0.000006149644769235203,0.00007365130814151578,0.0000010639098846436414,0.000544273385846096,0.000027181471701877986,0.0000026957507286087207,0.00009974458541978425,0.0011338965511000184,0.0012409313593801249,0,0,0,2,0.001886,0,0,0
641346463,1,0.03130103745524931,0.32216152258857694,0,0,0.004,0.21424363255310375,-0.005007785519231978,-0.22603921294112084,0.005225674735134689,-0.048607837194670545,0.06877963390946906,0.0027055388397063777,-0.007278277877001414,0.003972297495937235,-0.039720522354552514,-0.012252017608837248,-0.043171339543249844,0.000006132098265242585,0.00007562187412962982,0.0000010009187559783595,0.0005459506580244102,0.000027168321496241228,0.0000026973713002469824,0.00009974294508420558,0.0011318350677898986,0.0012459158096269417,0,0,0,2,0.0014670000000000002,0,0,0
641346467,1,0.020570387457045085,0.3217669077745731,0,0,0.004,0.19038890378589102,-0.03964734713455742,-0.23512823298024976,0.005225674735134689,-0.048607837194670545,0.06877963390946906,0.0025875121967503484,-0.007090101742020118,0.0038502409685772228,-0.03962946783424403,-0.012276687463337876,-0.04328686423900873,0.000005768621651971097,0.00007755896796434838,0.00000037821544417399205,0.0005476281332015192,0.000027161121188347395,0.0000026989860661758703,0.0000997409083122908,0.0011297834434762482,0.0012205253476369328,0,0,0,3,0.001397,0,0,0
641346471,1,0.01625001043516125,0.3305992448098079,0,0,0.004,0.17341944268281972,-0.06346700690638463,-0.2481571370674498,0.005225674735134689,-0.048607837194670545,0.06877963390946906,0.002439888153572489,-0.0069909102846209825,0.0037093202830437762,-0.039547376058064236,-0.012312667960757764,-0.04340827084607743,0.000005247052666232483,0.00007947483804388924,-0.0000004778742320464038,0.0005493055537289892,0.000027157158002953363,0.0000027005964932572277,0.0000997384439387526,0.0011277410530037535,0.0012373153437573654,0,0,0,3,0.0014670000000000002,0,0,0
641346475,1,0.019113489725232476,0.35214573153991346,0,0,0.004,0.18530165875547333,-0.06983138265281819,-0.2652047271182507,0.005225674735134689,-0.048607837194670545,0.06877963390946906,0.002252606013816919,-0.006957618522531733,0.003539260078140048,-0.03945987363688698,-0.012352012492288678,-0.04353773621156418,0.000004817053080718663,0.00008109481424893966,-0.0000012065221967613776,0.0005509824959816942,0.000027155178201507034,0.000002702203667748567,0.0000997354996383887,0.001125707298627783,0.0013239134353973453,0,0,0,2,0.0014670000000000002,0,0,0
641346479,1,0.024417959446378507,0.3564501210307795,0,0,0.004,0.15636395390301816,-0.06048574391863437,-0.2841157672440495,0.005225674735134689,-0.048607837194670545,0.06877963390946906,0.002026458939415192,-0.006999561106206486,0.0033619484329740776,-0.03938647734272474,-0.01238629763579679,-0.04367609472013245,0.000004670272276698523,0.00008304399629217353,-0.0000017053330079434878,0.0005526586429734851,0.00002715401728920255,0.0000027038084462450875,0.0000997320380799608,0.0011236821919040313,0.001319575571124296,0,0,0,2,0.003422,0,0,0
641346483,1,0.026152931070633854,0.3586526495437598,0,0,0.004,0.148230735323314,-0.05831943642135262,-0.28959668821937257,0.005225674735134689,-0.048607837194670545,0.06877963390946906,0.0018048348065015,-0.007040664838207744,0.0031881830207114267,-0.039317147610127286,-0.012419337012743439,-0.043816827486594406,0.000004607007338114433,0.00008477859411378071,-0.0000020903525840962317,0.0005543344849420422,0.00002715334023089888,0.0000027054114635592977,0.00009972812917075338,0.0011216654919202144,0.0013220574836919797,0,0,0,3,0.001397,0,0,0
641346487,1,0.03411994815718965,0.3315971185816386,0,0,0.004,0.14288818663163638,-0.04705091613501855,-0.2644542027991985,0.005225674735134689,-0.048607837194670545,0.06877963390946906,0.001545032578804814,-0.007230083516613414,0.0030178929166940287,-0.03925021658798076,-0.01244658339697615,-0.04394517256814355,0.000004656490324833998,0.00008593595448519209,-0.000002272596203448593,0.0005560125502755243,0.000027152669845202428,0.000002707013175479925,0.00009972411235948056,0.0011196568018602459,0.0012169920161853587,0,0,0,2,0.001886,0,0,0
641346491,1,0.0373830835670675,0.33409714316455064,0,0,0.004,0.16045386882641188,-0.048408987759414046,-0.26023873557661226,0.005225674735134689,-0.048607837194670545,0.06877963390946906,0.0012478158182207938,-0.007373103244009704,0.0028297033260363444,-0.03917496448065083,-0.012474728111793048,-0.04407131181465568,0.000004656527458322105,0.00008657968252097542,-0.000002394899957242133,0.0005576933006711967,0.00002715225932811212,0.000002708613937815987,0.00009972004944177865,0.0011176557611527194,0.0012381474782061684,0,0,0,2,0.001397,0,0,0
641346495,1,0.04338270437638546,0.329960799944287,0,0,0.004,0.15126936465771024,-0.047921632624059574,-0.25920569581842123,0.005225674735134689,-0.048607837194670545,0.06877963390946906,0.0008819748823262353,-0.007555873154299335,0.0026559301715521314,-0.03910426832814879,-0.012502387464088048,-0.04419670250241321,0.000004658318832518416,0.00008729579876880186,-0.0000025288744886395038,0.0005593768973389876,0.00002715186209425556,0.0000027102140205066692,0.00009971596199885563,0.0011156623518866987,0.0012156742741508653,0,0,0,3,0.001397,0,0,0
641346499,1,0.04451252147358762,0.2996242755622637,0,0,0.004,0.13660099424289107,-0.044324455340217006,-0.23223926418672747,0.005225674735134689,-0.048607837194670545,0.06877963390946906,0.0005021454764289341,-0.007692377088941905,0.0024856324801576023,-0.03904056994897571,-0.012527794913595987,-0.0443088522644045,0.000004635538475132232,0.00008785113216407768,-0.0000026504588185686426,0.0005610651802183562,0.000027151211344456863,0.0000027118136067282057,0.00009971209273969858,0.0011136764008307356,0.0010922238949911019,0,0,0,2,0.001397,0,0,0
641346503,1,0.044607621223131846,0.2907272973969541,0,0,0.004,0.1327137690202791,-0.043645081641452754,-0.2239965883741366,0.005225674735134689,-0.048607837194670545,0.06877963390946906,0.00012991265864957904,-0.007826150944891625,0.0023187407425909637,-0.03897880956180686,-0.01255269157348314,-0.044416833944398736,0.000004603994010168333,0.00008832759399749688,-0.000002763995771897877,0.0005627582053334471,0.00002715060147550463,0.000002713412829413753,0.00009970844742789274,0.0011116977982332514,0.0010559720393442961,0,0,0,2,0.0014670000000000002,0,0,0
641346507,1,0.04847433879944904,0.281224839381538,0,0,0.004,0.1391685246569465,-0.02366499256179133,-0.21474571725113556,0.005225674735134689,-0.048607837194670545,0.06877963390946906,-0.0003094440132964076,-0.007914638746281082,0.0021125762623343904,-0.03891366144749157,-0.012568018058654993,-0.04452034595380126,0.000004843932761285644,0.00008858462836735239,-0.0000026394475797646543,0.000564456263559543,0.000027150070199979645,0.00000271501175356251,0.00009970506320366915,0.0011097263569633206,0.0010279582342165108,0,0,0,2,0.003352,0,0,0
641346511,1,0.052889875477968785,0.25688850209816816,0,0,0.004,0.15654675370488225,-0.00914111628937031,-0.1816200512970081,0.005225674735134689,-0.048607837194670545,0.06877963390946906,-0.0007932767736050593,-0.007958746214201482,0.0018679244942416803,-0.038839905670957416,-0.01257647301672015,-0.04460798361992258,0.000005138710063979952,0.00008828637438806451,-0.0000023729360464837044,0.0005661608063775645,0.000027149480468993798,0.0000027166104637226435,0.00009970212897989217,0.0011077616606392038,0.0009598023891254342,0,0,0,3,0.0009080000000000001,0,0,0
641346515,1,0.055944368521426535,0.22612322817455696,0,0,0.004,0.17015713769215168,0.0069241879060307765,-0.13805058487630006,0.005225674735134689,-0.048607837194670545,0.06877963390946906,-0.0013100434561488057,-0.007884792444799988,0.0016068604727901908,-0.038759282077414456,-0.012577213534532618,-0.0446748082738121,0.000005477012794480556,0.00008752840865140952,-0.0000019969776030324107,0.0005678731174192216,0.00002714879552933263,0.0000027182090207079253,0.00009969981066454859,0.0011058033293187591,0.0008768978035819902,0,0,0,2,0.001396,0,0,0
641346519,1,0.05939132405944259,0.18755499213780966,0,0,0.004,0.15414453912102322,0.012934769101035748,-0.10181375752272892,0.005225674735134689,-0.048607837194670545,0.06877963390946906,-0.0018484327381226282,-0.007705791307183354,0.0013403650874074138,-0.038686132470832094,-0.012574551571734793,-0.04472419866455859,0.000005742386181674594,0.0000868531918653958,-0.0000016838060602178273,0.000569593213131916,0.000027147973404121043,0.0000027198075019775063,0.00009969810736154738,0.0011038513388150508,0.0007407443652265124,0,0,0,2,0.0014670000000000002,0,0,0
641346523,1,0.06032725624205878,0.17606522837108976,0,0,0.004,0.1493000114985633,0.013839823876503954,-0.09085604785645351,0.005225674735134689,-0.048607837194670545,0.06877963390946906,-0.002376054234456974,-0.007530370192319054,0.0010791996097322925,-0.03861533716489384,-0.012571297382843544,-0.04476827819239179,0.000005929060933788765,0.0000863617589446101,-0.0000014542567295970145,0.0005713197781785304,0.00002714728743267693,0.000002721405930046525,0.00009969684376187575,0.0011019057711983415,0.0007012771844627253,0,0,0,2,0.0014670000000000002,0,0,0
641346527,1,0.06635704136874869,0.15646636116802387,0,0,0.004,0.1376958703993193,0.026276581924917886,-0.07425086272218095,0.005225674735134689,-0.048607837194670545,0.06877963390946906,-0.0029250812339455838,-0.007230625767428236,0.000748688931088455,-0.03854985590573389,-0.012561815956832784,-0.0448044082569404,0.000006160525052522886,0.00008599094307911873,-0.0000011595569123161022,0.0005730521062401144,0.000027146629867042296,0.0000027230043085083764,0.00009969592602200147,0.001099966672741001,0.0006345241000645599,0,0,0,3,0.001466,0,0,0
641346531,1,0.07086982766322567,0.142176626651991,0,0,0.004,0.1581219962987983,0.026079543961132767,-0.02892039262345314,0.005225674735134689,-0.048607837194670545,0.06877963390946906,-0.0034950856265253726,-0.006841002431792381,0.00046739904345876205,-0.038474590323224575,-0.012552558980140049,-0.044819052494021606,0.000006335998498407547,0.00008515966789584276,-0.0000009570620885235638,0.0005747903738348977,0.000027146093404500603,0.000002724602650237075,0.00009969537688872926,0.0010980336008626632,0.0006513874108237896,0,0,0,2,0.001885,0,0,0
641346535,1,0.07527564482773719,0.12150297780724185,0,0,0.004,0.15721230275146791,0.01427998979907108,0.0247654333721421,0.005225674735134689,-0.048607837194670545,0.06877963390946906,-0.004032384642532931,-0.006363297763626391,0.0001384717317800782,-0.03839983534343643,-0.012548586718501028,-0.04480816219254573,0.0000064348887127921636,0.0000840436151308875,-0.0000009362977087950192,0.0005765342951476716,0.000027145584077593526,0.0000027262009976951095,0.00009969515976695856,0.0010961063003453756,0.0006391613622263573,0,0,0,2,0.003282,0,0,0
641346539,1,0.07822902861449399,0.07812377500220506,0,0,0.004,0.11009973872664414,-0.005450494365252245,0.06680757348675925,0.005225674735134689,-0.048607837194670545,0.06877963390946906,-0.004548285033860022,-0.005852536611382453,-0.0002158349667459828,-0.03834761349427048,-0.012552844421467556,-0.04477706237794017,0.000006478415345842143,0.00008297356408283572,-0.0000010945710218017293,0.0005782827574684557,0.000027144948153656553,0.0000027277993915726887,0.00009969513089587659,0.0010941849740855277,0.0005155953798348421,0,0,0,2,0.0014670000000000002,0,0,0
641346543,1,0.0786297902702595,0.07214208856891637,0,0,0.004,0.09503614508704061,-0.013214534703034575,0.07942614089013844,0.005225674735134689,-0.048607837194670545,0.06877963390946906,-0.0050538674173605715,-0.005351990682183393,-0.0005630555313015227,-0.03830265727902401,-0.01256041556170042,-0.04473994862847586,0.000006516493739053066,0.00008209905817886903,-0.000001284856491501792,0.0005800344678949575,0.00002714447566529731,0.000002729397781461906,0.00009969512205686327,0.0010922697894468552,0.0004982369662258771,0,0,0,2,0.001466,0,0,0
641346547,1,0.07626325237401825,0.07024949855387658,0,0,0.004,0.06219881036709163,-0.023570455118539724,0.09948542509457425,0.005225674735134689,-0.048607837194670545,0.06877963390946906,-0.005496074931389525,-0.004872108315928632,-0.0009352896176469025,-0.038273327457384924,-0.012572150461375345,-0.04469322976505064,0.000006569130612799554,0.00008125471268334019,-0.00000151680920463808,0.0005817885587125317,0.000027144037988019624,0.000002730996185087422,0.000099695022023189,0.001090360909639249,0.0004786916865260924,0,0,0,2,0.0014670000000000002,0,0,0
641346551,1,0.07144233131920685,0.10924975584448887,0,0,0.004,0.04720147165487232,-0.0521578394395078,0.13192814493758576,0.005225674735134689,-0.048607837194670545,0.06877963390946906,-0.005886827717696631,-0.00445508681880055,-0.0013107316666256918,-0.03825145683839131,-0.012596882205979995,-0.04463110798832782,0.0000066949854196820225,0.00008033544972611534,-0.000001924203945530721,0.0005835439964991462,0.000027143769408172063,0.000002732594613817454,0.00009969470069089121,0.0010884582306881782,0.0005980428689390864,0,0,0,2,0.001956,0,0,0
641346555,1,0.06387134899852971,0.15138149794548156,0,0,0.004,0.022681696237118132,-0.05694274401912092,0.1782974935232513,0.005225674735134689,-0.048607837194670545,0.06877963390946906,-0.006195196937755377,-0.004099668973416615,-0.0016680122302645884,-0.03824099370009756,-0.012623153688503272,-0.044547177575337556,0.0000067872697119385914,0.00007921877332328426,-0.000002290584219124296,0.0005852992363947923,0.000027143694777021706,0.000002734193032771528,0.00009969396779026731,0.001086561616797001,0.0007541557572522415,0,0,0,2,0.001397,0,0,0
641346559,1,0.05826329631943438,0.1677521310021778,0,0,0.004,0.008913933015866071,-0.0372412987930798,0.20237615854571267,0.005225674735134689,-0.048607837194670545,0.06877963390946906,-0.006444135551611363,-0.003772664773660993,-0.002018147182630707,-0.03823652885392763,-0.012639793093491294,-0.04445214701418855,0.000006708063956184751,0.00007814381440156114,-0.000002482119638154913,0.0005870535642133563,0.00002714378852840277,0.000002735791401831986,0.00009969273708176745,0.0010846710948380696,0.0008238687476565789,0,0,0,2,0.0014670000000000002,0,0,0
641346563,1,0.05626137493260943,0.17389850810262672,0,0,0.004,0.004344384254383549,-0.03194117353617054,0.2095181059809832,0.005225674735134689,-0.048607837194670545,0.06877963390946906,-0.0066880953931902284,-0.003452200657900483,-0.0023612794359495035,-0.03823407665303736,-0.01265382306444891,-0.04435395183670297,0.000006613877846661383,0.00007724727392736735,-0.000002613720173165985,0.0005888070986372165,0.000027143938437893086,0.0000027373897512461165,0.00009969102467119375,0.0010827867756274356,0.0008479334782896687,0,0,0,2,0.003422,0,0,0
641346567,1,0.04907276595304637,0.1482221333790244,0,0,0.004,-0.02297485661514309,-0.025729601671310776,0.1744256616360289,0.005225674735134689,-0.048607837194670545,0.06877963390946906,-0.006852607527415298,-0.003223366979337719,-0.0026868963998416067,-0.03824444442971253,-0.012664622207188033,-0.04427222179374139,0.000006566191052271125,0.00007639127041841914,-0.000002743951920511752,0.0005905623067474277,0.00002714379602481484,0.000002738988103347329,0.00009968913582287729,0.0010809092041474911,0.0007112149365790024,0,0,0,3,0.001397,0,0,0
641346599,1,0.028405451839968288,0.16094800965642714,0,0,0.032,-0.10763487824131568,-0.014511681929201603,0.10886213330549488,0.005225674735134689,-0.048607837194670545,0.06877963390946906,-0.00675816595430826,-0.0036595739246858615,-0.0026438111162050914,-0.03900239960515457,-0.012731792218080705,-0.0434921370966216,0.000006829833822546257,0.00006692553685437763,-0.0000037427249960470334,0.0006047872138357932,0.00005215761762562362,0.000002778663130419606,0.00009968252394129565,0.0010706568223680763,0.004920807217736005,0,0,0,2,0.001397,0,0,0
641346603,1,0.0403585135114088,0.17724431011240746,0,0,0.004,-0.1314271798639639,-0.01268106494458765,0.08863553239992683,0.005225674735134689,-0.048607837194670545,0.06877963390946906,-0.0066656132126633625,-0.004087056731127041,-0.0026015875382413064,-0.03908762753935638,-0.012736321063700573,-0.043433458793878964,0.000006866223666480824,0.00006568712618816549,-0.000003867371934271761,0.0006065644884540866,0.00003840625456534824,0.000002780396065148627,0.00009967995121684308,0.001066354464450936,0.0006361153432382156,0,0,0,2,0.001396,0,0,0
641346607,1,0.05102697965162858,0.1646172872152132,0,0,0.004,-0.12508968687081912,-0.0012952237974744873,0.0591745087696669,0.005225674735134689,-0.048607837194670545,0.06877963390946906,-0.006617522103292631,-0.00460186368068225,-0.00254955578747648,-0.03915646576825523,-0.012734159214685337,-0.04339998890277746,0.000006810567131202479,0.00006469428167172463,-0.00000400879767561417,0.0006083549052619783,0.00003268483290840982,0.000002782185022706016,0.00009967855400609198,0.0010635138201925951,0.0005535446483059014,0,0,0,2,0.0019549999999999997,0,0,0
641346611,1,0.0632177527195379,0.13467416087599526,0,0,0.004,-0.09581870981943097,0.02675129787817887,0.04055838523158961,0.005225674735134689,-0.048607837194670545,0.06877963390946906,-0.006549087527388681,-0.005234206223570157,-0.0024239961612047317,-0.03920424387058239,-0.01271862675228949,-0.0433790601729787,0.000006544886096699688,0.00006410108453763353,-0.0000042475745586877256,0.0006101531758445561,0.000029978532617755195,0.0000027839678384581995,0.00009967771004759338,0.0010612247410010799,0.00042973181780680663,0,0,0,2,0.0014670000000000002,0,0,0
641346615,1,0.07131882284144286,0.0984511851034138,0,0,0.004,-0.05886251775041473,0.010121785532242633,0.02796355850017207,0.005225674735134689,-0.048607837194670545,0.06877963390946906,-0.006599200730966296,-0.0059178177817622085,-0.002311600371818735,-0.039232311037651506,-0.012712564705652773,-0.04336530207052775,0.000006471781162782213,0.00006383980538822959,-0.000004308123861006559,0.0006119572382047186,0.000028621020879169117,0.000002785726137307635,0.00009967717314776222,0.0010591850406367735,0.0002637940755140995,0,0,0,3,0.001466,0,0,0
641346619,1,0.07627729276619756,0.16532092412434973,0,0,0.004,-0.08552801649436725,-0.07628023724382738,0.1064520634287831,0.005225674735134689,-0.048607837194670545,0.06877963390946906,-0.00660570109303109,-0.006630367686231687,-0.002169494565139508,-0.03927325779587985,-0.012746451149738224,-0.04331449670149941,0.000006941993998633992,0.00006386195408152172,-0.000003912627888859361,0.0006137635881620319,0.000027920408781031388,0.000002787455941383305,0.00009967652691849115,0.001057269183222197,0.0006256613525885198,0,0,0,2,0.001396,0,0,0
641346623,1,0.07727030485330509,0.19498661422485672,0,0,0.004,-0.09226099719652536,-0.1025875067543549,0.13012236218903794,0.005225674735134689,-0.048607837194670545,0.06877963390946906,-0.006612071447854588,-0.007328666592611775,-0.0020302308745938653,-0.03931703100422843,-0.012791799428679267,-0.043253331173722154,0.000007445837771221461,0.00006390562268245174,-0.000003518522904514883,0.0006155709480429322,0.00002755335365279889,0.000002789158610809174,0.0000996756199638436,0.001055418902553063,0.0007586104906991703,0,0,0,3,0.003352,0,0,0
641346627,1,0.07251791677774848,0.1210127763402639,0,0,0.004,-0.02179387560671242,-0.07636344227206282,0.09765125084911297,0.005225674735134689,-0.048607837194670545,0.06877963390946906,-0.006650272328662567,-0.007949083654702361,-0.001936363035300403,-0.03932780186483308,-0.012826060450541205,-0.043208083925500414,0.000007738329403705228,0.00006422977437402661,-0.00000319707097257395,0.000617380997651611,0.000027359168035984087,0.0000027908376753580036,0.000099674654827339,0.0010536051667528825,0.0005034618574946215,0,0,0,2,0.0014670000000000002,0,0,0
641346631,1,0.0621291136141427,0.11906260941799987,0,0,0.004,0.11137938868919806,-0.07330059801990663,0.07888326028280979,0.005225674735134689,-0.048607837194670545,0.06877963390946906,-0.006698361836214704,-0.00842926064322733,-0.0018337199084324932,-0.039277779712785066,-0.01286107298420158,-0.0431723976018682,0.000008010899613771358,0.00006532101967124388,-0.000002564739753254481,0.0006191944707537312,0.000027256097835604694,0.000002792497393118363,0.0000996737191226378,0.0010518125414526113,0.000619689143331731,0,0,0,2,0.001466,0,0,0
641346635,1,0.04164136374384306,0.1246815389871413,0,0,0.004,0.10629128002842869,-0.0744840550871213,0.09942150885806811,0.005225674735134689,-0.048607837194670545,0.06877963390946906,-0.006692226331814214,-0.008665475916054826,-0.0017757402215432094,-0.03923015939729169,-0.012896333795832375,-0.04312747551972295,0.000008163676733845095,0.00006609130021106677,-0.0000021484941009900066,0.0006210105256138871,0.00002720135672384033,0.0000027941420025241048,0.00009967271478988743,0.0010500335491016302,0.0006539767224715947,0,0,0,2,0.001397,0,0,0
641346655,1,0.018376213548426407,0.1687123950416944,0,0,0.02,0.16765337640320555,-0.06923688430305086,0.11284155539418173,0.005225674735134689,-0.048607837194670545,0.06877963390946906,-0.006600992382619198,-0.008183239711284537,-0.0019213203712377333,-0.03862514695341598,-0.013167104607650963,-0.04272282695495773,0.000008667027289023865,0.0000698511857396261,-0.0000005823830749742672,0.000630145495295437,0.00004384937089469085,0.00000281305505171358,0.00009966854013345765,0.001044131815434969,0.004272452101131956,0,0,0,2,0.001886,0,0,0
641346659,1,0.04219020646692182,0.1596724951532133,0,0,0.004,0.15702156040245874,-0.05917437997376074,0.11974755357526234,0.005225674735134689,-0.048607837194670545,0.06877963390946906,-0.0064796251793271305,-0.00762542707572712,-0.0021172521397399514,-0.03853443272448434,-0.013204241027698679,-0.042654164710391025,0.000008597857876706743,0.00007013991393863458,-0.00000034782140179542376,0.0006319685843871345,0.00003507128988770234,0.0000028148420479331845,0.0000996661705110977,0.0010408774174876032,0.0008245906064346097,0,0,0,2,0.0014670000000000002,0,0,0
641346663,1,0.049004387184659465,0.15680657694033664,0,0,0.004,0.15340143658285355,-0.0562915846843115,0.12183027379237821,0.005225674735134689,-0.048607837194670545,0.06877963390946906,-0.006360685320100905,-0.00707877069288085,-0.0023092652728721255,-0.038455831023682115,-0.013235593409906933,-0.04259223105254135,0.000008531336837036174,0.00007028016173680845,-0.00000019818597017617742,0.0006337996444085495,0.000031132845423180314,0.000002816625313695346,0.00009966436080377077,0.0010384674518652828,0.000815287520957166,0,0,0,2,0.0014670000000000002,0,0,0
641346683,1,0.04375779464214014,0.0671663150773429,0,0,0.02,0.08694351700759995,-0.029523527027969343,0.05513185347792415,0.005225674735134689,-0.048607837194670545,0.06877963390946906,-0.00625477690241952,-0.006777405613618479,-0.0026572278087464104,-0.03813627351013081,-0.013354716714533232,-0.04239160793076929,0.000008773373469823632,0.00007109865370534451,-0.00000013992900809599714,0.0006430611663647916,0.00004507690860310356,0.0000028388584655407264,0.00009966209378156357,0.001032241150970988,0.002141993003325021,0,0,0,2,0.003422,0,0,0
641346687,1,0.042612402969227546,0.06669298523572988,0,0,0.004,0.0661116341064194,-0.041631916998396634,0.021238902558270212,0.005225674735134689,-0.048607837194670545,0.06877963390946906,-0.006140334008731447,-0.006631204856985793,-0.0030621469600651116,-0.038098519481697624,-0.013380265107119196,-0.04237950963437464,0.000009041779740462833,0.00007141358539407149,-0.000000360734778128101,0.0006449182693195224,0.00003558455564605581,0.000002840584221100246,0.00009966111973122475,0.0010289441939813502,0.00032385319288991826,0,0,0,2,0.001397,0,0,0
641346691,1,0.042933417132613845,0.08519391875142117,0,0,0.004,0.05317688785799435,-0.04823464059699667,-0.012530725143175658,0.005225674735134689,-0.048607837194670545,0.06877963390946906,-0.006038832617277451,-0.0065838019147286125,-0.003469620372717755,-0.03807224279500961,-0.013406035188620161,-0.04238606104092819,0.000009379856298709885,0.00007185678575394447,-0.0000006262661120198686,0.0006467829404883681,0.000031374288533320874,0.0000028423707770483417,0.000099660635312256,0.0010265470404200452,0.00029151688879780425,0,0,0,2,0.001396,0,0,0
641346715,1,0.05138135186400543,0.1615648135962416,0,0,0.024,-0.05631365791587384,-0.04577225247345018,-0.07437328587509207,0.005225674735134689,-0.048607837194670545,0.06877963390946906,-0.0060671929859763395,-0.006239072989227701,-0.003922207538918931,-0.0383466240750992,-0.013613116046347322,-0.0427281590262805,0.000011168155702291005,0.00007336071864461933,-0.000002922075515180402,0.0006580578620479088,0.000048073871386793314,0.0000028733991194727945,0.00009965982673631763,0.0010192662473445303,0.0024938890476806056,0,0,0,2,0.0019549999999999997,0,0,0
641346743,1,0.044687083347784894,0.2641891183785842,0,0,0.028,-0.19469027543880557,-0.035942828335054244,-0.07241901803965156,0.005225674735134689,-0.048607837194670545,0.06877963390946906,-0.006084333502940933,-0.005773406909913004,-0.004078121564067525,-0.039547567194308686,-0.01379536162782654,-0.04315509801392599,0.000012124279423030769,0.00007570055845952824,-0.000006698171569465332,0.0006713490082398239,0.000054541812060033575,0.000002927546616133905,0.00009965791530793201,0.0010088190850469538,0.005902669927707547,0,0,0,2,0.001466,0,0,0
641346747,1,0.02967148825671448,0.29696132915828016,0,0,0.004,-0.23775782270343004,-0.023009375905546525,-0.05822593385105712,0.005225674735134689,-0.048607837194670545,0.06877963390946906,-0.006079825920845601,-0.005508801750670307,-0.004135043509470295,-0.03969759571434884,-0.013805009163417316,-0.04318984757759669,0.000012223231652023076,0.00007631675311711372,-0.000007348518375589819,0.0006732569171445909,0.000039296875391482526,0.0000029281747965387746,0.00009965719834802245,0.0010047721620090161,0.000983450846837328,0,0,0,2,0.001397,0,0,0
641346751,1,0.02000803137341195,0.29668277855498143,0,0,0.004,-0.24051847479732302,-0.01903611697236085,-0.05054211056214086,0.005225674735134689,-0.048607837194670545,0.06877963390946906,-0.006054103201671541,-0.0053027519164140485,-0.004137563794163424,-0.039825038288690086,-0.013810956116608647,-0.04321502033528673,0.000012282369505152421,0.00007680878773380402,-0.000007816435556113631,0.0006751703993612217,0.00003308425968853101,0.0000029296340293552587,0.0000996567806463113,0.0010021793050001427,0.0009860305505067606,0,0,0,2,0.001466,0,0,0
641346755,1,0.007016995762137528,0.29306567511011306,0,0,0.004,-0.24119068822294665,-0.02086282025917363,-0.03484678588311141,0.005225674735134689,-0.048607837194670545,0.06877963390946906,-0.00603954758124128,-0.005249960099887352,-0.004065465162640472,-0.039941340134660615,-0.013817187679719987,-0.043230409460613996,0.000012278948814261612,0.00007731750066554566,-0.000008097707105151014,0.0006770882479195812,0.000030171924132722454,0.0000029313463482858217,0.00009965650965132141,0.0010001200556376605,0.0009783455736375253,0,0,0,3,0.003352,0,0,0
641346759,1,0.015445362383635211,0.2776768117016172,0,0,0.004,-0.23243955876372024,-0.027519064783566027,0.0032879944285237883,0.005225674735134689,-0.048607837194670545,0.06877963390946906,-0.006025283073219624,-0.005389971718176896,-0.0038989347045051267,-0.040047766436788194,-0.013826153051239912,-0.04322766895483141,0.000012184704999707971,0.0000781046250418833,-0.000008171759096594653,0.0006790103133989294,0.000028717495636084366,0.000002933129427609664,0.00009965636613758176,0.0009982986940504544,0.0009363440249156038,0,0,0,2,0.001397,0,0,0
641346763,1,0.020889702464863113,0.2737617349590797,0,0,0.004,-0.22945948371436153,-0.029704159241549788,0.014772139345364366,0.005225674735134689,-0.048607837194670545,0.06877963390946906,-0.006011303855358401,-0.005527183104100648,-0.0037357348555324887,-0.040149907905579534,-0.013835851808005386,-0.04321991837977873,0.000012097980076820784,0.00007877711093017873,-0.00000816825882571882,0.0006809360719756539,0.000027968253232636863,0.0000029349151709423612,0.00009965628761121801,0.0009965946877129343,0.0009273808955853905,0,0,0,2,0.001886,0,0,0
641346767,1,0.03400934517528487,0.25078056422013906,0,0,0.004,-0.20697446856767465,-0.025678599560087778,0.01822170209927343,0.005225674735134689,-0.048607837194670545,0.06877963390946906,-0.0059869515774940854,-0.005832092572070996,-0.003533188426098036,-0.04024056716993777,-0.013843965413200201,-0.043210896260581576,0.000012040889882858277,0.00007924443245491318,-0.000008161504456657509,0.0006828652205085803,0.00002757592182302804,0.0000029366784476492203,0.00009965623771396701,0.000994952306413262,0.0008374232052350434,0,0,0,2,0.0014670000000000002,0,0,0
641346779,1,0.07015735728637006,0.17005738677416993,0,0,0.012,-0.13045034166903635,0.005023372759677236,0.04934933830125665,0.005225674735134689,-0.048607837194670545,0.06877963390946906,-0.005909823123385472,-0.006588967558175566,-0.003228166481649102,-0.04046561326772993,-0.01382701463435457,-0.04312273363650648,0.000011876070463396016,0.00008089117991097355,-0.00000877807130406874,0.0006886716232255377,0.00003670367036979321,0.000002946289178986773,0.00009965611314429376,0.000991651485867743,0.0016747582414474314,0,0,0,2,0.001466,0,0,0
641346783,1,0.08058766738813365,0.1445517566898737,0,0,0.004,-0.10428086562573036,0.014127525175979705,0.05900566416567088,0.005225674735134689,-0.048607837194670545,0.06877963390946906,-0.00583423723835903,-0.007330705044558045,-0.0029292449760891467,-0.04051735185969709,-0.013817952362716024,-0.04309256792859331,0.000011817310214160538,0.00008142831881976516,-0.00000901373471469771,0.0006906123744875726,0.00003189714382630424,0.0000029480763523939296,0.00009965596638242584,0.000989341048474357,0.0004825889233189093,0,0,0,2,0.0014670000000000002,0,0,0
641346787,1,0.09055297732767537,0.1107382306154486,0,0,0.004,-0.06755000378766973,0.010784063561473212,0.07179583893753971,0.005225674735134689,-0.048607837194670545,0.06877963390946906,-0.005728205137952166,-0.008164134224816042,-0.002625649256280074,-0.040548165098899,-0.01381164456789815,-0.04305886799388402,0.000011792609141275373,0.0000820243903239493,-0.000009127470394939115,0.0006925557255729713,0.000029584539578513147,0.0000029498447218908813,0.00009965575764954452,0.000987423885350171,0.00039666492715857265,0,0,0,2,0.0014670000000000002,0,0,0
641346791,1,0.09393320956124132,0.05727934455476749,0,0,0.004,-0.009806663491193746,0.010750355415634738,0.07255625320653891,0.005225674735134689,-0.048607837194670545,0.06877963390946906,-0.005581683102112172,-0.009002200110189516,-0.0023600833839481335,-0.040551960116502285,-0.01380647825141766,-0.043026516076381506,0.000011783001814348243,0.00008263462430935287,-0.000009218668421943535,0.0006945016661320625,0.000028414790222054932,0.00000295158571240681,0.00009965548611604376,0.0009856885102369065,0.0002960040721277562,0,0,0,2,0.003282,0,0,0
641346795,1,0.09498434559194914,0.035975240284775147,0,0,0.004,0.031221261505488096,-0.004872600132035609,0.07260655456799903,0.005225674735134689,-0.048607837194670545,0.06877963390946906,-0.005459396795709611,-0.009844809966576154,-0.0021424394065041,-0.040538018231834096,-0.013808839826912646,-0.04299505037408773,0.00001184880117853134,0.00008322245263725592,-0.000009205720723576864,0.0006964503043292802,0.000027808209201250333,0.000002953298968599058,0.00009965516306836463,0.0009840443684007878,0.000316738912501173,0,0,0,2,0.001885,0,0,0
641346799,1,0.09075711360426969,0.054938107516031155,0,0,0.004,0.06340549189454991,-0.022699515724445285,0.0758121315372069,0.005225674735134689,-0.048607837194670545,0.06877963390946906,-0.005296945637993834,-0.010617304404033474,-0.0019717588860502146,-0.04051065163806152,-0.013819297191490337,-0.04296273888541358,0.000011989806088384967,0.00008379041362327567,-0.0000091513427509574,0.0006984016302026465,0.000027489646568332878,0.0000029549873965747454,0.00009965478714147305,0.0009824486105813397,0.00040562058536970603,0,0,0,2,0.0014670000000000002,0,0,0
641346803,1,0.08897324164227857,0.06466303252833479,0,0,0.004,0.0747040354564188,-0.027887238323967112,0.07691827442203802,0.005225674735134689,-0.048607837194670545,0.06877963390946906,-0.005137743503432372,-0.011374348952741647,-0.001804491976005407,-0.04047873711578088,-0.013832050496236788,-0.04293025423472687,0.000012131461940880148,0.00008424687791873786,-0.000009121461426484357,0.0007003556458441795,0.000027321261804541464,0.0000029566550669304355,0.00009965435875371663,0.0009808800058566831,0.0004431670008450641,0,0,0,2,0.0014670000000000002,0,0,0
641346807,1,0.07534355763516554,0.08360850948615052,0,0,0.004,0.11745290674039832,-0.014979223758463167,0.044050974486815164,0.005225674735134689,-0.048607837194670545,0.06877963390946906,-0.004896504256679604,-0.011924505011989953,-0.001683180981602763,-0.040428820068930615,-0.013839980495208008,-0.042912192056096025,0.000012193033998214925,0.00008482289194748088,-0.000009089430578328308,0.0007023134592565435,0.00002723190322665912,0.0000029583060071310262,0.00009965399646260044,0.000979327587168884,0.0005053323785298204,0,0,0,2,0.001397,0,0,0
641346811,1,0.06703225948732526,0.14375295439486493,0,0,0.004,0.16117118309446865,0.010208211812044343,-0.03246036974557143,0.005225674735134689,-0.048607837194670545,0.06877963390946906,-0.0047346583053841105,-0.01243170001697234,-0.0016495173619707078,-0.04036064998890519,-0.013838087225379532,-0.04292695271420095,0.000012156595814526079,0.00008571142747355329,-0.000008983917966540284,0.0007042766188208075,0.000027184411488578847,0.0000029599439325772465,0.00009965386205982384,0.0009777858322136852,0.0006588964525931461,0,0,0,3,0.001396,0,0,0
641346815,1,0.05759790511944991,0.12135511782684652,0,0,0.004,0.08349136836726334,-0.09646480549747016,0.06287388266910199,0.005225674735134689,-0.048607837194670545,0.06877963390946906,-0.004661270427997062,-0.012843529966972545,-0.0017017481696138294,-0.04032640706041296,-0.013879850179931305,-0.04290058088449206,0.000012449483442422834,0.00008559718325764136,-0.00000955298281034914,0.0007062419133338396,0.0000271591133768138,0.000002961571888891003,0.00009965361204430065,0.000976252047786051,0.0005689202743919863,0,0,0,2,0.001885,0,0,0
641346819,1,0.03693411943372855,0.13387132913608898,0,0,0.004,0.1033066586557092,-0.09987578591476953,0.018502930669612283,0.005225674735134689,-0.048607837194670545,0.06877963390946906,-0.004408255354032366,-0.012927543987163236,-0.0017955449385453563,-0.04028419794766772,-0.013923380026576131,-0.042893097364199315,0.000012774951335864879,0.00008585610425539089,-0.000009994391643220348,0.0007082098455692243,0.000027145576935547064,0.0000029631922836264075,0.00009965329668383199,0.0009747247396530264,0.0005795142348976711,0,0,0,3,0.0029340000000000004,0,0,0
641346823,1,0.03268797164965222,0.14090844233032485,0,0,0.004,0.10972653695905865,-0.10079204645454565,0.005238955927699962,0.005225674735134689,-0.048607837194670545,0.06877963390946906,-0.004160300581546964,-0.013009877726950114,-0.0018874657720982526,-0.04023946173984007,-0.013967344126585483,-0.042891255689243034,0.00001307257759340541,0.00008616647229036331,-0.00001034611050092365,0.0007101803537896482,0.000027138485100156483,0.0000029648069931392025,0.00009965290976106725,0.0009732030893563816,0.0005963407911687455,0,0,0,3,0.000978,0,0,0
641346827,1,0.025655436106716303,0.22304824997934528,0,0,0.004,0.17134005366505345,-0.09474365554074549,-0.09854702838428508,0.005225674735134689,-0.048607837194670545,0.06877963390946906,-0.0040877472142763415,-0.013047954214499988,-0.0020414640551419927,-0.040169501273589064,-0.0140098868771201,-0.042933446578630755,0.00001371777148517065,0.00008734063212812385,-0.000010347174724446282,0.000712154180755293,0.000027134995921977592,0.0000029664174890710033,0.00009965252158918101,0.0009716866640022747,0.0008767694434323306,0,0,0,3,0.001397,0,0,0
641346831,1,0.02516884055123088,0.21347654700461563,0,0,0.004,0.14074654239762718,-0.10139406627861847,-0.10353095904389598,0.005225674735134689,-0.048607837194670545,0.06877963390946906,-0.00395272904818923,-0.012648510753525867,-0.002234992949966126,-0.04011260573242367,-0.0140547274863226,-0.042977445996682434,0.000014210328062351105,0.00008829484457079417,-0.000010606427596269898,0.0007141297635182599,0.000027133052434747502,0.0000029680249330708733,0.00009965196639150088,0.0009701754836318748,0.0008080495564401858,0,0,0,2,0.000978,0,0,0
641346835,1,0.03223816981677674,0.17269539928894528,0,0,0.004,0.00873352666598115,-0.05040633653588611,-0.1132152571285463,0.005225674735134689,-0.048607837194670545,0.06877963390946906,-0.003916285044666713,-0.012267708806131546,-0.0024672618443350443,-0.04011036679262903,-0.014076314754980295,-0.04302476005051058,0.000014718295179568212,0.0000893818295093568,-0.00001105259555064608,0.0007161081334811297,0.000027131138232417464,0.0000029696303889217608,0.00009965136195970442,0.0009686703314980926,0.0004969469621225552,0,0,0,2,0.001886,0,0,0
641346839,1,0.052054122258094006,0.14398609350931546,0,0,0.004,0.02270169522142207,-0.05949778014940865,-0.07834827989031723,0.005225674735134689,-0.048607837194670545,0.06877963390946906,-0.003933833143016231,-0.011617554144316871,-0.0027481485826181687,-0.040102212233136966,-0.01410174566551964,-0.04305747328242081,0.000014880780032177283,0.00008989596337015979,-0.000011395663614949932,0.0007180894897916206,0.0000271300812195617,0.000002971233924343479,0.00009965073631489897,0.0009671705257854097,0.00040385751488177494,0,0,0,2,0.0014670000000000002,0,0,0
641346843,1,0.05795816831065421,0.13665364387521745,0,0,0.004,0.026009039578756,-0.06251517525357309,-0.06794810610345436,0.005225674735134689,-0.048607837194670545,0.06877963390946906,-0.003951030279398759,-0.010980402575738488,-0.003023417586135631,-0.04009266984802672,-0.014128404700222849,-0.04308580243347276,0.000014936819291760659,0.00009021849109818313,-0.000011669642480701053,0.0007200740052301169,0.000027129429587600153,0.0000029728361236851404,0.00009965010996160384,0.0009656757698775423,0.00038369909877070173,0,0,0,2,0.001466,0,0,0
641346847,1,0.07118451149540546,0.1917940913683301,0,0,0.004,0.007358278680077657,-0.06275229284926342,-0.1286092078188279,0.005225674735134689,-0.048607837194670545,0.06877963390946906,-0.003978536117413953,-0.010164246440045968,-0.0032931812095827436,-0.04009128738168903,-0.014155045319067978,-0.04313924986346202,0.000015240847927874878,0.00009087630106254817,-0.000011974047659580878,0.0007220599124771243,0.000027129109290695188,0.000002974437527227678,0.00009964928553572253,0.0009641863397794658,0.0005731641699724066,0,0,0,2,0.001886,0,0,0
641346851,1,0.07541093052290336,0.25531976555659275,0,0,0.004,-0.059739957314433934,-0.043375329814827834,-0.1842509291755725,0.005225674735134689,-0.048607837194670545,0.06877963390946906,-0.004080060349191062,-0.009353760782706983,-0.0035362442718402803,-0.040117863150047214,-0.014172821153394818,-0.04321541531859921,0.000015796101532772854,0.00009199250138552417,-0.000012419534039510223,0.0007240454942895961,0.000027129194223265103,0.0000029760384625524573,0.00009964807644357863,0.0009627027560471557,0.0007939640963019657,0,0,0,2,0.0032830000000000003,0,0,0
641346855,1,0.08193189954255581,0.2739362556774823,0,0,0.004,-0.13145062918920702,-0.03555040240183416,-0.1644686891744449,0.005225674735134689,-0.048607837194670545,0.06877963390946906,-0.004200859385053263,-0.008474263683632242,-0.0037744460728526665,-0.0401739093900268,-0.014186264328555255,-0.04328284733607827,0.000016161217235582174,0.00009333637930416081,-0.000013005299688440895,0.0007260320279253572,0.00002712919115322535,0.0000029776389280559222,0.00009964662810864447,0.0009612250740075524,0.0008541011532031171,0,0,0,2,0.001396,0,0,0
641346859,1,0.0820602140668492,0.260051918068853,0,0,0.004,-0.1539168961786388,-0.02894008272847437,-0.12467796472762593,0.005225674735134689,-0.048607837194670545,0.06877963390946906,-0.004361853017639488,-0.007623009170899312,-0.00395462061604322,-0.04023883172912446,-0.014196514914026985,-0.04333357371927297,0.00001633024344803188,0.00009456066662323372,-0.000013501547137824266,0.0007280221159094875,0.00002712902229134487,0.0000029792388818684393,0.00009964522693034035,0.0009597528890590492,0.0008007250135343089,0,0,0,2,0.001466,0,0,0
641346863,1,0.08155766033266433,0.25844762837509655,0,0,0.004,-0.16181563077925532,-0.02742381994512011,-0.11283224940883052,0.005225674735134689,-0.048607837194670545,0.06877963390946906,-0.004519626777573988,-0.006788779748421041,-0.004131191668369962,-0.04030682805662566,-0.014205976301509616,-0.0433792819445663,0.000016417211390130432,0.00009556843088561216,-0.00001387454882891826,0.0007300162402134166,0.000027129066191103306,0.0000029808384742822482,0.00009964392513459473,0.0009582859393371004,0.0007966678682766332,0,0,0,2,0.0014670000000000002,0,0,0
641346867,1,0.08140142390601225,0.24982378892791518,0,0,0.004,-0.1409543454658766,0.0017406487650948321,-0.12850229519174583,0.005225674735134689,-0.048607837194670545,0.06877963390946906,-0.004674245062309798,-0.005939276981311385,-0.0042083575004073165,-0.04036579595115488,-0.014203708487661186,-0.04343160276834389,0.000016750884089201594,0.00009604652252874757,-0.000014235610915502156,0.0007320136691806889,0.000027129130468620757,0.0000029824377750268284,0.00009964264308187544,0.0009568239647609007,0.0007629835881158513,0,0,0,2,0.001885,0,0,0
641346871,1,0.07364821160273037,0.2751957252129266,0,0,0.004,-0.15238861686565874,0.02412357650591379,-0.15319026440158368,0.005225674735134689,-0.048607837194670545,0.06877963390946906,-0.004847076270071526,-0.0052132907131470915,-0.00423071679400234,-0.04042922000096639,-0.014192126052375225,-0.04349404426587069,0.000017203831859031163,0.00009634161374615273,-0.000014640926937671934,0.0007340129614529798,0.00002712934458072771,0.000002984036966901245,0.00009964122544052849,0.0009553670540902524,0.0008696803514035931,0,0,0,2,0.001396,0,0,0
641346875,1,0.061951895801373384,0.2815807708913008,0,0,0.004,-0.17484806966685418,0.03811725875317851,-0.1371910484474057,0.005225674735134689,-0.048607837194670545,0.06877963390946906,-0.005037756142398654,-0.004640308547030203,-0.004178060391203244,-0.04050149615172998,-0.01417444301534285,-0.04354973782918167,0.000017624513252814604,0.00009689634375078352,-0.000015022456909918528,0.0007360150565583426,0.000027129510700291454,0.0000029856360346320982,0.00009963977558697453,0.0009539151406607897,0.0009019636946589837,0,0,0,2,0.001396,0,0,0
641346879,1,0.0467440362298903,0.2560991687252108,0,0,0.004,-0.17708238954891242,0.026435412855797535,-0.09211580950928422,0.005225674735134689,-0.048607837194670545,0.06877963390946906,-0.005235275061639556,-0.004270533622721358,-0.00409449918337918,-0.040574471750726905,-0.01416142398642647,-0.04358678044247573,0.000017818670016490316,0.00009772130636740919,-0.000015157091214687314,0.0007380223936067483,0.000027129381509668875,0.0000029872349052032416,0.0000996385558789369,0.0009524678654601964,0.0008054050022467948,0,0,0,2,0.003353,0,0,0
641346883,1,0.042333751602572675,0.25013381861978556,0,0,0.004,-0.1782578060333051,0.022450487138256592,-0.07861249087841848,0.005225674735134689,-0.048607837194670545,0.06877963390946906,-0.005428843602495639,-0.0039081541968986905,-0.0040126091997115965,-0.04064779688483035,-0.014150002653764851,-0.04361821129462304,0.00001792160014622099,0.00009845531298381504,-0.000015178899342051727,0.0007400349073919103,0.000027129215133617376,0.0000029888336896738624,0.00009963755756396335,0.0009510251147095023,0.0007844467452329635,0,0,0,2,0.001466,0,0,0
641346887,1,0.028408024731525077,0.23718947687792782,0,0,0.004,-0.16722823014141097,0.0023703881758802003,-0.07116031041636717,0.005225674735134689,-0.048607837194670545,0.06877963390946906,-0.00558658283945365,-0.003787380535519449,-0.0038790937939157796,-0.0407167228395878,-0.014146947652209732,-0.043646545515772794,0.000017838272855491054,0.0000989732578180511,-0.000014966574174517489,0.0007420523826088119,0.000027128966689349674,0.0000029904323906697076,0.00009963675472285739,0.0009495867417459357,0.0007270179032171001,0,0,0,2,0.001397,0,0,0
641346891,1,0.025833490931739533,0.22859143292419432,0,0,0.004,-0.16202467622070937,0.0009542151448448388,-0.06237678331124563,0.005225674735134689,-0.048607837194670545,0.06877963390946906,-0.005719862002951867,-0.003924685812015399,-0.003663027541353344,-0.0407833851063244,-0.01414452200283049,-0.04367126369553423,0.000017767092744045236,0.00009939709620598794,-0.00001477575293993569,0.000744074558238436,0.000027128685488519377,0.0000029920310467998334,0.00009963611843165437,0.0009481526618822292,0.0006944784440395707,0,0,0,2,0.001397,0,0,0
641346895,1,0.04227044629618358,0.2182448937192819,0,0,0.004,-0.15341913723084621,0.00028839552347170727,-0.05621524625090757,0.005225674735134689,-0.048607837194670545,0.06877963390946906,-0.005839822938819803,-0.004325561091989354,-0.0034193246807612057,-0.04084640510013094,-0.01414247128936466,-0.04369346676347169,0.0000177077962520659,0.00009970698439755967,-0.000014612788334772136,0.0007461011230805467,0.000027128367781983875,0.0000029936296677502503,0.0000996356145481258,0.000946722792397452,0.0006535768508958726,0,0,0,2,0.0014670000000000002,0,0,0
641346899,1,0.06278698883892958,0.18148959165177142,0,0,0.004,-0.12288399299058805,-0.0007193392066980886,-0.03459231878640168,0.005225674735134689,-0.048607837194670545,0.06877963390946906,-0.005936079367249746,-0.004942124397930486,-0.0031378852999396425,-0.04089676325735979,-0.014141189043639901,-0.0437069551394194,0.00001767106584603869,0.00009998727118881707,-0.000014487827413131735,0.0007481322987681128,0.00002712784041661555,0.0000029952281787480212,0.00009963526690535642,0.0009452967947230128,0.0005106485554856722,0,0,0,2,0.001397,0,0,0
641346903,1,0.06883607813634396,0.168989503614792,0,0,0.004,-0.11205207537162387,-0.00149018420663094,-0.027861274171300465,0.005225674735134689,-0.048607837194670545,0.06877963390946906,-0.00603041066711109,-0.0055463564377527955,-0.002862074706734511,-0.040942606668567604,-0.014140349940265268,-0.04371772678134452,0.00001764133300073887,0.00010019652412922174,-0.000014378907361049006,0.000750167688909372,0.00002712735780174663,0.0000029968266948660182,0.00009963503245087354,0.0009438746510283969,0.0004618941669691211,0,0,0,2,0.001397,0,0,0
641346907,1,0.0795757393282725,0.13769384661874454,0,0,0.004,-0.07884082354032529,-0.013496292633838003,-0.01925867295210182,0.005225674735134689,-0.048607837194670545,0.06877963390946906,-0.006101550052254574,-0.006287640857823096,-0.0025917803253934814,-0.04097498371397621,-0.01414481841383148,-0.04372511529020107,0.000017579209454993255,0.00010029690128147079,-0.000014196087422115051,0.0007522070792182075,0.000027126792469819378,0.0000029984251536074052,0.00009963488731080266,0.0009424561465255966,0.00032909383112421706,0,0,0,2,0.003353,0,0,0
641346911,1,0.08372556711518268,0.11101534237594161,0,0,0.004,-0.03819087900601259,-0.025264770187817587,-0.023381103705414574,0.005225674735134689,-0.048607837194670545,0.06877963390946906,-0.006171266649695187,-0.0070354048782126245,-0.0023268918316792725,-0.040990980475002374,-0.014154615673242577,-0.04373434686650424,0.000017498997896526097,0.00010021580986627557,-0.000013977952892349499,0.0007542500529018612,0.000027126206435141046,0.0000030000235779679773,0.00009963478548027291,0.00094104112434143,0.00020566099726991428,0,0,0,3,0.001397,0,0,0
641346915,1,0.08437968133836266,0.10213632723831587,0,0,0.004,-0.008375950272749177,-0.027759451376060396,-0.03468219441078446,0.005225674735134689,-0.048607837194670545,0.06877963390946906,-0.006239588915186989,-0.007757560973834045,-0.002035343174758397,-0.040994957738832244,-0.014165839262635687,-0.043748304216554915,0.000017436659194264638,0.000100018773352272,-0.000013804471889362797,0.0007562962530992752,0.000027125718638489806,0.0000030016220240789113,0.00009963468774372123,0.0009396295911986927,0.00018082470153466876,0,0,0,2,0.001885,0,0,0
641346919,1,0.07465670579963085,0.09524969895766994,0,0,0.004,0.028613583218249472,-0.03664795316172975,-0.03462586856839067,0.005225674735134689,-0.048607837194670545,0.06877963390946906,-0.006317197379729271,-0.008326789570858917,-0.0017709307796965731,-0.04098406626053689,-0.014181145906403654,-0.04376240593148629,0.000017371849874511668,0.00009980695885629636,-0.000013630428566013591,0.0007583455823194916,0.00002712531894530251,0.000003003220450863167,0.00009963458362859989,0.0009382214195981223,0.00023188826239022934,0,0,0,2,0.001466,0,0,0
641346923,1,0.07132810210333242,0.09614312768179005,0,0,0.004,0.04078398891060475,-0.03963167089739561,-0.034458727198236616,0.005225674735134689,-0.048607837194670545,0.06877963390946906,-0.006393253674980707,-0.008884633595943292,-0.0015118066325359857,-0.040968308023850236,-0.014197803235611888,-0.04377648743354022,0.000017320239466371452,0.00009964666922007489,-0.000013502793233488989,0.000760397983938239,0.000027125083272970867,0.000003004818933840614,0.00009963446738650161,0.0009368167214549373,0.00026597464449687073,0,0,0,2,0.001397,0,0,0
641346927,1,0.053249153268076777,0.12818302005254634,0,0,0.004,0.10742496233018473,0.0028894440255518017,-0.06370717069666831,0.005225674735134689,-0.048607837194670545,0.06877963390946906,-0.006446483555606481,-0.009175657275878372,-0.001268517612678927,-0.04092525951854765,-0.014198226583933625,-0.043802862945196065,0.00001740969736355199,0.00009940482424746939,-0.000013361458342076564,0.000762453363399188,0.000027124990750364263,0.0000030064173681589246,0.00009963432813217348,0.0009354152866595439,0.000499713117964183,0,0,0,2,0.0014670000000000002,0,0,0
641346931,1,0.042293999119416795,0.1547477295222399,0,0,0.004,0.11909197882708733,0.04011238374628978,-0.08601816216533109,0.005225674735134689,-0.048607837194670545,0.06877963390946906,-0.006594522637862593,-0.009311723461170315,-0.0010194417288586924,-0.040877203434214596,-0.014183841436912687,-0.043838375514004865,0.000017576010428906906,0.00009929393681399321,-0.000013183443194256716,0.0007645111728799191,0.00002712511319203079,0.0000030080159052721244,0.00009963410938245554,0.0009340173933521061,0.0006091440154585741,0,0,0,2,0.001466,0,0,0
641346935,1,0.037518826896600965,0.07069000910207353,0,0,0.004,0.0849358513325037,0.017078996682083125,-0.009742563049831787,0.005225674735134689,-0.048607837194670545,0.06877963390946906,-0.006846127382076751,-0.009285278657351662,-0.0008073052957958133,-0.040842831097649496,-0.014178134091150573,-0.04384284228582168,0.000017629919103795903,0.00009904809145485808,-0.000013145756191635284,0.0007665729932751603,0.000027124990884037975,0.000003009614463481635,0.00009963398251486833,0.0009326230368268674,0.0003487281693015057,0,0,0,2,0.003212,0,0,0
641346959,1,0.04010226442585877,0.09076433263754335,0,0,0.024,0.07801790948837595,0.015016831963552746,0.12678176428202903,0.005225674735134689,-0.048607837194670545,0.06877963390946906,-0.007082047387046309,-0.008939783418799873,-0.0005568010139529241,-0.04051005135943596,-0.014124794334556268,-0.04332308277009411,0.000018651176870499974,0.00009469935621139065,-0.00001323736708406544,0.0007789890790591824,0.000046853244611000645,0.000003034312480148456,0.0000996312751966004,0.0009270074918263527,0.003590861617193046,0,0,0,2,0.001956,0,0,0
641346963,1,0.043949201130484644,0.12852560638300586,0,0,0.004,0.07524957336888427,0.011629499706463986,0.16734899639157952,0.005225674735134689,-0.048607837194670545,0.06877963390946906,-0.0073132489919164765,-0.008601198085019121,-0.0003113068177468927,-0.04046834698554311,-0.014119589573077214,-0.043234345870556884,0.000018893571517777582,0.00009379456100817236,-0.000013280393683128606,0.0007810540121673979,0.000036309419918764244,0.0000030360854441557153,0.00009962933045484246,0.0009242009240036827,0.0007354283665879704,0,0,0,2,0.0014670000000000002,0,0,0
641346967,1,0.03969336454467371,0.12250786442876103,0,0,0.004,0.0855519789039133,-0.0010321434216312708,0.1561602961884887,0.005225674735134689,-0.048607837194670545,0.06877963390946906,-0.007465258054167021,-0.00832264767971557,-0.00007072250546498186,-0.04042745426933181,-0.014121146582120641,-0.043162230181808085,0.00001918408101482371,0.00009333289151547534,-0.000013439948315156954,0.0007831237270913792,0.00003170968876823966,0.000003037870123706922,0.00009962753561907709,0.0009222100367511143,0.0007122498945745935,0,0,0,2,0.001956,0,0,0
641346971,1,0.03490288403243837,0.1207217299210612,0,0,0.004,0.07125453319377906,-0.0008438068012921462,0.15910435868476291,0.005225674735134689,-0.048607837194670545,0.06877963390946906,-0.007582269002091605,-0.008198805303562526,0.0002076606980125586,-0.04039563931725624,-0.014122302274435167,-0.043093896957581784,0.000019415525288414064,0.00009281123181602158,-0.000013544161326526371,0.0007851959020860294,0.00002948811636033866,0.00000303963634979789,0.00009962566990652643,0.0009205473083946212,0.0006973334062047618,0,0,0,2,0.001397,0,0,0
641346975,1,0.033482418099417655,0.1861216921715461,0,0,0.004,0.03746055815991789,0.014929611385648633,0.22987878893961877,0.005225674735134689,-0.048607837194670545,0.06877963390946906,-0.007633023864895795,-0.00822657679597698,0.0005124341705014991,-0.04037844953592101,-0.014116267779066558,-0.04299867360218809,0.000019521649014517308,0.00009153272207687276,-0.000013476468619672819,0.0007872640807205079,0.000028362953037421605,0.0000030413757422910355,0.00009962310020950017,0.0009190374766190599,0.0009335561627936468,0,0,0,3,0.001396,0,0,0
641346979,1,0.038341993846874346,0.2380157662369863,0,0,0.004,0.03462687471422421,0.02974948832850377,0.2812141417608167,0.005225674735134689,-0.048607837194670545,0.06877963390946906,-0.007565584542480415,-0.008424235168308217,0.0008324174622612946,-0.0403622519679022,-0.014104238301499466,-0.042884713438214254,0.00001951268372280974,0.0000901863203755112,-0.000013330781414655524,0.0007893236881280558,0.000027779689725021725,0.000003043087783304668,0.00009961937898759998,0.0009176047574404874,0.0011395820008024353,0,0,0,2,0.001397,0,0,0
641346983,1,0.041166159228282526,0.25378030440028737,0,0,0.004,0.03444112121984855,0.03418585351966841,0.2965989757159857,0.005225674735134689,-0.048607837194670545,0.06877963390946906,-0.007499494006513343,-0.008617940373192828,0.0011460010881858941,-0.04034615929387706,-0.014090566782935307,-0.04276602290345125,0.00001950464529860396,0.00008904192465290136,-0.000013195761738577133,0.0007913742429375626,0.00002747370183037629,0.0000030447753376472766,0.00009961446485704245,0.0009162132795121884,0.0012021701430830524,0,0,0,2,0.003282,0,0,0
641346987,1,0.057181180082579636,0.22172215931269024,0,0,0.004,0.05120472084389127,0.03274494981970477,0.264167496107488,0.005225674735134689,-0.048607837194670545,0.06877963390946906,-0.007360156770743392,-0.009074087582987672,0.0014852709746729525,-0.040323701652744987,-0.014077861960189527,-0.042661242849495906,0.000019495726601975177,0.00008858283004143107,-0.000013134909578638323,0.0007934218693098452,0.000027311813264560387,0.000003046442329214299,0.00009960896969222852,0.0009148452086993109,0.001084277611500638,0,0,0,2,0.000978,0,0,0
641346991,1,0.07296804888013121,0.19412416717390518,0,0,0.004,0.05314690780128828,0.048945502091781834,0.2340430859178273,0.005225674735134689,-0.048607837194670545,0.06877963390946906,-0.007180995702247573,-0.009691554158351691,0.001828408107790587,-0.04030051485736655,-0.014058869492274882,-0.04256893895156778,0.000019154889417969175,0.00008836660520735966,-0.000013010693665807605,0.0007954713913971402,0.000027225622472784873,0.0000030480928037426577,0.00009960337348302173,0.0009134914668771245,0.0009797666828366414,0,0,0,2,0.0029330000000000003,0,0,0
641346995,1,0.08895157686847088,0.2007104696555599,0,0,0.004,0.04969488050624293,0.04619646832111812,0.24133146755395352,0.005225674735134689,-0.048607837194670545,0.06877963390946906,-0.006941501988959769,-0.010456461067613183,0.0021966404313268195,-0.04027872643469658,-0.01404097368180224,-0.04247401878863505,0.000019008189779521706,0.00008804692794788729,-0.000012917525256759604,0.0007975220475111263,0.00002717982765180128,0.000003049730401065425,0.00009959760175177896,0.0009121472087988737,0.0010027527876051506,0,0,0,2,0.0014670000000000002,0,0,0
641346999,1,0.10265025872825247,0.1961696914809283,0,0,0.004,0.054262320207265624,0.06136897146524922,0.23329559450834658,0.005225674735134689,-0.048607837194670545,0.06877963390946906,-0.006674840216856771,-0.011344554215373564,0.0025681607527526444,-0.04025499233391141,-0.014017216435679743,-0.04238256120026785,0.000018621042389162774,0.00008787604086662827,-0.000012781184895648552,0.000799574904328307,0.00002715533572132668,0.000003051358074117773,0.00009959176073504138,0.0009108098823510796,0.0009890390040436729,0,0,0,2,0.0018160000000000001,0,0,0
641347003,1,0.10610595305090392,0.19550791852806737,0,0,0.004,0.057288068134943915,0.06633360589230852,0.23096460075130487,0.005225674735134689,-0.048607837194670545,0.06877963390946906,-0.006413511680195832,-0.01221488550017874,0.0029322506677499525,-0.04023003275530504,-0.013991602826868562,-0.04229223302464011,0.00001826450202359169,0.00008775908584310244,-0.00001265787570222701,0.0008016302161354536,0.000027142211302902667,0.0000030529782574268254,0.00009958587570165846,0.0009094781194627108,0.0009881434456314104,0,0,0,2,0.001397,0,0,0
641347007,1,0.11046566897467824,0.15340184411074798,0,0,0.004,0.09324600569638908,0.05785521746923683,0.18005875600004195,0.005225674735134689,-0.048607837194670545,0.06877963390946906,-0.006125451781187161,-0.013131726025449713,0.003267753495726681,-0.040191413882272826,-0.013969946986938464,-0.04222231065198152,0.000017967445835372102,0.00008855174800270532,-0.000012757925457026485,0.0008036948129527626,0.000027134686939249226,0.0000030545927617701137,0.00009958061401594543,0.0009081511265431458,0.0008434519488770073,0,0,0,2,0.0014670000000000002,0,0,0
641347011,1,0.10996176066521196,0.14929981167976344,0,0,0.004,0.15039833105061562,0.05953925170355323,0.1318300710652558,0.005225674735134689,-0.048607837194670545,0.06877963390946906,-0.005843153080158663,-0.014008924451494632,0.0036071989115041914,-0.04013072569800203,-0.013948547194469032,-0.042171854189481724,0.00001752064709379732,0.00009038365626205698,-0.00001307697457843764,0.0008057722352636991,0.00002713031157816771,0.0000030562029782699673,0.00009957631577180504,0.0009068282758869031,0.0008346855514580329,0,0,0,2,0.001466,0,0,0
641347015,1,0.10597249571906403,0.1550439519801467,0,0,0.004,0.1620299770606065,0.08378199633436112,0.1073956696713445,0.005225674735134689,-0.048607837194670545,0.06877963390946906,-0.005566500353150735,-0.014815315687217069,0.003950508063326468,-0.04006540153442963,-0.013917888499322332,-0.042131180394223526,0.000016710444321128343,0.00009207214301831157,-0.000013176219970366706,0.0008078607382271497,0.000027127777245498197,0.0000030578101188808904,0.00009957280388995305,0.0009055094047702501,0.0008467062417645273,0,0,0,2,0.003771,0,0,0
641347019,1,0.09798559618528235,0.1408342572727109,0,0,0.004,0.14388697717100507,0.10516179249539859,0.06884019760548732,0.005225674735134689,-0.048607837194670545,0.06877963390946906,-0.005284728036322649,-0.015531010587702837,0.004223035165950398,-0.04000722028322621,-0.013878721891006283,-0.04210556854683066,0.00001562337248720189,0.00009340342485827051,-0.000012946477201738595,0.000809959772601191,0.000027125966938923372,0.0000030594150759707426,0.00009957001799857119,0.0009041946711204737,0.0007642139763874215,0,0,0,2,0.001466,0,0,0
641347023,1,0.09503921970426567,0.14249763097720583,0,0,0.004,0.14186191653034064,0.11227061263708682,0.05752914478764559,0.005225674735134689,-0.048607837194670545,0.06877963390946906,-0.005008591165831125,-0.01623239159017889,0.004490111726521849,-0.039949886337191334,-0.013836837418984895,-0.042084417541710155,0.000014677705131937459,0.00009445953464165877,-0.000012684053977989476,0.0008120666162460621,0.000027124825695294313,0.0000030610184040769244,0.00009956768862363757,0.000902884004197778,0.000759358638047304,0,0,0,2,0.0018160000000000001,0,0,0
641347027,1,0.08459132608327202,0.15441969443805806,0,0,0.004,0.16064500454283148,0.10697442037982952,0.020704227256823415,0.005225674735134689,-0.048607837194670545,0.06877963390946906,-0.004769934965830382,-0.016802565884641938,0.004709236178440605,-0.0398856515364779,-0.013797416765690332,-0.042077810090871054,0.000013775430294198374,0.00009580627722613003,-0.000012673450624201996,0.0008141815915626799,0.00002712407333821759,0.000003062620500219626,0.00009956584172351398,0.0009015773002799176,0.000776443266455125,0,0,0,2,0.0014670000000000002,0,0,0
641347031,1,0.07453680876423452,0.15441954777945896,0,0,0.004,0.16735987667289498,0.0880598624440243,-0.0006330997079508904,0.005225674735134689,-0.048607837194670545,0.06877963390946906,-0.004568009822910605,-0.017276115538333185,0.004902672852600351,-0.03981932025654917,-0.013765557374224182,-0.04207955309016184,0.00001309415075578811,0.00009709276153315099,-0.000012929511780874101,0.0008163043164111603,0.00002712395860909837,0.0000030642217440954953,0.0000995644362488853,0.0009002745252956029,0.0007564577292498748,0,0,0,2,0.0014670000000000002,0,0,0
641347035,1,0.06451799898834029,0.1223109463117011,0,0,0.004,0.13796923820374707,0.05122925588598459,-0.018104081245923,0.005225674735134689,-0.048607837194670545,0.06877963390946906,-0.0043807758272095395,-0.017654973044068073,0.005049630215835634,-0.03976515301549872,-0.013747670970789735,-0.0420877968651748,0.000012666125851215983,0.00009809185928633318,-0.000013345422453309717,0.0008184351018572164,0.000027123506763892877,0.000003065822480406439,0.00009956349861392139,0.0008989758722059236,0.0005931300714941096,0,0,0,2,0.001396,0,0,0
641347039,1,0.05567965288502332,0.12037682486090123,0,0,0.004,0.11807199851737715,0.08249067559125867,-0.016775693120031576,0.005225674735134689,-0.048607837194670545,0.06877963390946906,-0.004229244444503447,-0.017951684889166045,0.005182995787445895,-0.03971833535590139,-0.01371739134969233,-0.042095427518312314,0.000012239930959370714,0.00009874211478601779,-0.000013136339428353118,0.0008205702888062336,0.000027123145928912628,0.0000030674227323945805,0.00009956267583002852,0.0008976813418889858,0.0005800294099170802,0,0,0,2,0.0009069999999999999,0,0,0
641347043,1,0.052790212720338237,0.12284406008429237,0,0,0.004,0.1131958723666826,0.09216670404124683,-0.016286789475897123,0.005225674735134689,-0.048607837194670545,0.06877963390946906,-0.004080743689451476,-0.01824246249736206,0.00531369404762395,-0.03967333329982415,-0.01368334178962372,-0.04210284556378808,0.000011901830161548384,0.00009921006542967351,-0.000012831611067249946,0.0008227086784002853,0.000027122864360816654,0.0000030690226195184864,0.00009956185364830854,0.0008963908439669816,0.0005875136269549946,0,0,0,2,0.0032830000000000003,0,0,0
641347047,1,0.05248498380474428,0.16091644901308505,0,0,0.004,0.08150260296345702,0.12391085588030004,-0.06716617561452409,0.005225674735134689,-0.048607837194670545,0.06877963390946906,-0.003945865593860862,-0.018538077197754466,0.005452430986958761,-0.03964060857136838,-0.01363668495846348,-0.042129767965728704,0.000011239420552920771,0.00010008182534490197,-0.000012020698819227333,0.0008248484189134568,0.00002712257298687644,0.000003070622282974207,0.00009956084991265542,0.0008951045940964932,0.0006512495023136799,0,0,0,3,0.000978,0,0,0
641347051,1,0.060672640596887574,0.1901990618375855,0,0,0.004,0.04247745838466144,0.1319569346459467,-0.10676678246640847,0.005225674735134689,-0.048607837194670545,0.06877963390946906,-0.0038669482819836446,-0.01896626398082315,0.005588393187506875,-0.03962320979667705,-0.013586492562801466,-0.042171660181827254,0.000010428478836906684,0.000101149127646669,-0.000011018183271218836,0.0008269880532229164,0.000027122180271676678,0.0000030722218331225935,0.00009955952317827422,0.0008938227519387624,0.0006998984258899821,0,0,0,1,0.001466,0,0,0
641347055,1,0.06691192061023939,0.14189357920644075,0,0,0.004,0.01018090000042804,0.11605099144049191,-0.05231304151348404,0.005225674735134689,-0.048607837194670545,0.06877963390946906,-0.0038109146050646055,-0.01944980289439236,0.00571098349968371,-0.039618068484179564,-0.01354196198382815,-0.04219216890690117,0.000010257994020982367,0.00010156819196704798,-0.000010115103090396582,0.0008291297084512977,0.00002712167780567654,0.0000030738213122491386,0.00009955808893731302,0.0008925451389726829,0.0005108132754975164,0,0,0,2,0.0014670000000000002,0,0,0
641347059,1,0.06827062470214477,0.1411648466536442,0,0,0.004,-0.028354502334317466,0.13721401217990825,0.020225012966720968,0.005225674735134689,-0.048607837194670545,0.06877963390946906,-0.003798612179125215,-0.019923671029690185,0.005820469361256692,-0.03962685168952071,-0.013488673229076398,-0.04218440645305568,0.000010839453234228652,0.00010151205246439822,-0.000008943195027931907,0.0008312733812704321,0.000027121348980517444,0.000003075420707964685,0.00009955655790445331,0.0008912715888774187,0.0005662609164071115,0,0,0,2,0.001397,0,0,0
641347063,1,0.06838746030132353,0.1498779528231684,0,0,0.004,-0.038611948277985864,0.14349545898516813,0.04211619716797266,0.005225674735134689,-0.048607837194670545,0.06877963390946906,-0.003786555801704612,-0.020388061802282052,0.005927765505598214,-0.03963927628363305,-0.013432864965459321,-0.04216815690928338,0.000011478766171223493,0.00010138243200299528,-0.000007929623639000106,0.0008334184952182911,0.000027121192105862657,0.000003077019985083236,0.00009955487608388028,0.0008900019559825088,0.0006178103704286937,0,0,0,2,0.001956,0,0,0
641347067,1,0.06715348144188064,0.14718837249678887,0,0,0.004,0.007442153811944907,0.15718577814640322,0.022663289373964446,0.005225674735134689,-0.048607837194670545,0.06877963390946906,-0.0038066984849133723,-0.02082185947070145,0.006054221015773539,-0.039633964310736416,-0.013372591465673364,-0.04215983498825024,0.000011740814830988769,0.00010131899828359963,-0.000007594079400834589,0.0008355639857570922,0.00002712125372265172,0.0000030786190137125956,0.00009955293858680678,0.000888735938411789,0.0006359418739488569,0,0,0,2,0.0018160000000000001,0,0,0
641347071,1,0.05834395249571558,0.166821069431902,0,0,0.004,0.0763359114233636,0.17056764926755486,-0.0021283967281906513,0.005225674735134689,-0.048607837194670545,0.06877963390946906,-0.003890354180619859,-0.021119149453428656,0.006167494771385042,-0.03960226869471398,-0.013308329945737865,-0.04216167824406028,0.000011643127430570074,0.00010135551868563145,-0.000008044621755156834,0.0008377093395682268,0.000027121492519415144,0.000003080217804156637,0.0000995506945250688,0.0008874732106260468,0.0007475295250048955,0,0,0,2,0.003422,0,0,0
641347075,1,0.042594780405237315,0.1892072451982087,0,0,0.004,0.11308807630242002,0.18825237585519694,0.041304972784889316,0.005225674735134689,-0.048607837194670545,0.06877963390946906,-0.00399364205113285,-0.02118678810493466,0.0062998083406049475,-0.039555905562342564,-0.013237863840779745,-0.04214725019979473,0.000012069532276928648,0.00010124647820589701,-0.000008714488859970623,0.0008398533140547988,0.000027121928091907397,0.00000308181651018419,0.00009954803339823519,0.0008862135315892325,0.0008938364127169468,0,0,0,1,0.0014670000000000002,0,0,0
641347079,1,0.0246230283856814,0.20450542274127875,0,0,0.004,0.12545956859264906,0.17712635339483263,0.13106774297548185,0.005225674735134689,-0.048607837194670545,0.06877963390946906,-0.0041161694529562145,-0.02093349465260104,0.006408170349719822,-0.039504220360123826,-0.013171797801384291,-0.04209859856403272,0.000013538459201050433,0.00010070890735500932,-0.000009387661823632991,0.0008419958462641752,0.00002712223566890106,0.000003083415260700051,0.00009954496025419712,0.0008849567473986456,0.0010142394326161193,0,0,0,2,0.001397,0,0,0
641347083,1,0.023411083180967258,0.21699041705687708,0,0,0.004,0.1303601941452427,0.17358029194017177,0.15808438918006473,0.005225674735134689,-0.048607837194670545,0.06877963390946906,-0.004236246306743113,-0.020685267069314093,0.006514365118652398,-0.03945052788615276,-0.013107205912578418,-0.042039747359166865,0.000014980007000630643,0.00010013372770632488,-0.00000993866644509479,0.0008441357132319081,0.000027122462005406533,0.00000308501405524585,0.00009954136083907622,0.0008837029646190758,0.0010741662595338194,0,0,0,2,0.001886,0,0,0
641347087,1,0.029408365018056454,0.24162584830235984,0,0,0.004,0.1787317419144282,0.14765176948997338,0.18722001571332036,0.005225674735134689,-0.048607837194670545,0.06877963390946906,-0.004321963690373322,-0.020154382639964327,0.006554520126044421,-0.039378565066955626,-0.013053267208081556,-0.041970273050199666,0.000016588909657744202,0.00009976414701736718,-0.000011176761669843417,0.000846273809721799,0.000027122682153126072,0.000003086612795240753,0.00009953732167680523,0.0008824520514078098,0.0011919558037778544,0,0,0,2,0.001885,0,0,0
641347091,1,0.046879070078103914,0.2820783831183682,0,0,0.004,0.23821896811380383,0.135304454843313,0.200373140994893,0.005225674735134689,-0.048607837194670545,0.06877963390946906,-0.004384661437610292,-0.019421063011995213,0.006593872033288603,-0.039284107231561595,-0.013004968031810274,-0.04189642811656867,0.000018044103440222495,0.00009986071001707416,-0.000012966456181734065,0.0008484101709729622,0.000027123235961853753,0.0000030882114544354518,0.0000995328466530496,0.0008812039262284974,0.001357674293204734,0,0,0,2,0.001886,0,0,0
641347095,1,0.06312165329042417,0.3224957133203368,0,0,0.004,0.26313833672476883,0.1317221077305235,0.24139986036372818,0.005225674735134689,-0.048607837194670545,0.06877963390946906,-0.004414147296821573,-0.018531967466820412,0.006611131613667269,-0.039179988234290565,-0.012958401282385566,-0.04180730162363195,0.0000196648982399785,0.00009965664793331267,-0.00001461506441298758,0.0008505413189365205,0.000027124432328115473,0.0000030898101409233036,0.00009952761303874626,0.000879958671804344,0.0015224527079834142,0,0,0,2,0.0014670000000000002,0,0,0
641347099,1,0.07081315986311874,0.3499298914400781,0,0,0.004,0.24522158261726357,0.09308530496391909,0.3132453046032069,0.005225674735134689,-0.048607837194670545,0.06877963390946906,-0.004432390794488311,-0.017607390610747523,0.006574782780636776,-0.03908273090266599,-0.012926202052401588,-0.04169074009201982,0.00002223985127558544,0.00009814568214917694,-0.00001617352617224891,0.000852662673145928,0.000027126473683657545,0.000003091409005971234,0.00009952119861672673,0.0008787165280163244,0.0016342392453370937,0,0,0,3,0.003352,0,0,0
641347103,1,0.07256635450833968,0.36112950611070566,0,0,0.004,0.239180072263121,0.08123714797372317,0.3346761818773878,0.005225674735134689,-0.048607837194670545,0.06877963390946906,-0.004450269422201714,-0.01670130529179609,0.0065391609242668935,-0.03898787796626325,-0.01289841231724172,-0.041566136538556626,0.000024555638971089687,0.00009654256009278369,-0.000017432025918798996,0.000854772514656951,0.000027128376877165603,0.0000030930079334677534,0.0000995134479799423,0.0008774777409755086,0.001677210674398289,0,0,0,2,0.001956,0,0,0
641347107,1,0.08187185733524774,0.39471152649352004,0,0,0.004,0.25955097904737945,0.08124678722617462,0.36187607996711435,0.005225674735134689,-0.048607837194670545,0.06877963390946906,-0.0043399587450370465,-0.015674857302539567,0.0064403356388625065,-0.03888520982622297,-0.012870907914985241,-0.04143159557919218,0.00002651662657408084,0.00009524614099387226,-0.00001854063097808381,0.0008568678513471773,0.0000271305414595085,0.0000030946068217368298,0.00009950408977646603,0.0008762423810524507,0.0018107326623724171,0,0,0,2,0.0014670000000000002,0,0,0
641347111,1,0.07931359261430075,0.38831406262345436,0,0,0.004,0.2670375944226495,0.111278539069108,0.34006513917950976,0.005225674735134689,-0.048607837194670545,0.06877963390946906,-0.0041892437039744036,-0.014743506783590392,0.006322181570445573,-0.03877963088032442,-0.012832211011296573,-0.04130562717983602,0.000027084757942276094,0.00009482491522236892,-0.000018843860844999267,0.0008589535144299721,0.000027131993796679025,0.0000030962056773591994,0.00009949358181522613,0.000875010645094969,0.0017858837094394241,0,0,0,2,0.001885,0,0,0
641347115,1,0.06988152520235147,0.38550986344122623,0,0,0.004,0.2352038329390651,0.15201384368760995,0.3429657383140441,0.005225674735134689,-0.048607837194670545,0.06877963390946906,-0.004084153541174282,-0.013947962362983686,0.006153127361595394,-0.03868561854190134,-0.012777697169486672,-0.04117851065556608,0.000026559105262888674,0.0000936564068691576,-0.000017961026238595735,0.0008610286884353875,0.00002713270299384246,0.000003097804599538973,0.00009948185601197446,0.0008737827723812312,0.0017711219014362896,0,0,0,2,0.0014670000000000002,0,0,0
641347119,1,0.059771288671022285,0.4204960524182123,0,0,0.004,0.16194039776021774,0.12047981130338437,0.4293279712006335,0.005225674735134689,-0.048607837194670545,0.06877963390946906,-0.003927901959828578,-0.013285507918752602,0.005934191015120633,-0.038619057760839036,-0.01273394220507297,-0.04101822438664836,0.000027834185497712776,0.00008923105553710676,-0.00001719351019882378,0.000863080782052703,0.00002713382524608453,0.0000030994037743124783,0.00009946775541382305,0.0008725590026325238,0.0018976304559684474,0,0,0,3,0.0014670000000000002,0,0,0
641347123,1,0.05647687882915393,0.43658991362123767,0,0,0.004,0.13961155201801012,0.11120702813932126,0.4550712456132935,0.005225674735134689,-0.048607837194670545,0.06877963390946906,-0.0037747754101097875,-0.01263630256340614,0.005719633395575368,-0.03856090472729211,-0.012693369734450306,-0.040848253871557064,0.000029283977647821484,0.00008486634038766087,-0.000016565899440174106,0.000865109528514827,0.000027135063050265624,0.0000031010029663530857,0.00009945126982116153,0.0008713394017547094,0.0019552932348821414,0,0,0,3,0.001397,0,0,0
641347127,1,0.0435857404295324,0.3857333927600019,0,0,0.004,0.1366405741973329,0.054650765504205445,0.41222533213771584,0.005225674735134689,-0.048607837194670545,0.06877963390946906,-0.0035288375921425203,-0.012245092135453895,0.005445451062259106,-0.03850514765950492,-0.012674145466582453,-0.040694518553148304,0.000031645564432864894,0.0000822409456255636,-0.000016995236655387075,0.000867134965511036,0.00002713517405543892,0.0000031026021820961317,0.00009943426010300453,0.0008701239784399066,0.00175082644322376,0,0,0,3,0.001397,0,0,0
641347131,1,0.03750046157173704,0.32247946428649626,0,0,0.004,0.14381258237193795,0.023555737985426983,0.34577423206390456,0.005225674735134689,-0.048607837194670545,0.06877963390946906,-0.003234555308733014,-0.011968232359663867,0.005187405019969487,-0.038447814065642,-0.012666823555778497,-0.04056597823925976,0.00003378804245978909,0.00008150277576840165,-0.000017830605058556362,0.000869176062441668,0.000027133955520028134,0.0000031042013537961034,0.00009941847348983607,0.000868912634524046,0.0015009157268809276,0,0,0,2,0.003282,0,0,0
641347135,1,0.035309628117511,0.2979340609472335,0,0,0.004,0.06909231098983581,-0.001813418915852516,0.3372878232209455,0.005225674735134689,-0.048607837194670545,0.06877963390946906,-0.002892895449190113,-0.011878004733515028,0.00493451989852566,-0.03841899450521742,-0.012667937418096211,-0.04044006744969486,0.00003606606625257451,0.00007877478886484511,-0.000018309652262241747,0.000871231488005471,0.000027132247618910823,0.0000031058007075641334,0.00009940377876631322,0.0008677054830754665,0.001377186184183994,0,0,0,2,0.0014670000000000002,0,0,0
641347139,1,0.04461767245221984,0.3447063689324404,0,0,0.004,-0.04618602657044346,-0.03285635499205297,0.37263904655370794,0.005225674735134689,-0.048607837194670545,0.06877963390946906,-0.0024515423432349007,-0.011938718680933602,0.004665387190790076,-0.03843346135201272,-0.01267892100900284,-0.04029998640035235,0.00003881242036607503,0.00007291612411482845,-0.000018489644432236563,0.0008732896229362351,0.0000271310663845913,0.000003107400312666655,0.0000993891037647677,0.0008665027164834646,0.0015077004908412603,0,0,0,2,0.0014670000000000002,0,0,0
641347143,1,0.04800975243322319,0.36558228466063153,0,0,0.004,-0.08012925352743183,-0.04126189198466723,0.38315043460887743,0.005225674735134689,-0.048607837194670545,0.06877963390946906,-0.002019016299398792,-0.011998218349403806,0.004401637137209203,-0.03846060772759216,-0.01269251317073694,-0.04015586407141479,0.00004108637983278615,0.00006752466813899943,-0.000018599168832848885,0.000875346997597622,0.000027130611211727324,0.0000031089998414250665,0.00009937413141526031,0.0008653042401322307,0.0015744332137857836,0,0,0,2,0.001886,0,0,0
641347147,1,0.057115764225751695,0.2972975699185864,0,0,0.004,-0.06367566913460454,-0.05203163598039007,0.31297352152388314,0.005225674735134689,-0.048607837194670545,0.06877963390946906,-0.0014886143328362365,-0.012195012401188724,0.004217730595222167,-0.03848234162315012,-0.012710449018456211,-0.04003829207005021,0.00004298813624359893,0.00006434914011203705,-0.00001874254283861115,0.0008774205714657914,0.000027129138952994297,0.0000031105991727662805,0.0000993604102587392,0.0008641097380738655,0.0012943836040840196,0,0,0,2,0.001886,0,0,0
641347151,1,0.06852947010389634,0.21834158102830584,0,0,0.004,-0.08598580250674903,-0.047411128235285926,0.21067962336919344,0.005225674735134689,-0.048607837194670545,0.06877963390946906,-0.0008942518950827132,-0.012526354948622066,0.004101418050236772,-0.038513175321931846,-0.012726491807918166,-0.03995883978500722,0.00004427301273394382,0.00006153399207469774,-0.000018855543186313337,0.0008795280957303004,0.000027126335105175763,0.000003112198447510368,0.00009934954687129438,0.000862918943530616,0.0009297507366278992,0,0,0,2,0.001885,0,0,0
641347155,1,0.09045591172236439,0.25903633037857465,0,0,0.004,-0.20628820622568256,-0.018808875088716426,0.12359088333405488,0.005225674735134689,-0.048607837194670545,0.06877963390946906,-0.0002691661286429927,-0.0132026079089972,0.004115263488474889,-0.03858905221264703,-0.012730313787458722,-0.039910888750414666,0.00004458362743981159,0.000056332739099249626,-0.00001913628678773307,0.0008816748663087137,0.000027123532722594286,0.0000031137979287419156,0.00009934284919753933,0.0008617318638591027,0.0009648486244231652,0,0,0,3,0.0009080000000000001,0,0,0
641347159,1,0.12707153093477278,0.3882581597828861,0,0,0.004,-0.34037125737473106,0.020178425118845822,0.13172484957496167,0.005225674735134689,-0.048607837194670545,0.06877963390946906,0.00035407056682825046,-0.01435535745073941,0.004277969038992681,-0.038713984312824044,-0.012717715227271227,-0.03985882937866881,0.0000439590348447012,0.00004974531626754739,-0.000019742981170239404,0.0008838460567676776,0.000027123124715416428,0.00000311539758831006,0.00009934072825209296,0.000860548748834442,0.0014621146203095219,0,0,0,3,0.002863,0,0,0
641347163,1,0.1380321041991698,0.4265670482757215,0,0,0.004,-0.3785753293863454,0.03299413368196702,0.13431141349454023,0.005225674735134689,-0.048607837194670545,0.06877963390946906,0.0009648425283900687,-0.015485052001646777,0.004437420478500117,-0.03885271081317998,-0.01269981929868971,-0.03980555351004523,0.00004326920163025005,0.000044314531554093117,-0.000020356444642344028,0.0008860334377397979,0.000027124112397874143,0.0000031169971301757046,0.00009933613655099314,0.00085936958935878,0.0016121908009776255,0,0,0,2,0.001886,0,0,0
641347167,1,0.188644340668971,0.46645971526425456,0,0,0.004,-0.4177160715867474,0.08950458314760046,0.11037168078715354,0.005225674735134689,-0.048607837194670545,0.06877963390946906,0.0016273149168825525,-0.017295227189316916,0.004753472554622159,-0.039005147110963236,-0.012660499878646687,-0.03976095921706744,0.00004184320245315103,0.00003937109624572221,-0.00002174094789529709,0.0008882344082496901,0.000027125732525334246,0.0000031185965232882477,0.0000993285863206653,0.0008581943605509772,0.001764900880099828,0,0,0,3,0.0009080000000000001,0,0,0
641347171,1,0.23917373595583968,0.4712881825833995,0,0,0.004,-0.42706306983410114,0.08025113597309652,0.0853527556479019,0.005225674735134689,-0.048607837194670545,0.06877963390946906,0.0022339272801639187,-0.019612483735609816,0.005191035321545564,-0.03916117356642816,-0.012624538143943547,-0.03972549707435093,0.000040895996580974435,0.00003516128504351455,-0.00002252481215360855,0.0008904471972928329,0.000027127333587179083,0.000003120195808260542,0.00009932594096697822,0.0008570229816550581,0.0017713642351037317,0,0,0,3,0.001397,0,0,0
641347175,1,0.29146187945583724,0.4856775150922211,0,0,0.004,-0.4351726904309392,0.12522189874302347,0.033276865870597305,0.005225674735134689,-0.048607837194670545,0.06877963390946906,0.0028923232623415595,-0.022416027368992703,0.0057689838541749375,-0.03931980711612717,-0.01257199625288087,-0.03970924780603648,0.00003949589044959014,0.00003075093662735185,-0.000024204220549266357,0.0008926707503044371,0.00002712859571324949,0.0000031217949312641217,0.000099323982429749,0.0008558553059305444,0.0018162076719312901,0,0,0,2,0.0029330000000000003,0,0,0
641347179,1,0.34556745700830666,0.49740208648336587,0,0,0.004,-0.4396136065475269,0.1523433186856208,0.06327066992162855,0.005225674735134689,-0.048607837194670545,0.06877963390946906,0.0034310248812724777,-0.025770700858246003,0.006409941926673942,-0.039479168299297936,-0.012509340947432392,-0.039681849463029044,0.000038407007732703665,0.000028409685386643136,-0.000026157257712919903,0.000894896968138935,0.000027130022765851354,0.0000031233939507773762,0.00009932198362881746,0.0008546914542199106,0.0018781769351462246,0,0,0,3,0.0014670000000000002,0,0,0
641347183,1,0.3595574523159127,0.49684877363979996,0,1,0.004,-0.43544302835323,0.16181159597966832,0.07298105899184293,0.005225674735134689,-0.048607837194670545,0.06877963390946906,0.003958952467824777,-0.029058280877714233,0.007038080837722967,-0.03963651985191565,-0.01244327748502794,-0.039650879804364,0.00003763921286762334,0.000027102645977213377,-0.000027883117435466974,0.0008971233579384264,0.000027131333486700143,0.0000031249928926615685,0.00009931972292987019,0.0008535314291749531,0.0018809353354392177,0,0,0,2,0.0014670000000000002,0,0,0
641347187,1,0.3831484830580994,0.3689850069619211,0,2,0.004,-0.2933511248903602,0.11460007695589891,0.16863952892057732,0.005225674735134689,-0.048607837194670545,0.06877963390946906,0.004636111168050785,-0.032557078050161344,0.007738878125433547,-0.039741035240802025,-0.01239641172837077,-0.039586057357164375,0.00003832468931417752,0.000030297095455880205,-0.000028890090137142172,0.0008993472171667928,0.000027129460463121443,0.000003126591423262445,0.0000993169684874418,0.0008523748529634712,0.0014289988149878469,0,0,0,2,0.003282,0,0,0
641347191,0,0.3905472352937547,0.2705833481346622,0,0,0.004,-0.21757779534136135,0.049126275846044454,0.12300617279352011,0.005225674735134689,-0.048607837194670545,0.06877963390946906,0.004636111168050785,-0.032557078050161344,0.007738878125433547,-0.039741035240802025,-0.01239641172837077,-0.039586057357164375,0.00003832468931417752,0.000030297095455880205,-0.000028890090137142172,0.0009016056214915429,0.00003722439261893267,0.0000031292872434861586,0.0000993169688874418,0.0008523748929634711,NaN,0,0,0,2,0.0014670000000000002,0,0,0
641347195,0,0.4009756141885888,0.20257758797581618,0,0,0.004,-0.15400252417457927,-0.04454865111755346,0.07028758535211566,0.005225674735134689,-0.048607837194670545,0.06877963390946906,0.004636111168050785,-0.032557078050161344,0.007738878125433547,-0.039741035240802025,-0.01239641172837077,-0.039586057357164375,0.00003832468931417752,0.000030297095455880205,-0.000028890090137142172,0.000903867203959291,0.000047345057190075865,0.0000031329871960499106,0.00009931696928744181,0.000852374932963471,NaN,0,0,0,2,0.001397,0,0,0
641347199,0,0.39060290198859743,0.21331603760608261,0,0,0.004,-0.09463108886630844,-0.1040381502569393,0.1602240976441962,0.005225674735134689,-0.048607837194670545,0.06877963390946906,0.004636111168050785,-0.032557078050161344,0.007738878125433547,-0.039741035240802025,-0.01239641172837077,-0.039586057357164375,0.00003832468931417752,0.000030297095455880205,-0.000028890090137142172,0.0009061319645700499,0.00005749284963613304,0.0000031380164418407574,0.00009931696968744182,0.000852374972963471,NaN,0,0,0,2,0.001466,0,0,0
641347203,0,0.3875112897452736,0.22298925992403493,0,0,0.004,-0.06469542356917368,-0.11881078903857822,0.18856796789303587,0.005225674735134689,-0.048607837194670545,0.06877963390946906,0.004636111168050785,-0.032557078050161344,0.007738878125433547,-0.039741035240802025,-0.01239641172837077,-0.039586057357164375,0.00003832468931417752,0.000030297095455880205,-0.000028890090137142172,0.0009083999033238325,0.00006766823776814895,0.000003144701737953812,0.00009931697008744182,0.000852375012963471,NaN,0,0,0,2,0.001466,0,0,0
641347207,0,0.36254114723171416,0.23512772781711502,0,0,0.004,0.002268307990278773,-0.028785835487698308,0.2698450213534507,0.005225674735134689,-0.048607837194670545,0.06877963390946906,0.004636111168050785,-0.032557078050161344,0.007738878125433547,-0.039741035240802025,-0.01239641172837077,-0.039586057357164375,0.00003832468931417752,0.000030297095455880205,-0.000028890090137142172,0.0009106710202206514,0.00007787158797174027,0.0000031533751289517,0.00009931697048744183,0.0008523750529634709,NaN,0,0,0,2,0.0014670000000000002,0,0,0
641347211,0,0.331259449183547,0.17274338570366932,0,0,0.004,0.030889559550231205,0.015672542554015623,0.21394951903982928,0.005225674735134689,-0.048607837194670545,0.06877963390946906,0.004636111168050785,-0.032557078050161344,0.007738878125433547,-0.039741035240802025,-0.01239641172837077,-0.039586057357164375,0.00003832468931417752,0.000030297095455880205,-0.000028890090137142172,0.0009129453152605195,0.00008810093935681668,0.0000031643612658545268,0.00009931697088744184,0.0008523750929634708,NaN,0,0,0,2,0.0014670000000000002,0,0,0
641347215,0,0.30668674216121544,0.061150553474062924,0,0,0.004,-0.02135428606553247,0.0012241785638372749,0.05287470215808554,0.005225674735134689,-0.048607837194670545,0.06877963390946906,0.004636111168050785,-0.032557078050161344,0.007738878125433547,-0.039741035240802025,-0.01239641172837077,-0.039586057357164375,0.00003832468931417752,0.000030297095455880205,-0.000028890090137142172,0.0009152227884434496,0.00009835432464992283,0.000003177990500864462,0.00009931697128744184,0.0008523751329634708,NaN,0,0,0,2,0.006286,0,0,0
641347219,0,0.28755748724655394,0.10078468625665091,0,0,0.004,-0.026196415788293237,0.023712480847497774,0.11902730865053535,0.005225674735134689,-0.048607837194670545,0.06877963390946906,0.004636111168050785,-0.032557078050161344,0.007738878125433547,-0.039741035240802025,-0.01239641172837077,-0.039586057357164375,0.00003832468931417752,0.000030297095455880205,-0.000028890090137142172,0.0009175034397694544,0.00010863800937193068,0.000003194593767914049,0.00009931697168744185,0.0008523751729634707,NaN,0,0,0,2,0.001397,0,0,0
641347223,0,0.281833398973797,0.11654524408653218,0,0,0.004,-0.023326568413646998,0.03187164370534623,0.13927074337340173,0.005225674735134689,-0.048607837194670545,0.06877963390946906,0.004636111168050785,-0.032557078050161344,0.007738878125433547,-0.039741035240802025,-0.01239641172837077,-0.039586057357164375,0.00003832468931417752,0.000030297095455880205,-0.000028890090137142172,0.0009197872692385469,0.00011895018176513738,0.0000032145042866546175,0.00009931697208744186,0.0008523752129634707,NaN,0,0,0,9,0.001397,0,0,0
641347227,0,0.2508596530644754,0.3169417968565436,0,0,0.004,0.11674886142134466,0.1335662152516507,0.32390971727961215,0.005225674735134689,-0.048607837194670545,0.06877963390946906,0.004636111168050785,-0.032557078050161344,0.007738878125433547,-0.039741035240802025,-0.01239641172837077,-0.039586057357164375,0.00003832468931417752,0.000030297095455880205,-0.000028890090137142172,0.0009220742768507398,0.0001292942836991516,0.0000032380564526436743,0.00009931697248744186,0.0008523752529634706,NaN,0,0,0,3,0.001397,0,0,0
641347231,0,0.22039081317419662,0.09872583196752253,0,0,0.004,0.07361969562235904,-0.00509733822017755,0.1314380358516658,0.005225674735134689,-0.048607837194670545,0.06877963390946906,0.004636111168050785,-0.032557078050161344,0.007738878125433547,-0.039741035240802025,-0.01239641172837077,-0.039586057357164375,0.00003832468931417752,0.000030297095455880205,-0.000028890090137142172,0.0009243644626060459,0.00013965862450435193,0.0000032655875008417298,0.00009931697288744187,0.0008523752929634706,NaN,0,0,0,2,0.001466,0,0,0
641347235,0,0.22922831042761005,0.23491854653982544,0,0,0.004,-0.07091408609565031,-0.16727776175863635,-0.06228338115237442,0.005225674735134689,-0.048607837194670545,0.06877963390946906,0.004636111168050785,-0.032557078050161344,0.007738878125433547,-0.039741035240802025,-0.01239641172837077,-0.039586057357164375,0.00003832468931417752,0.000030297095455880205,-0.000028890090137142172,0.000926657826504478,0.00015004439066105497,0.0000032974346166175545,0.00009931697328744187,0.0008523753329634705,NaN,0,0,0,2,0.0014670000000000002,0,0,0
641347259,0,0.23844934366427634,0.13462497261847367,0,0,0.024,0.03395469164754572,-0.03196168354029949,-0.08480723303655324,0.005225674735134689,-0.048607837194670545,0.06877963390946906,0.004636111168050785,-0.032557078050161344,0.007738878125433547,-0.039741035240802025,-0.01239641172837077,-0.039586057357164375,0.00003832468931417752,0.000030297095455880205,-0.000028890090137142172,0.0009404847509010817,0.00021290565208030593,0.000003588456088619877,0.00009931697568744187,0.0008523755729634706,NaN,0,0,0,2,0.0018160000000000001,0,0,0
641347263,0,0.24124333021467087,0.13936165295636427,0,0,0.004,0.08217561580723032,0.01695830857543046,-0.0899063469723238,0.005225674735134689,-0.048607837194670545,0.06877963390946906,0.004636111168050785,-0.032557078050161344,0.007738878125433547,-0.039741035240802025,-0.01239641172837077,-0.039586057357164375,0.00003832468931417752,0.000030297095455880205,-0.000028890090137142172,0.0009428003618015622,0.0002234773506320753,0.0000036550941861746872,0.00009931697608744188,0.0008523756129634705,NaN,0,0,0,2,0.003353,0,0,0
641347267,0,0.21992993590645593,0.13956692432775433,0,0,0.004,0.167668434491289,0.006041779837274053,0.09007269437985777,0.005225674735134689,-0.048607837194670545,0.06877963390946906,0.004636111168050785,-0.032557078050161344,0.007738878125433547,-0.039741035240802025,-0.01239641172837077,-0.039586057357164375,0.00003832468931417752,0.000030297095455880205,-0.000028890090137142172,0.0009451191508452711,0.00023408178050927158,0.0000037287768926999967,0.00009931697648744189,0.0008523756529634705,NaN,0,0,0,2,0.001396,0,0,0
641347271,0,0.21776295276872704,0.13000991633801143,0,0,0.004,0.13328466222970936,-0.05785969637942978,-0.008113390024268696,0.005225674735134689,-0.048607837194670545,0.06877963390946906,0.004636111168050785,-0.032557078050161344,0.007738878125433547,-0.039741035240802025,-0.01239641172837077,-0.039586057357164375,0.00003832468931417752,0.000030297095455880205,-0.000028890090137142172,0.0009474411180322212,0.0002447110301748532,0.0000038098544819600454,0.00009931697688744189,0.0008523756929634704,NaN,0,0,0,2,0.001466,0,0,0
641347275,0,0.21771367024576208,0.30784864231758025,0,0,0.004,0.18004104919961084,-0.1124791449681139,-0.19961061806809433,0.005225674735134689,-0.048607837194670545,0.06877963390946906,0.004636111168050785,-0.032557078050161344,0.007738878125433547,-0.039741035240802025,-0.01239641172837077,-0.039586057357164375,0.00003832468931417752,0.000030297095455880205,-0.000028890090137142172,0.0009497662633624253,0.00025536013434088086,0.0000038986753013696635,0.0000993169772874419,0.0008523757329634704,NaN,0,0,0,2,0.0014670000000000002,0,0,0
641347279,0,0.21919860022542784,0.3021315886080637,0,0,0.004,0.24770914691841805,-0.06681921570700333,-0.1587493365119368,0.005225674735134689,-0.048607837194670545,0.06877963390946906,0.004636111168050785,-0.032557078050161344,0.007738878125433547,-0.039741035240802025,-0.01239641172837077,-0.039586057357164375,0.00003832468931417752,0.000030297095455880205,-0.000028890090137142172,0.0009520945868358962,0.0002660402693130915,0.000003995586514239966,0.0000993169776874419,0.0008523757729634703,NaN,0,0,0,2,0.0014670000000000002,0,0,0
641347283,0,0.2196772359673,0.30786722998392835,0,0,0.004,0.27143035567517526,-0.051639682271604315,-0.14624568062449583,0.005225674735134689,-0.048607837194670545,0.06877963390946906,0.004636111168050785,-0.032557078050161344,0.007738878125433547,-0.039741035240802025,-0.01239641172837077,-0.039586057357164375,0.00003832468931417752,0.000030297095455880205,-0.000028890090137142172,0.0009544260884526467,0.0002767510737309931,0.000004100940113572482,0.00009931697808744191,0.0008523758129634702,NaN,0,0,0,2,0.001886,0,0,0
641347287,0,0.20948825019866654,0.24024037340056417,0,0,0.004,0.251740136742183,-0.04159776796519998,-0.04972206784861122,0.005225674735134689,-0.048607837194670545,0.06877963390946906,0.004636111168050785,-0.032557078050161344,0.007738878125433547,-0.039741035240802025,-0.01239641172837077,-0.039586057357164375,0.00003832468931417752,0.000030297095455880205,-0.000028890090137142172,0.0009567607682126895,0.0002874920045261561,0.000004215089449493323,0.00009931697848744192,0.0008523758529634702,NaN,0,0,0,2,0.001886,0,0,0
641347291,0,0.20073468812630024,0.22072901583670917,0,0,0.004,0.217637747210642,-0.00881229932721972,-0.08220408028766535,0.005225674735134689,-0.048607837194670545,0.06877963390946906,0.004636111168050785,-0.032557078050161344,0.007738878125433547,-0.039741035240802025,-0.01239641172837077,-0.039586057357164375,0.00003832468931417752,0.000030297095455880205,-0.000028890090137142172,0.0009590986261160375,0.00029826197301474156,0.000004338391274275007,0.00009931697888744193,0.0008523758929634701,NaN,0,0,0,2,0.001466,0,0,0
641347295,0,0.1899846326944572,0.339410029360264,0,0,0.004,0.29366235244876504,0.05067688357919775,-0.17627716016528083,0.005225674735134689,-0.048607837194670545,0.06877963390946906,0.004636111168050785,-0.032557078050161344,0.007738878125433547,-0.039741035240802025,-0.01239641172837077,-0.039586057357164375,0.00003832468931417752,0.000030297095455880205,-0.000028890090137142172,0.0009614396621627036,0.0003090615985736897,0.0000044712015809435006,0.00009931697928744193,0.0008523759329634701,NaN,0,0,0,2,0.003422,0,0,0
641347299,0,0.17291481870154957,0.4276202149381494,1,0,0.004,0.384551538605717,0.06886509472556634,-0.20001628348953382,0.005225674735134689,-0.048607837194670545,0.06877963390946906,0.004636111168050785,-0.032557078050161344,0.007738878125433547,-0.039741035240802025,-0.01239641172837077,-0.039586057357164375,0.00003832468931417752,0.000030297095455880205,-0.000028890090137142172,0.0009637838763527004,0.0003198954423011378,0.000004613875628708395,0.00009931697968744194,0.00085237597296347,NaN,0,0,0,2,0.001396,0,0,0
641347303,0,0.16787466276990867,0.4569250254318087,2,0,0.004,0.4143975872861466,0.07576534759944165,-0.207026092396962,0.005225674735134689,-0.048607837194670545,0.06877963390946906,0.004636111168050785,-0.032557078050161344,0.007738878125433547,-0.039741035240802025,-0.01239641172837077,-0.039586057357164375,0.00003832468931417752,0.000030297095455880205,-0.000028890090137142172,0.0009661312686860408,0.00033076409991636787,0.000004766771417383844,0.00009931698008744195,0.00085237601296347,NaN,0,0,0,2,0.001396,0,0,0
641347307,0,0.1561763281118658,0.3504780907923712,3,0,0.004,0.3091177552914455,-0.0029529362923675917,-0.1773924044349151,0.005225674735134689,-0.048607837194670545,0.06877963390946906,0.004636111168050785,-0.032557078050161344,0.007738878125433547,-0.039741035240802025,-0.01239641172837077,-0.039586057357164375,0.00003832468931417752,0.000030297095455880205,-0.000028890090137142172,0.0009684818391627377,0.00034166017704483266,0.000004930249434676807,0.00009931698048744195,0.0008523760529634699,NaN,0,0,0,2,0.001466,0,0,0
641347311,0,0.15600435546706562,0.38213394008815166,4,0,0.004,0.31645979598679974,-0.07041597328874882,-0.20386520503606853,0.005225674735134689,-0.048607837194670545,0.06877963390946906,0.004636111168050785,-0.032557078050161344,0.007738878125433547,-0.039741035240802025,-0.01239641172837077,-0.039586057357164375,0.00003832468931417752,0.000030297095455880205,-0.000028890090137142172,0.0009708355877828037,0.00035258841778380335,0.000005104673331731814,0.00009931698088744196,0.0008523760929634699,NaN,0,0,0,2,0.001396,0,0,0
641347315,0,0.14757179177965954,0.35111736210359495,5,0,0.004,0.2782592400588213,0.02951673293345214,-0.2117904174889933,0.005225674735134689,-0.048607837194670545,0.06877963390946906,0.004636111168050785,-0.032557078050161344,0.007738878125433547,-0.039741035240802025,-0.01239641172837077,-0.039586057357164375,0.00003832468931417752,0.000030297095455880205,-0.000028890090137142172,0.0009731925145462519,0.0003635455774312686,0.000005290406323297461,0.00009931698128744196,0.0008523761329634698,NaN,0,0,0,2,0.001466,0,0,0
641347319,0,0.15327987058789685,0.2996591229916716,6,0,0.004,0.2444521390840675,0.03659519141701184,-0.17202763401996002,0.005225674735134689,-0.048607837194670545,0.06877963390946906,0.004636111168050785,-0.032557078050161344,0.007738878125433547,-0.039741035240802025,-0.01239641172837077,-0.039586057357164375,0.00003832468931417752,0.000030297095455880205,-0.000028890090137142172,0.0009755526194530947,0.0003745301454390943,0.000005487813687243351,0.00009931698168744197,0.0008523761729634698,NaN,0,0,0,2,0.001886,0,0,0
641347323,0,0.1549983331153759,0.2878527875557231,7,0,0.004,0.23935751407493133,0.041214993417295065,-0.15983984806839935,0.005225674735134689,-0.048607837194670545,0.06877963390946906,0.004636111168050785,-0.032557078050161344,0.007738878125433547,-0.039741035240802025,-0.01239641172837077,-0.039586057357164375,0.00003832468931417752,0.000030297095455880205,-0.000028890090137142172,0.0009779159025033453,0.0003855441484587116,0.0000056972629087057404,0.00009931698208744198,0.0008523762129634697,NaN,0,0,0,2,0.0032830000000000003,0,0,0
641347327,0,0.17471286419636053,0.3214236334808253,8,0,0.004,0.11019103492039461,-0.005695736543326113,-0.2698249502743657,0.005225674735134689,-0.048607837194670545,0.06877963390946906,0.004636111168050785,-0.032557078050161344,0.007738878125433547,-0.039741035240802025,-0.01239641172837077,-0.039586057357164375,0.00003832468931417752,0.000030297095455880205,-0.000028890090137142172,0.0009802823636970164,0.0003965786527057856,0.000005919122192589912,0.00009931698248744198,0.0008523762529634697,NaN,0,0,0,2,0.001397,0,0,0
641347331,0,0.1918470228726581,0.3128810998148774,0,0,0.004,0.06559284054008407,0.031166306257834786,-0.2685419346054143,0.005225674735134689,-0.048607837194670545,0.06877963390946906,0.004636111168050785,-0.032557078050161344,0.007738878125433547,-0.039741035240802025,-0.01239641172837077,-0.039586057357164375,0.00003832468931417752,0.000030297095455880205,-0.000028890090137142172,0.0009826520030341206,0.0004076385831022448,0.0000061537587582180525,0.00009931698288744199,0.0008523762929634696,NaN,0,0,0,3,0.0014670000000000002,0,0,0
641347335,0,0.2168909415923319,0.2720674100594413,0,0,0.004,0.1012681048706191,-0.05198338456297169,-0.21344779217383092,0.005225674735134689,-0.048607837194670545,0.06877963390946906,0.004636111168050785,-0.032557078050161344,0.007738878125433547,-0.039741035240802025,-0.01239641172837077,-0.039586057357164375,0.00003832468931417752,0.000030297095455880205,-0.000028890090137142172,0.0009850248205146707,0.0004187292527326274,0.000006401542856118333,0.000099316983287442,0.0008523763329634696,NaN,0,0,0,2,0.001397,0,0,0
641347339,0,0.24123052334105743,0.38823127164838045,0,0,0.004,0.02544416827595919,-0.34394757195977416,-0.10874188890690029,0.005225674735134689,-0.048607837194670545,0.06877963390946906,0.004636111168050785,-0.032557078050161344,0.007738878125433547,-0.039741035240802025,-0.01239641172837077,-0.039586057357164375,0.00003832468931417752,0.000030297095455880205,-0.000028890090137142172,0.0009874008161386797,0.0004298350227258279,0.000006662847146538558,0.000099316983687442,0.0008523763729634695,NaN,0,0,0,2,0.001466,0,0,0
641347343,0,0.24855745270531587,0.4607854172387455,0,0,0.004,0.006612508936028716,-0.43059915546504457,-0.07698388531112776,0.005225674735134689,-0.048607837194670545,0.06877963390946906,0.004636111168050785,-0.032557078050161344,0.007738878125433547,-0.039741035240802025,-0.01239641172837077,-0.039586057357164375,0.00003832468931417752,0.000030297095455880205,-0.000028890090137142172,0.0009897799899061604,0.00044096466177132997,0.000006938045795635668,0.00009931698408744201,0.0008523764129634695,NaN,0,0,0,2,0.001397,0,0,0
641347347,0,0.26000608949422943,0.47030712263917696,0,0,0.004,-0.11710880184105843,-0.1644950612235928,-0.364887866743544,0.005225674735134689,-0.048607837194670545,0.06877963390946906,0.004636111168050785,-0.032557078050161344,0.007738878125433547,-0.039741035240802025,-0.01239641172837077,-0.039586057357164375,0.00003832468931417752,0.000030297095455880205,-0.000028890090137142172,0.0009921623418171254,0.0004521270524727186,0.000007227512851175592,0.00009931698448744202,0.0008523764529634694,NaN,0,0,0,2,0.001956,0,0,0
641347351,0,0.29573553421574444,0.5037606868373119,0,0,0.004,-0.07022952363873869,0.018542014052813083,-0.44971953850891566,0.005225674735134689,-0.048607837194670545,0.06877963390946906,0.004636111168050785,-0.032557078050161344,0.007738878125433547,-0.039741035240802025,-0.01239641172837077,-0.039586057357164375,0.00003832468931417752,0.000030297095455880205,-0.000028890090137142172,0.0009945478718715874,0.00046333314511545526,0.000007531618027441085,0.00009931698488744202,0.0008523764929634694,NaN,0,0,0,2,0.003282,0,0,0
641347355,0,0.29457902161585064,0.38624767133397,0,0,0.004,0.05577710332106256,0.10701358010684692,-0.3314715587357959,0.005225674735134689,-0.048607837194670545,0.06877963390946906,0.004636111168050785,-0.032557078050161344,0.007738878125433547,-0.039741035240802025,-0.01239641172837077,-0.039586057357164375,0.00003832468931417752,0.000030297095455880205,-0.000028890090137142172,0.0009969365800695596,0.00047457484795213035,0.000007850737384819078,0.00009931698528744203,0.0008523765329634693,NaN,0,0,0,2,0.001397,0,0,0
641347359,0,0.3060035135857279,0.33809931077178373,0,0,0.004,-0.05195863715060334,0.1359370536501251,-0.2598254360841281,0.005225674735134689,-0.048607837194670545,0.06877963390946906,0.004636111168050785,-0.032557078050161344,0.007738878125433547,-0.039741035240802025,-0.01239641172837077,-0.039586057357164375,0.00003832468931417752,0.000030297095455880205,-0.000028890090137142172,0.0009993284664110546,0.0004858288460973332,0.000008185252566533274,0.00009931698568744204,0.0008523765729634693,NaN,0,0,0,2,0.001956,0,0,0
641347363,0,0.3094661953739858,0.3312567848508629,0,0,0.004,-0.07970277316072827,0.14592371257437353,-0.23793322249955828,0.005225674735134689,-0.048607837194670545,0.06877963390946906,0.004636111168050785,-0.032557078050161344,0.007738878125433547,-0.039741035240802025,-0.01239641172837077,-0.039586057357164375,0.00003832468931417752,0.000030297095455880205,-0.000028890090137142172,0.001001723530896085,0.00049710720120265,0.000008535542942040855,0.00009931698608744204,0.0008523766129634692,NaN,0,0,0,2,0.001885,0,0,0
641347367,0,0.3339279576624849,0.5062277295041774,0,0,0.004,-0.24902655353320724,0.03272571121591339,-0.37517984808214955,0.005225674735134689,-0.048607837194670545,0.06877963390946906,0.004636111168050785,-0.032557078050161344,0.007738878125433547,-0.039741035240802025,-0.01239641172837077,-0.039586057357164375,0.00003832468931417752,0.000030297095455880205,-0.000028890090137142172,0.001004121773524664,0.0005084151199578988,0.000008901989108850709,0.00009931698648744205,0.0008523766529634692,NaN,0,0,0,2,0.001466,0,0,0
641347371,0,0.36448752464361317,0.5839943448018371,0,0,0.004,-0.22166831099008433,-0.0348251619169595,-0.47904999507160007,0.005225674735134689,-0.048607837194670545,0.06877963390946906,0.004636111168050785,-0.032557078050161344,0.007738878125433547,-0.039741035240802025,-0.01239641172837077,-0.039586057357164375,0.00003832468931417752,0.000030297095455880205,-0.000028890090137142172,0.0010065231942968042,0.0005197733842469583,0.000009284969293513285,0.00009931698688744206,0.0008523766929634691,NaN,0,0,0,2,0.001397,0,0,0
641347375,0,0.3902609202764044,0.4837173699402594,0,0,0.004,-0.10191148803713102,-0.12780172606657308,-0.3987553200514302,0.005225674735134689,-0.048607837194670545,0.06877963390946906,0.004636111168050785,-0.032557078050161344,0.007738878125433547,-0.039741035240802025,-0.01239641172837077,-0.039586057357164375,0.00003832468931417752,0.000030297095455880205,-0.000028890090137142172,0.0010089277932125182,0.000531165529134709,0.000009684867276234013,0.00009931698728744206,0.0008523767329634691,NaN,0,0,0,2,0.001885,0,0,0
641347379,0,0.40680707809025857,0.42436393976790837,0,0,0.004,-0.17776995167849807,-0.17580113526840957,-0.2711873591783185,0.005225674735134689,-0.048607837194670545,0.06877963390946906,0.004636111168050785,-0.032557078050161344,0.007738878125433547,-0.039741035240802025,-0.01239641172837077,-0.039586057357164375,0.00003832468931417752,0.000030297095455880205,-0.000028890090137142172,0.001011335570271819,0.0005425637482578536,0.000010102071684700193,0.00009931698768744207,0.000852376772963469,NaN,0,0,0,2,0.0029340000000000004,0,0,0
641347383,0,0.41180055458056336,0.4078915766231028,0,0,0.004,-0.18878096355714402,-0.18815938896039552,-0.23152289535168435,0.005225674735134689,-0.048607837194670545,0.06877963390946906,0.004636111168050785,-0.032557078050161344,0.007738878125433547,-0.039741035240802025,-0.01239641172837077,-0.039586057357164375,0.00003832468931417752,0.000030297095455880205,-0.000028890090137142172,0.0010137465254747196,0.0005539851739780472,0.000010536968196828109,0.00009931698808744208,0.000852376812963469,NaN,0,0,0,2,0.002444,0,0,0
641347387,0,0.4249836410999118,0.483686978602611,0,0,0.004,-0.3373482172564215,-0.0908955040087549,-0.24683039285759634,0.005225674735134689,-0.048607837194670545,0.06877963390946906,0.004636111168050785,-0.032557078050161344,0.007738878125433547,-0.039741035240802025,-0.01239641172837077,-0.039586057357164375,0.00003832468931417752,0.000030297095455880205,-0.000028890090137142172,0.0010161606588212325,0.0005654298985369611,0.000010989944224445566,0.00009931698848744208,0.0008523768529634689,NaN,0,0,0,2,0.0009080000000000001,0,0,0
641347391,0,0.4330658510166953,0.463891118957741,0,0,0.004,-0.28800552991905093,0.04083397109199571,-0.2882717574205227,0.005225674735134689,-0.048607837194670545,0.06877963390946906,0.004636111168050785,-0.032557078050161344,0.007738878125433547,-0.039741035240802025,-0.01239641172837077,-0.039586057357164375,0.00003832468931417752,0.000030297095455880205,-0.000028890090137142172,0.0010185779703113706,0.0005769177735256667,0.000011461385187642119,0.00009931698888744209,0.0008523768929634689,NaN,0,0,0,2,0.0014670000000000002,0,0,0
641347395,0,0.4244422002829841,0.373337303936637,0,0,0.004,-0.1460909732568776,0.13021635257108632,-0.2614480625567257,0.005225674735134689,-0.048607837194670545,0.06877963390946906,0.004636111168050785,-0.032557078050161344,0.007738878125433547,-0.039741035240802025,-0.01239641172837077,-0.039586057357164375,0.00003832468931417752,0.000030297095455880205,-0.000028890090137142172,0.0010209984599451468,0.0005884396178171099,0.000011951682883322134,0.0000993169892874421,0.0008523769329634688,NaN,0,0,0,2,0.001397,0,0,0
641347399,0,0.3948058985144985,0.22737906604678537,0,0,0.004,-0.056993105669875144,0.11267427708648814,-0.13932525357379255,0.005225674735134689,-0.048607837194670545,0.06877963390946906,0.004636111168050785,-0.032557078050161344,0.007738878125433547,-0.039741035240802025,-0.01239641172837077,-0.039586057357164375,0.00003832468931417752,0.000030297095455880205,-0.000028890090137142172,0.0010234221277225738,0.0005999710739204107,0.000012461232839638352,0.0000993169896874421,0.0008523769729634688,NaN,0,0,0,2,0.0014670000000000002,0,0,0
641347403,0,0.38613433725355084,0.18343673844844272,0,0,0.004,-0.024599753605425656,0.1080849488847313,-0.102008333439775,0.005225674735134689,-0.048607837194670545,0.06877963390946906,0.004636111168050785,-0.032557078050161344,0.007738878125433547,-0.039741035240802025,-0.01239641172837077,-0.039586057357164375,0.00003832468931417752,0.000030297095455880205,-0.000028890090137142172,0.0010258489736436644,0.0006115244467597464,0.000012990429175774828,0.00009931699008744211,0.0008523770129634687,NaN,0,0,0,2,0.001466,0,0,0
641347407,0,0.33922523854578973,0.13264011422564745,0,0,0.004,-0.07798092460851769,0.007452792051315438,-0.02569263129942101,0.005225674735134689,-0.048607837194670545,0.06877963390946906,0.004636111168050785,-0.032557078050161344,0.007738878125433547,-0.039741035240802025,-0.01239641172837077,-0.039586057357164375,0.00003832468931417752,0.000030297095455880205,-0.000028890090137142172,0.0010282789977084314,0.0006230873360137252,0.00001353966622654055,0.00009931699048744212,0.0008523770529634687,NaN,0,0,0,2,0.0028640000000000002,0,0,0
641347411,0,0.30290925499775506,0.09086331736295739,0,0,0.004,-0.04141726456029371,-0.0332884734476242,0.028611480649908927,0.005225674735134689,-0.048607837194670545,0.06877963390946906,0.004636111168050785,-0.032557078050161344,0.007738878125433547,-0.039741035240802025,-0.01239641172837077,-0.039586057357164375,0.00003832468931417752,0.000030297095455880205,-0.000028890090137142172,0.0010307121999168875,0.0006346680760619045,0.00001410933591864459,0.00009931699088744212,0.0008523770929634686,NaN,0,0,0,2,0.001886,0,0,0
641347415,0,0.256718383199361,0.13963651651956044,0,0,0.004,0.14457115966900802,-0.038716692164529554,0.11233706253912601,0.005225674735134689,-0.048607837194670545,0.06877963390946906,0.004636111168050785,-0.032557078050161344,0.007738878125433547,-0.039741035240802025,-0.01239641172837077,-0.039586057357164375,0.00003832468931417752,0.000030297095455880205,-0.000028890090137142172,0.0010331485802690457,0.0006462675177963739,0.000014699833540018705,0.00009931699128744213,0.0008523771329634686,NaN,0,0,0,1,0.000978,0,0,0
641347419,0,0.21319273735561112,0.2425889329717422,0,0,0.004,0.22731673724603108,-0.08619137702258617,0.1523861414139862,0.005225674735134689,-0.048607837194670545,0.06877963390946906,0.004636111168050785,-0.032557078050161344,0.007738878125433547,-0.039741035240802025,-0.01239641172837077,-0.039586057357164375,0.00003832468931417752,0.000030297095455880205,-0.000028890090137142172,0.0010355881387649187,0.0006578919347774524,0.000015311558664113336,0.00009931699168744213,0.0008523771729634685,NaN,0,0,0,2,0.001397,0,0,0
641347423,0,0.2028023070272056,0.2755160114211067,0,0,0.004,0.25456280681123544,-0.10030420000489526,0.16462231033426455,0.005225674735134689,-0.048607837194670545,0.06877963390946906,0.004636111168050785,-0.032557078050161344,0.007738878125433547,-0.039741035240802025,-0.01239641172837077,-0.039586057357164375,0.00003832468931417752,0.000030297095455880205,-0.000028890090137142172,0.0010380308754045192,0.0006695455331802859,0.00001594490996193075,0.00009931699208744214,0.0008523772129634684,NaN,0,0,0,2,0.001886,0,0,0
641347427,0,0.188977447631324,0.287989633603828,0,0,0.004,0.19465967274463736,-0.13014337892509453,0.23515623096512428,0.005225674735134689,-0.048607837194670545,0.06877963390946906,0.004636111168050785,-0.032557078050161344,0.007738878125433547,-0.039741035240802025,-0.01239641172837077,-0.039586057357164375,0.00003832468931417752,0.000030297095455880205,-0.000028890090137142172,0.00104047679018786,0.0006812120785819898,0.000016600286548779937,0.00009931699248744215,0.0008523772529634684,NaN,0,0,0,2,0.001466,0,0,0
641347431,0,0.17957633352258665,0.3392723817820535,1,0,0.004,0.1982811663921602,-0.17799650848234366,0.2707872872481012,0.005225674735134689,-0.048607837194670545,0.06877963390946906,0.004636111168050785,-0.032557078050161344,0.007738878125433547,-0.039741035240802025,-0.01239641172837077,-0.039586057357164375,0.00003832468931417752,0.000030297095455880205,-0.000028890090137142172,0.001042925883114954,0.0006929029605268203,0.00001727808377500934,0.00009931699288744215,0.0008523772929634683,NaN,0,0,0,2,0.001886,0,0,0
641347435,0,0.17889198700949505,0.3429482487300411,2,0,0.004,0.20951676443800338,-0.18798149348744614,0.2589923040157043,0.005225674735134689,-0.048607837194670545,0.06877963390946906,0.004636111168050785,-0.032557078050161344,0.007738878125433547,-0.039741035240802025,-0.01239641172837077,-0.039586057357164375,0.00003832468931417752,0.000030297095455880205,-0.000028890090137142172,0.001045378154185814,0.0007046277607129331,0.00001797870097536099,0.00009931699328744216,0.0008523773329634683,NaN,0,0,0,2,0.001397,0,0,0
641347439,0,0.1867704021191985,0.31307186897543193,0,0,0.004,0.18941051825044786,-0.1938085226321442,0.21966625653826277,0.005225674735134689,-0.048607837194670545,0.06877963390946906,0.004636111168050785,-0.032557078050161344,0.007738878125433547,-0.039741035240802025,-0.01239641172837077,-0.039586057357164375,0.00003832468931417752,0.000030297095455880205,-0.000028890090137142172,0.001047833603400453,0.0007163878884158528,0.000018702540978530295,0.00009931699368744217,0.0008523773729634682,NaN,0,0,0,2,0.0034230000000000003,0,0,0
641347443,0,0.18947102506584645,0.3058495629381902,0,0,0.004,0.18641317943480007,-0.194740380158685,0.20809692246060685,0.005225674735134689,-0.048607837194670545,0.06877963390946906,0.004636111168050785,-0.032557078050161344,0.007738878125433547,-0.039741035240802025,-0.01239641172837077,-0.039586057357164375,0.00003832468931417752,0.000030297095455880205,-0.000028890090137142172,0.0010502922307588836,0.0007281795783167615,0.00001945000838886681,0.00009931699408744217,0.0008523774129634682,NaN,0,0,0,2,0.001396,0,0,0
641347447,0,0.1993188939902572,0.27887267637030005,0,0,0.004,0.039942564453287366,-0.2258685379611659,0.18609003070341856,0.005225674735134689,-0.048607837194670545,0.06877963390946906,0.004636111168050785,-0.032557078050161344,0.007738878125433547,-0.039741035240802025,-0.01239641172837077,-0.039586057357164375,0.00003832468931417752,0.000030297095455880205,-0.000028890090137142172,0.0010527540362611184,0.0007399893327259516,0.00002022150886949946,0.00009931699448744218,0.0008523774529634681,NaN,0,0,0,1,0.0014670000000000002,0,0,0
641347451,0,0.24054787829566668,0.3966701106609879,0,0,0.004,-0.1766967000259041,-0.2983530794733384,0.1670292165202838,0.005225674735134689,-0.048607837194670545,0.06877963390946906,0.004636111168050785,-0.032557078050161344,0.007738878125433547,-0.039741035240802025,-0.01239641172837077,-0.039586057357164375,0.00003832468931417752,0.000030297095455880205,-0.000028890090137142172,0.0010552190199071706,0.0007518089038157796,0.00002101744432356117,0.00009931699488744219,0.0008523774929634681,NaN,0,0,0,1,0.000978,0,0,0
641347455,0,0.29011159297192685,0.37278556859341855,0,0,0.004,-0.22975704557519605,-0.24542887294995253,0.08691708089008543,0.005225674735134689,-0.048607837194670545,0.06877963390946906,0.004636111168050785,-0.032557078050161344,0.007738878125433547,-0.039741035240802025,-0.01239641172837077,-0.039586057357164375,0.00003832468931417752,0.000030297095455880205,-0.000028890090137142172,0.0010576871816970527,0.0007636639485890812,0.00002183821418222457,0.0000993169952874422,0.000852377532963468,NaN,0,0,0,2,0.001396,0,0,0
641347459,0,0.3569850720985025,0.24824914385432859,0,0,0.004,-0.19503974839371407,-0.05480129066134787,-0.021249426156069617,0.005225674735134689,-0.048607837194670545,0.06877963390946906,0.004636111168050785,-0.032557078050161344,0.007738878125433547,-0.039741035240802025,-0.01239641172837077,-0.039586057357164375,0.00003832468931417752,0.000030297095455880205,-0.000028890090137142172,0.0010601585216307775,0.0007755703265846955,0.000022684228684248104,0.0000993169956874422,0.000852377572963468,NaN,0,0,0,2,0.001885,0,0,0
641347463,0,0.3775907752491744,0.23493678814763622,0,0,0.004,-0.17933042894278572,0.003688701307727249,-0.05304207048664189,0.005225674735134689,-0.048607837194670545,0.06877963390946906,0.004636111168050785,-0.032557078050161344,0.007738878125433547,-0.039741035240802025,-0.01239641172837077,-0.039586057357164375,0.00003832468931417752,0.000030297095455880205,-0.000028890090137142172,0.001062633039708358,0.0007875177474510952,0.00002355590548213881,0.0000993169960874422,0.0008523776129634679,NaN,0,0,0,2,0.001885,0,0,0
641347467,0,0.43917113296527316,0.35069228180302486,0,0,0.004,-0.23943282200709826,0.18624081100488887,-0.09149580361661158,0.005225674735134689,-0.048607837194670545,0.06877963390946906,0.004636111168050785,-0.032557078050161344,0.007738878125433547,-0.039741035240802025,-0.01239641172837077,-0.039586057357164375,0.00003832468931417752,0.000030297095455880205,-0.000028890090137142172,0.001065110735929807,0.0007994807469525591,0.000024453659226770904,0.00009931699648744221,0.0008523776529634679,NaN,0,0,0,2,0.003353,0,0,0
641347471,0,0.4884275332029507,0.42687535442675856,0,0,0.004,-0.32183647982121655,0.23277030702794488,-0.0429023445886898,0.005225674735134689,-0.048607837194670545,0.06877963390946906,0.004636111168050785,-0.032557078050161344,0.007738878125433547,-0.039741035240802025,-0.01239641172837077,-0.039586057357164375,0.00003832468931417752,0.000030297095455880205,-0.000028890090137142172,0.0010675916102951372,0.0008114612995118781,0.000025377903115554343,0.00009931699688744222,0.0008523776929634678,NaN,0,0,0,1,0.001886,0,0,0
641347475,0,0.5325248218388502,0.4428511620679452,0,0,0.004,-0.3682787266469707,0.14313560549286264,-0.08828072361540507,0.005225674735134689,-0.048607837194670545,0.06877963390946906,0.004636111168050785,-0.032557078050161344,0.007738878125433547,-0.039741035240802025,-0.01239641172837077,-0.039586057357164375,0.00003832468931417752,0.000030297095455880205,-0.000028890090137142172,0.0010700756628043613,0.000823484326734977,0.000026329044980517556,0.00009931699728744223,0.0008523777329634678,NaN,0,0,0,2,0.0014670000000000002,0,0,0
641347479,0,0.5934334438570056,0.394084244418123,0,0,0.004,-0.29870612766362536,0.018668767462633462,-0.16704868236734072,0.005225674735134689,-0.048607837194670545,0.06877963390946906,0.004636111168050785,-0.032557078050161344,0.007738878125433547,-0.039741035240802025,-0.01239641172837077,-0.039586057357164375,0.00003832468931417752,0.000030297095455880205,-0.000028890090137142172,0.0010725628934574922,0.0008355567268740886,0.000027307501557112037,0.00009931699768744223,0.0008523777729634677,NaN,0,0,0,2,0.001397,0,0,0
641347483,0,0.611780271930209,0.3837512670395097,0,0,0.004,-0.26887605861070796,-0.017416465392071978,-0.18942853497821766,0.005225674735134689,-0.048607837194670545,0.06877963390946906,0.004636111168050785,-0.032557078050161344,0.007738878125433547,-0.039741035240802025,-0.01239641172837077,-0.039586057357164375,0.00003832468931417752,0.000030297095455880205,-0.000028890090137142172,0.0010750533022545429,0.0008476638241444405,0.00002831369953458554,0.00009931699808744224,0.0008523778129634677,NaN,0,0,0,2,0.001397,0,0,0
641347487,0,0.6463793663511128,0.32252843748174415,0,0,0.004,-0.22902634120305443,-0.0908833128903268,-0.11043367918851388,0.005225674735134689,-0.048607837194670545,0.06877963390946906,0.004636111168050785,-0.032557078050161344,0.007738878125433547,-0.039741035240802025,-0.01239641172837077,-0.039586057357164375,0.00003832468931417752,0.000030297095455880205,-0.000028890090137142172,0.0010775468891955258,0.0008597918797755878,0.000029348061949338923,0.00009931699848744225,0.0008523778529634676,NaN,0,0,0,2,0.0014670000000000002,0,0,0
641347491,0,0.6741317146473919,0.36602490674451177,0,0,0.004,-0.2739897735567791,-0.14952250315133342,-0.06773595450125036,0.005225674735134689,-0.048607837194670545,0.06877963390946906,0.004636111168050785,-0.032557078050161344,0.007738878125433547,-0.039741035240802025,-0.01239641172837077,-0.039586057357164375,0.00003832468931417752,0.000030297095455880205,-0.000028890090137142172,0.0010800436542804537,0.0008719453897915665,0.000030411006262076026,0.00009931699888744225,0.0008523778929634676,NaN,0,0,0,1,0.000978,0,0,0
641347495,0,0.7059908580416138,0.3531870872863751,0,0,0.004,-0.2371013884477151,-0.17808543599145382,-0.0762889939163518,0.005225674735134689,-0.048607837194670545,0.06877963390946906,0.004636111168050785,-0.032557078050161344,0.007738878125433547,-0.039741035240802025,-0.01239641172837077,-0.039586057357164375,0.00003832468931417752,0.000030297095455880205,-0.000028890090137142172,0.0010825435975093398,0.000884130800905572,0.000031502949155766656,0.00009931699928744226,0.0008523779329634675,NaN,0,0,0,2,0.002444,0,0,0
641347499,0,0.7255213617749403,0.2948519305960892,0,0,0.004,-0.1698420794580362,-0.133046140001517,-0.11031717026034649,0.005225674735134689,-0.048607837194670545,0.06877963390946906,0.004636111168050785,-0.032557078050161344,0.007738878125433547,-0.039741035240802025,-0.01239641172837077,-0.039586057357164375,0.00003832468931417752,0.000030297095455880205,-0.000028890090137142172,0.0010850467188821967,0.0008963458517171776,0.00003262431660277575,0.00009931699968744227,0.0008523779729634675,NaN,0,0,0,2,0.0014670000000000002,0,0,0
641347503,0,0.7313852650516497,0.27212243182391654,0,0,0.004,-0.13936530733936592,-0.11777401932640191,-0.11919170265618817,0.005225674735134689,-0.048607837194670545,0.06877963390946906,0.004636111168050785,-0.032557078050161344,0.007738878125433547,-0.039741035240802025,-0.01239641172837077,-0.039586057357164375,0.00003832468931417752,0.000030297095455880205,-0.000028890090137142172,0.0010875530183990373,0.0009085893034140019,0.00003377553980151435,0.00009931700008744227,0.0008523780129634674,NaN,0,0,0,2,0.001885,0,0,0
641347507,0,0.7433310820452711,0.2635234982455548,0,0,0.004,-0.19077062590919858,-0.02423471410599798,-0.0888301544895338,0.005225674735134689,-0.048607837194670545,0.06877963390946906,0.004636111168050785,-0.032557078050161344,0.007738878125433547,-0.039741035240802025,-0.01239641172837077,-0.039586057357164375,0.00003832468931417752,0.000030297095455880205,-0.000028890090137142172,0.0010900624960598743,0.0009208452345546643,0.000034957047702576106,0.00009931700048744228,0.0008523780529634674,NaN,0,0,0,2,0.001396,0,0,0
641347511,0,0.7497680943137894,0.2819632673280259,0,0,0.004,-0.23507920305131846,0.027850852229009737,-0.04164052226955306,0.005225674735134689,-0.048607837194670545,0.06877963390946906,0.004636111168050785,-0.032557078050161344,0.007738878125433547,-0.039741035240802025,-0.01239641172837077,-0.039586057357164375,0.00003832468931417752,0.000030297095455880205,-0.000028890090137142172,0.0010925751518647204,0.0009331141305567261,0.000036169262912370266,0.00009931700088744229,0.0008523780929634673,NaN,0,0,0,2,0.000977,0,0,0
641347515,0,0.7544913171992997,0.3247577785529739,0,0,0.004,-0.27430930995764014,-0.03173990029500662,-0.050203156886741596,0.005225674735134689,-0.048607837194670545,0.06877963390946906,0.004636111168050785,-0.032557078050161344,0.007738878125433547,-0.039741035240802025,-0.01239641172837077,-0.039586057357164375,0.00003832468931417752,0.000030297095455880205,-0.000028890090137142172,0.0010950909858135883,0.0009454174795931222,0.0000374126078343917,0.00009931700128744229,0.0008523781329634673,NaN,0,0,0,2,0.001397,0,0,0
641347523,0,0.7632220147344487,0.37124340371809905,0,0,0.008,-0.28777423614117925,-0.1290788701132637,-0.07589726155785748,0.005225674735134689,-0.048607837194670545,0.06877963390946906,0.004636111168050785,-0.032557078050161344,0.007738878125433547,-0.039741035240802025,-0.01239641172837077,-0.039586057357164375,0.00003832468931417752,0.000030297095455880205,-0.000028890090137142172,0.001100132188143435,0.0009701361549088842,0.00003999266682355389,0.00009931700208744229,0.0008523782129634673,NaN,0,0,0,2,0.0009080000000000001,0,0,0
641347527,0,0.7708957109808132,0.4081942579575051,0,0,0.004,-0.3084642121159773,-0.2064920840341451,0.004258543965732997,0.005225674735134689,-0.048607837194670545,0.06877963390946906,0.004636111168050785,-0.032557078050161344,0.007738878125433547,-0.039741035240802025,-0.01239641172837077,-0.039586057357164375,0.00003832468931417752,0.000030297095455880205,-0.000028890090137142172,0.0011026575565244333,0.0009825306020516268,0.00004133163012485489,0.0000993170024874423,0.0008523782529634672,NaN,0,0,0,2,0.002375,0,0,0
641347559,0,0.8461576345355661,0.7719147691598186,0,0,0.032,-0.3894939492370113,-0.12381202387813989,-0.5862464120258029,0.005225674735134689,-0.048607837194670545,0.06877963390946906,0.004636111168050785,-0.032557078050161344,0.007738878125433547,-0.039741035240802025,-0.01239641172837077,-0.039586057357164375,0.00003832468931417752,0.000030297095455880205,-0.000028890090137142172,0.0011229749167592316,0.0010841558029291497,0.000053186449853261306,0.0000993170056874423,0.0008523785729634672,NaN,0,0,0,2,0.001396,0,0,0
641347563,0,0.8690618475797562,0.8849877358125436,0,0,0.004,-0.3389272316700014,-0.07645287617367669,-0.7526781626985581,0.005225674735134689,-0.048607837194670545,0.06877963390946906,0.004636111168050785,-0.032557078050161344,0.007738878125433547,-0.039741035240802025,-0.01239641172837077,-0.039586057357164375,0.00003832468931417752,0.000030297095455880205,-0.000028890090137142172,0.0011255288884369908,0.0010971237366463778,0.0000548273227461032,0.0000993170060874423,0.0008523786129634672,NaN,0,0,0,2,0.000977,0,0,0
641347567,0,0.92501068840195,0.8662452947219937,0,0,0.004,-0.4325025741255304,-0.1725773071112462,-0.6613560447476168,0.005225674735134689,-0.048607837194670545,0.06877963390946906,0.004636111168050785,-0.032557078050161344,0.007738878125433547,-0.039741035240802025,-0.01239641172837077,-0.039586057357164375,0.00003832468931417752,0.000030297095455880205,-0.000028890090137142172,0.0011280860382589385,0.0011101239186135994,0.0000565051570046883,0.00009931700648744231,0.0008523786529634671,NaN,0,0,0,2,0.000977,0,0,0
641347571,0,0.969889150955414,0.9375933514358654,0,0,0.004,-0.4063604849380986,-0.15964303214827008,-0.7646641001992531,0.005225674735134689,-0.048607837194670545,0.06877963390946906,0.004636111168050785,-0.032557078050161344,0.007738878125433547,-0.039741035240802025,-0.01239641172837077,-0.039586057357164375,0.00003832468931417752,0.000030297095455880205,-0.000028890090137142172,0.0011306463662250873,0.001123214217699776,0.00005822039950845372,0.00009931700688744232,0.0008523786929634671,NaN,0,0,0,1,0.001466,0,0,0
641347575,0,1.018463543360108,1.1323902776175259,0,0,0.004,-0.32473585380391823,-0.03755412203973785,-1.0274766383295582,0.005225674735134689,-0.048607837194670545,0.06877963390946906,0.004636111168050785,-0.032557078050161344,0.007738878125433547,-0.039741035240802025,-0.01239641172837077,-0.039586057357164375,0.00003832468931417752,0.000030297095455880205,-0.000028890090137142172,0.0011332098723354502,0.0011364663429875273,0.00005997353223292414,0.00009931700728744232,0.000852378732963467,NaN,0,0,0,1,0.000977,0,0,0
641347579,0,1.0757047003334521,1.1832157954447413,0,0,0.004,-0.3984947194402937,0.04006083565926455,-1.0558833085773962,0.005225674735134689,-0.048607837194670545,0.06877963390946906,0.004636111168050785,-0.032557078050161344,0.007738878125433547,-0.039741035240802025,-0.01239641172837077,-0.039586057357164375,0.00003832468931417752,0.000030297095455880205,-0.000028890090137142172,0.00113577655659004,0.0011498207651001737,0.00006176518629045462,0.00009931700768744233,0.000852378772963467,NaN,0,0,0,2,0.001396,0,0,0
641347583,0,1.0930276464460758,1.1934795459141054,0,0,0.004,-0.4074635749749471,0.06656616324573328,-1.0624740991973258,0.005225674735134689,-0.048607837194670545,0.06877963390946906,0.004636111168050785,-0.032557078050161344,0.007738878125433547,-0.039741035240802025,-0.01239641172837077,-0.039586057357164375,0.00003832468931417752,0.000030297095455880205,-0.000028890090137142172,0.0011383464189888691,0.0011632555302441827,0.00006359574791482923,0.00009931700808744233,0.0008523788129634669,NaN,0,0,0,2,0.0029340000000000004,0,0,0
641347587,0,1.1266111838174027,1.1262051441445733,0,0,0.004,-0.4866056593713879,0.00575717218005789,-0.9539308454423363,0.005225674735134689,-0.048607837194670545,0.06877963390946906,0.004636111168050785,-0.032557078050161344,0.007738878125433547,-0.039741035240802025,-0.01239641172837077,-0.039586057357164375,0.00003832468931417752,0.000030297095455880205,-0.000028890090137142172,0.0011409194595319507,0.0011767216377431319,0.00006546563852507713,0.00009931700848744234,0.0008523788529634669,NaN,0,0,0,2,0.001397,0,0,0
641347591,0,1.1714265722078576,1.181946076764719,0,0,0.004,-0.5251036161027565,0.01474403337344965,-0.996712578489543,0.005225674735134689,-0.048607837194670545,0.06877963390946906,0.004636111168050785,-0.032557078050161344,0.007738878125433547,-0.039741035240802025,-0.01239641172837077,-0.039586057357164375,0.00003832468931417752,0.000030297095455880205,-0.000028890090137142172,0.0011434956782192974,0.00119029561073272,0.0000673753211781497,0.00009931700888744235,0.0008523788929634668,NaN,0,0,0,2,0.0014670000000000002,0,0,0
641347595,0,1.2143944202973327,1.3165758136014414,0,0,0.004,-0.5304237972311323,0.005240172676436394,-1.1444713023445363,0.005225674735134689,-0.048607837194670545,0.06877963390946906,0.004636111168050785,-0.032557078050161344,0.007738878125433547,-0.039741035240802025,-0.01239641172837077,-0.039586057357164375,0.00003832468931417752,0.000030297095455880205,-0.000028890090137142172,0.0011460750750509222,0.001204045070177139,0.00006932528241012966,0.00009931700928744235,0.0008523789329634668,NaN,0,0,0,2,0.000978,0,0,0
641347599,0,1.2585798438736497,1.3975882652499805,0,0,0.004,-0.6312190968704514,-0.04415025967854613,-1.1830735003770751,0.005225674735134689,-0.048607837194670545,0.06877963390946906,0.004636111168050785,-0.032557078050161344,0.007738878125433547,-0.039741035240802025,-0.01239641172837077,-0.039586057357164375,0.00003832468931417752,0.000030297095455880205,-0.000028890090137142172,0.0011486576500268379,0.001217942183185005,0.00007131603690072761,0.00009931700968744236,0.0008523789729634667,NaN,0,0,0,2,0.003422,0,0,0
641347603,0,1.271848903630254,1.4130738818829027,0,0,0.004,-0.6461909885110841,-0.055697701793196996,-1.191996693989113,0.005225674735134689,-0.048607837194670545,0.06877963390946906,0.004636111168050785,-0.032557078050161344,0.007738878125433547,-0.039741035240802025,-0.01239641172837077,-0.039586057357164375,0.00003832468931417752,0.000030297095455880205,-0.000028890090137142172,0.0011512434031470571,0.0012319459801945134,0.00007334808840562111,0.00009931701008744237,0.0008523790129634667,NaN,0,0,0,2,0.001956,0,0,0
641347607,0,1.2992458369879858,1.3970341227421839,0,0,0.004,-0.7587599162808272,-0.07042629270765244,-1.1033211519527892,0.005225674735134689,-0.048607837194670545,0.06877963390946906,0.004636111168050785,-0.032557078050161344,0.007738878125433547,-0.039741035240802025,-0.01239641172837077,-0.039586057357164375,0.00003832468931417752,0.000030297095455880205,-0.000028890090137142172,0.0011538323344115926,0.0012460169939241446,0.00007542193847460251,0.00009931701048744237,0.0008523790529634666,NaN,0,0,0,2,0.0014670000000000002,0,0,0
641347611,0,1.3277400084408004,1.4415194098143025,0,0,0.004,-0.7983716353684229,-0.05770027864099336,-1.1309885261387027,0.005225674735134689,-0.048607837194670545,0.06877963390946906,0.004636111168050785,-0.032557078050161344,0.007738878125433547,-0.039741035240802025,-0.01239641172837077,-0.039586057357164375,0.00003832468931417752,0.000030297095455880205,-0.000028890090137142172,0.0011564244438204575,0.0012602220505219274,0.000077538364296052,0.00009931701088744238,0.0008523790929634666,NaN,0,0,0,2,0.001885,0,0,0
641347615,0,1.3592348616164949,1.5105932884207245,0,0,0.004,-0.7580986900607194,-0.038921184292240785,-1.2409220661147078,0.005225674735134689,-0.048607837194670545,0.06877963390946906,0.004636111168050785,-0.032557078050161344,0.007738878125433547,-0.039741035240802025,-0.01239641172837077,-0.039586057357164375,0.00003832468931417752,0.000030297095455880205,-0.000028890090137142172,0.0011590197313736644,0.0012746070560571902,0.00007969769351970024,0.00009931701128744239,0.0008523791329634665,NaN,0,0,0,2,0.003422,0,0,0
641347619,0,1.3888956226092433,1.6128184052224916,0,0,0.004,-0.8545207943106867,-0.08752274328057597,-1.298219148352029,0.005225674735134689,-0.048607837194670545,0.06877963390946906,0.004636111168050785,-0.032557078050161344,0.007738878125433547,-0.039741035240802025,-0.01239641172837077,-0.039586057357164375,0.00003832468931417752,0.000030297095455880205,-0.000028890090137142172,0.001161618197071226,0.0012891979410712701,0.00008190047440859353,0.0000993170116874424,0.0008523791729634665,NaN,0,0,0,2,0.000978,0,0,0
641347623,0,1.397816143255872,1.6204847649346692,0,0,0.004,-0.851456542272959,-0.09502799033816889,-1.3087948587928722,0.005225674735134689,-0.048607837194670545,0.06877963390946906,0.004636111168050785,-0.032557078050161344,0.007738878125433547,-0.039741035240802025,-0.01239641172837077,-0.039586057357164375,0.00003832468931417752,0.000030297095455880205,-0.000028890090137142172,0.001164219840913155,0.0013039164460193823,0.00008414725943891339,0.0000993170120874424,0.0008523792129634664,NaN,0,0,0,2,0.001396,0,0,0
641347627,0,1.4195593330153211,1.6069186958614865,0,0,0.004,-0.8998571047547779,-0.24541754963083395,-1.2381261185425672,0.005225674735134689,-0.048607837194670545,0.06877963390946906,0.004636111168050785,-0.032557078050161344,0.007738878125433547,-0.039741035240802025,-0.01239641172837077,-0.039586057357164375,0.00003832468931417752,0.000030297095455880205,-0.000028890090137142172,0.0011668246628994646,0.001318706334188169,0.00008643859542461773,0.0000993170124874424,0.0008523792529634664,NaN,0,0,0,2,0.0014670000000000002,0,0,0
641347631,0,1.412812870407492,1.4044297041232852,0,0,0.004,-0.7783438911807501,-0.04606891988566608,-1.1005883171145907,0.005225674735134689,-0.048607837194670545,0.06877963390946906,0.004636111168050785,-0.032557078050161344,0.007738878125433547,-0.039741035240802025,-0.01239641172837077,-0.039586057357164375,0.00003832468931417752,0.000030297095455880205,-0.000028890090137142172,0.0011694326630301674,0.001333392249006932,0.00008877501073135405,0.00009931701288744241,0.0008523792929634663,NaN,0,0,0,2,0.001397,0,0,0
641347635,0,1.3791214935161427,1.3496491358443028,0,0,0.004,-0.668215457763534,-0.006105300993961782,-1.10828278968191,0.005225674735134689,-0.048607837194670545,0.06877963390946906,0.004636111168050785,-0.032557078050161344,0.007738878125433547,-0.039741035240802025,-0.01239641172837077,-0.039586057357164375,0.00003832468931417752,0.000030297095455880205,-0.000028890090137142172,0.0011720438413052763,0.0013481168553209455,0.00009115700238734544,0.00009931701328744242,0.0008523793329634663,NaN,0,0,0,2,0.0009080000000000001,0,0,0
641347639,0,1.3403466332117864,1.4946940122029753,0,0,0.004,-0.6717750507767999,0.08138948542498115,-1.2712896119103068,0.005225674735134689,-0.048607837194670545,0.06877963390946906,0.004636111168050785,-0.032557078050161344,0.007738878125433547,-0.039741035240802025,-0.01239641172837077,-0.039586057357164375,0.00003832468931417752,0.000030297095455880205,-0.000028890090137142172,0.001174658197724804,0.001363126171956539,0.000093585112025535,0.00009931701368744243,0.0008523793729634662,NaN,0,0,0,2,0.000977,0,0,0
641347643,0,1.328866691151785,1.5307694940601435,0,0,0.004,-0.6578382633887494,0.11065560350844106,-1.3173339125503531,0.005225674735134689,-0.048607837194670545,0.06877963390946906,0.004636111168050785,-0.032557078050161344,0.007738878125433547,-0.039741035240802025,-0.01239641172837077,-0.039586057357164375,0.00003832468931417752,0.000030297095455880205,-0.000028890090137142172,0.0011772757322887632,0.0013782899945616691,0.0000960599510761961,0.00009931701408744243,0.0008523794129634662,NaN,0,0,0,2,0.003352,0,0,0
641347647,0,1.3153441235885694,1.3586717040294534,0,0,0.004,-0.5671211259057887,0.1319334194204882,-1.1679417811056663,0.005225674735134689,-0.048607837194670545,0.06877963390946906,0.004636111168050785,-0.032557078050161344,0.007738878125433547,-0.039741035240802025,-0.01239641172837077,-0.039586057357164375,0.00003832468931417752,0.000030297095455880205,-0.000028890090137142172,0.0011798964449971667,0.0013933122108399194,0.00009858210046276837,0.00009931701448744244,0.0008523794529634661,NaN,0,0,0,2,0.0014670000000000002,0,0,0
641347651,0,1.25753379400244,0.9944539273567029,0,0,0.004,-0.3108235936538395,0.09508781426181911,-0.8833809354928128,0.005225674735134689,-0.048607837194670545,0.06877963390946906,0.004636111168050785,-0.032557078050161344,0.007738878125433547,-0.039741035240802025,-0.01239641172837077,-0.039586057357164375,0.00003832468931417752,0.000030297095455880205,-0.000028890090137142172,0.0011825203358500273,0.0014078761286707285,0.00010115205737199069,0.00009931701488744245,0.0008523794929634661,NaN,0,0,0,2,0.0014670000000000002,0,0,0
641347655,0,1.212626471488316,0.9426040653046314,0,0,0.004,-0.1994646769361934,0.0597102536412657,-0.8651738573231551,0.005225674735134689,-0.048607837194670545,0.06877963390946906,0.004636111168050785,-0.032557078050161344,0.007738878125433547,-0.039741035240802025,-0.01239641172837077,-0.039586057357164375,0.00003832468931417752,0.000030297095455880205,-0.000028890090137142172,0.001185147404847358,0.0014223995135136068,0.00010377022807905512,0.00009931701528744245,0.000852379532963466,NaN,0,0,0,2,0.0014670000000000002,0,0,0
641347659,0,1.1865322613729168,1.0049670247599545,0,0,0.004,-0.19280994232758286,0.08962039664829635,-0.9289883750808805,0.005225674735134689,-0.048607837194670545,0.06877963390946906,0.004636111168050785,-0.032557078050161344,0.007738878125433547,-0.039741035240802025,-0.01239641172837077,-0.039586057357164375,0.00003832468931417752,0.000030297095455880205,-0.000028890090137142172,0.0011877776519891715,0.0014370639699388453,0.0001064371299119291,0.00009931701568744246,0.000852379572963466,NaN,0,0,0,2,0.000978,0,0,0
641347663,0,1.178783224217108,1.0193629927734236,0,0,0.004,-0.17715803770560012,0.09999623649676126,-0.9462504505541283,0.005225674735134689,-0.048607837194670545,0.06877963390946906,0.004636111168050785,-0.032557078050161344,0.007738878125433547,-0.039741035240802025,-0.01239641172837077,-0.039586057357164375,0.00003832468931417752,0.000030297095455880205,-0.000028890090137142172,0.0011904110772754807,0.001451805037547684,0.00010915333109550144,0.00009931701608744247,0.0008523796129634659,NaN,0,0,0,2,0.001466,0,0,0
641347667,0,1.1798139299318713,0.9170835115368078,0,0,0.004,-0.2036861800747236,0.19350307172120507,-0.8207981619572475,0.005225674735134689,-0.048607837194670545,0.06877963390946906,0.004636111168050785,-0.032557078050161344,0.007738878125433547,-0.039741035240802025,-0.01239641172837077,-0.039586057357164375,0.00003832468931417752,0.000030297095455880205,-0.000028890090137142172,0.0011930476807062982,0.0014664458920776962,0.00011191938410789634,0.00009931701648744247,0.0008523796529634659,NaN,0,0,0,2,0.001885,0,0,0
641347671,0,1.191578284789889,0.7104046851529597,0,0,0.004,-0.2960306965271473,0.20772801660301854,-0.5547543045195003,0.005225674735134689,-0.048607837194670545,0.06877963390946906,0.004636111168050785,-0.032557078050161344,0.007738878125433547,-0.039741035240802025,-0.01239641172837077,-0.039586057357164375,0.00003832468931417752,0.000030297095455880205,-0.000028890090137142172,0.001195687462281637,0.0014808149927881273,0.0001147357740476626,0.00009931701688744248,0.0008523796929634658,NaN,0,0,0,2,0.003282,0,0,0
641347675,0,1.2180768088557925,0.6170658513484917,0,0,0.004,-0.3776938193721906,0.1752895680402181,-0.3905316906529954,0.005225674735134689,-0.048607837194670545,0.06877963390946906,0.004636111168050785,-0.032557078050161344,0.007738878125433547,-0.039741035240802025,-0.01239641172837077,-0.039586057357164375,0.00003832468931417752,0.000030297095455880205,-0.000028890090137142172,0.0011983304220015097,0.001495042542169142,0.00011760291038989462,0.00009931701728744249,0.0008523797329634658,NaN,0,0,0,2,0.001397,0,0,0
641347679,0,1.272658228838682,0.6968503108018242,0,0,0.004,-0.49581324679562244,0.12377119809400206,-0.4018989377797766,0.005225674735134689,-0.048607837194670545,0.06877963390946906,0.004636111168050785,-0.032557078050161344,0.007738878125433547,-0.039741035240802025,-0.01239641172837077,-0.039586057357164375,0.00003832468931417752,0.000030297095455880205,-0.000028890090137142172,0.0012009765598659293,0.001509413807650107,0.00012052124287760797,0.00009931701768744249,0.0008523797729634657,NaN,0,0,0,2,0.001397,0,0,0
641347683,0,1.2892126728411168,0.696987426255329,0,0,0.004,-0.49960101436855675,0.11152226281917499,-0.40049223116502475,0.005225674735134689,-0.048607837194670545,0.06877963390946906,0.004636111168050785,-0.032557078050161344,0.007738878125433547,-0.039741035240802025,-0.01239641172837077,-0.039586057357164375,0.00003832468931417752,0.000030297095455880205,-0.000028890090137142172,0.0012036258758749085,0.001523829713500946,0.00012349132301243306,0.0000993170180874425,0.0008523798129634656,NaN,0,0,0,2,0.000977,0,0,0
641347687,0,1.345720929466904,0.7013082442740266,0,0,0.004,-0.5132922658587753,0.11250038925327266,-0.39106882569836365,0.005225674735134689,-0.048607837194670545,0.06877963390946906,0.004636111168050785,-0.032557078050161344,0.007738878125433547,-0.039741035240802025,-0.01239641172837077,-0.039586057357164375,0.00003832468931417752,0.000030297095455880205,-0.000028890090137142172,0.00120627837002846,0.0015382847927413645,0.00012651368192234067,0.0000993170184874425,0.0008523798529634656,NaN,0,0,0,1,0.001886,0,0,0
641347691,0,1.4164850497708943,0.7381088533183102,0,0,0.004,-0.6691200716417669,0.038090266891042,-0.20536131653235934,0.005225674735134689,-0.048607837194670545,0.06877963390946906,0.004636111168050785,-0.032557078050161344,0.007738878125433547,-0.039741035240802025,-0.01239641172837077,-0.039586057357164375,0.00003832468931417752,0.000030297095455880205,-0.000028890090137142172,0.0012089340423265967,0.0015526222063866272,0.00012958884828681122,0.00009931701888744251,0.0008523798929634655,NaN,0,0,0,2,0.001466,0,0,0
641347695,0,1.488083640082237,0.9036705397043863,0,0,0.004,-0.874044255487985,-0.029671689202522167,-0.05213706255388573,0.005225674735134689,-0.048607837194670545,0.06877963390946906,0.004636111168050785,-0.032557078050161344,0.007738878125433547,-0.039741035240802025,-0.01239641172837077,-0.039586057357164375,0.00003832468931417752,0.000030297095455880205,-0.000028890090137142172,0.0012115928927693314,0.0015669417817984984,0.00013271726467390944,0.00009931701928744252,0.0008523799329634655,NaN,0,0,0,2,0.001397,0,0,0
641347699,0,1.5631562545070645,1.0304337207067227,0,0,0.004,-0.9924436400092198,-0.05603067022823727,-0.11394729588792529,0.005225674735134689,-0.048607837194670545,0.06877963390946906,0.004636111168050785,-0.032557078050161344,0.007738878125433547,-0.039741035240802025,-0.01239641172837077,-0.039586057357164375,0.00003832468931417752,0.000030297095455880205,-0.000028890090137142172,0.0012142549213566768,0.0015815199947309786,0.0001358994007327773,0.00009931701968744252,0.0008523799729634654,NaN,0,0,0,2,0.0034230000000000003,0,0,0
641347703,0,1.5857936341343735,1.047599647279513,0,0,0.004,-1.0071565324846892,-0.060156202552564486,-0.12846743306968378,0.005225674735134689,-0.048607837194670545,0.06877963390946906,0.004636111168050785,-0.032557078050161344,0.007738878125433547,-0.039741035240802025,-0.01239641172837077,-0.039586057357164375,0.00003832468931417752,0.000030297095455880205,-0.000028890090137142172,0.001216920128088646,0.001596201468683783,0.00013913586050503472,0.00009931702008744253,0.0008523800129634654,NaN,0,0,0,2,0.001466,0,0,0
641347707,0,1.647193977249602,1.1038567464602695,0,0,0.004,-1.053997641693231,-0.10973827108462553,-0.16221509872426232,0.005225674735134689,-0.048607837194670545,0.06877963390946906,0.004636111168050785,-0.032557078050161344,0.007738878125433547,-0.039741035240802025,-0.01239641172837077,-0.039586057357164375,0.00003832468931417752,0.000030297095455880205,-0.000028890090137142172,0.0012195885129652516,0.0016110485911760267,0.00014242720092228628,0.00009931702048744254,0.0008523800529634653,NaN,0,0,0,2,0.0014670000000000002,0,0,0
641347711,0,1.7007922916960352,1.1744362162944844,0,0,0.004,-1.130436446911381,-0.10844267592197337,-0.1419084581844441,0.005225674735134689,-0.048607837194670545,0.06877963390946906,0.004636111168050785,-0.032557078050161344,0.007738878125433547,-0.039741035240802025,-0.01239641172837077,-0.039586057357164375,0.00003832468931417752,0.000030297095455880205,-0.000028890090137142172,0.0012222600759865063,0.0016260126373543653,0.00014577400723349306,0.00009931702088744254,0.0008523800929634653,NaN,0,0,0,2,0.001397,0,0,0
641347715,0,1.7614988262847973,1.3906049008236598,0,0,0.004,-1.350263114733205,-0.11447151845229492,-0.14039143969599444,0.005225674735134689,-0.048607837194670545,0.06877963390946906,0.004636111168050785,-0.032557078050161344,0.007738878125433547,-0.039741035240802025,-0.01239641172837077,-0.039586057357164375,0.00003832468931417752,0.000030297095455880205,-0.000028890090137142172,0.0012249348171524232,0.0016412877035421893,0.0001491768393501966,0.00009931702128744255,0.0008523801329634652,NaN,0,0,0,2,0.0018160000000000001,0,0,0
641347719,0,1.8125811620096532,1.4828370369228399,0,0,0.004,-1.4349248235041683,-0.11595713767526428,-0.2004154786004353,0.005225674735134689,-0.048607837194670545,0.06877963390946906,0.004636111168050785,-0.032557078050161344,0.007738878125433547,-0.039741035240802025,-0.01239641172837077,-0.039586057357164375,0.00003832468931417752,0.000030297095455880205,-0.000028890090137142172,0.0012276127364630148,0.001656853472874468,0.00015263632667183405,0.00009931702168744256,0.0008523801729634652,NaN,0,0,0,2,0.001886,0,0,0
641347723,0,1.8279549167607703,1.4865059681404165,0,0,0.004,-1.436986807280168,-0.11026985011028245,-0.21275877897176798,0.005225674735134689,-0.048607837194670545,0.06877963390946906,0.004636111168050785,-0.032557078050161344,0.007738878125433547,-0.039741035240802025,-0.01239641172837077,-0.039586057357164375,0.00003832468931417752,0.000030297095455880205,-0.000028890090137142172,0.001230293833918294,0.001672552589904757,0.00015615312453116752,0.00009931702208744256,0.0008523802129634651,NaN,0,0,0,2,0.001397,0,0,0
641347727,0,1.8734841174755696,1.5724657020215542,0,0,0.004,-1.5251831446600062,-0.08077017065320569,-0.22407342381603534,0.005225674735134689,-0.048607837194670545,0.06877963390946906,0.004636111168050785,-0.032557078050161344,0.007738878125433547,-0.039741035240802025,-0.01239641172837077,-0.039586057357164375,0.00003832468931417752,0.000030297095455880205,-0.000028890090137142172,0.0012329781095182734,0.0016884902126723007,0.0001597278352750279,0.00009931702248744257,0.0008523802529634651,NaN,0,0,0,2,0.001466,0,0,0
641347731,0,1.8981719853653853,1.5922525556527831,0,0,0.004,-1.5478887131310508,-0.04460087139501334,-0.22245378589525622,0.005225674735134689,-0.048607837194670545,0.06877963390946906,0.004636111168050785,-0.032557078050161344,0.007738878125433547,-0.039741035240802025,-0.01239641172837077,-0.039586057357164375,0.00003832468931417752,0.000030297095455880205,-0.000028890090137142172,0.001235665563262966,0.0017045753717493501,0.00016336109774970744,0.00009931702288744258,0.000852380292963465,NaN,0,0,0,2,0.003352,0,0,0
641347735,0,1.9465555843980757,1.7256561206969825,0,0,0.004,-1.6883326591129901,0.002499904817763632,-0.19924707614543102,0.005225674735134689,-0.048607837194670545,0.06877963390946906,0.004636111168050785,-0.032557078050161344,0.007738878125433547,-0.039741035240802025,-0.01239641172837077,-0.039586057357164375,0.00003832468931417752,0.000030297095455880205,-0.000028890090137142172,0.0012383561951523846,0.0017209397444547467,0.0001670535254008906,0.00009931702328744258,0.000852380332963465,NaN,0,0,0,2,0.001397,0,0,0
641347739,0,1.973541116901871,1.6755184272752366,0,0,0.004,-1.6538960307294828,0.03924590197972655,-0.04932321171674836,0.005225674735134689,-0.048607837194670545,0.06877963390946906,0.004636111168050785,-0.032557078050161344,0.007738878125433547,-0.039741035240802025,-0.01239641172837077,-0.039586057357164375,0.00003832468931417752,0.000030297095455880205,-0.000028890090137142172,0.0012410500051865422,0.00173714800483322,0.0001708057689245925,0.00009931702368744259,0.0008523803729634649,NaN,0,0,0,2,0.001397,0,0,0
641347743,0,1.98166273729521,1.638292044300889,0,0,0.004,-1.61861225713432,0.05800094162696123,0.002491411490284534,0.005225674735134689,-0.048607837194670545,0.06877963390946906,0.004636111168050785,-0.032557078050161344,0.007738878125433547,-0.039741035240802025,-0.01239641172837077,-0.039586057357164375,0.00003832468931417752,0.000030297095455880205,-0.000028890090137142172,0.0012437469933654513,0.0017533549413242054,0.0001746182882780935,0.0000993170240874426,0.0008523804129634649,NaN,0,0,0,2,0.001886,0,0,0
641347747,0,1.9991391851111615,1.6156549393027693,0,0,0.004,-1.5912748935943088,0.05340851358388221,0.1918991501268188,0.005225674735134689,-0.048607837194670545,0.06877963390946906,0.004636111168050785,-0.032557078050161344,0.007738878125433547,-0.039741035240802025,-0.01239641172837077,-0.039586057357164375,0.00003832468931417752,0.000030297095455880205,-0.000028890090137142172,0.0012464471596891247,0.0017693374522825896,0.00017849163512496352,0.0000993170244874426,0.0008523804529634648,NaN,0,0,0,2,0.0014670000000000002,0,0,0
641347751,0,2.0007019426105295,1.5475444412391173,0,0,0.004,-1.4897202984470013,-0.03730637271160109,0.39954304138320396,0.005225674735134689,-0.048607837194670545,0.06877963390946906,0.004636111168050785,-0.032557078050161344,0.007738878125433547,-0.039741035240802025,-0.01239641172837077,-0.039586057357164375,0.00003832468931417752,0.000030297095455880205,-0.000028890090137142172,0.0012491505041575754,0.001784942415680822,0.00018242621298413756,0.00009931702488744261,0.0008523804929634648,NaN,0,0,0,2,0.0014670000000000002,0,0,0
641347799,0,1.6788578399922407,1.336050152178144,0,0,0.048,-0.8785364255555017,-0.9652020259340915,0.21536875583038118,0.005225674735134689,-0.048607837194670545,0.06877963390946906,0.004636111168050785,-0.032557078050161344,0.007738878125433547,-0.039741035240802025,-0.01239641172837077,-0.039586057357164375,0.00003832468931417752,0.000030297095455880205,-0.000028890090137142172,0.0012818385330730258,0.001968360122633063,0.00023414964215893124,0.0000993170296874426,0.0008523809729634648,NaN,0,0,0,2,0.001396,0,0,0
641347803,0,1.5922335470405937,1.2846869634514355,0,0,0.004,-0.48716142285587427,-1.1554177949559636,0.21650023288402487,0.005225674735134689,-0.048607837194670545,0.06877963390946906,0.004636111168050785,-0.032557078050161344,0.007738878125433547,-0.039741035240802025,-0.01239641172837077,-0.039586057357164375,0.00003832468931417752,0.000030297095455880205,-0.000028890090137142172,0.0012845831934239001,0.0019832206490346177,0.00023889983434125114,0.00009931703008744261,0.0008523810129634648,NaN,0,0,0,2,0.0032830000000000003,0,0,0
641347807,0,1.6062882061576655,1.303793934068002,0,0,0.004,-0.65114021224259,-1.095877954483632,0.20093589134712353,0.005225674735134689,-0.048607837194670545,0.06877963390946906,0.004636111168050785,-0.032557078050161344,0.007738878125433547,-0.039741035240802025,-0.01239641172837077,-0.039586057357164375,0.00003832468931417752,0.000030297095455880205,-0.000028890090137142172,0.0012873310319197308,0.001998490131037392,0.00024371848217864887,0.00009931703048744262,0.0008523810529634647,NaN,0,0,0,2,0.001397,0,0,0
641347811,0,1.6837897849477068,1.5128166985826974,0,0,0.004,-1.0609495401984141,-1.0471884798799378,0.12744164847702955,0.005225674735134689,-0.048607837194670545,0.06877963390946906,0.004636111168050785,-0.032557078050161344,0.007738878125433547,-0.039741035240802025,-0.01239641172837077,-0.039586057357164375,0.00003832468931417752,0.000030297095455880205,-0.000028890090137142172,0.0012900820485605307,0.0020148055301407682,0.0002486063100160907,0.00009931703088744263,0.0008523810929634647,NaN,0,0,0,2,0.0014670000000000002,0,0,0
641347815,0,1.7952489777936271,1.6754398754816688,0,0,0.004,-1.2269292070390738,-1.0700332649708302,-0.25000034600758525,0.005225674735134689,-0.048607837194670545,0.06877963390946906,0.004636111168050785,-0.032557078050161344,0.007738878125433547,-0.039741035240802025,-0.01239641172837077,-0.039586057357164375,0.00003832468931417752,0.000030297095455880205,-0.000028890090137142172,0.0012928362433463126,0.0020321408270625473,0.0002535643933985902,0.00009931703128744263,0.0008523811329634646,NaN,0,0,0,2,0.001466,0,0,0
641347823,0,1.939568697228418,1.841698981155733,0,0,0.008,-1.2389119923115366,-1.1039640304809328,-0.7035456907949502,0.005225674735134689,-0.048607837194670545,0.06877963390946906,0.004636111168050785,-0.032557078050161344,0.007738878125433547,-0.039741035240802025,-0.01239641172837077,-0.039586057357164375,0.00003832468931417752,0.000030297095455880205,-0.000028890090137142172,0.001298354167352867,0.002068572590033869,0.00026368881896774533,0.00009931703208744263,0.0008523812129634646,NaN,0,0,0,2,0.001397,0,0,0
641347859,0,2.2670956986345088,2.493882678320042,0,0,0.036,-2.111000753079666,-1.269008856691754,-0.238415522805699,0.005225674735134689,-0.048607837194670545,0.06877963390946906,0.004636111168050785,-0.032557078050161344,0.007738878125433547,-0.039741035240802025,-0.01239641172837077,-0.039586057357164375,0.00003832468931417752,0.000030297095455880205,-0.000028890090137142172,0.0013233421435609586,0.002253488997561681,0.0003126554066889129,0.00009931703568744264,0.0008523815729634646,NaN,0,0,0,2,0.001886,0,0,0
641347863,0,2.367261461624678,2.5124854977156446,0,0,0.004,-2.1711379063417855,-1.2347387999060766,-0.03335081940658924,0.005225674735134689,-0.048607837194670545,0.06877963390946906,0.004636111168050785,-0.032557078050161344,0.007738878125433547,-0.039741035240802025,-0.01239641172837077,-0.039586057357164375,0.00003832468931417752,0.000030297095455880205,-0.000028890090137142172,0.0013261344760870494,0.0022750142055412287,0.00031851387141021783,0.00009931703608744264,0.0008523816129634645,NaN,0,0,0,2,0.001397,0,0,0
641347867,0,2.4124266691932506,3.023122918165983,0,0,0.004,-2.4147445646486103,-1.7400409636600327,0.5003265819899791,0.005225674735134689,-0.048607837194670545,0.06877963390946906,0.004636111168050785,-0.032557078050161344,0.007738878125433547,-0.039741035240802025,-0.01239641172837077,-0.039586057357164375,0.00003832468931417752,0.000030297095455880205,-0.000028890090137142172,0.0013289299867582885,0.0022966735238019536,0.0003244540328500928,0.00009931703648744265,0.0008523816529634645,NaN,0,0,0,2,0.0038410000000000002,0,0,0
641347871,0,2.383037045348696,2.6792925510587273,0,0,0.004,-1.715187491865138,-2.0325683820982734,0.20995140609472251,0.005225674735134689,-0.048607837194670545,0.06877963390946906,0.004636111168050785,-0.032557078050161344,0.007738878125433547,-0.039741035240802025,-0.01239641172837077,-0.039586057357164375,0.00003832468931417752,0.000030297095455880205,-0.000028890090137142172,0.0013317286755746888,0.002316691113829298,0.0003304761357686949,0.00009931703688744266,0.0008523816929634644,NaN,0,0,0,2,0.0014670000000000002,0,0,0
641347875,0,2.4427621386451586,2.9891394082508684,0,0,0.004,-1.9107697885449537,-2.277629944534069,0.14525838220578713,0.005225674735134689,-0.048607837194670545,0.06877963390946906,0.004636111168050785,-0.032557078050161344,0.007738878125433547,-0.039741035240802025,-0.01239641172837077,-0.039586057357164375,0.00003832468931417752,0.000030297095455880205,-0.000028890090137142172,0.001334530542536263,0.0023376548916690327,0.0003365804818376195,0.00009931703728744266,0.0008523817329634644,NaN,0,0,0,2,0.000977,0,0,0
641347879,0,2.4496027740990174,3.469623329996556,0,0,0.004,-2.212951106890082,-2.526222931154919,0.870061766160191,0.005225674735134689,-0.048607837194670545,0.06877963390946906,0.004636111168050785,-0.032557078050161344,0.007738878125433547,-0.039741035240802025,-0.01239641172837077,-0.039586057357164375,0.00003832468931417752,0.000030297095455880205,-0.000028890090137142172,0.0013373355876430243,0.0023586874521808357,0.0003427683156443025,0.00009931703768744267,0.0008523817729634643,NaN,0,0,0,1,0.001396,0,0,0
641347883,0,2.452442599454546,3.615691836997516,0,0,0.004,-2.279412693576756,-2.587273734555827,1.09720536671861,0.005225674735134689,-0.048607837194670545,0.06877963390946906,0.004636111168050785,-0.032557078050161344,0.007738878125433547,-0.039741035240802025,-0.01239641172837077,-0.039586057357164375,0.00003832468931417752,0.000030297095455880205,-0.000028890090137142172,0.001340143810894985,0.0023841364138010917,0.0003490395728459951,0.00009931703808744268,0.0008523818129634643,NaN,0,0,0,3,0.000978,0,0,0
641347887,0,2.423216487581888,3.0028354929478507,0,0,0.004,-2.0379914721212753,-2.041858163422489,0.8416995341046913,0.005225674735134689,-0.048607837194670545,0.06877963390946906,0.004636111168050785,-0.032557078050161344,0.007738878125433547,-0.039741035240802025,-0.01239641172837077,-0.039586057357164375,0.00003832468931417752,0.000030297095455880205,-0.000028890090137142172,0.001342955212292158,0.0024101411507953525,0.00035539477793759236,0.00009931703848744268,0.0008523818529634642,NaN,0,0,0,2,0.001466,0,0,0
641347891,0,2.4301154557810625,2.57572679608814,0,0,0.004,-1.608988526532081,-1.9452612940791902,0.4951841976291469,0.005225674735134689,-0.048607837194670545,0.06877963390946906,0.004636111168050785,-0.032557078050161344,0.007738878125433547,-0.039741035240802025,-0.01239641172837077,-0.039586057357164375,0.00003832468931417752,0.000030297095455880205,-0.000028890090137142172,0.0013457697918345564,0.0024346620489848546,0.0003618348490434446,0.00009931703888744269,0.0008523818929634642,NaN,0,0,0,2,0.001466,0,0,0
641347895,0,2.4095772711967594,2.9274548598394112,0,0,0.004,-1.7682048199414357,-2.301185073189357,0.3215993182464949,0.005225674735134689,-0.048607837194670545,0.06877963390946906,0.004636111168050785,-0.032557078050161344,0.007738878125433547,-0.039741035240802025,-0.01239641172837077,-0.039586057357164375,0.00003832468931417752,0.000030297095455880205,-0.000028890090137142172,0.0013485875495221928,0.002460886356349678,0.00036836050901980485,0.0000993170392874427,0.0008523819329634641,NaN,0,0,0,2,0.002863,0,0,0
641347899,0,2.4407743089665104,2.777738167425732,0,0,0.004,-1.377247785094079,-2.372523154301049,0.3935794121737608,0.005225674735134689,-0.048607837194670545,0.06877963390946906,0.004636111168050785,-0.032557078050161344,0.007738878125433547,-0.039741035240802025,-0.01239641172837077,-0.039586057357164375,0.00003832468931417752,0.000030297095455880205,-0.000028890090137142172,0.0013514084853550798,0.0024860949253326958,0.0003749732235571679,0.0000993170396874427,0.0008523819729634641,NaN,0,0,0,2,0.001396,0,0,0
641347903,0,2.4506562828020835,2.7215682114265367,0,0,0.004,-1.2385248576968506,-2.3794077879952513,0.42377146708698277,0.005225674735134689,-0.048607837194670545,0.06877963390946906,0.004636111168050785,-0.032557078050161344,0.007738878125433547,-0.039741035240802025,-0.01239641172837077,-0.039586057357164375,0.00003832468931417752,0.000030297095455880205,-0.000028890090137142172,0.0013542325993332303,0.0025111201034455372,0.00038167287952463476,0.00009931704008744271,0.000852382012963464,NaN,0,0,0,2,0.001466,0,0,0
641347907,0,2.44213453260301,2.8336290090605774,0,0,0.004,-1.5419147949256045,-2.3396072215293717,0.38021506038793795,0.005225674735134689,-0.048607837194670545,0.06877963390946906,0.004636111168050785,-0.032557078050161344,0.007738878125433547,-0.039741035240802025,-0.01239641172837077,-0.039586057357164375,0.00003832468931417752,0.000030297095455880205,-0.000028890090137142172,0.0013570598914566573,0.002537622528013769,0.0003884599034619738,0.00009931704048744271,0.000852382052963464,NaN,0,0,0,2,0.001397,0,0,0
641347911,0,2.5005222574236057,3.020736754599656,0,0,0.004,-1.5618753257715785,-2.5678658764885345,0.17556049642804616,0.005225674735134689,-0.048607837194670545,0.06877963390946906,0.004636111168050785,-0.032557078050161344,0.007738878125433547,-0.039741035240802025,-0.01239641172837077,-0.039586057357164375,0.00003832468931417752,0.000030297095455880205,-0.000028890090137142172,0.0013598903617253735,0.002565170834446303,0.0003953357911420762,0.00009931704088744272,0.0008523820929634639,NaN,0,0,0,2,0.001397,0,0,0
641347915,0,2.568741357210764,2.685355912589075,0,0,0.004,-1.1686333619361633,-2.370210298538378,-0.3399324997788806,0.005225674735134689,-0.048607837194670545,0.06877963390946906,0.004636111168050785,-0.032557078050161344,0.007738878125433547,-0.039741035240802025,-0.01239641172837077,-0.039586057357164375,0.00003832468931417752,0.000030297095455880205,-0.000028890090137142172,0.0013627240101393918,0.0025909341220442033,0.00040230183983169717,0.00009931704128744273,0.0008523821329634639,NaN,0,0,0,2,0.001466,0,0,0
641347919,0,2.6418534383836887,2.9138078614920815,0,0,0.004,-1.3678608020907104,-2.538998489590026,-0.26290535201924925,0.005225674735134689,-0.048607837194670545,0.06877963390946906,0.004636111168050785,-0.032557078050161344,0.007738878125433547,-0.039741035240802025,-0.01239641172837077,-0.039586057357164375,0.00003832468931417752,0.000030297095455880205,-0.000028890090137142172,0.0013655608366987249,0.002618339292256252,0.00040935912592057793,0.00009931704168744273,0.0008523821729634638,NaN,0,0,0,2,0.000977,0,0,0
641347923,0,2.6639523247071826,2.9404422243158956,0,0,0.004,-1.3859945072554407,-2.564120247236114,-0.22463939180499182,0.005225674735134689,-0.048607837194670545,0.06877963390946906,0.004636111168050785,-0.032557078050161344,0.007738878125433547,-0.039741035240802025,-0.01239641172837077,-0.039586057357164375,0.00003832468931417752,0.000030297095455880205,-0.000028890090137142172,0.0013684008414033856,0.002646300564363262,0.0004165087229901019,0.00009931704208744274,0.0008523822129634638,NaN,0,0,0,2,0.003282,0,0,0
641347927,0,2.7088145869555906,3.127691396727063,0,0,0.004,-1.3324843018048427,-2.7896962629662205,-0.32940242989036506,0.005225674735134689,-0.048607837194670545,0.06877963390946906,0.004636111168050785,-0.032557078050161344,0.007738878125433547,-0.039741035240802025,-0.01239641172837077,-0.039586057357164375,0.00003832468931417752,0.000030297095455880205,-0.000028890090137142172,0.0013712440242533868,0.0026751144329654275,0.0004237514464030315,0.00009931704248744275,0.0008523822529634637,NaN,0,0,0,2,0.0014670000000000002,0,0,0
641347931,0,2.785300967308007,2.799175115636582,0,0,0.004,-0.9575793162185764,-2.494275954799066,-0.7381846017025104,0.005225674735134689,-0.048607837194670545,0.06877963390946906,0.004636111168050785,-0.032557078050161344,0.007738878125433547,-0.039741035240802025,-0.01239641172837077,-0.039586057357164375,0.00003832468931417752,0.000030297095455880205,-0.000028890090137142172,0.0013740903852487412,0.0027017306584804332,0.00043108823562219064,0.00009931704288744275,0.0008523822929634637,NaN,0,0,0,2,0.001397,0,0,0
641347935,0,2.8226622077313777,2.91114771495287,0,0,0.004,-1.0644920485779663,-2.587517905320506,-0.7057214889448193,0.005225674735134689,-0.048607837194670545,0.06877963390946906,0.004636111168050785,-0.032557078050161344,0.007738878125433547,-0.039741035240802025,-0.01239641172837077,-0.039586057357164375,0.00003832468931417752,0.000030297095455880205,-0.000028890090137142172,0.0013769399243894617,0.002729471331809651,0.0004385198898498066,0.00009931704328744276,0.0008523823329634636,NaN,0,0,0,2,0.0019549999999999997,0,0,0
641347939,0,2.871076407093924,3.364107329984878,0,0,0.004,-1.3540667564406819,-2.9433370236351406,-0.809487679732527,0.005225674735134689,-0.048607837194670545,0.06877963390946906,0.004636111168050785,-0.032557078050161344,0.007738878125433547,-0.039741035240802025,-0.01239641172837077,-0.039586057357164375,0.00003832468931417752,0.000030297095455880205,-0.000028890090137142172,0.0013797926416755607,0.0027601320882837768,0.00044604741072423135,0.00009931704368744277,0.0008523823729634636,NaN,0,0,0,2,0.0009080000000000001,0,0,0
641347943,0,2.885694226441568,3.479626753698663,0,0,0.004,-1.4209809688227464,-3.037237829120425,-0.8329906143389341,0.005225674735134689,-0.048607837194670545,0.06877963390946906,0.004636111168050785,-0.032557078050161344,0.007738878125433547,-0.039741035240802025,-0.01239641172837077,-0.039586057357164375,0.00003832468931417752,0.000030297095455880205,-0.000028890090137142172,0.0013826485371070513,0.0027919478038027344,0.0004536726588796326,0.00009931704408744277,0.0008523824129634635,NaN,0,0,0,2,0.001886,0,0,0
641347947,0,2.9408400539119457,3.272656440123134,0,0,0.004,-0.9922119361478325,-2.8515218488863736,-1.1792501998007463,0.005225674735134689,-0.048607837194670545,0.06877963390946906,0.004636111168050785,-0.032557078050161344,0.007738878125433547,-0.039741035240802025,-0.01239641172837077,-0.039586057357164375,0.00003832468931417752,0.000030297095455880205,-0.000028890090137142172,0.0013855076106839464,0.0028215620400429318,0.00046139680395286325,0.00009931704448744278,0.0008523824529634634,NaN,0,0,0,2,0.0014670000000000002,0,0,0
641347951,0,3.002351584116649,3.12480502964788,0,0,0.004,-0.7575125704934533,-2.663706771469794,-1.3694661689315328,0.005225674735134689,-0.048607837194670545,0.06877963390946906,0.004636111168050785,-0.032557078050161344,0.007738878125433547,-0.039741035240802025,-0.01239641172837077,-0.039586057357164375,0.00003832468931417752,0.000030297095455880205,-0.000028890090137142172,0.0013883698624062586,0.0028497556885706565,0.00046922034421093375,0.00009931704488744279,0.0008523824929634634,NaN,0,0,0,2,0.0014670000000000002,0,0,0
641347955,0,3.050957096078535,3.376293307070604,0,0,0.004,-1.0547084097180839,-2.8315798100644414,-1.429795663981988,0.005225674735134689,-0.048607837194670545,0.06877963390946906,0.004636111168050785,-0.032557078050161344,0.007738878125433547,-0.039741035240802025,-0.01239641172837077,-0.039586057357164375,0.00003832468931417752,0.000030297095455880205,-0.000028890090137142172,0.0013912352922740008,0.0028803946380124338,0.0004771438898854424,0.0000993170452874428,0.0008523825329634633,NaN,0,0,0,2,0.003352,0,0,0
641347959,0,3.0859263960836594,3.6702202090023204,0,0,0.004,-1.132637821752107,-2.965505383891157,-1.7696273397686788,0.005225674735134689,-0.048607837194670545,0.06877963390946906,0.004636111168050785,-0.032557078050161344,0.007738878125433547,-0.039741035240802025,-0.01239641172837077,-0.039586057357164375,0.00003832468931417752,0.000030297095455880205,-0.000028890090137142172,0.0013941039002871858,0.0029123838092817616,0.0004851693236830942,0.0000993170456874428,0.0008523825729634633,NaN,0,0,0,2,0.001397,0,0,0
641347963,0,3.0964850894114093,3.7386471197923647,0,0,0.004,-1.1370129615729636,-2.990464199816395,-1.8625413579842558,0.005225674735134689,-0.048607837194670545,0.06877963390946906,0.004636111168050785,-0.032557078050161344,0.007738878125433547,-0.039741035240802025,-0.01239641172837077,-0.039586057357164375,0.00003832468931417752,0.000030297095455880205,-0.000028890090137142172,0.0013969756864458266,0.002944993494048601,0.0004932986449872946,0.0000993170460874428,0.0008523826129634632,NaN,0,0,0,2,0.001397,0,0,0
641347967,0,3.1405499757570627,3.7326951700932836,0,0,0.004,-0.6565742655172453,-2.858220699708923,-2.239920474118211,0.005225674735134689,-0.048607837194670545,0.06877963390946906,0.004636111168050785,-0.032557078050161344,0.007738878125433547,-0.039741035240802025,-0.01239641172837077,-0.039586057357164375,0.00003832468931417752,0.000030297095455880205,-0.000028890090137142172,0.0013998506507499357,0.0029751169756231715,0.0005015330995376019,0.00009931704648744281,0.0008523826529634632,NaN,0,0,0,2,0.001397,0,0,0
641347979,0,3.242593484010914,3.959902227669736,0,0,0.012,-0.3438361424153782,-2.978617405053719,-2.5186850418667053,0.005225674735134689,-0.048607837194670545,0.06877963390946906,0.004636111168050785,-0.032557078050161344,0.007738878125433547,-0.039741035240802025,-0.01239641172837077,-0.039586057357164375,0.00003832468931417752,0.000030297095455880205,-0.000028890090137142172,0.001408494612535169,0.003064759226858181,0.0005268243963918758,0.00009931704768744282,0.0008523827729634631,NaN,0,0,0,2,0.001397,0,0,0
641347983,0,3.2732750247909226,3.9856187328718615,0,0,0.004,-0.1985429896089581,-2.974390728737757,-2.5773526956259385,0.005225674735134689,-0.048607837194670545,0.06877963390946906,0.004636111168050785,-0.032557078050161344,0.007738878125433547,-0.039741035240802025,-0.01239641172837077,-0.039586057357164375,0.00003832468931417752,0.000030297095455880205,-0.000028890090137142172,0.0014113822894212412,0.0030947987916851985,0.0005354833968882634,0.00009931704808744283,0.0008523828129634631,NaN,0,0,0,2,0.001397,0,0,0
641347987,0,3.274389171900996,3.8488569278241074,0,0,0.004,0.07780557092931661,-2.6311863509658315,-2.7413374701764788,0.005225674735134689,-0.048607837194670545,0.06877963390946906,0.004636111168050785,-0.032557078050161344,0.007738878125433547,-0.039741035240802025,-0.01239641172837077,-0.039586057357164375,0.00003832468931417752,0.000030297095455880205,-0.000028890090137142172,0.001414273144452846,0.003122122102704517,0.0005442507717392208,0.00009931704848744283,0.000852382852963463,NaN,0,0,0,2,0.001466,0,0,0
641347991,0,3.2671682613884423,3.8213634048187712,0,0,0.004,0.3411472809146565,-2.4655413864274345,-2.8332705577984676,0.005225674735134689,-0.048607837194670545,0.06877963390946906,0.004636111168050785,-0.032557078050161344,0.007738878125433547,-0.039741035240802025,-0.01239641172837077,-0.039586057357164375,0.00003832468931417752,0.000030297095455880205,-0.000028890090137142172,0.0014171671776299958,0.003147589121064381,0.0005531268294861393,0.00009931704888744284,0.000852382892963463,NaN,0,0,0,2,0.0038410000000000002,0,0,0
641347995,0,3.241714915660146,3.8913314120555125,0,0,0.004,0.5649648555475177,-2.5396857024485993,-2.826328886683177,0.005225674735134689,-0.048607837194670545,0.06877963390946906,0.004636111168050785,-0.032557078050161344,0.007738878125433547,-0.039741035240802025,-0.01239641172837077,-0.039586057357164375,0.00003832468931417752,0.000030297095455880205,-0.000028890090137142172,0.0014200643889527036,0.003172620816099933,0.000562111676242079,0.00009931704928744285,0.0008523829329634629,NaN,0,0,0,2,0.001397,0,0,0
641347999,0,3.2238221477611226,3.9762553305959227,0,0,0.004,0.7316523212682327,-2.686229033699992,-2.770212195700929,0.005225674735134689,-0.048607837194670545,0.06877963390946906,0.004636111168050785,-0.032557078050161344,0.007738878125433547,-0.039741035240802025,-0.01239641172837077,-0.039586057357164375,0.00003832468931417752,0.000030297095455880205,-0.000028890090137142172,0.0014229647784209823,0.003197935777182129,0.0005712052329522578,0.00009931704968744285,0.0008523829729634629,NaN,0,0,0,2,0.0014670000000000002,0,0,0
641348003,0,3.2185915027288603,4.000676946689562,0,0,0.004,0.7977102598728127,-2.723767902676107,-2.7503437798889703,0.005225674735134689,-0.048607837194670545,0.06877963390946906,0.004636111168050785,-0.032557078050161344,0.007738878125433547,-0.039741035240802025,-0.01239641172837077,-0.039586057357164375,0.00003832468931417752,0.000030297095455880205,-0.000028890090137142172,0.0014258683460348445,0.0032235252808751527,0.0005804074459629325,0.00009931705008744286,0.0008523830129634628,NaN,0,0,0,2,0.001397,0,0,0
641348007,0,3.1970270641047036,4.007258196011966,0,0,0.004,0.9426549337714765,-2.6526890795514424,-2.782439580581344,0.005225674735134689,-0.048607837194670545,0.06877963390946906,0.004636111168050785,-0.032557078050161344,0.007738878125433547,-0.039741035240802025,-0.01239641172837077,-0.039586057357164375,0.00003832468931417752,0.000030297095455880205,-0.000028890090137142172,0.001428775091794303,0.003248377263988328,0.0005897187876966304,0.00009931705048744286,0.0008523830529634628,NaN,0,0,0,2,0.0014670000000000002,0,0,0
641348011,0,3.1791005877679326,4.197755762516774,0,0,0.004,1.0876430763112401,-2.707964977168597,-2.9481596420394114,0.005225674735134689,-0.048607837194670545,0.06877963390946906,0.004636111168050785,-0.032557078050161344,0.007738878125433547,-0.039741035240802025,-0.01239641172837077,-0.039586057357164375,0.00003832468931417752,0.000030297095455880205,-0.000028890090137142172,0.0014316850156993709,0.003273217708687775,0.0005991394994358607,0.00009931705088744287,0.0008523830929634627,NaN,0,0,0,2,0.001466,0,0,0
641348015,0,3.1764516154574287,4.506331090085698,0,0,0.004,1.084594325843058,-2.8833072130830493,-3.2204615007933324,0.005225674735134689,-0.048607837194670545,0.06877963390946906,0.004636111168050785,-0.032557078050161344,0.007738878125433547,-0.039741035240802025,-0.01239641172837077,-0.039586057357164375,0.00003832468931417752,0.000030297095455880205,-0.000028890090137142172,0.0014345981177500606,0.00329951250190516,0.0006086702175017483,0.00009931705128744288,0.0008523831329634627,NaN,0,0,0,2,0.0014670000000000002,0,0,0
641348019,0,3.205816478935531,4.789488344044048,0,0,0.004,0.8807422907673212,-3.0260609287189357,-3.539872170898076,0.005225674735134689,-0.048607837194670545,0.06877963390946906,0.004636111168050785,-0.032557078050161344,0.007738878125433547,-0.039741035240802025,-0.01239641172837077,-0.039586057357164375,0.00003832468931417752,0.000030297095455880205,-0.000028890090137142172,0.001437514397946385,0.0033280883057781874,0.0006183125704667186,0.00009931705168744288,0.0008523831729634626,NaN,0,0,0,2,0.0029340000000000004,0,0,0
641348023,0,3.2146535364319933,4.876908459084091,0,0,0.004,0.8333515601574124,-3.065222598021254,-3.6344048870252283,0.005225674735134689,-0.048607837194670545,0.06877963390946906,0.004636111168050785,-0.032557078050161344,0.007738878125433547,-0.039741035240802025,-0.01239641172837077,-0.039586057357164375,0.00003832468931417752,0.000030297095455880205,-0.000028890090137142172,0.0014404338562883571,0.003357630652072116,0.0006280693161630114,0.00009931705208744289,0.0008523832129634626,NaN,0,0,0,2,0.001886,0,0,0
641348035,0,3.4344268725054303,5.595306043057581,0,0,0.012,0.6959470935317518,-3.611481731958797,-4.152207207918428,0.005225674735134689,-0.048607837194670545,0.06877963390946906,0.004636111168050785,-0.032557078050161344,0.007738878125433547,-0.039741035240802025,-0.01239641172837077,-0.039586057357164375,0.00003832468931417752,0.000030297095455880205,-0.000028890090137142172,0.0014492113001882553,0.0034618358402062604,0.0006579878617969088,0.0000993170532874429,0.0008523833329634625,NaN,0,0,0,2,0.0014670000000000002,0,0,0
641348039,0,3.6161577367164326,5.681360900905502,0,0,0.004,0.7188742113016191,-3.6723331559129084,-4.210808118621282,0.005225674735134689,-0.048607837194670545,0.06877963390946906,0.004636111168050785,-0.032557078050161344,0.007738878125433547,-0.039741035240802025,-0.01239641172837077,-0.039586057357164375,0.00003832468931417752,0.000030297095455880205,-0.000028890090137142172,0.0014521434711129075,0.003498211254427138,0.0006682199357342124,0.0000993170536874429,0.0008523833729634625,NaN,0,0,0,2,0.0019549999999999997,0,0,0
641348063,0,4.242690795163768,5.240090796272768,0,0,0.024,0.690920867638084,-3.1082383909204085,-4.100656045726261,0.005225674735134689,-0.048607837194670545,0.06877963390946906,0.004636111168050785,-0.032557078050161344,0.007738878125433547,-0.039741035240802025,-0.01239641172837077,-0.039586057357164375,0.00003832468931417752,0.000030297095455880205,-0.000028890090137142172,0.00146980323772086,0.003836741242160122,0.0007319107535926674,0.0000993170560874429,0.0008523836129634625,NaN,0,0,0,2,0.0014670000000000002,0,0,0
641348067,0,4.4947728586118165,4.78056228938705,0,0,0.004,0.7753125407133437,-2.660838924257324,-3.834349891887169,0.005225674735134689,-0.048607837194670545,0.06877963390946906,0.004636111168050785,-0.032557078050161344,0.007738878125433547,-0.039741035240802025,-0.01239641172837077,-0.039586057357164375,0.00003832468931417752,0.000030297095455880205,-0.000028890090137142172,0.0014727576556655701,0.003894245484634186,0.0007430193434039159,0.00009931705648744291,0.0008523836529634624,NaN,0,0,0,2,0.001397,0,0,0
641348071,0,4.584483330312456,4.466772901732372,0,0,0.004,0.5719523944288676,-2.942550809155118,-3.2508004696083512,0.005225674735134689,-0.048607837194670545,0.06877963390946906,0.004636111168050785,-0.032557078050161344,0.007738878125433547,-0.039741035240802025,-0.01239641172837077,-0.039586057357164375,0.00003832468931417752,0.000030297095455880205,-0.000028890090137142172,0.0014757152517560815,0.003951371200923353,0.0007542588729934185,0.00009931705688744292,0.0008523836929634624,NaN,0,0,0,2,0.001397,0,0,0
641348075,0,4.575307426206674,4.853849248696821,0,0,0.004,1.1285312657432638,-4.331321595073206,-1.7994029722294478,0.005225674735134689,-0.048607837194670545,0.06877963390946906,0.004636111168050785,-0.032557078050161344,0.007738878125433547,-0.039741035240802025,-0.01239641172837077,-0.039586057357164375,0.00003832468931417752,0.000030297095455880205,-0.000028890090137142172,0.001478676025992407,0.004011646093174715,0.0007656293766853341,0.00009931705728744292,0.0008523837329634623,NaN,0,0,0,3,0.0038410000000000002,0,0,0
641348079,0,4.236156517800225,3.8170146311156796,0,0,0.004,2.2924354006934946,-1.4442601223916571,-2.612523237993475,0.005225674735134689,-0.048607837194670545,0.06877963390946906,0.004636111168050785,-0.032557078050161344,0.007738878125433547,-0.039741035240802025,-0.01239641172837077,-0.039586057357164375,0.00003832468931417752,0.000030297095455880205,-0.000028890090137142172,0.0014816399783745592,0.004053726824464081,0.0007771226900692515,0.00009931705768744293,0.0008523837729634623,NaN,0,0,0,2,0.0009080000000000001,0,0,0
641348083,0,4.140995911721444,3.9987541340737947,0,0,0.004,2.658416563162361,-0.5753376947818419,-2.855231579062237,0.005225674735134689,-0.048607837194670545,0.06877963390946906,0.004636111168050785,-0.032557078050161344,0.007738878125433547,-0.039741035240802025,-0.01239641172837077,-0.039586057357164375,0.00003832468931417752,0.000030297095455880205,-0.000028890090137142172,0.001484607108902551,0.004090534825546905,0.0007887367603296308,0.00009931705808744293,0.0008523838129634622,NaN,0,0,0,2,0.002375,0,0,0
641348087,0,4.303713534791424,4.030300180235697,0,0,0.004,0.30111517022005496,-2.009553470986482,-3.425510058880759,0.005225674735134689,-0.048607837194670545,0.06877963390946906,0.004636111168050785,-0.032557078050161344,0.007738878125433547,-0.039741035240802025,-0.01239641172837077,-0.039586057357164375,0.00003832468931417752,0.000030297095455880205,-0.000028890090137142172,0.0014875774175763952,0.00414372899406335,0.0008004715467144747,0.00009931705848744294,0.0008523838529634622,NaN,0,0,0,2,0.001885,0,0,0
641348091,0,4.073795485864263,4.65503294793251,0,0,0.004,-1.0940561322964253,-4.141908378883587,-1.7800904249568736,0.005225674735134689,-0.048607837194670545,0.06877963390946906,0.004636111168050785,-0.032557078050161344,0.007738878125433547,-0.039741035240802025,-0.01239641172837077,-0.039586057357164375,0.00003832468931417752,0.000030297095455880205,-0.000028890090137142172,0.0014905509043961047,0.004204831267905194,0.0008123441217486326,0.00009931705888744295,0.0008523838929634621,NaN,0,0,0,2,0.0019549999999999997,0,0,0
641348099,0,3.927719597914194,3.8017954774005016,0,0,0.008,1.6667537393923173,-1.898473577685433,-2.772465483725518,0.005225674735134689,-0.048607837194670545,0.06877963390946906,0.004636111168050785,-0.032557078050161344,0.007738878125433547,-0.039741035240802025,-0.01239641172837077,-0.039586057357164375,0.00003832468931417752,0.000030297095455880205,-0.000028890090137142172,0.0014965074124731635,0.004303226127215788,0.0008364850293699185,0.00009931705968744295,0.0008523839729634621,NaN,0,0,0,2,0.0014670000000000002,0,0,0
641348103,0,3.885728237232115,4.197976280408709,0,0,0.004,2.526400597908422,-1.207344171035072,-3.0533554948474135,0.005225674735134689,-0.048607837194670545,0.06877963390946906,0.004636111168050785,-0.032557078050161344,0.007738878125433547,-0.039741035240802025,-0.01239641172837077,-0.039586057357164375,0.00003832468931417752,0.000030297095455880205,-0.000028890090137142172,0.0014994904337305324,0.0043491450139569255,0.0008487561310867257,0.00009931706008744295,0.0008523840129634621,NaN,0,0,0,2,0.0014670000000000002,0,0,0
641348107,0,3.8419713248976564,3.860153246725557,0,0,0.004,1.5019582762583348,-2.354626047101454,-2.5966004668054845,0.005225674735134689,-0.048607837194670545,0.06877963390946906,0.004636111168050785,-0.032557078050161344,0.007738878125433547,-0.039741035240802025,-0.01239641172837077,-0.039586057357164375,0.00003832468931417752,0.000030297095455880205,-0.000028890090137142172,0.0015024766331338177,0.004402589334074034,0.0008611551658452582,0.00009931706048744296,0.000852384052963462,NaN,0,0,0,2,0.002863,0,0,0
641348111,0,3.753445279321661,3.725406878054362,0,0,0.004,0.40784118561799754,-3.183120821409799,-1.8335591174671366,0.005225674735134689,-0.048607837194670545,0.06877963390946906,0.004636111168050785,-0.032557078050161344,0.007738878125433547,-0.039741035240802025,-0.01239641172837077,-0.039586057357164375,0.00003832468931417752,0.000030297095455880205,-0.000028890090137142172,0.0015054660106830322,0.004458532324813814,0.0008736869710759534,0.00009931706088744297,0.000852384092963462,NaN,0,0,0,2,0.001886,0,0,0
641348115,0,3.6676530926048563,2.7770226875666397,0,0,0.004,1.2917439420344012,-1.9661497321213375,-1.3972836630504641,0.005225674735134689,-0.048607837194670545,0.06877963390946906,0.004636111168050785,-0.032557078050161344,0.007738878125433547,-0.039741035240802025,-0.01239641172837077,-0.039586057357164375,0.00003832468931417752,0.000030297095455880205,-0.000028890090137142172,0.0015084585663781888,0.004500328179378145,0.0008863551953832042,0.00009931706128744297,0.0008523841329634619,NaN,0,0,0,2,0.001397,0,0,0
641348119,0,3.592842419339985,3.5203782104509553,0,0,0.004,2.610588620073967,-0.8569247104040827,-2.1140356803213116,0.005225674735134689,-0.048607837194670545,0.06877963390946906,0.004636111168050785,-0.032557078050161344,0.007738878125433547,-0.039741035240802025,-0.01239641172837077,-0.039586057357164375,0.00003832468931417752,0.000030297095455880205,-0.000028890090137142172,0.0015114543002193003,0.004537365172244226,0.0008991529266509888,0.00009931706168744298,0.0008523841729634619,NaN,0,0,0,2,0.0014670000000000002,0,0,0
641348123,0,3.5709070586580003,3.9130039180278335,0,0,0.004,3.029383797632633,-0.5306839883369951,-2.330598960099751,0.005225674735134689,-0.048607837194670545,0.06877963390946906,0.004636111168050785,-0.032557078050161344,0.007738878125433547,-0.039741035240802025,-0.01239641172837077,-0.039586057357164375,0.00003832468931417752,0.000030297095455880205,-0.000028890090137142172,0.0015144532122063794,0.004573296996966879,0.0009120767025642807,0.00009931706208744299,0.0008523842129634618,NaN,0,0,0,2,0.001396,0,0,0
641348127,0,3.572638786288197,3.7458261919728275,0,0,0.004,2.4977515119403666,-1.3137557553398693,-2.3817052881414096,0.005225674735134689,-0.048607837194670545,0.06877963390946906,0.004636111168050785,-0.032557078050161344,0.007738878125433547,-0.039741035240802025,-0.01239641172837077,-0.039586057357164375,0.00003832468931417752,0.000030297095455880205,-0.000028890090137142172,0.0015174553023394389,0.004617326886562461,0.0009251260140408048,0.00009931706248744299,0.0008523842529634618,NaN,0,0,0,2,0.001466,0,0,0
641348131,0,3.5441129085758103,2.9014522770753093,0,0,0.004,1.6447567945181245,-1.6291975505253231,-1.6697047202147246,0.005225674735134689,-0.048607837194670545,0.06877963390946906,0.004636111168050785,-0.032557078050161344,0.007738878125433547,-0.039741035240802025,-0.01239641172837077,-0.039586057357164375,0.00003832468931417752,0.000030297095455880205,-0.000028890090137142172,0.0015204605706184914,0.004658998746758003,0.0009383053740319227,0.000099317062887443,0.0008523842929634617,NaN,0,0,0,2,0.001396,0,0,0
641348135,0,3.5425982634853357,2.377085379063679,0,0,0.004,1.7881867986775062,-0.33011468304536107,-1.444128446999752,0.005225674735134689,-0.048607837194670545,0.06877963390946906,0.004636111168050785,-0.032557078050161344,0.007738878125433547,-0.039741035240802025,-0.01239641172837077,-0.039586057357164375,0.00003832468931417752,0.000030297095455880205,-0.000028890090137142172,0.00152346901704355,0.004686482994113111,0.0009516168588119652,0.000099317063287443,0.0008523843329634617,NaN,0,0,0,2,0.0019549999999999997,0,0,0
641348155,0,3.758565535118807,2.0977047061250698,0,0,0.02,1.792040382304304,0.45831511826115257,-0.875772285306093,0.005225674735134689,-0.048607837194670545,0.06877963390946906,0.004636111168050785,-0.032557078050161344,0.007738878125433547,-0.039741035240802025,-0.01239641172837077,-0.039586057357164375,0.00003832468931417752,0.000030297095455880205,-0.000028890090137142172,0.0015385589213591886,0.004762131237136952,0.0010200831928532453,0.00009931706528744301,0.0008523845329634616,NaN,0,0,0,2,0.0028640000000000002,0,0,0
641348159,0,3.901720893689743,2.8957794367826493,0,0,0.004,2.3938132364122593,1.2652310454661437,-0.8902720700726849,0.005225674735134689,-0.048607837194670545,0.06877963390946906,0.004636111168050785,-0.032557078050161344,0.007738878125433547,-0.039741035240802025,-0.01239641172837077,-0.039586057357164375,0.00003832468931417752,0.000030297095455880205,-0.000028890090137142172,0.0015415864366604241,0.004769799454170119,0.0010342561048167298,0.00009931706568744302,0.0008523845729634616,NaN,0,0,0,2,0.001466,0,0,0
641348163,0,3.9460899371822715,3.1908000105780276,0,0,0.004,2.6157071223439052,1.5017136589950377,-0.8970260594203463,0.005225674735134689,-0.048607837194670545,0.06877963390946906,0.004636111168050785,-0.032557078050161344,0.007738878125433547,-0.039741035240802025,-0.01239641172837077,-0.039586057357164375,0.00003832468931417752,0.000030297095455880205,-0.000028890090137142172,0.0015446171301077552,0.004775424040303336,0.0010485905917691422,0.00009931706608744302,0.0008523846129634615,NaN,0,0,0,2,0.001466,0,0,0
641348183,0,3.9148714074740867,3.3397992893200277,0,0,0.02,2.8290096229810073,1.675497366939248,0.3725770584743042,0.005225674735134689,-0.048607837194670545,0.06877963390946906,0.004636111168050785,-0.032557078050161344,0.007738878125433547,-0.039741035240802025,-0.01239641172837077,-0.039586057357164375,0.00003832468931417752,0.000030297095455880205,-0.000028890090137142172,0.0015598182695360997,0.0047419968359042105,0.001123252434835124,0.00009931706808744303,0.0008523848129634615,NaN,0,0,0,2,0.001397,0,0,0
641348187,0,3.8565415982658635,3.544909302100646,0,0,0.004,3.21635409109476,1.3489283276375872,0.40906326649070834,0.005225674735134689,-0.048607837194670545,0.06877963390946906,0.004636111168050785,-0.032557078050161344,0.007738878125433547,-0.039741035240802025,-0.01239641172837077,-0.039586057357164375,0.00003832468931417752,0.000030297095455880205,-0.000028890090137142172,0.001562868031860145,0.004738281066120559,0.0011390630817236218,0.00009931706848744304,0.0008523848529634614,NaN,0,0,0,2,0.001397,0,0,0
641348191,0,3.7598406165042197,3.3825185303424474,0,0,0.004,3.034603039164023,1.1450260338772513,0.8575592394154778,0.005225674735134689,-0.048607837194670545,0.06877963390946906,0.004636111168050785,-0.032557078050161344,0.007738878125433547,-0.039741035240802025,-0.01239641172837077,-0.039586057357164375,0.00003832468931417752,0.000030297095455880205,-0.000028890090137142172,0.0015659209723303754,0.004732655721282236,0.0011550115877514827,0.00009931706888744304,0.0008523848929634614,NaN,0,0,0,2,0.0014670000000000002,0,0,0
641348195,0,3.598153077431681,3.435504393418104,0,0,0.004,2.700211683594998,1.4390123616752386,1.5257906360522338,0.005225674735134689,-0.048607837194670545,0.06877963390946906,0.004636111168050785,-0.032557078050161344,0.007738878125433547,-0.039741035240802025,-0.01239641172837077,-0.039586057357164375,0.00003832468931417752,0.000030297095455880205,-0.000028890090137142172,0.001568977090946804,0.004718872495567072,0.0011710955199286588,0.00009931706928744305,0.0008523849329634613,NaN,0,0,0,2,0.0014670000000000002,0,0,0
641348199,0,3.3969883329969695,3.4306063463674916,0,0,0.004,2.409609638205862,1.8158699867638788,1.6042152967098247,0.005225674735134689,-0.048607837194670545,0.06877963390946906,0.004636111168050785,-0.032557078050161344,0.007738878125433547,-0.039741035240802025,-0.01239641172837077,-0.039586057357164375,0.00003832468931417752,0.000030297095455880205,-0.000028890090137142172,0.0015720363877094433,0.004701236153268577,0.001187305977684197,0.00009931706968744306,0.0008523849729634613,NaN,0,0,0,2,0.002863,0,0,0
641348203,0,3.33800771693802,3.4665516301339965,0,0,0.004,2.3696472074809423,1.9178030848414291,1.6234064428345025,0.005225674735134689,-0.048607837194670545,0.06877963390946906,0.004636111168050785,-0.032557078050161344,0.007738878125433547,-0.039741035240802025,-0.01239641172837077,-0.039586057357164375,0.00003832468931417752,0.000030297095455880205,-0.000028890090137142172,0.0015750988626183062,0.004682845455377429,0.0012036377528370204,0.00009931707008744306,0.0008523850129634612,NaN,0,0,0,2,0.0014670000000000002,0,0,0
641348207,0,3.1661435303924224,3.196984162660067,0,0,0.004,2.0315564453645605,1.9495706256280512,1.4887852146971206,0.005225674735134689,-0.048607837194670545,0.06877963390946906,0.004636111168050785,-0.032557078050161344,0.007738878125433547,-0.039741035240802025,-0.01239641172837077,-0.039586057357164375,0.00003832468931417752,0.000030297095455880205,-0.000028890090137142172,0.0015781645156734056,0.004665491517773333,0.001220088695398189,0.00009931707048744307,0.0008523850529634612,NaN,0,0,0,2,0.001397,0,0,0
641348211,0,2.9549291292361692,3.081109717449568,0,0,0.004,1.600301169742582,1.8576104398083615,1.8622491005799837,0.005225674735134689,-0.048607837194670545,0.06877963390946906,0.004636111168050785,-0.032557078050161344,0.007738878125433547,-0.039741035240802025,-0.01239641172837077,-0.039586057357164375,0.00003832468931417752,0.000030297095455880205,-0.000028890090137142172,0.0015812333468747542,0.004646164827291387,0.001236658399971747,0.00009931707088744308,0.0008523850929634611,NaN,0,0,0,2,0.0014670000000000002,0,0,0
641348219,0,2.589656600222121,3.493730608085445,0,0,0.008,1.1277902358820715,1.9207118191836354,2.707486067295303,0.005225674735134689,-0.048607837194670545,0.06877963390946906,0.004636111168050785,-0.032557078050161344,0.007738878125433547,-0.039741035240802025,-0.01239641172837077,-0.039586057357164375,0.00003832468931417752,0.000030297095455880205,-0.000028890090137142172,0.0015873805437162435,0.004594136710839388,0.0012701767633437613,0.00009931707168744308,0.0008523851729634611,NaN,0,0,0,2,0.001886,0,0,0
641348223,0,2.505797496085384,3.6638773642859457,0,0,0.004,1.058444779277271,1.9005888360407956,2.966976364140603,0.005225674735134689,-0.048607837194670545,0.06877963390946906,0.004636111168050785,-0.032557078050161344,0.007738878125433547,-0.039741035240802025,-0.01239641172837077,-0.039586057357164375,0.00003832468931417752,0.000030297095455880205,-0.000028890090137142172,0.0015904589093564037,0.004567128323195511,0.001287071419031921,0.00009931707208744308,0.0008523852129634611,NaN,0,0,0,1,0.001397,0,0,0
641348227,0,2.402738901809554,3.547794090680121,0,0,0.004,0.8579849023619179,1.8846729796526063,2.901757984784817,0.005225674735134689,-0.048607837194670545,0.06877963390946906,0.004636111168050785,-0.032557078050161344,0.007738878125433547,-0.039741035240802025,-0.01239641172837077,-0.039586057357164375,0.00003832468931417752,0.000030297095455880205,-0.000028890090137142172,0.0015935404531428642,0.004541298214866718,0.0013040664837167966,0.00009931707248744309,0.000852385252963461,NaN,0,0,0,2,0.0009080000000000001,0,0,0
641348231,0,2.3213314958547997,3.5205327986370203,0,0,0.004,0.6627134106217103,1.7655713783724334,2.9971714201899964,0.005225674735134689,-0.048607837194670545,0.06877963390946906,0.004636111168050785,-0.032557078050161344,0.007738878125433547,-0.039741035240802025,-0.01239641172837077,-0.039586057357164375,0.00003832468931417752,0.000030297095455880205,-0.000028890090137142172,0.001596625175075638,0.004516289781604645,0.001321161108041359,0.0000993170728874431,0.000852385292963461,NaN,0,0,0,2,0.0023049999999999998,0,0,0
641348235,0,2.268700260905086,3.5407678320013565,0,0,0.004,0.5179949401023152,1.5746133470050379,3.1559841418228025,0.005225674735134689,-0.048607837194670545,0.06877963390946906,0.004636111168050785,-0.032557078050161344,0.007738878125433547,-0.039741035240802025,-0.01239641172837077,-0.039586057357164375,0.00003832468931417752,0.000030297095455880205,-0.000028890090137142172,0.0015997130751547377,0.0044922475961294275,0.0013383540691362188,0.0000993170732874431,0.0008523853329634609,NaN,0,0,0,2,0.001397,0,0,0
641348239,0,2.233689943008836,3.3076418125338294,0,0,0.004,0.2799426958304967,1.4593941460010855,2.985142715963965,0.005225674735134689,-0.048607837194670545,0.06877963390946906,0.004636111168050785,-0.032557078050161344,0.007738878125433547,-0.039741035240802025,-0.01239641172837077,-0.039586057357164375,0.00003832468931417752,0.000030297095455880205,-0.000028890090137142172,0.0016028041533801762,0.00447090370589948,0.0013556443445008656,0.00009931707368744311,0.0008523853729634609,NaN,0,0,0,2,0.0014670000000000002,0,0,0
641348243,0,2.224021306872731,3.2352902020876244,0,0,0.004,0.23363521509779095,1.3957598952826302,2.9401629220560324,0.005225674735134689,-0.048607837194670545,0.06877963390946906,0.004636111168050785,-0.032557078050161344,0.007738878125433547,-0.039741035240802025,-0.01239641172837077,-0.039586057357164375,0.00003832468931417752,0.000030297095455880205,-0.000028890090137142172,0.0016058984097519664,0.004450933789830819,0.001373033375179745,0.00009931707408744311,0.0008523854129634608,NaN,0,0,0,2,0.001396,0,0,0
641348247,0,2.1879305022280264,2.812232398764199,0,0,0.004,-0.013276566903366982,1.3653060505793837,2.492295840814938,0.005225674735134689,-0.048607837194670545,0.06877963390946906,0.004636111168050785,-0.032557078050161344,0.007738878125433547,-0.039741035240802025,-0.01239641172837077,-0.039586057357164375,0.00003832468931417752,0.000030297095455880205,-0.000028890090137142172,0.001608995844270121,0.004434705859806969,0.001390521080791608,0.00009931707448744312,0.0008523854529634608,NaN,0,0,0,2,0.001466,0,0,0
641348251,0,2.1567669087199564,2.407254794488801,0,0,0.004,-0.1949597992944223,1.2283111539379945,2.0981353503250304,0.005225674735134689,-0.048607837194670545,0.06877963390946906,0.004636111168050785,-0.032557078050161344,0.007738878125433547,-0.039741035240802025,-0.01239641172837077,-0.039586057357164375,0.00003832468931417752,0.000030297095455880205,-0.000028890090137142172,0.0016120964569346528,0.004422522767955716,0.0014081110024851654,0.00009931707488744313,0.0008523854929634607,NaN,0,0,0,2,0.001397,0,0,0
641348255,0,2.1592416026374543,2.0736965731518167,0,0,0.004,-0.25567533316460067,1.0265910726292393,1.822445969843585,0.005225674735134689,-0.048607837194670545,0.06877963390946906,0.004636111168050785,-0.032557078050161344,0.007738878125433547,-0.039741035240802025,-0.01239641172837077,-0.039586057357164375,0.00003832468931417752,0.000030297095455880205,-0.000028890090137142172,0.0016152002477455745,0.004413961970959123,0.0014258075465579732,0.00009931707528744313,0.0008523855329634607,NaN,0,0,0,2,0.0014670000000000002,0,0,0
641348259,0,2.2127113487841745,1.8085599823129779,0,0,0.004,-0.30179965025057487,0.7616324664647153,1.653474731605856,0.005225674735134689,-0.048607837194670545,0.06877963390946906,0.004636111168050785,-0.032557078050161344,0.007738878125433547,-0.039741035240802025,-0.01239641172837077,-0.039586057357164375,0.00003832468931417752,0.000030297095455880205,-0.000028890090137142172,0.001618307216702899,0.004408714099819122,0.0014436148827461346,0.00009931707568744314,0.0008523855729634606,NaN,0,0,0,2,0.005657000000000001,0,0,0
641348263,0,2.237840734661515,1.7285989297456,0,0,0.004,-0.2887686604107482,0.6723770536114352,1.6073350554028458,0.005225674735134689,-0.048607837194670545,0.06877963390946906,0.004636111168050785,-0.032557078050161344,0.007738878125433547,-0.039741035240802025,-0.01239641172837077,-0.039586057357164375,0.00003832468931417752,0.000030297095455880205,-0.000028890090137142172,0.001621417363806639,0.004404632633673766,0.0014615370153879148,0.00009931707608744315,0.0008523856129634606,NaN,0,0,0,2,0.001397,0,0,0
641348267,0,2.3263526845497946,1.5227930187056204,0,0,0.004,-0.3419194013353415,0.45868898152468496,1.4553150123867162,0.005225674735134689,-0.048607837194670545,0.06877963390946906,0.004636111168050785,-0.032557078050161344,0.007738878125433547,-0.039741035240802025,-0.01239641172837077,-0.039586057357164375,0.00003832468931417752,0.000030297095455880205,-0.000028890090137142172,0.0016245306890568078,0.004403256884556099,0.0014795750203748727,0.00009931707648744315,0.0008523856529634605,NaN,0,0,0,2,0.000977,0,0,0
641348271,0,2.450435992695888,1.4655055987208767,0,0,0.004,-0.3470676174445735,0.41531546699628474,1.406249191747845,0.005225674735134689,-0.048607837194670545,0.06877963390946906,0.004636111168050785,-0.032557078050161344,0.007738878125433547,-0.039741035240802025,-0.01239641172837077,-0.039586057357164375,0.00003832468931417752,0.000030297095455880205,-0.000028890090137142172,0.0016276471924534176,0.004402583065678216,0.001497732440184415,0.00009931707688744316,0.0008523856929634605,NaN,0,0,0,2,0.001397,0,0,0
641348275,0,2.566310592755233,1.7656116513135285,0,0,0.004,-0.28966096216773596,0.5541198271054081,1.6919674735070203,0.005225674735134689,-0.048607837194670545,0.06877963390946906,0.004636111168050785,-0.032557078050161344,0.007738878125433547,-0.039741035240802025,-0.01239641172837077,-0.039586057357164375,0.00003832468931417752,0.000030297095455880205,-0.000028890090137142172,0.0016307668739964814,0.004399208155258836,0.0015160098805089733,0.00009931707728744317,0.0008523857329634604,NaN,0,0,0,2,0.0014670000000000002,0,0,0
641348279,0,2.620820490019738,2.185619947045322,0,0,0.004,-0.432306370648077,0.6464838026556151,2.0843189016846626,0.005225674735134689,-0.048607837194670545,0.06877963390946906,0.004636111168050785,-0.032557078050161344,0.007738878125433547,-0.039741035240802025,-0.01239641172837077,-0.039586057357164375,0.00003832468931417752,0.000030297095455880205,-0.000028890090137142172,0.0016338897336860118,0.004392765450880129,0.0015344024074147554,0.00009931707768744317,0.0008523857729634604,NaN,0,0,0,2,0.001397,0,0,0
641348283,0,2.6381144317376584,2.310267339242849,0,0,0.004,-0.41732221095356326,0.6816328881897135,2.208562827578948,0.005225674735134689,-0.048607837194670545,0.06877963390946906,0.004636111168050785,-0.032557078050161344,0.007738878125433547,-0.039741035240802025,-0.01239641172837077,-0.039586057357164375,0.00003832468931417752,0.000030297095455880205,-0.000028890090137142172,0.0016370157715220217,0.004385573793410783,0.001552903911820207,0.00009931707808744318,0.0008523858129634603,NaN,0,0,0,2,0.001397,0,0,0
641348287,0,2.5982375320945277,2.626350387510382,0,0,0.004,-0.4265409117469623,0.7193269145492766,2.5295172927365535,0.005225674735134689,-0.048607837194670545,0.06877963390946906,0.004636111168050785,-0.032557078050161344,0.007738878125433547,-0.039741035240802025,-0.01239641172837077,-0.039586057357164375,0.00003832468931417752,0.000030297095455880205,-0.000028890090137142172,0.0016401449875045242,0.004376434675941075,0.0015715121115654112,0.00009931707848744319,0.0008523858529634603,NaN,0,0,0,2,0.0014670000000000002,0,0,0
641348291,0,2.4877126318505405,3.0141320893508015,0,0,0.004,-0.43995077962646856,0.9176342170618418,2.8756256054237674,0.005225674735134689,-0.048607837194670545,0.06877963390946906,0.004636111168050785,-0.032557078050161344,0.007738878125433547,-0.039741035240802025,-0.01239641172837077,-0.039586057357164375,0.00003832468931417752,0.000030297095455880205,-0.000028890090137142172,0.001643277381633532,0.004364126197634333,0.0015902222659433022,0.00009931707888744319,0.0008523858929634602,NaN,0,0,0,2,0.003422,0,0,0
641348295,0,2.3156023154007697,3.501902994762214,0,0,0.004,-0.49041716994727014,1.2758321500012406,3.2614691334173624,0.005225674735134689,-0.048607837194670545,0.06877963390946906,0.004636111168050785,-0.032557078050161344,0.007738878125433547,-0.039741035240802025,-0.01239641172837077,-0.039586057357164375,0.00003832468931417752,0.000030297095455880205,-0.000028890090137142172,0.0016464129539090575,0.004347418287737557,0.0016090272352980736,0.0000993170792874432,0.0008523859329634602,NaN,0,0,0,2,0.0014670000000000002,0,0,0
641348299,0,2.1118880075921407,3.959769426112795,0,0,0.004,-0.5731292531523671,1.6474618112097303,3.591656633699582,0.005225674735134689,-0.048607837194670545,0.06877963390946906,0.004636111168050785,-0.032557078050161344,0.007738878125433547,-0.039741035240802025,-0.01239641172837077,-0.039586057357164375,0.00003832468931417752,0.000030297095455880205,-0.000028890090137142172,0.001649551704331114,0.0043267791108027665,0.0016279172243835792,0.0000993170796874432,0.0008523859729634601,NaN,0,0,0,2,0.0014670000000000002,0,0,0
641348303,0,2.056015521966733,4.0971208786804745,0,0,0.004,-0.5736868730836917,1.7534128837506557,3.694682400609418,0.005225674735134689,-0.048607837194670545,0.06877963390946906,0.004636111168050785,-0.032557078050161344,0.007738878125433547,-0.039741035240802025,-0.01239641172837077,-0.039586057357164375,0.00003832468931417752,0.000030297095455880205,-0.000028890090137142172,0.0016526936328997142,0.004305652464845299,0.0016468826223140854,0.00009931708008744321,0.0008523860129634601,NaN,0,0,0,2,0.0014670000000000002,0,0,0
641348307,0,1.872427555701591,4.330749181179897,0,0,0.004,-0.7396013909999535,2.058969342304583,3.774833776212274,0.005225674735134689,-0.048607837194670545,0.06877963390946906,0.004636111168050785,-0.032557078050161344,0.007738878125433547,-0.039741035240802025,-0.01239641172837077,-0.039586057357164375,0.00003832468931417752,0.000030297095455880205,-0.000028890090137142172,0.0016558387396148706,0.004282753305874965,0.0016659197026369786,0.00009931708048744322,0.00085238605296346,NaN,0,0,0,2,0.000977,0,0,0
641348311,0,1.7603126525760404,4.487607426924526,0,0,0.004,-0.8890244069489828,2.3362038001869765,3.765174472798984,0.005225674735134689,-0.048607837194670545,0.06877963390946906,0.004636111168050785,-0.032557078050161344,0.007738878125433547,-0.039741035240802025,-0.01239641172837077,-0.039586057357164375,0.00003832468931417752,0.000030297095455880205,-0.000028890090137142172,0.0016589870244765963,0.004258861998796282,0.0016850222507764682,0.00009931708088744323,0.00085238609296346,NaN,0,0,0,2,0.0014670000000000002,0,0,0
641348315,0,1.6913546924412584,4.5689950194431885,0,0,0.004,-0.9376181616383217,2.6354485589894967,3.6506116962298645,0.005225674735134689,-0.048607837194670545,0.06877963390946906,0.004636111168050785,-0.032557078050161344,0.007738878125433547,-0.039741035240802025,-0.01239641172837077,-0.039586057357164375,0.00003832468931417752,0.000030297095455880205,-0.000028890090137142172,0.001662138487484904,0.004234409006173626,0.0017041853523691493,0.00009931708128744323,0.0008523861329634599,NaN,0,0,0,2,0.001397,0,0,0
641348319,0,1.6396702595618182,4.796455788268616,0,0,0.004,-0.8519747048104296,2.8235576054289195,3.8188296659201253,0.005225674735134689,-0.048607837194670545,0.06877963390946906,0.004636111168050785,-0.032557078050161344,0.007738878125433547,-0.039741035240802025,-0.01239641172837077,-0.039586057357164375,0.00003832468931417752,0.000030297095455880205,-0.000028890090137142172,0.0016652931286398067,0.004213109184435364,0.0017234049686300232,0.00009931708168744324,0.0008523861729634599,NaN,0,0,0,2,0.003282,0,0,0
641348323,0,1.6304225000594161,4.855191216286304,0,0,0.004,-0.8114056076008882,2.855879340359388,3.877363603432915,0.005225674735134689,-0.048607837194670545,0.06877963390946906,0.004636111168050785,-0.032557078050161344,0.007738878125433547,-0.039741035240802025,-0.01239641172837077,-0.039586057357164375,0.00003832468931417752,0.000030297095455880205,-0.000028890090137142172,0.001668450947941317,0.0042095167542935095,0.0017426751546794237,0.00009931708208744325,0.0008523862129634598,NaN,0,0,0,2,0.001396,0,0,0
641348327,0,1.700527730440732,4.823270476375309,0,0,0.004,-0.7217583259142966,2.784981008556165,3.9061547644010233,0.005225674735134689,-0.048607837194670545,0.06877963390946906,0.004636111168050785,-0.032557078050161344,0.007738878125433547,-0.039741035240802025,-0.01239641172837077,-0.039586057357164375,0.00003832468931417752,0.000030297095455880205,-0.000028890090137142172,0.0016716119453894474,0.004206772659813967,0.0017619933532185337,0.00009931708248744325,0.0008523862529634598,NaN,0,0,0,2,0.001956,0,0,0
641348331,0,1.6539563601540945,4.393918153189502,0,0,0.004,-0.30772414709856544,2.9575351738669524,3.26369109024275,0.005225674735134689,-0.048607837194670545,0.06877963390946906,0.004636111168050785,-0.032557078050161344,0.007738878125433547,-0.039741035240802025,-0.01239641172837077,-0.039586057357164375,0.00003832468931417752,0.000030297095455880205,-0.000028890090137142172,0.0016747761209842111,0.004202854835452495,0.001781358719709759,0.00009931708288744326,0.0008523862929634597,NaN,0,0,0,2,0.0014670000000000002,0,0,0
641348335,0,1.2750041391841054,5.256274201774922,0,0,0.004,1.1481653418497466,0.005465666990710161,5.153176665162105,0.005225674735134689,-0.048607837194670545,0.06877963390946906,0.004636111168050785,-0.032557078050161344,0.007738878125433547,-0.039741035240802025,-0.01239641172837077,-0.039586057357164375,0.00003832468931417752,0.000030297095455880205,-0.000028890090137142172,0.001677943474725621,0.004216300304082697,0.0018007752478753716,0.00009931708328744326,0.0008523863329634597,NaN,0,0,0,2,0.000977,0,0,0
641348339,0,1.5950260058344474,6.936049494773236,0,0,0.004,0.9300908454984598,-0.1680225871743507,6.899335109564403,0.005225674735134689,-0.048607837194670545,0.06877963390946906,0.004636111168050785,-0.032557078050161344,0.007738878125433547,-0.039741035240802025,-0.01239641172837077,-0.039586057357164375,0.00003832468931417752,0.000030297095455880205,-0.000028890090137142172,0.0016811140066136892,0.0042312266853134954,0.0018202595253851677,0.00009931708368744327,0.0008523863729634596,NaN,0,0,0,2,0.001397,0,0,0
641348343,0,1.7149067457535683,7.454556246270165,0,0,0.004,0.8914889777533734,-0.2637705741151618,7.425135479915989,0.005225674735134689,-0.048607837194670545,0.06877963390946906,0.004636111168050785,-0.032557078050161344,0.007738878125433547,-0.039741035240802025,-0.01239641172837077,-0.039586057357164375,0.00003832468931417752,0.000030297095455880205,-0.000028890090137142172,0.0016842877166484292,0.00424688983992698,0.0018397919955006887,0.00009931708408744328,0.0008523864129634596,NaN,0,0,0,2,0.001886,0,0,0
641348347,0,1.8051384637558565,3.293694429040768,0,0,0.004,0.4823780454853914,2.044575123182325,2.553503481308619,0.005225674735134689,-0.048607837194670545,0.06877963390946906,0.004636111168050785,-0.032557078050161344,0.007738878125433547,-0.039741035240802025,-0.01239641172837077,-0.039586057357164375,0.00003832468931417752,0.000030297095455880205,-0.000028890090137142172,0.0016874646048298536,0.004248292850504651,0.0018593668782348153,0.00009931708448744328,0.0008523864529634595,NaN,0,0,0,2,0.003282,0,0,0
641348351,0,1.5543435851918401,3.9760936896224406,0,0,0.004,-1.4005181773023423,3.632357236756244,-0.8036806003677217,0.005225674735134689,-0.048607837194670545,0.06877963390946906,0.004636111168050785,-0.032557078050161344,0.007738878125433547,-0.039741035240802025,-0.01239641172837077,-0.039586057357164375,0.00003832468931417752,0.000030297095455880205,-0.000028890090137142172,0.0016906446711579752,0.00424222009667045,0.001879010680448785,0.00009931708488744329,0.0008523864929634594,NaN,0,0,0,2,0.0014670000000000002,0,0,0
641348355,0,1.629767984294276,4.050964298319638,0,0,0.004,-2.913808559863967,2.812559261251053,0.4916064415110615,0.005225674735134689,-0.048607837194670545,0.06877963390946906,0.004636111168050785,-0.032557078050161344,0.007738878125433547,-0.039741035240802025,-0.01239641172837077,-0.039586057357164375,0.00003832468931417752,0.000030297095455880205,-0.000028890090137142172,0.0016938279156328067,0.004243841514461963,0.0018987414492914096,0.0000993170852874433,0.0008523865329634594,NaN,0,0,0,2,0.001466,0,0,0
641348359,0,1.6962610856445188,3.1846832674684222,0,0,0.004,-2.64317798073536,1.2834804604950638,1.343883404691864,0.005225674735134689,-0.048607837194670545,0.06877963390946906,0.004636111168050785,-0.032557078050161344,0.007738878125433547,-0.039741035240802025,-0.01239641172837077,-0.039586057357164375,0.00003832468931417752,0.000030297095455880205,-0.000028890090137142172,0.001697014338254361,0.004254993304193627,0.0019185541475205722,0.0000993170856874433,0.0008523865729634593,NaN,0,0,0,2,0.001397,0,0,0
641348363,0,1.7165066380113128,3.0700290069927108,0,0,0.004,-2.545931480202664,0.8266721568764982,1.605130690454308,0.005225674735134689,-0.048607837194670545,0.06877963390946906,0.004636111168050785,-0.032557078050161344,0.007738878125433547,-0.039741035240802025,-0.01239641172837077,-0.039586057357164375,0.00003832468931417752,0.000030297095455880205,-0.000028890090137142172,0.001700203939022651,0.00426916994809564,0.0019384596003758849,0.00009931708608744331,0.0008523866129634593,NaN,0,0,0,2,0.001397,0,0,0
641348367,0,1.7509594601884721,1.5570073750555806,0,0,0.004,-0.35409253820018516,0.6515176324110953,1.408108991932174,0.005225674735134689,-0.048607837194670545,0.06877963390946906,0.004636111168050785,-0.032557078050161344,0.007738878125433547,-0.039741035240802025,-0.01239641172837077,-0.039586057357164375,0.00003832468931417752,0.000030297095455880205,-0.000028890090137142172,0.0017033967179376894,0.004281059859428594,0.0019584610042298763,0.00009931708648744332,0.0008523866529634592,NaN,0,0,0,2,0.000977,0,0,0
641348371,0,1.762891832326376,2.5564620487162926,0,0,0.004,0.6437346668833801,1.6812391737297157,1.8208097045641392,0.005225674735134689,-0.048607837194670545,0.06877963390946906,0.004636111168050785,-0.032557078050161344,0.007738878125433547,-0.039741035240802025,-0.01239641172837077,-0.039586057357164375,0.00003832468931417752,0.000030297095455880205,-0.000028890090137142172,0.001706592674999489,0.004285374439061785,0.0019785631797708124,0.00009931708688744332,0.0008523866929634592,NaN,0,0,0,2,0.0014670000000000002,0,0,0
641348375,0,1.7218041209593669,3.983309127778867,0,0,0.004,0.27711022513906625,2.8495140781211825,2.7854248156496606,0.005225674735134689,-0.048607837194670545,0.06877963390946906,0.004636111168050785,-0.032557078050161344,0.007738878125433547,-0.039741035240802025,-0.01239641172837077,-0.039586057357164375,0.00003832468931417752,0.000030297095455880205,-0.000028890090137142172,0.0017097918102080628,0.004283825928284223,0.0019987456050022186,0.00009931708728744333,0.0008523867329634591,NaN,0,0,0,2,0.002863,0,0,0
641348379,0,1.6130863000781563,4.510641679872901,0,0,0.004,-0.5280121405113956,2.669790213346218,3.6275213542920444,0.005225674735134689,-0.048607837194670545,0.06877963390946906,0.004636111168050785,-0.032557078050161344,0.007738878125433547,-0.039741035240802025,-0.01239641172837077,-0.039586057357164375,0.00003832468931417752,0.000030297095455880205,-0.000028890090137142172,0.0017129941235634232,0.004285011852600363,0.0020189782639566103,0.00009931708768744334,0.0008523867729634591,NaN,0,0,0,2,0.001397,0,0,0
641348383,0,1.5845483328559609,4.712053290244506,0,0,0.004,-0.7545255761916951,2.6118821946914075,3.882094193556581,0.005225674735134689,-0.048607837194670545,0.06877963390946906,0.004636111168050785,-0.032557078050161344,0.007738878125433547,-0.039741035240802025,-0.01239641172837077,-0.039586057357164375,0.00003832468931417752,0.000030297095455880205,-0.000028890090137142172,0.0017161996150655834,0.0042873032596390925,0.0020392523033578285,0.00009931708808744334,0.000852386812963459,NaN,0,0,0,2,0.001327,0,0,0
641348387,0,1.516674232376155,3.8266956164198946,0,0,0.004,-0.6796345842755744,1.9369524850786677,3.2643779455545143,0.005225674735134689,-0.048607837194670545,0.06877963390946906,0.004636111168050785,-0.032557078050161344,0.007738878125433547,-0.039741035240802025,-0.01239641172837077,-0.039586057357164375,0.00003832468931417752,0.000030297095455880205,-0.000028890090137142172,0.001719408284714556,0.004293432111540027,0.002059564607151352,0.00009931708848744335,0.000852386852963459,NaN,0,0,0,2,0.001397,0,0,0
641348391,0,1.4354321999017743,3.3963812851313437,0,0,0.004,-0.4846953106163301,2.280352031459139,2.4997162094744,0.005225674735134689,-0.048607837194670545,0.06877963390946906,0.004636111168050785,-0.032557078050161344,0.007738878125433547,-0.039741035240802025,-0.01239641172837077,-0.039586057357164375,0.00003832468931417752,0.000030297095455880205,-0.000028890090137142172,0.0017226201325103536,0.004297710071370703,0.0020799324754055518,0.00009931708888744336,0.0008523868929634589,NaN,0,0,0,2,0.0014670000000000002,0,0,0
641348395,0,1.3726712446638085,3.92650670439273,0,0,0.004,-0.622355126307023,3.079202875455755,2.3834517788947114,0.005225674735134689,-0.048607837194670545,0.06877963390946906,0.004636111168050785,-0.032557078050161344,0.007738878125433547,-0.039741035240802025,-0.01239641172837077,-0.039586057357164375,0.00003832468931417752,0.000030297095455880205,-0.000028890090137142172,0.0017258351584529892,0.004298552150686746,0.0021003599245445572,0.00009931708928744336,0.0008523869329634589,NaN,0,0,0,2,0.001956,0,0,0
641348399,0,1.3382339331481024,4.223205210734834,0,0,0.004,-0.8694335575725567,3.2755724582219736,2.551217073728287,0.005225674735134689,-0.048607837194670545,0.06877963390946906,0.004636111168050785,-0.032557078050161344,0.007738878125433547,-0.039741035240802025,-0.01239641172837077,-0.039586057357164375,0.00003832468931417752,0.000030297095455880205,-0.000028890090137142172,0.0017290533625424756,0.004299471277456565,0.0021208357609515255,0.00009931708968744337,0.0008523869729634588,NaN,0,0,0,2,0.0019549999999999997,0,0,0
641348403,0,1.32871692251466,4.299868102249284,0,0,0.004,-0.9219735384119729,3.3150432764133893,2.610650325970866,0.005225674735134689,-0.048607837194670545,0.06877963390946906,0.004636111168050785,-0.032557078050161344,0.007738878125433547,-0.039741035240802025,-0.01239641172837077,-0.039586057357164375,0.00003832468931417752,0.000030297095455880205,-0.000028890090137142172,0.0017322747447788256,0.004300953948516677,0.002141354046177576,0.00009931709008744338,0.0008523870129634588,NaN,0,0,0,2,0.0032830000000000003,0,0,0
641348407,0,1.3370588715196563,4.57454949175551,0,0,0.004,-0.2777786348154059,3.5901215412317082,2.841862491919292,0.005225674735134689,-0.048607837194670545,0.06877963390946906,0.004636111168050785,-0.032557078050161344,0.007738878125433547,-0.039741035240802025,-0.01239641172837077,-0.039586057357164375,0.00003832468931417752,0.000030297095455880205,-0.000028890090137142172,0.0017354993051620523,0.004300673975277163,0.002161912804168117,0.00009931709048744338,0.0008523870529634587,NaN,0,0,0,2,0.001397,0,0,0
641348411,0,1.4472710564499405,3.1262084685399727,0,0,0.004,1.373393522235973,2.7718884664899504,0.09834427685470715,0.005225674735134689,-0.048607837194670545,0.06877963390946906,0.004636111168050785,-0.032557078050161344,0.007738878125433547,-0.039741035240802025,-0.01239641172837077,-0.039586057357164375,0.00003832468931417752,0.000030297095455880205,-0.000028890090137142172,0.001738727043692168,0.004301561805521977,0.0021825041169487793,0.00009931709088744339,0.0008523870929634587,NaN,0,0,0,2,0.000978,0,0,0
641348415,0,1.3872293959432438,3.7180816928967104,0,0,0.004,0.0942147523698591,3.3570128145888134,-1.5297875638651757,0.005225674735134689,-0.048607837194670545,0.06877963390946906,0.004636111168050785,-0.032557078050161344,0.007738878125433547,-0.039741035240802025,-0.01239641172837077,-0.039586057357164375,0.00003832468931417752,0.000030297095455880205,-0.000028890090137142172,0.0017419579603691856,0.004302850509953649,0.002203175623873902,0.0000993170912874434,0.0008523871329634586,NaN,0,0,0,1,0.001397,0,0,0
641348419,0,1.4167370993682726,5.071531031849297,0,0,0.004,-1.8614889077825374,4.720685315797441,0.08728331897745711,0.005225674735134689,-0.048607837194670545,0.06877963390946906,0.004636111168050785,-0.032557078050161344,0.007738878125433547,-0.039741035240802025,-0.01239641172837077,-0.039586057357164375,0.00003832468931417752,0.000030297095455880205,-0.000028890090137142172,0.001745192055193118,0.004303127877269279,0.002223938849415847,0.0000993170916874434,0.0008523871729634586,NaN,0,0,0,2,0.001397,0,0,0
641348423,0,1.4259346143015634,5.697638194918993,0,0,0.004,-2.4368914203823424,5.128800809128981,0.5741968226079113,0.005225674735134689,-0.048607837194670545,0.06877963390946906,0.004636111168050785,-0.032557078050161344,0.007738878125433547,-0.039741035240802025,-0.01239641172837077,-0.039586057357164375,0.00003832468931417752,0.000030297095455880205,-0.000028890090137142172,0.0017484293281639783,0.004304566736156947,0.002244750845057623,0.00009931709208744341,0.0008523872129634585,NaN,0,0,0,1,0.0014670000000000002,0,0,0
641348427,0,1.3438527889329561,5.321906210003644,0,0,0.004,-1.693462027981577,5.042222670656196,-0.15970688106389908,0.005225674735134689,-0.048607837194670545,0.06877963390946906,0.004636111168050785,-0.032557078050161344,0.007738878125433547,-0.039741035240802025,-0.01239641172837077,-0.039586057357164375,0.00003832468931417752,0.000030297095455880205,-0.000028890090137142172,0.0017516697792817788,0.004306498964378665,0.0022655982217858134,0.00009931709248744342,0.0008523872529634585,NaN,0,0,0,2,0.001396,0,0,0
641348431,0,1.256144276398287,4.203210388857494,0,0,0.004,0.23425773934323257,4.026319712287384,-1.0901169934719253,0.005225674735134689,-0.048607837194670545,0.06877963390946906,0.004636111168050785,-0.032557078050161344,0.007738878125433547,-0.039741035240802025,-0.01239641172837077,-0.039586057357164375,0.00003832468931417752,0.000030297095455880205,-0.000028890090137142172,0.0017549134085465324,0.004308886975357565,0.0022864912391621925,0.00009931709288744342,0.0008523872929634584,NaN,0,0,0,2,0.001396,0,0,0
641348435,0,1.181590778037833,4.622740180083444,0,0,0.004,0.7839708315696925,4.519423989731951,-0.3211866225670086,0.005225674735134689,-0.048607837194670545,0.06877963390946906,0.004636111168050785,-0.032557078050161344,0.007738878125433547,-0.039741035240802025,-0.01239641172837077,-0.039586057357164375,0.00003832468931417752,0.000030297095455880205,-0.000028890090137142172,0.001758160215958252,0.004309656954525989,0.002307457784815544,0.00009931709328744343,0.0008523873329634584,NaN,0,0,0,2,0.002863,0,0,0
641348455,0,0.8274141218806091,4.732903308303743,0,0,0.02,0.8209555835025111,4.617657832224132,-0.4010220773637929,0.005225674735134689,-0.048607837194670545,0.06877963390946906,0.004636111168050785,-0.032557078050161344,0.007738878125433547,-0.039741035240802025,-0.01239641172837077,-0.039586057357164375,0.00003832468931417752,0.000030297095455880205,-0.000028890090137142172,0.001774441925221596,0.0043305199459799555,0.002413844002991984,0.00009931709528744343,0.0008523875329634583,NaN,0,0,0,2,0.001397,0,0,0
641348459,0,0.6513488833195,5.154912113112105,0,0,0.004,0.267681404602816,5.128527967024378,0.16547841245552242,0.005225674735134689,-0.048607837194670545,0.06877963390946906,0.004636111168050785,-0.032557078050161344,0.007738878125433547,-0.039741035240802025,-0.01239641172837077,-0.039586057357164375,0.00003832468931417752,0.000030297095455880205,-0.000028890090137142172,0.0017777078015152525,0.004338839404251939,0.0024351331118510297,0.00009931709568744344,0.0008523875729634583,NaN,0,0,0,2,0.000978,0,0,0
641348463,0,0.6040325577852844,5.30447745492388,0,0,0.004,0.1087671266185517,5.278281781216864,0.33772873579105145,0.005225674735134689,-0.048607837194670545,0.06877963390946906,0.004636111168050785,-0.032557078050161344,0.007738878125433547,-0.039741035240802025,-0.01239641172837077,-0.039586057357164375,0.00003832468931417752,0.000030297095455880205,-0.000028890090137142172,0.0017809768559559646,0.004348832482930886,0.0024577403057321717,0.00009931709608744345,0.0008523876129634582,NaN,0,0,0,2,0.001885,0,0,0
641348483,0,0.4415113660343606,4.366162604834444,0,0,0.02,0.256839464078394,4.311940209459951,0.5316296318548108,0.005225674735134689,-0.048607837194670545,0.06877963390946906,0.004636111168050785,-0.032557078050161344,0.007738878125433547,-0.039741035240802025,-0.01239641172837077,-0.039586057357164375,0.00003832468931417752,0.000030297095455880205,-0.000028890090137142172,0.0017973698003656143,0.004419550824438145,0.0025730560609946098,0.00009931709808744345,0.0008523878129634582,NaN,0,0,0,2,0.000977,0,0,0
641348487,0,0.39747382942628773,3.303132645247851,0,0,0.004,0.21883331863331112,3.1889453226117004,0.7912681887370301,0.005225674735134689,-0.048607837194670545,0.06877963390946906,0.004636111168050785,-0.032557078050161344,0.007738878125433547,-0.039741035240802025,-0.01239641172837077,-0.039586057357164375,0.00003832468931417752,0.000030297095455880205,-0.000028890090137142172,0.0018006579236888008,0.004436452651579818,0.0025962307360606037,0.00009931709848744346,0.0008523878529634581,NaN,0,0,0,2,0.001396,0,0,0
641348491,0,0.3727946142840009,2.537330312755225,0,0,0.004,0.1392717240182233,2.3906006094305914,0.8181768792577842,0.005225674735134689,-0.048607837194670545,0.06877963390946906,0.004636111168050785,-0.032557078050161344,0.007738878125433547,-0.039741035240802025,-0.01239641172837077,-0.039586057357164375,0.00003832468931417752,0.000030297095455880205,-0.000028890090137142172,0.0018039492251591324,0.004453589486562062,0.0026195045301288787,0.00009931709888744347,0.0008523878929634581,NaN,0,0,0,2,0.001885,0,0,0
641348495,0,0.3324725017719041,2.178197149929213,0,0,0.004,0.005029581900356961,1.9868411614902062,0.8896245599205592,0.005225674735134689,-0.048607837194670545,0.06877963390946906,0.004636111168050785,-0.032557078050161344,0.007738878125433547,-0.039741035240802025,-0.01239641172837077,-0.039586057357164375,0.00003832468931417752,0.000030297095455880205,-0.000028890090137142172,0.001807243704776622,0.004471012708709637,0.002642892097537216,0.00009931709928744347,0.000852387932963458,NaN,0,0,0,2,0.0029340000000000004,0,0,0
641348499,0,0.3138873240503651,2.0913892780068224,0,0,0.004,-0.17224013769279511,1.7485858604513966,1.1493006981658915,0.005225674735134689,-0.048607837194670545,0.06877963390946906,0.004636111168050785,-0.032557078050161344,0.007738878125433547,-0.039741035240802025,-0.01239641172837077,-0.039586057357164375,0.00003832468931417752,0.000030297095455880205,-0.000028890090137142172,0.0018105413625412825,0.004488797434733825,0.0026664020453127306,0.00009931709968744348,0.000852387972963458,NaN,0,0,0,2,0.001466,0,0,0
641348503,0,0.31574922991263094,2.0796205896924804,0,0,0.004,-0.21991355838577742,1.6779599508768652,1.227447568055375,0.005225674735134689,-0.048607837194670545,0.06877963390946906,0.004636111168050785,-0.032557078050161344,0.007738878125433547,-0.039741035240802025,-0.01239641172837077,-0.039586057357164375,0.00003832468931417752,0.000030297095455880205,-0.000028890090137142172,0.0018138421984531265,0.004506807773549578,0.00269004064440449,0.00009931710008744349,0.0008523880129634579,NaN,0,0,0,2,0.001396,0,0,0
641348507,0,0.3379489200209107,1.848952129635046,0,0,0.004,-0.31040733224226247,1.1172205105348714,1.4698320958523947,0.005225674735134689,-0.048607837194670545,0.06877963390946906,0.004636111168050785,-0.032557078050161344,0.007738878125433547,-0.039741035240802025,-0.01239641172837077,-0.039586057357164375,0.00003832468931417752,0.000030297095455880205,-0.000028890090137142172,0.0018171462125121669,0.0045245945110014936,0.0027138101958267733,0.00009931710048744349,0.0008523880529634579,NaN,0,0,0,2,0.0014670000000000002,0,0,0
641348511,0,0.39224466447511874,1.7299910245945676,0,0,0.004,-0.3916433725734876,0.2962038627556173,1.6985189206093505,0.005225674735134689,-0.048607837194670545,0.06877963390946906,0.004636111168050785,-0.032557078050161344,0.007738878125433547,-0.039741035240802025,-0.01239641172837077,-0.039586057357164375,0.00003832468931417752,0.000030297095455880205,-0.000028890090137142172,0.0018204534047184164,0.004541766015626737,0.002737721558848307,0.0000993171008874435,0.0008523880929634578,NaN,0,0,0,2,0.001397,0,0,0
641348519,0,0.5471705235575393,2.3995882920977123,0,0,0.008,-0.8186184113839701,-0.3853569050926614,2.273529320832642,0.005225674735134689,-0.048607837194670545,0.06877963390946906,0.004636111168050785,-0.032557078050161344,0.007738878125433547,-0.039741035240802025,-0.01239641172837077,-0.039586057357164375,0.00003832468931417752,0.000030297095455880205,-0.000028890090137142172,0.0018270773235725879,0.004576450238979666,0.0027860034444255103,0.0000993171016874435,0.0008523881729634578,NaN,0,0,0,2,0.0014670000000000002,0,0,0
641348523,0,0.6004302444971655,2.6450740089988183,0,0,0.004,-0.9557501780101976,-0.6072124482922517,2.4441475575601164,0.005225674735134689,-0.048607837194670545,0.06877963390946906,0.004636111168050785,-0.032557078050161344,0.007738878125433547,-0.039741035240802025,-0.01239641172837077,-0.039586057357164375,0.00003832468931417752,0.000030297095455880205,-0.000028890090137142172,0.001830394050220529,0.004593957242368306,0.00281041790082838,0.0000993171020874435,0.0008523882129634578,NaN,0,0,0,2,0.0014670000000000002,0,0,0
641348527,0,0.6654269589511209,2.9078135941584575,0,0,0.004,-1.1215642441990343,-0.8929211963727287,2.5870330381306434,0.005225674735134689,-0.048607837194670545,0.06877963390946906,0.004636111168050785,-0.032557078050161344,0.007738878125433547,-0.039741035240802025,-0.01239641172837077,-0.039586057357164375,0.00003832468931417752,0.000030297095455880205,-0.000028890090137142172,0.0018337139550157306,0.004611639426675555,0.002835011685096514,0.00009931710248744351,0.0008523882529634577,NaN,0,0,0,2,0.003352,0,0,0
641348531,0,0.7207999958460527,3.0990860556475965,0,0,0.004,-1.152257828692625,-1.3370048457832544,2.6076602536149807,0.005225674735134689,-0.048607837194670545,0.06877963390946906,0.004636111168050785,-0.032557078050161344,0.007738878125433547,-0.039741035240802025,-0.01239641172837077,-0.039586057357164375,0.00003832468931417752,0.000030297095455880205,-0.000028890090137142172,0.0018370370379582055,0.004629156733907526,0.00285979182557724,0.00009931710288744352,0.0008523882929634577,NaN,0,0,0,2,0.0014670000000000002,0,0,0
641348535,0,0.7554350550277492,3.222240008554889,0,0,0.004,-1.2180580949402244,-1.5796313203874757,2.5938083046662417,0.005225674735134689,-0.048607837194670545,0.06877963390946906,0.004636111168050785,-0.032557078050161344,0.007738878125433547,-0.039741035240802025,-0.01239641172837077,-0.039586057357164375,0.00003832468931417752,0.000030297095455880205,-0.000028890090137142172,0.0018403632990479663,0.004646844304427745,0.0028847666968605176,0.00009931710328744352,0.0008523883329634576,NaN,0,0,0,2,0.001886,0,0,0
641348539,0,0.7669835409178077,3.334691925258852,0,0,0.004,-1.4796316537860121,-1.5593610704835896,2.616814389126242,0.005225674735134689,-0.048607837194670545,0.06877963390946906,0.004636111168050785,-0.032557078050161344,0.007738878125433547,-0.039741035240802025,-0.01239641172837077,-0.039586057357164375,0.00003832468931417752,0.000030297095455880205,-0.000028890090137142172,0.0018436927382850259,0.00466539749396286,0.002909941671502905,0.00009931710368744353,0.0008523883729634576,NaN,0,0,0,2,0.001397,0,0,0
641348543,0,0.7714293309912741,3.369273021927584,0,0,0.004,-1.5588251742862471,-1.5463069907801268,2.6242308259127167,0.005225674735134689,-0.048607837194670545,0.06877963390946906,0.004636111168050785,-0.032557078050161344,0.007738878125433547,-0.039741035240802025,-0.01239641172837077,-0.039586057357164375,0.00003832468931417752,0.000030297095455880205,-0.000028890090137142172,0.0018470253556693971,0.0046844463301298845,0.002935319687551368,0.00009931710408744354,0.0008523884129634575,NaN,0,0,0,2,0.001466,0,0,0
641348547,0,0.7303848688219577,3.380304562653548,0,0,0.004,-1.7955617129575916,-1.5674386368628768,2.4725504411403048,0.005225674735134689,-0.048607837194670545,0.06877963390946906,0.004636111168050785,-0.032557078050161344,0.007738878125433547,-0.039741035240802025,-0.01239641172837077,-0.039586057357164375,0.00003832468931417752,0.000030297095455880205,-0.000028890090137142172,0.001850361151201093,0.004704380870620672,0.0029609020810960544,0.00009931710448744354,0.0008523884529634575,NaN,0,0,0,2,0.0014670000000000002,0,0,0
641348551,0,0.6879147185919047,3.301372941670287,0,0,0.004,-1.883863533374792,-1.6286301099985163,2.2497875592324323,0.005225674735134689,-0.048607837194670545,0.06877963390946906,0.004636111168050785,-0.032557078050161344,0.007738878125433547,-0.039741035240802025,-0.01239641172837077,-0.039586057357164375,0.00003832468931417752,0.000030297095455880205,-0.000028890090137142172,0.0018537001248801258,0.004724884503175662,0.002986692329344469,0.00009931710488744355,0.0008523884929634574,NaN,0,0,0,2,0.001397,0,0,0
641348555,0,0.6467548105326194,3.0978094936121274,0,0,0.004,-1.831248368324508,-1.5922323753152778,2.012638563811052,0.005225674735134689,-0.048607837194670545,0.06877963390946906,0.004636111168050785,-0.032557078050161344,0.007738878125433547,-0.039741035240802025,-0.01239641172837077,-0.039586057357164375,0.00003832468931417752,0.000030297095455880205,-0.000028890090137142172,0.0018570422767065086,0.004745650748833919,0.003012693163765395,0.00009931710528744356,0.0008523885329634574,NaN,0,0,0,2,0.003771,0,0,0
641348559,0,0.6189372747203713,2.8406761193357104,0,0,0.004,-1.7323626713067373,-1.331182029153676,1.9012401170359592,0.005225674735134689,-0.048607837194670545,0.06877963390946906,0.004636111168050785,-0.032557078050161344,0.007738878125433547,-0.039741035240802025,-0.01239641172837077,-0.039586057357164375,0.00003832468931417752,0.000030297095455880205,-0.000028890090137142172,0.0018603876066802542,0.004766566704700992,0.003038904320445003,0.00009931710568744356,0.0008523885729634573,NaN,0,0,0,2,0.001397,0,0,0
641348563,0,0.6126093291209727,2.7659541661689477,0,0,0.004,-1.7062091096582293,-1.2508015622336628,1.867078894455057,0.005225674735134689,-0.048607837194670545,0.06877963390946906,0.004636111168050785,-0.032557078050161344,0.007738878125433547,-0.039741035240802025,-0.01239641172837077,-0.039586057357164375,0.00003832468931417752,0.000030297095455880205,-0.000028890090137142172,0.0018637361148013756,0.0047877283458444405,0.0030653213408680896,0.00009931710608744357,0.0008523886129634573,NaN,0,0,0,2,0.001397,0,0,0
641348567,0,0.5964410262805091,2.5951249617853303,0,0,0.004,-1.5985957661371628,-1.0942822998428685,1.8095389234088461,0.005225674735134689,-0.048607837194670545,0.06877963390946906,0.004636111168050785,-0.032557078050161344,0.007738878125433547,-0.039741035240802025,-0.01239641172837077,-0.039586057357164375,0.00003832468931417752,0.000030297095455880205,-0.000028890090137142172,0.0018670878010698853,0.004808872594962385,0.003091943502981581,0.00009931710648744358,0.0008523886529634572,NaN,0,0,0,2,0.0014670000000000002,0,0,0
641348579,0,0.6060429484682421,2.051374952191989,0,0,0.012,-1.30029994290816,-0.7653849497757804,1.4714240557086917,0.005225674735134689,-0.048607837194670545,0.06877963390946906,0.004636111168050785,-0.032557078050161344,0.007738878125433547,-0.039741035240802025,-0.01239641172837077,-0.039586057357164375,0.00003832468931417752,0.000030297095455880205,-0.000028890090137142172,0.00187716192875984,0.004870828702970004,0.0031728786634608935,0.00009931710768744358,0.0008523887729634572,NaN,0,0,0,2,0.001396,0,0,0
641348583,0,0.6126368589921584,1.896845640226732,0,0,0.004,-1.2258923352838618,-0.6665761017741073,1.3666076594352283,0.005225674735134689,-0.048607837194670545,0.06877963390946906,0.004636111168050785,-0.032557078050161344,0.007738878125433547,-0.039741035240802025,-0.01239641172837077,-0.039586057357164375,0.00003832468931417752,0.000030297095455880205,-0.000028890090137142172,0.0018805263276179928,0.004891555236949418,0.0032002884157017863,0.00009931710808744359,0.0008523888129634571,NaN,0,0,0,2,0.001397,0,0,0
641348587,0,0.6197709686246535,1.786417000586953,0,0,0.004,-1.142325061649793,-0.6681338533809763,1.2822005270523853,0.005225674735134689,-0.048607837194670545,0.06877963390946906,0.004636111168050785,-0.032557078050161344,0.007738878125433547,-0.039741035240802025,-0.01239641172837077,-0.039586057357164375,0.00003832468931417752,0.000030297095455880205,-0.000028890090137142172,0.001883893904623598,0.00491215100168334,0.003227893048048899,0.0000993171084874436,0.0008523888529634571,NaN,0,0,0,2,0.001466,0,0,0
641348591,0,0.6331268970670363,1.7641330645328621,0,0,0.004,-0.9949243016895888,-0.768734326119299,1.3146332803766683,0.005225674735134689,-0.048607837194670545,0.06877963390946906,0.004636111168050785,-0.032557078050161344,0.007738878125433547,-0.039741035240802025,-0.01239641172837077,-0.039586057357164375,0.00003832468931417752,0.000030297095455880205,-0.000028890090137142172,0.0018872646597766685,0.004932399981304963,0.0032556925922111023,0.0000993171088874436,0.000852388892963457,NaN,0,0,0,2,0.0038410000000000002,0,0,0
641348595,0,0.6430946162403199,1.6385855194504293,0,0,0.004,-0.8142316223186536,-0.675174239283579,1.3207920332451994,0.005225674735134689,-0.048607837194670545,0.06877963390946906,0.004636111168050785,-0.032557078050161344,0.007738878125433547,-0.039741035240802025,-0.01239641172837077,-0.039586057357164375,0.00003832468931417752,0.000030297095455880205,-0.000028890090137142172,0.001890638593077217,0.004952121054209443,0.003283688062997781,0.00009931710928744361,0.000852388932963457,NaN,0,0,0,2,0.001466,0,0,0
641348599,0,0.6441040782858688,1.560411985419511,0,0,0.004,-0.6612797747668206,-0.5363068975672057,1.3687019382004575,0.005225674735134689,-0.048607837194670545,0.06877963390946906,0.004636111168050785,-0.032557078050161344,0.007738878125433547,-0.039741035240802025,-0.01239641172837077,-0.039586057357164375,0.00003832468931417752,0.000030297095455880205,-0.000028890090137142172,0.001894015704525256,0.004971360958091576,0.003311876829395868,0.00009931710968744361,0.0008523889729634569,NaN,0,0,0,2,0.001397,0,0,0
641348603,0,0.6447314286055492,1.5432352341766276,0,0,0.004,-0.621720831453296,-0.49440526635003545,1.3819886253181064,0.005225674735134689,-0.048607837194670545,0.06877963390946906,0.004636111168050785,-0.032557078050161344,0.007738878125433547,-0.039741035240802025,-0.01239641172837077,-0.039586057357164375,0.00003832468931417752,0.000030297095455880205,-0.000028890090137142172,0.0018973959941207988,0.004990517957447048,0.003340255751188271,0.00009931711008744362,0.0008523890129634569,NaN,0,0,0,2,0.001397,0,0,0
641348607,0,0.6399808501458125,1.6828978992073895,0,0,0.004,-0.554769283897431,-0.5905917516520184,1.5305231729017628,0.005225674735134689,-0.048607837194670545,0.06877963390946906,0.004636111168050785,-0.032557078050161344,0.007738878125433547,-0.039741035240802025,-0.01239641172837077,-0.039586057357164375,0.00003832468931417752,0.000030297095455880205,-0.000028890090137142172,0.001900779461863858,0.0050095421958299274,0.00336882447554767,0.00009931711048744363,0.0008523890529634568,NaN,0,0,0,2,0.001396,0,0,0
641348611,0,0.6389440678453161,1.8029322976920075,0,0,0.004,-0.5612477970851042,-0.747720779676266,1.59825368273032,0.005225674735134689,-0.048607837194670545,0.06877963390946906,0.004636111168050785,-0.032557078050161344,0.007738878125433547,-0.039741035240802025,-0.01239641172837077,-0.039586057357164375,0.00003832468931417752,0.000030297095455880205,-0.000028890090137142172,0.0019041661077544463,0.00502873270636108,0.003397584710842018,0.00009931711088744363,0.0008523890929634568,NaN,0,0,0,2,0.0014670000000000002,0,0,0
641348615,0,0.6432447566539434,1.6847786621044607,0,0,0.004,-0.5372987713926107,-0.7469209182438402,1.4695365051071079,0.005225674735134689,-0.048607837194670545,0.06877963390946906,0.004636111168050785,-0.032557078050161344,0.007738878125433547,-0.039741035240802025,-0.01239641172837077,-0.039586057357164375,0.00003832468931417752,0.000030297095455880205,-0.000028890090137142172,0.0019075559317925767,0.005047928359946336,0.003426539994757215,0.00009931711128744364,0.0008523891329634567,NaN,0,0,0,2,0.0014670000000000002,0,0,0
641348639,0,0.7131456602283106,0.9554071423946876,0,0,0.024,-0.008650838753971213,-0.3202557820912445,0.9395422910507722,0.005225674735134689,-0.048607837194670545,0.06877963390946906,0.004636111168050785,-0.032557078050161344,0.007738878125433547,-0.039741035240802025,-0.01239641172837077,-0.039586057357164375,0.00003832468931417752,0.000030297095455880205,-0.000028890090137142172,0.0019279616171201052,0.005151400008173793,0.00360386829325391,0.00009931711368744364,0.0008523893729634567,NaN,0,0,0,2,0.001396,0,0,0
641348643,0,0.7348784153386193,0.7815472204298048,0,0,0.004,0.11293394230325515,-0.20990128333236513,0.7752750882226795,0.005225674735134689,-0.048607837194670545,0.06877963390946906,0.004636111168050785,-0.032557078050161344,0.007738878125433547,-0.039741035240802025,-0.01239641172837077,-0.039586057357164375,0.00003832468931417752,0.000030297095455880205,-0.000028890090137142172,0.001931373688191196,0.00516824639052019,0.0036341239249263937,0.00009931711408744365,0.0008523894129634567,NaN,0,0,0,2,0.003282,0,0,0
641348647,0,0.7472750146372054,0.5893560093619735,0,0,0.004,0.10029603090777361,0.01032404134293985,0.6048503633173201,0.005225674735134689,-0.048607837194670545,0.06877963390946906,0.004636111168050785,-0.032557078050161344,0.007738878125433547,-0.039741035240802025,-0.01239641172837077,-0.039586057357164375,0.00003832468931417752,0.000030297095455880205,-0.000028890090137142172,0.0019347889374099311,0.0051850487146551764,0.0036645638651540747,0.00009931711448744365,0.0008523894529634566,NaN,0,0,0,2,0.0018160000000000001,0,0,0
641348651,0,0.7778798788876049,0.6415808221932221,0,0,0.004,0.2485364726857402,0.19116412119017923,0.5657967548380665,0.005225674735134689,-0.048607837194670545,0.06877963390946906,0.004636111168050785,-0.032557078050161344,0.007738878125433547,-0.039741035240802025,-0.01239641172837077,-0.039586057357164375,0.00003832468931417752,0.000030297095455880205,-0.000028890090137142172,0.0019382073647763235,0.005201231286192482,0.0036951851751546435,0.00009931711488744366,0.0008523894929634566,NaN,0,0,0,2,0.001397,0,0,0
641348655,0,0.8216340570881145,0.885596835124811,0,0,0.004,0.46499677154344643,0.5558489243512023,0.47743746601640247,0.005225674735134689,-0.048607837194670545,0.06877963390946906,0.004636111168050785,-0.032557078050161344,0.007738878125433547,-0.039741035240802025,-0.01239641172837077,-0.039586057357164375,0.00003832468931417752,0.000030297095455880205,-0.000028890090137142172,0.0019416289702903857,0.005216453298840365,0.003725983714868694,0.00009931711528744367,0.0008523895329634565,NaN,0,0,0,2,0.001886,0,0,0
641348659,0,0.8719445848074535,1.1863634220728063,0,0,0.004,0.5482508729595381,0.9698333633341053,0.318644639814897,0.005225674735134689,-0.048607837194670545,0.06877963390946906,0.004636111168050785,-0.032557078050161344,0.007738878125433547,-0.039741035240802025,-0.01239641172837077,-0.039586057357164375,0.00003832468931417752,0.000030297095455880205,-0.000028890090137142172,0.0019450537539521307,0.0052312281505283035,0.0037569513406393376,0.00009931711568744367,0.0008523895729634565,NaN,0,0,0,2,0.0014670000000000002,0,0,0
641348663,0,0.889027239104563,1.2938137835739545,0,0,0.004,0.5691112135790892,1.0965059556529484,0.27037940954106254,0.005225674735134689,-0.048607837194670545,0.06877963390946906,0.004636111168050785,-0.032557078050161344,0.007738878125433547,-0.039741035240802025,-0.01239641172837077,-0.039586057357164375,0.00003832468931417752,0.000030297095455880205,-0.000028890090137142172,0.0019484817157615713,0.005245977006161322,0.003788080531246145,0.00009931711608744368,0.0008523896129634564,NaN,0,0,0,2,0.001396,0,0,0
641348667,0,0.9240745349864641,1.3848200230173153,0,0,0.004,0.4552303033144185,1.27265651375758,0.07192102044996673,0.005225674735134689,-0.048607837194670545,0.06877963390946906,0.004636111168050785,-0.032557078050161344,0.007738878125433547,-0.039741035240802025,-0.01239641172837077,-0.039586057357164375,0.00003832468931417752,0.000030297095455880205,-0.000028890090137142172,0.0019519128557187204,0.005261195216648213,0.0038193693937547315,0.00009931711648744369,0.0008523896529634564,NaN,0,0,0,2,0.001396,0,0,0
641348671,0,0.9408797018008396,1.5038164377176406,0,0,0.004,0.3834572487440806,1.412155841341045,-0.1417673599398359,0.005225674735134689,-0.048607837194670545,0.06877963390946906,0.004636111168050785,-0.032557078050161344,0.007738878125433547,-0.039741035240802025,-0.01239641172837077,-0.039586057357164375,0.00003832468931417752,0.000030297095455880205,-0.000028890090137142172,0.0019553471738235906,0.005276773167201227,0.0038508167694860295,0.00009931711688744369,0.0008523896929634563,NaN,0,0,0,2,0.003282,0,0,0
641348675,0,0.9336779062972992,1.7397626894295293,0,0,0.004,0.35234620000092787,1.5912666768453723,-0.4913735221865583,0.005225674735134689,-0.048607837194670545,0.06877963390946906,0.004636111168050785,-0.032557078050161344,0.007738878125433547,-0.039741035240802025,-0.01239641172837077,-0.039586057357164375,0.00003832468931417752,0.000030297095455880205,-0.000028890090137142172,0.001958784670076195,0.0052925937501822505,0.0038824216501291368,0.0000993171172874437,0.0008523897329634563,NaN,0,0,0,2,0.001397,0,0,0
641348679,0,0.9042863231470307,1.9290245589606807,0,0,0.004,0.3002054452263352,1.7095003200012382,-0.7489412613804145,0.005225674735134689,-0.048607837194670545,0.06877963390946906,0.004636111168050785,-0.032557078050161344,0.007738878125433547,-0.039741035240802025,-0.01239641172837077,-0.039586057357164375,0.00003832468931417752,0.000030297095455880205,-0.000028890090137142172,0.001962225344476546,0.0053087836007965515,0.003914181878941498,0.0000993171176874437,0.0008523897729634562,NaN,0,0,0,2,0.0014670000000000002,0,0,0
641348683,0,0.8968186173287559,1.9956415065595396,0,0,0.004,0.2815229804647459,1.7507308812140705,-0.8276938997616856,0.005225674735134689,-0.048607837194670545,0.06877963390946906,0.004636111168050785,-0.032557078050161344,0.007738878125433547,-0.039741035240802025,-0.01239641172837077,-0.039586057357164375,0.00003832468931417752,0.000030297095455880205,-0.000028890090137142172,0.0019656691970246563,0.005325256980957902,0.003946096605424917,0.00009931711808744371,0.0008523898129634562,NaN,0,0,0,2,0.0014670000000000002,0,0,0
641348687,0,0.8222758432500381,1.9638610475559823,0,0,0.004,0.1582728609578521,1.7921610041398686,-0.6954307982933958,0.005225674735134689,-0.048607837194670545,0.06877963390946906,0.004636111168050785,-0.032557078050161344,0.007738878125433547,-0.039741035240802025,-0.01239641172837077,-0.039586057357164375,0.00003832468931417752,0.000030297095455880205,-0.000028890090137142172,0.001969116227720539,0.005342392601552459,0.003978165937147679,0.00009931711848744372,0.0008523898529634561,NaN,0,0,0,2,0.001885,0,0,0
641348691,0,0.6848339768074297,1.9185172454096808,0,0,0.004,0.051485165763767826,1.8132345345552303,-0.5227259203051293,0.005225674735134689,-0.048607837194670545,0.06877963390946906,0.004636111168050785,-0.032557078050161344,0.007738878125433547,-0.039741035240802025,-0.01239641172837077,-0.039586057357164375,0.00003832468931417752,0.000030297095455880205,-0.000028890090137142172,0.001972566436564207,0.005360137550396394,0.004010391253500599,0.00009931711888744372,0.0008523898929634561,NaN,0,0,0,2,0.001466,0,0,0
641348695,0,0.5310348865254012,1.750542081671066,0,0,0.004,0.03891206915538992,1.6379963572986118,-0.5207103242386442,0.005225674735134689,-0.048607837194670545,0.06877963390946906,0.004636111168050785,-0.032557078050161344,0.007738878125433547,-0.039741035240802025,-0.01239641172837077,-0.039586057357164375,0.00003832468931417752,0.000030297095455880205,-0.000028890090137142172,0.001976019823555673,0.005378090260846202,0.004042774123091418,0.00009931711928744373,0.000852389932963456,NaN,0,0,0,3,0.001397,0,0,0
641348699,0,0.4102944707942315,1.2888731885724733,0,0,0.004,0.09119916697116293,1.125690262857244,-0.5400580415494289,0.005225674735134689,-0.048607837194670545,0.06877963390946906,0.004636111168050785,-0.032557078050161344,0.007738878125433547,-0.039741035240802025,-0.01239641172837077,-0.039586057357164375,0.00003832468931417752,0.000030297095455880205,-0.000028890090137142172,0.0019794763886949503,0.005395808553807607,0.004075318406303403,0.00009931711968744374,0.000852389972963456,NaN,0,0,0,2,0.003353,0,0,0
641348703,0,0.38145617318805325,1.163886207162544,0,0,0.004,0.09926746289301858,0.9774374294003464,-0.5479152501493605,0.005225674735134689,-0.048607837194670545,0.06877963390946906,0.004636111168050785,-0.032557078050161344,0.007738878125433547,-0.039741035240802025,-0.01239641172837077,-0.039586057357164375,0.00003832468931417752,0.000030297095455880205,-0.000028890090137142172,0.001982936131982051,0.005413526708526529,0.004108033017715952,0.00009931712008744374,0.0008523900129634559,NaN,0,0,0,2,0.001466,0,0,0
641348707,0,0.3474760386891634,0.7592357039478647,0,0,0.004,0.1000239518140138,0.48417998637106463,-0.5148965057352282,0.005225674735134689,-0.048607837194670545,0.06877963390946906,0.004636111168050785,-0.032557078050161344,0.007738878125433547,-0.039741035240802025,-0.01239641172837077,-0.039586057357164375,0.00003832468931417752,0.000030297095455880205,-0.000028890090137142172,0.001986399053416988,0.005431048244705798,0.004140921102549327,0.00009931712048744375,0.0008523900529634558,NaN,0,0,0,2,0.001397,0,0,0
641348711,0,0.33198521056081415,0.6032476805052738,0,0,0.004,0.11101920420548095,-0.03407041100701991,-0.5490190086887523,0.005225674735134689,-0.048607837194670545,0.06877963390946906,0.004636111168050785,-0.032557078050161344,0.007738878125433547,-0.039741035240802025,-0.01239641172837077,-0.039586057357164375,0.00003832468931417752,0.000030297095455880205,-0.000028890090137142172,0.0019898651529997743,0.005448278351615466,0.004173991895694536,0.00009931712088744376,0.0008523900929634558,NaN,0,0,0,2,0.001397,0,0,0
641348715,0,0.32886963950556625,0.9130932264448265,0,0,0.004,0.19719739302892703,-0.6613204235758335,-0.5706019569330056,0.005225674735134689,-0.048607837194670545,0.06877963390946906,0.004636111168050785,-0.032557078050161344,0.007738878125433547,-0.039741035240802025,-0.01239641172837077,-0.039586057357164375,0.00003832468931417752,0.000030297095455880205,-0.000028890090137142172,0.001993334430730422,0.005464900178060514,0.004207254940400047,0.00009931712128744376,0.0008523901329634557,NaN,0,0,0,2,0.0014670000000000002,0,0,0
641348719,0,0.3547895649779988,1.4701724858374658,0,0,0.004,0.3428645415117304,-1.347816382690389,-0.46767958969025614,0.005225674735134689,-0.048607837194670545,0.06877963390946906,0.004636111168050785,-0.032557078050161344,0.007738878125433547,-0.039741035240802025,-0.01239641172837077,-0.039586057357164375,0.00003832468931417752,0.000030297095455880205,-0.000028890090137142172,0.001996806886608945,0.005480763101335287,0.004240720713712947,0.00009931712168744377,0.0008523901729634557,NaN,0,0,0,2,0.000978,0,0,0
641348723,0,0.36543286201321323,1.658980485045118,0,0,0.004,0.3823755844477905,-1.5535821995834853,-0.43725621637299383,0.005225674735134689,-0.048607837194670545,0.06877963390946906,0.004636111168050785,-0.032557078050161344,0.007738878125433547,-0.039741035240802025,-0.01239641172837077,-0.039586057357164375,0.00003832468931417752,0.000030297095455880205,-0.000028890090137142172,0.0020002825206353555,0.005496568942423684,0.004274399943900132,0.00009931712208744378,0.0008523902129634556,NaN,0,0,0,2,0.001397,0,0,0
641348727,0,0.42529656300900326,2.0439692188863976,0,0,0.004,0.48598137830734545,-1.9648550630469552,-0.3117415870935556,0.005225674735134689,-0.048607837194670545,0.06877963390946906,0.004636111168050785,-0.032557078050161344,0.007738878125433547,-0.039741035240802025,-0.01239641172837077,-0.039586057357164375,0.00003832468931417752,0.000030297095455880205,-0.000028890090137142172,0.0020037613328096663,0.0055121213754434,0.004308296321091901,0.00009931712248744378,0.0008523902529634556,NaN,0,0,0,2,0.002863,0,0,0
641348731,0,0.5261146528233555,2.368258935454489,0,0,0.004,0.5638924882761203,-2.3033823074987176,-0.14505077569960712,0.005225674735134689,-0.048607837194670545,0.06877963390946906,0.004636111168050785,-0.032557078050161344,0.007738878125433547,-0.039741035240802025,-0.01239641172837077,-0.039586057357164375,0.00003832468931417752,0.000030297095455880205,-0.000028890090137142172,0.0020072433231318903,0.005527675587230182,0.004342416297132843,0.00009931712288744379,0.0008523902929634555,NaN,0,0,0,2,0.001397,0,0,0
641348735,0,0.648382559185186,2.694506647432264,0,0,0.004,0.6376694733559394,-2.628557624953373,0.04591711286482614,0.005225674735134689,-0.048607837194670545,0.06877963390946906,0.004636111168050785,-0.032557078050161344,0.007738878125433547,-0.039741035240802025,-0.01239641172837077,-0.039586057357164375,0.00003832468931417752,0.000030297095455880205,-0.000028890090137142172,0.00201072849160204,0.005543400529977583,0.004376765378426099,0.0000993171232874438,0.0008523903329634555,NaN,0,0,0,2,0.0014670000000000002,0,0,0
641348759,0,0.9921362931209262,2.8026699146492366,0,0,0.024,1.021887104161323,-2.5902630479077415,0.3984094803797209,0.005225674735134689,-0.048607837194670545,0.06877963390946906,0.004636111168050785,-0.032557078050161344,0.007738878125433547,-0.039741035240802025,-0.01239641172837077,-0.039586057357164375,0.00003832468931417752,0.000030297095455880205,-0.000028890090137142172,0.0020317062435297522,0.005640935933970756,0.0045869272629218034,0.0000993171256874438,0.0008523905729634555,NaN,0,0,0,2,0.001886,0,0,0
641348763,0,1.1000752963585592,2.8124266068961865,0,0,0.004,1.0914488526597819,-2.5531543363955316,0.5078426046283671,0.005225674735134689,-0.048607837194670545,0.06877963390946906,0.004636111168050785,-0.032557078050161344,0.007738878125433547,-0.039741035240802025,-0.01239641172837077,-0.039586057357164375,0.00003832468931417752,0.000030297095455880205,-0.000028890090137142172,0.0020352136590355507,0.005658788649566679,0.004622889190050024,0.0000993171260874438,0.0008523906129634555,NaN,0,0,0,2,0.001396,0,0,0
641348767,0,1.128397052669463,2.6441187903439296,0,0,0.004,1.1269294680051918,-2.321524438196135,0.6217879571166609,0.005225674735134689,-0.048607837194670545,0.06877963390946906,0.004636111168050785,-0.032557078050161344,0.007738878125433547,-0.039741035240802025,-0.01239641172837077,-0.039586057357164375,0.00003832468931417752,0.000030297095455880205,-0.000028890090137142172,0.0020387242526893777,0.005676737952810221,0.0046590827035925455,0.00009931712648744381,0.0008523906529634554,NaN,0,0,0,2,0.0014670000000000002,0,0,0
641348771,0,1.1097194014391454,2.360757111667367,0,0,0.004,1.2062493826370926,-1.956804141367746,0.5644902326849781,0.005225674735134689,-0.048607837194670545,0.06877963390946906,0.004636111168050785,-0.032557078050161344,0.007738878125433547,-0.039741035240802025,-0.01239641172837077,-0.039586057357164375,0.00003832468931417752,0.000030297095455880205,-0.000028890090137142172,0.002042238024491246,0.005694359698620879,0.004695503983633301,0.00009931712688744381,0.0008523906929634554,NaN,0,0,0,2,0.0014670000000000002,0,0,0
641348775,0,1.0528329981734554,2.0141859157909607,0,0,0.004,1.2127921176262906,-1.5626900726278614,0.3787567466582935,0.005225674735134689,-0.048607837194670545,0.06877963390946906,0.004636111168050785,-0.032557078050161344,0.007738878125433547,-0.039741035240802025,-0.01239641172837077,-0.039586057357164375,0.00003832468931417752,0.000030297095455880205,-0.000028890090137142172,0.002045754974441168,0.005711680489733865,0.004732146266950148,0.00009931712728744382,0.0008523907329634553,NaN,0,0,0,2,0.003352,0,0,0
641348779,0,0.9698613227296384,1.7073842373591785,0,0,0.004,1.0551078174199404,-1.325828399157265,0.17775052110747858,0.005225674735134689,-0.048607837194670545,0.06877963390946906,0.004636111168050785,-0.032557078050161344,0.007738878125433547,-0.039741035240802025,-0.01239641172837077,-0.039586057357164375,0.00003832468931417752,0.000030297095455880205,-0.000028890090137142172,0.0020492751025391566,0.005729285477465879,0.00476900322656908,0.00009931712768744383,0.0008523907729634552,NaN,0,0,0,2,0.001466,0,0,0
641348783,0,0.9476409293427283,1.6157778982007076,0,0,0.004,1.0005973680640896,-1.2570230573631012,0.11734958187821576,0.005225674735134689,-0.048607837194670545,0.06877963390946906,0.004636111168050785,-0.032557078050161344,0.007738878125433547,-0.039741035240802025,-0.01239641172837077,-0.039586057357164375,0.00003832468931417752,0.000030297095455880205,-0.000028890090137142172,0.002052798408785225,0.0057471181763903215,0.004806073532562048,0.00009931712808744383,0.0008523908129634552,NaN,0,0,0,2,0.001397,0,0,0
641348787,0,0.8603520438069251,1.266506102050236,0,0,0.004,0.6592441149799246,-1.0781448876744983,0.09171968033915867,0.005225674735134689,-0.048607837194670545,0.06877963390946906,0.004636111168050785,-0.032557078050161344,0.007738878125433547,-0.039741035240802025,-0.01239641172837077,-0.039586057357164375,0.00003832468931417752,0.000030297095455880205,-0.000028890090137142172,0.002056324893179386,0.005765667259953395,0.004843357405557863,0.00009931712848744384,0.0008523908529634551,NaN,0,0,0,2,0.0014670000000000002,0,0,0
641348791,0,0.8090592377858323,1.0003550698535215,0,0,0.004,0.4862177440836082,-0.8743857831076159,0.02156298285818714,0.005225674735134689,-0.048607837194670545,0.06877963390946906,0.004636111168050785,-0.032557078050161344,0.007738878125433547,-0.039741035240802025,-0.01239641172837077,-0.039586057357164375,0.00003832468931417752,0.000030297095455880205,-0.000028890090137142172,0.002059854555721652,0.005784386358379404,0.004880857100930489,0.00009931712888744385,0.0008523908929634551,NaN,0,0,0,2,0.001396,0,0,0
641348795,0,0.7752636511518276,0.9263201278559142,0,0,0.004,0.5424649903649492,-0.7197773899261194,-0.15097309978733797,0.005225674735134689,-0.048607837194670545,0.06877963390946906,0.004636111168050785,-0.032557078050161344,0.007738878125433547,-0.039741035240802025,-0.01239641172837077,-0.039586057357164375,0.00003832468931417752,0.000030297095455880205,-0.000028890090137142172,0.0020633873964120363,0.0058027628389339435,0.004918572162596618,0.00009931712928744385,0.000852390932963455,NaN,0,0,0,2,0.001885,0,0,0
641348799,0,0.7537588839981586,1.1175295746208833,0,0,0.004,0.6694362452316824,-0.8280211459260666,-0.27970606715062196,0.005225674735134689,-0.048607837194670545,0.06877963390946906,0.004636111168050785,-0.032557078050161344,0.007738878125433547,-0.039741035240802025,-0.01239641172837077,-0.039586057357164375,0.00003832468931417752,0.000030297095455880205,-0.000028890090137142172,0.002066923415250551,0.00582115267262321,0.004956499858238159,0.00009931712968744386,0.000852390972963455,NaN,0,0,0,2,0.001397,0,0,0
641348803,0,0.7478549491829446,1.1780605164189013,0,0,0.004,0.7030571056500137,-0.8668885789535791,-0.31869298370319754,0.005225674735134689,-0.048607837194670545,0.06877963390946906,0.004636111168050785,-0.032557078050161344,0.007738878125433547,-0.039741035240802025,-0.01239641172837077,-0.039586057357164375,0.00003832468931417752,0.000030297095455880205,-0.000028890090137142172,0.002070462612237209,0.0058396488230010426,0.004994641161465346,0.00009931713008744387,0.0008523910129634549,NaN,0,0,0,2,0.001396,0,0,0
641348807,0,0.7361892274823479,1.3389706218916388,0,0,0.004,0.6378877970595973,-1.149052880984554,-0.22380512794699392,0.005225674735134689,-0.048607837194670545,0.06877963390946906,0.004636111168050785,-0.032557078050161344,0.007738878125433547,-0.039741035240802025,-0.01239641172837077,-0.039586057357164375,0.00003832468931417752,0.000030297095455880205,-0.000028890090137142172,0.002074004987372024,0.005859039261490558,0.005032997033527303,0.00009931713048744387,0.0008523910529634549,NaN,0,0,0,2,0.003353,0,0,0
641348811,0,0.747791547892071,1.486550421903294,0,0,0.004,0.48664653537022073,-1.4043075990769145,-0.12642442730910375,0.005225674735134689,-0.048607837194670545,0.06877963390946906,0.004636111168050785,-0.032557078050161344,0.007738878125433547,-0.039741035240802025,-0.01239641172837077,-0.039586057357164375,0.00003832468931417752,0.000030297095455880205,-0.000028890090137142172,0.002077550540655008,0.005879514804044823,0.005071574272787967,0.00009931713088744388,0.0008523910929634548,NaN,0,0,0,2,0.001466,0,0,0
641348815,0,0.7825850668158407,1.655201594773084,0,0,0.004,0.43941385473775907,-1.6023237698773367,-0.09578748834458928,0.005225674735134689,-0.048607837194670545,0.06877963390946906,0.004636111168050785,-0.032557078050161344,0.007738878125433547,-0.039741035240802025,-0.01239641172837077,-0.039586057357164375,0.00003832468931417752,0.000030297095455880205,-0.000028890090137142172,0.002081099272086174,0.0059007496883189394,0.005110380456451563,0.00009931713128744389,0.0008523911329634548,NaN,0,0,0,2,0.001397,0,0,0
641348819,0,0.8677015423356962,1.9253073162480556,0,0,0.004,0.5592050419766574,-1.8530449738228625,-0.00926838363822391,0.005225674735134689,-0.048607837194670545,0.06877963390946906,0.004636111168050785,-0.032557078050161344,0.007738878125433547,-0.039741035240802025,-0.01239641172837077,-0.039586057357164375,0.00003832468931417752,0.000030297095455880205,-0.000028890090137142172,0.002084651181665535,0.0059225824851286135,0.0051494206847075945,0.00009931713168744389,0.0008523911729634547,NaN,0,0,0,2,0.001396,0,0,0
641348823,0,0.8984752094563543,2.009303729395925,0,0,0.004,0.5840371721154567,-1.9337505193462738,0.015454974291143841,0.005225674735134689,-0.048607837194670545,0.06877963390946906,0.004636111168050785,-0.032557078050161344,0.007738878125433547,-0.039741035240802025,-0.01239641172837077,-0.039586057357164375,0.00003832468931417752,0.000030297095455880205,-0.000028890090137142172,0.0020882062693931033,0.0059448568453513385,0.00518869879320557,0.0000993171320874439,0.0008523912129634547,NaN,0,0,0,2,0.001466,0,0,0
641348827,0,1.0184431271330918,2.261113663670369,0,0,0.004,0.6853043902069091,-2.164509802858637,0.11185238121290908,0.005225674735134689,-0.048607837194670545,0.06877963390946906,0.004636111168050785,-0.032557078050161344,0.007738878125433547,-0.039741035240802025,-0.01239641172837077,-0.039586057357164375,0.00003832468931417752,0.000030297095455880205,-0.000028890090137142172,0.002091764535268892,0.005967869074133952,0.005228216820097951,0.0000993171324874439,0.0008523912529634546,NaN,0,0,0,2,0.0014670000000000002,0,0,0
641348831,0,1.1763086007140593,2.4309957169740826,0,0,0.004,0.691502961084659,-2.33845237143947,0.1785955629345839,0.005225674735134689,-0.048607837194670545,0.06877963390946906,0.004636111168050785,-0.032557078050161344,0.007738878125433547,-0.039741035240802025,-0.01239641172837077,-0.039586057357164375,0.00003832468931417752,0.000030297095455880205,-0.000028890090137142172,0.002095325979292914,0.005991761441462697,0.005267978506345041,0.00009931713288744391,0.0008523912929634546,NaN,0,0,0,2,0.0014670000000000002,0,0,0
641348835,0,1.3353279663821827,2.559739430137944,0,0,0.004,0.5922645363879051,-2.4970839263094335,0.23604997743065148,0.005225674735134689,-0.048607837194670545,0.06877963390946906,0.004636111168050785,-0.032557078050161344,0.007738878125433547,-0.039741035240802025,-0.01239641172837077,-0.039586057357164375,0.00003832468931417752,0.000030297095455880205,-0.000028890090137142172,0.002098890601465182,0.006016784561782306,0.0053079879366173316,0.00009931713328744392,0.0008523913329634545,NaN,0,0,0,2,0.003352,0,0,0
641348839,0,1.4720738936304756,2.785087223477971,0,0,0.004,0.5675491239243506,-2.7319868133919343,0.2811980093349984,0.005225674735134689,-0.048607837194670545,0.06877963390946906,0.004636111168050785,-0.032557078050161344,0.007738878125433547,-0.039741035240802025,-0.01239641172837077,-0.039586057357164375,0.00003832468931417752,0.000030297095455880205,-0.000028890090137142172,0.0021024584017857086,0.006043110215483336,0.0053482504658692665,0.00009931713368744393,0.0008523913729634545,NaN,0,0,0,2,0.001397,0,0,0
641348843,0,1.5137654894479344,2.845127353139742,0,0,0.004,0.5498719827296921,-2.7962154486579527,0.2954193484004364,0.005225674735134689,-0.048607837194670545,0.06877963390946906,0.004636111168050785,-0.032557078050161344,0.007738878125433547,-0.039741035240802025,-0.01239641172837077,-0.039586057357164375,0.00003832468931417752,0.000030297095455880205,-0.000028890090137142172,0.0021060293802545073,0.006070255188796253,0.005388771858759946,0.00009931713408744393,0.0008523914129634544,NaN,0,0,0,2,0.0014670000000000002,0,0,0
641348847,0,1.6031014368794274,2.908565376828956,0,0,0.004,0.7010691902699151,-2.80310109103587,0.4790956834911704,0.005225674735134689,-0.048607837194670545,0.06877963390946906,0.004636111168050785,-0.032557078050161344,0.007738878125433547,-0.039741035240802025,-0.01239641172837077,-0.039586057357164375,0.00003832468931417752,0.000030297095455880205,-0.000028890090137142172,0.0021096035368715904,0.006097709680416294,0.005429554714844522,0.00009931713448744394,0.0008523914529634544,NaN,0,0,0,2,0.001397,0,0,0
641348851,0,1.649258667811478,2.850010408458105,0,0,0.004,0.848323570396029,-2.6686486288327975,0.6291227574918956,0.005225674735134689,-0.048607837194670545,0.06877963390946906,0.004636111168050785,-0.032557078050161344,0.007738878125433547,-0.039741035240802025,-0.01239641172837077,-0.039586057357164375,0.00003832468931417752,0.000030297095455880205,-0.000028890090137142172,0.0021131808716369706,0.006124955879924614,0.005470598149562341,0.00009931713488744395,0.0008523914929634543,NaN,0,0,0,2,0.0014670000000000002,0,0,0
641348855,0,1.6540452639392,2.848848212013155,0,0,0.004,0.9515445977551444,-2.590631345703539,0.7848893903633591,0.005225674735134689,-0.048607837194670545,0.06877963390946906,0.004636111168050785,-0.032557078050161344,0.007738878125433547,-0.039741035240802025,-0.01239641172837077,-0.039586057357164375,0.00003832468931417752,0.000030297095455880205,-0.000028890090137142172,0.002116761384550661,0.006152257647354546,0.005511898695679233,0.00009931713528744395,0.0008523915329634543,NaN,0,0,0,2,0.001397,0,0,0
641348859,0,1.6119854312163517,2.99755839683522,0,0,0.004,0.9589124841441194,-2.697952465137171,0.961233406127322,0.005225674735134689,-0.048607837194670545,0.06877963390946906,0.004636111168050785,-0.032557078050161344,0.007738878125433547,-0.039741035240802025,-0.01239641172837077,-0.039586057357164375,0.00003832468931417752,0.000030297095455880205,-0.000028890090137142172,0.0021203450756126737,0.00618055393371811,0.005553454561128083,0.00009931713568744396,0.0008523915729634542,NaN,0,0,0,2,0.001396,0,0,0
641348863,0,1.6004161389320064,3.03733693130144,0,0,0.004,0.9497387576683451,-2.7271131121067107,1.014600612671046,0.005225674735134689,-0.048607837194670545,0.06877963390946906,0.004636111168050785,-0.032557078050161344,0.007738878125433547,-0.039741035240802025,-0.01239641172837077,-0.039586057357164375,0.00003832468931417752,0.000030297095455880205,-0.000028890090137142172,0.0021239319448230222,0.006209587562147046,0.0055952688549008285,0.00009931713608744396,0.0008523916129634542,NaN,0,0,0,2,0.0027930000000000003,0,0,0
641348867,0,1.532031645600767,3.0735412543185414,0,0,0.004,0.8660721934016771,-2.7383560663202786,1.1666140919437584,0.005225674735134689,-0.048607837194670545,0.06877963390946906,0.004636111168050785,-0.032557078050161344,0.007738878125433547,-0.039741035240802025,-0.01239641172837077,-0.039586057357164375,0.00003832468931417752,0.000030297095455880205,-0.000028890090137142172,0.0021275219921817194,0.006239416055044674,0.0056373435068936125,0.00009931713648744397,0.0008523916529634541,NaN,0,0,0,2,0.001466,0,0,0
641348871,0,1.453182318173601,2.9210230303425897,0,0,0.004,0.8275546036911561,-2.5606675403806336,1.2048069914612842,0.005225674735134689,-0.048607837194670545,0.06877963390946906,0.004636111168050785,-0.032557078050161344,0.007738878125433547,-0.039741035240802025,-0.01239641172837077,-0.039586057357164375,0.00003832468931417752,0.000030297095455880205,-0.000028890090137142172,0.0021311152176887774,0.0062690537704627475,0.005679681246782788,0.00009931713688744398,0.0008523916929634541,NaN,0,0,0,2,0.001397,0,0,0
641348875,0,1.3973502673335707,2.712930424139251,0,0,0.004,0.8595802665987613,-2.3362466201895704,1.142583045558954,0.005225674735134689,-0.048607837194670545,0.06877963390946906,0.004636111168050785,-0.032557078050161344,0.007738878125433547,-0.039741035240802025,-0.01239641172837077,-0.039586057357164375,0.00003832468931417752,0.000030297095455880205,-0.000028890090137142172,0.0021347116213442092,0.006298053169252722,0.0057222805869261185,0.00009931713728744398,0.000852391732963454,NaN,0,0,0,3,0.001885,0,0,0
641348879,0,1.3744315849642976,2.670294827398287,0,0,0.004,0.9805531489923702,-2.251992600445836,1.107797528548641,0.005225674735134689,-0.048607837194670545,0.06877963390946906,0.004636111168050785,-0.032557078050161344,0.007738878125433547,-0.039741035240802025,-0.01239641172837077,-0.039586057357164375,0.00003832468931417752,0.000030297095455880205,-0.000028890090137142172,0.002138311203148028,0.006326925287813674,0.005765138037364966,0.00009931713768744399,0.000852391772963454,NaN,0,0,0,2,0.001886,0,0,0
641348883,0,1.3707501366791581,2.6612539970920395,0,0,0.004,0.9973831707351313,-2.239497596178481,1.0950155268948158,0.005225674735134689,-0.048607837194670545,0.06877963390946906,0.004636111168050785,-0.032557078050161344,0.007738878125433547,-0.039741035240802025,-0.01239641172837077,-0.039586057357164375,0.00003832468931417752,0.000030297095455880205,-0.000028890090137142172,0.0021419139631002463,0.006356156549652425,0.005808251576461541,0.000099317138087444,0.0008523918129634539,NaN,0,0,0,2,0.001397,0,0,0
641348887,0,1.3769020376864238,2.7017141530332602,0,0,0.004,0.9237723361120065,-2.329701686975709,1.0746879118287804,0.005225674735134689,-0.048607837194670545,0.06877963390946906,0.004636111168050785,-0.032557078050161344,0.007738878125433547,-0.039741035240802025,-0.01239641172837077,-0.039586057357164375,0.00003832468931417752,0.000030297095455880205,-0.000028890090137142172,0.002145519901200877,0.0063864408869924606,0.005851621972590286,0.000099317138487444,0.0008523918529634539,NaN,0,0,0,2,0.001397,0,0,0
641348891,0,1.3977048479931813,2.6352113252353195,0,0,0.004,0.7513777903900902,-2.3205017937526597,1.0694988242156978,0.005225674735134689,-0.048607837194670545,0.06877963390946906,0.004636111168050785,-0.032557078050161344,0.007738878125433547,-0.039741035240802025,-0.01239641172837077,-0.039586057357164375,0.00003832468931417752,0.000030297095455880205,-0.000028890090137142172,0.002149129017449933,0.00641737645235966,0.005895253435412081,0.00009931713888744401,0.0008523918929634538,NaN,0,0,0,2,0.003911,0,0,0
641348895,0,1.4352652064063292,2.5203911291876615,0,0,0.004,0.7103251451469472,-2.194106263167605,1.0867519775117476,0.005225674735134689,-0.048607837194670545,0.06877963390946906,0.004636111168050785,-0.032557078050161344,0.007738878125433547,-0.039741035240802025,-0.01239641172837077,-0.039586057357164375,0.00003832468931417752,0.000030297095455880205,-0.000028890090137142172,0.002152741311847427,0.006448092818494104,0.005939149751884207,0.00009931713928744402,0.0008523919329634538,NaN,0,0,0,2,0.0014670000000000002,0,0,0
641348899,0,1.5019462003752024,2.447050266762824,0,0,0.004,0.8605855459527476,-2.058416011764679,1.0677294909110326,0.005225674735134689,-0.048607837194670545,0.06877963390946906,0.004636111168050785,-0.032557078050161344,0.007738878125433547,-0.039741035240802025,-0.01239641172837077,-0.039586057357164375,0.00003832468931417752,0.000030297095455880205,-0.000028890090137142172,0.0021563567843933718,0.006478244352411053,0.005983310474535781,0.00009931713968744402,0.0008523919729634537,NaN,0,0,0,2,0.001397,0,0,0
641348903,0,1.522652632762427,2.4297877191170603,0,0,0.004,0.8955657149350771,-2.025340990604492,1.0605653201795153,0.005225674735134689,-0.048607837194670545,0.06877963390946906,0.004636111168050785,-0.032557078050161344,0.007738878125433547,-0.039741035240802025,-0.01239641172837077,-0.039586057357164375,0.00003832468931417752,0.000030297095455880205,-0.000028890090137142172,0.00215997543508778,0.006508536318612784,0.006027732089672705,0.00009931714008744403,0.0008523920129634537,NaN,0,0,0,2,0.001397,0,0,0
641348907,0,1.6301591507723276,2.48291047812338,0,0,0.004,1.1028687358584446,-1.9511426869796242,1.1201216516567936,0.005225674735134689,-0.048607837194670545,0.06877963390946906,0.004636111168050785,-0.032557078050161344,0.007738878125433547,-0.039741035240802025,-0.01239641172837077,-0.039586057357164375,0.00003832468931417752,0.000030297095455880205,-0.000028890090137142172,0.002163597263930665,0.006538537112293282,0.006072414732550391,0.00009931714048744404,0.0008523920529634536,NaN,0,0,0,2,0.001397,0,0,0
641348911,0,1.7364139137748107,2.5318578001818355,0,0,0.004,1.188245807954899,-1.933111926012729,1.1720617606470203,0.005225674735134689,-0.048607837194670545,0.06877963390946906,0.004636111168050785,-0.032557078050161344,0.007738878125433547,-0.039741035240802025,-0.01239641172837077,-0.039586057357164375,0.00003832468931417752,0.000030297095455880205,-0.000028890090137142172,0.0021672222709220386,0.006568734935468975,0.006117355194138342,0.00009931714088744404,0.0008523920929634536,NaN,0,0,0,2,0.001466,0,0,0
641348915,0,1.8639379082551595,2.5760378170780545,0,0,0.004,1.1182121739329223,-2.0173129775140763,1.2008175791826972,0.005225674735134689,-0.048607837194670545,0.06877963390946906,0.004636111168050785,-0.032557078050161344,0.007738878125433547,-0.039741035240802025,-0.01239641172837077,-0.039586057357164375,0.00003832468931417752,0.000030297095455880205,-0.000028890090137142172,0.0021708504560619146,0.006599940948660261,0.006162553187484099,0.00009931714128744405,0.0008523921329634535,NaN,0,0,0,2,0.001466,0,0,0
641348919,0,1.9961908581095793,2.6706254819077486,0,0,0.004,1.0515763190360812,-2.1254967269404883,1.2860635880948035,0.005225674735134689,-0.048607837194670545,0.06877963390946906,0.004636111168050785,-0.032557078050161344,0.007738878125433547,-0.039741035240802025,-0.01239641172837077,-0.039586057357164375,0.00003832468931417752,0.000030297095455880205,-0.000028890090137142172,0.0021744818193503057,0.006632330713406968,0.006208012826925796,0.00009931714168744406,0.0008523921729634534,NaN,0,0,0,2,0.001397,0,0,0
641348923,0,2.0375201464121298,2.6954056823930266,0,0,0.004,1.0173786027438123,-2.159019755581226,1.3115266861112236,0.005225674735134689,-0.048607837194670545,0.06877963390946906,0.004636111168050785,-0.032557078050161344,0.007738878125433547,-0.039741035240802025,-0.01239641172837077,-0.039586057357164375,0.00003832468931417752,0.000030297095455880205,-0.000028890090137142172,0.0021781163607872242,0.006665403517154438,0.0062537387172834245,0.00009931714208744406,0.0008523922129634534,NaN,0,0,0,2,0.003352,0,0,0
641348927,0,2.145778937386589,2.778236882421528,0,0,0.004,1.1803390654623087,-2.0810424065218864,1.4647307015662108,0.005225674735134689,-0.048607837194670545,0.06877963390946906,0.004636111168050785,-0.032557078050161344,0.007738878125433547,-0.039741035240802025,-0.01239641172837077,-0.039586057357164375,0.00003832468931417752,0.000030297095455880205,-0.000028890090137142172,0.002181754080372683,0.006698263902901349,0.00629973349121167,0.00009931714248744407,0.0008523922529634533,NaN,0,0,0,2,0.001396,0,0,0
641348931,0,2.259353680487361,2.814259045813198,0,0,0.004,1.5515390142479657,-1.7456938409616392,1.6084859607314304,0.005225674735134689,-0.048607837194670545,0.06877963390946906,0.004636111168050785,-0.032557078050161344,0.007738878125433547,-0.039741035240802025,-0.01239641172837077,-0.039586057357164375,0.00003832468931417752,0.000030297095455880205,-0.000028890090137142172,0.0021853949781066953,0.006728975573153873,0.00634599454733648,0.00009931714288744408,0.0008523922929634533,NaN,0,0,0,2,0.001466,0,0,0
641348935,0,2.361025652788166,3.1248905391651567,0,0,0.004,2.0346200554388547,-1.5278658860375285,1.8404974207309106,0.005225674735134689,-0.048607837194670545,0.06877963390946906,0.004636111168050785,-0.032557078050161344,0.007738878125433547,-0.039741035240802025,-0.01239641172837077,-0.039586057357164375,0.00003832468931417752,0.000030297095455880205,-0.000028890090137142172,0.0021890390539892734,0.006758331122120329,0.006392510738744255,0.00009931714328744408,0.0008523923329634532,NaN,0,0,0,2,0.0014670000000000002,0,0,0
641348939,0,2.4294285268523423,3.657636319698047,0,0,0.004,2.4528277741544366,-1.5999308918624915,2.216604539546827,0.005225674735134689,-0.048607837194670545,0.06877963390946906,0.004636111168050785,-0.032557078050161344,0.007738878125433547,-0.039741035240802025,-0.01239641172837077,-0.039586057357164375,0.00003832468931417752,0.000030297095455880205,-0.000028890090137142172,0.0021926863080204305,0.006788598620526357,0.006439271525788324,0.00009931714368744409,0.0008523923729634532,NaN,0,0,0,2,0.0014670000000000002,0,0,0
641348943,0,2.450004034368487,3.800456477456219,0,0,0.004,2.5451517055310022,-1.6258049235834031,2.332028646489192,0.005225674735134689,-0.048607837194670545,0.06877963390946906,0.004636111168050785,-0.032557078050161344,0.007738878125433547,-0.039741035240802025,-0.01239641172837077,-0.039586057357164375,0.00003832468931417752,0.000030297095455880205,-0.000028890090137142172,0.002196336740200179,0.006819689401411994,0.006486273374932804,0.0000993171440874441,0.0008523924129634531,NaN,0,0,0,2,0.001397,0,0,0
641348947,0,2.4502498339396617,3.874482674281532,0,0,0.004,2.521894795653478,-1.5166146189095517,2.5462147620741735,0.005225674735134689,-0.048607837194670545,0.06877963390946906,0.004636111168050785,-0.032557078050161344,0.007738878125433547,-0.039741035240802025,-0.01239641172837077,-0.039586057357164375,0.00003832468931417752,0.000030297095455880205,-0.000028890090137142172,0.0021999903505285317,0.006850632544725765,0.006533516744214322,0.0000993171444874441,0.0008523924529634531,NaN,0,0,0,2,0.001466,0,0,0
641348951,0,2.4163431437907135,3.691146442416871,0,0,0.004,2.5051603601036865,-0.9651709847855791,2.553704600671727,0.005225674735134689,-0.048607837194670545,0.06877963390946906,0.004636111168050785,-0.032557078050161344,0.007738878125433547,-0.039741035240802025,-0.01239641172837077,-0.039586057357164375,0.00003832468931417752,0.000030297095455880205,-0.000028890090137142172,0.0022036471390055015,0.006878008027630602,0.00658100101343859,0.00009931714488744411,0.000852392492963453,NaN,0,0,0,2,0.003282,0,0,0
641348955,0,2.3616799906598187,3.687260409401653,0,0,0.004,2.7083496567084646,-0.27489335730455455,2.4969844605066207,0.005225674735134689,-0.048607837194670545,0.06877963390946906,0.004636111168050785,-0.032557078050161344,0.007738878125433547,-0.039741035240802025,-0.01239641172837077,-0.039586057357164375,0.00003832468931417752,0.000030297095455880205,-0.000028890090137142172,0.0022073071056311015,0.00690073508242236,0.006628715931285206,0.00009931714528744411,0.000852392532963453,NaN,0,0,0,2,0.0014670000000000002,0,0,0
641348959,0,2.3104709536263233,3.8373544361307514,0,0,0.004,2.9587734575157674,0.36137621571144496,2.415385082334563,0.005225674735134689,-0.048607837194670545,0.06877963390946906,0.004636111168050785,-0.032557078050161344,0.007738878125433547,-0.039741035240802025,-0.01239641172837077,-0.039586057357164375,0.00003832468931417752,0.000030297095455880205,-0.000028890090137142172,0.002210970250405344,0.006919331471947913,0.006676644665056116,0.00009931714568744412,0.0008523925729634529,NaN,0,0,0,2,0.001397,0,0,0
641348963,0,2.3004636303967576,3.8943893600897637,0,0,0.004,3.0218649327211926,0.5343694864617835,2.3930811632843234,0.005225674735134689,-0.048607837194670545,0.06877963390946906,0.004636111168050785,-0.032557078050161344,0.007738878125433547,-0.039741035240802025,-0.01239641172837077,-0.039586057357164375,0.00003832468931417752,0.000030297095455880205,-0.000028890090137142172,0.0022146365733282424,0.006937321475108531,0.0067247705406040725,0.00009931714608744413,0.0008523926129634529,NaN,0,0,0,2,0.001466,0,0,0
641348967,0,2.2745385678006906,3.852070798056089,0,0,0.004,2.9413183695752876,1.297028991998852,2.102664366349874,0.005225674735134689,-0.048607837194670545,0.06877963390946906,0.004636111168050785,-0.032557078050161344,0.007738878125433547,-0.039741035240802025,-0.01239641172837077,-0.039586057357164375,0.00003832468931417752,0.000030297095455880205,-0.000028890090137142172,0.0022183060743998094,0.0069501836920567795,0.006773089508425684,0.00009931714648744413,0.0008523926529634528,NaN,0,0,0,2,0.001396,0,0,0
641348971,0,2.2637948541834776,3.86801446860366,0,0,0.004,2.73356488389656,2.060751599713636,1.7606415485611802,0.005225674735134689,-0.048607837194670545,0.06877963390946906,0.004636111168050785,-0.032557078050161344,0.007738878125433547,-0.039741035240802025,-0.01239641172837077,-0.039586057357164375,0.00003832468931417752,0.000030297095455880205,-0.000028890090137142172,0.0022219787536200573,0.00695789803784896,0.006821586736226692,0.00009931714688744414,0.0008523926929634528,NaN,0,0,0,2,0.001397,0,0,0
641348975,0,2.256098700817821,4.169240297458631,0,0,0.004,2.5705435048993897,3.018467800821245,1.1955028325149346,0.005225674735134689,-0.048607837194670545,0.06877963390946906,0.004636111168050785,-0.032557078050161344,0.007738878125433547,-0.039741035240802025,-0.01239641172837077,-0.039586057357164375,0.00003832468931417752,0.000030297095455880205,-0.000028890090137142172,0.002225654610988999,0.0069593487995979,0.006870248948593856,0.00009931714728744415,0.0008523927329634527,NaN,0,0,0,2,0.001397,0,0,0
641348979,0,2.2473193741755844,4.886539914112508,0,0,0.004,2.6504648835304705,4.038295161376958,0.4302812388023547,0.005225674735134689,-0.048607837194670545,0.06877963390946906,0.004636111168050785,-0.032557078050161344,0.007738878125433547,-0.039741035240802025,-0.01239641172837077,-0.039586057357164375,0.00003832468931417752,0.000030297095455880205,-0.000028890090137142172,0.0022293336465066477,0.006955032312364549,0.006919057506497828,0.00009931714768744415,0.0008523927729634527,NaN,0,0,0,2,0.003352,0,0,0
641348983,0,2.2450055467546366,5.1244399553208675,0,0,0.004,2.6755011483422573,4.319860138564221,0.20879301652805538,0.005225674735134689,-0.048607837194670545,0.06877963390946906,0.004636111168050785,-0.032557078050161344,0.007738878125433547,-0.039741035240802025,-0.01239641172837077,-0.039586057357164375,0.00003832468931417752,0.000030297095455880205,-0.000028890090137142172,0.002233015860173016,0.006950575644720348,0.0069679882662313595,0.00009931714808744416,0.0008523928129634526,NaN,0,0,0,2,0.001397,0,0,0
641348987,0,2.2268904820796966,5.899981937900969,0,0,0.004,2.7604629334795847,5.145792659305987,-0.4546123120127401,0.005225674735134689,-0.048607837194670545,0.06877963390946906,0.004636111168050785,-0.032557078050161344,0.007738878125433547,-0.039741035240802025,-0.01239641172837077,-0.039586057357164375,0.00003832468931417752,0.000030297095455880205,-0.000028890090137142172,0.0022367012519881164,0.006943006655443358,0.00701703405042817,0.00009931714848744417,0.0008523928529634526,NaN,0,0,0,2,0.001397,0,0,0
641348991,0,2.2000566596097246,6.79389312418591,0,0,0.004,2.6693709183314906,6.095641059793846,-1.1243541127363663,0.005225674735134689,-0.048607837194670545,0.06877963390946906,0.004636111168050785,-0.032557078050161344,0.007738878125433547,-0.039741035240802025,-0.01239641172837077,-0.039586057357164375,0.00003832468931417752,0.000030297095455880205,-0.000028890090137142172,0.0022403898219519624,0.006932162932702123,0.007066174501447085,0.00009931714888744417,0.0008523928929634525,NaN,0,0,0,2,0.001397,0,0,0
641348995,0,2.1804665226385014,7.712066102542979,0,0,0.004,2.536761682713343,7.0381150594332045,-1.673228010496853,0.005225674735134689,-0.048607837194670545,0.06877963390946906,0.004636111168050785,-0.032557078050161344,0.007738878125433547,-0.039741035240802025,-0.01239641172837077,-0.039586057357164375,0.00003832468931417752,0.000030297095455880205,-0.000028890090137142172,0.0022440815700645665,0.0069191527357676695,0.007115388815473476,0.00009931714928744418,0.0008523929329634525,NaN,0,0,0,2,0.001886,0,0,0
641348999,0,2.170472614318268,8.690444652772076,0,0,0.004,2.407249512377285,7.991106763341147,-2.250486178526767,0.005225674735134689,-0.048607837194670545,0.06877963390946906,0.004636111168050785,-0.032557078050161344,0.007738878125433547,-0.039741035240802025,-0.01239641172837077,-0.039586057357164375,0.00003832468931417752,0.000030297095455880205,-0.000028890090137142172,0.0022477764963259412,0.006905312942953175,0.007164656609324465,0.00009931714968744419,0.0008523929729634524,NaN,0,0,0,2,0.0014670000000000002,0,0,0
641349003,0,2.172759170038935,8.972772111648888,0,0,0.004,2.4001806421741536,8.25356409526903,-2.406904804239489,0.005225674735134689,-0.048607837194670545,0.06877963390946906,0.004636111168050785,-0.032557078050161344,0.007738878125433547,-0.039741035240802025,-0.01239641172837077,-0.039586057357164375,0.00003832468931417752,0.000030297095455880205,-0.000028890090137142172,0.0022514746007360996,0.006895371869128842,0.00721395716715158,0.0000993171500874442,0.0008523930129634524,NaN,0,0,0,2,0.001397,0,0,0
641349007,0,2.1716174829258215,9.585345169970735,0,0,0.004,2.3796555556642263,8.821377293604325,-2.738688823561615,0.005225674735134689,-0.048607837194670545,0.06877963390946906,0.004636111168050785,-0.032557078050161344,0.007738878125433547,-0.039741035240802025,-0.01239641172837077,-0.039586057357164375,0.00003832468931417752,0.000030297095455880205,-0.000028890090137142172,0.002255175883295054,0.0068886969578098095,0.007263283647342449,0.0000993171504874442,0.0008523930529634523,NaN,0,0,0,2,0.0028640000000000002,0,0,0
641349011,0,2.17881317946573,10.250149300249156,0,0,0.004,2.3078029486349463,9.511023629107115,-2.8855296898314196,0.005225674735134689,-0.048607837194670545,0.06877963390946906,0.004636111168050785,-0.032557078050161344,0.007738878125433547,-0.039741035240802025,-0.01239641172837077,-0.039586057357164375,0.00003832468931417752,0.000030297095455880205,-0.000028890090137142172,0.002258880344002818,0.006885863271297872,0.007312622517416977,0.0000993171508874442,0.0008523930929634523,NaN,0,0,0,2,0.001886,0,0,0
641349015,0,2.181714736415379,11.04220283416581,0,0,0.004,2.2442842546670123,10.349540749826371,-2.9608369029469257,0.005225674735134689,-0.048607837194670545,0.06877963390946906,0.004636111168050785,-0.032557078050161344,0.007738878125433547,-0.039741035240802025,-0.01239641172837077,-0.039586057357164375,0.00003832468931417752,0.000030297095455880205,-0.000028890090137142172,0.002262587982859404,0.006887983554385498,0.007361958274867816,0.00009931715128744421,0.0008523931329634522,NaN,0,0,0,2,0.001397,0,0,0
641349019,0,2.174104929868602,11.792128570167865,0,0,0.004,2.334570534845107,11.0703557023634,-3.1569233797885525,0.005225674735134689,-0.048607837194670545,0.06877963390946906,0.004636111168050785,-0.032557078050161344,0.007738878125433547,-0.039741035240802025,-0.01239641172837077,-0.039586057357164375,0.00003832468931417752,0.000030297095455880205,-0.000028890090137142172,0.002266298799864825,0.00689760137925514,0.0074112719550760466,0.00009931715168744422,0.0008523931729634522,NaN,0,0,0,2,0.001397,0,0,0
641349023,0,2.1746051258048187,12.023809355517379,0,0,0.004,2.388646702280913,11.286814636393212,-3.2198427059297297,0.005225674735134689,-0.048607837194670545,0.06877963390946906,0.004636111168050785,-0.032557078050161344,0.007738878125433547,-0.039741035240802025,-0.01239641172837077,-0.039586057357164375,0.00003832468931417752,0.000030297095455880205,-0.000028890090137142172,0.002270012795019093,0.006916610174885092,0.007460545259875611,0.00009931715208744423,0.0008523932129634521,NaN,0,0,0,2,0.001466,0,0,0
641349027,0,2.1408288979315158,12.32248815316941,0,0,0.004,2.497308579246396,11.54545361160574,-3.3415006176676263,0.005225674735134689,-0.048607837194670545,0.06877963390946906,0.004636111168050785,-0.032557078050161344,0.007738878125433547,-0.039741035240802025,-0.01239641172837077,-0.039586057357164375,0.00003832468931417752,0.000030297095455880205,-0.000028890090137142172,0.002273729968322222,0.006945805797895445,0.007509772625216312,0.00009931715248744423,0.0008523932529634521,NaN,0,0,0,2,0.001397,0,0,0
641349031,0,2.0357969231835193,12.486781432869178,0,0,0.004,2.4881754599029167,11.746146433200467,-3.256023893756389,0.005225674735134689,-0.048607837194670545,0.06877963390946906,0.004636111168050785,-0.032557078050161344,0.007738878125433547,-0.039741035240802025,-0.01239641172837077,-0.039586057357164375,0.00003832468931417752,0.000030297095455880205,-0.000028890090137142172,0.002277450319774224,0.006985377293638815,0.007558947083343825,0.00009931715288744424,0.000852393292963452,NaN,0,0,0,2,0.001396,0,0,0
641349035,0,1.8423009193696471,12.754626777273074,0,0,0.004,2.2092467235948545,12.132134624434052,-3.074594574517924,0.005225674735134689,-0.048607837194670545,0.06877963390946906,0.004636111168050785,-0.032557078050161344,0.007738878125433547,-0.039741035240802025,-0.01239641172837077,-0.039586057357164375,0.00003832468931417752,0.000030297095455880205,-0.000028890090137142172,0.002281173849375112,0.007035127361515953,0.007608065240874359,0.00009931715328744425,0.000852393332963452,NaN,0,0,0,2,0.003352,0,0,0
641349059,0,0.87090162800651,14.317329390123142,0,0,0.024,1.875214835891913,13.852105906631323,-2.886339827645374,0.005225674735134689,-0.048607837194670545,0.06877963390946906,0.004636111168050785,-0.032557078050161344,0.007738878125433547,-0.039741035240802025,-0.01239641172837077,-0.039586057357164375,0.00003832468931417752,0.000030297095455880205,-0.000028890090137142172,0.0023035817681074113,0.007637744606108783,0.007905793601706105,0.00009931715568744424,0.000852393572963452,NaN,0,0,0,2,0.001397,0,0,0
641349063,0,0.6482461642062077,14.815168626649038,0,0,0.004,1.8639626080366647,14.373252219626977,-2.8521707552016284,0.005225674735134689,-0.048607837194670545,0.06877963390946906,0.004636111168050785,-0.032557078050161344,0.007738878125433547,-0.039741035240802025,-0.01239641172837077,-0.039586057357164375,0.00003832468931417752,0.000030297095455880205,-0.000028890090137142172,0.002307327544750668,0.007793617031131544,0.007954321867048055,0.00009931715608744425,0.0008523936129634519,NaN,0,0,0,2,0.0014670000000000002,0,0,0
641349067,0,0.6060458845038863,15.410497674562492,0,0,0.004,1.7194815319369934,14.984650502421152,-2.9415279210094827,0.005225674735134689,-0.048607837194670545,0.06877963390946906,0.004636111168050785,-0.032557078050161344,0.007738878125433547,-0.039741035240802025,-0.01239641172837077,-0.039586057357164375,0.00003832468931417752,0.000030297095455880205,-0.000028890090137142172,0.0023110764995429127,0.007970706394369606,0.008002770498040686,0.00009931715648744426,0.0008523936529634519,NaN,0,0,0,2,0.001466,0,0,0
641349071,0,0.6927661773321562,16.067765296169515,0,0,0.004,1.846509258622029,15.59456139996017,-3.188694251099344,0.005225674735134689,-0.048607837194670545,0.06877963390946906,0.004636111168050785,-0.032557078050161344,0.007738878125433547,-0.039741035240802025,-0.01239641172837077,-0.039586057357164375,0.00003832468931417752,0.000030297095455880205,-0.000028890090137142172,0.002314828632484159,0.008172480998476074,0.00805113492208292,0.00009931715688744426,0.0008523936929634518,NaN,0,0,0,2,0.001396,0,0,0
641349075,0,0.8835296918884128,16.677517966728466,0,0,0.004,2.174339486090079,16.158600872717468,-3.292300692008382,0.005225674735134689,-0.048607837194670545,0.06877963390946906,0.004636111168050785,-0.032557078050161344,0.007738878125433547,-0.039741035240802025,-0.01239641172837077,-0.039586057357164375,0.00003832468931417752,0.000030297095455880205,-0.000028890090137142172,0.002318583943574419,0.008401684069326955,0.008099407890863025,0.00009931715728744427,0.0008523937329634518,NaN,0,0,0,2,0.001397,0,0,0
641349079,0,1.1629845413799378,17.104004535745005,0,0,0.004,2.4065709327641853,16.591791651695463,-3.155747327238439,0.005225674735134689,-0.048607837194670545,0.06877963390946906,0.004636111168050785,-0.032557078050161344,0.007738878125433547,-0.039741035240802025,-0.01239641172837077,-0.039586057357164375,0.00003832468931417752,0.000030297095455880205,-0.000028890090137142172,0.0023223424328137057,0.008658164869114086,0.00814758167923533,0.00009931715768744428,0.0008523937729634517,NaN,0,0,0,2,0.001397,0,0,0
641349083,0,1.2532008039383242,17.251108489106286,0,0,0.004,2.4898599529259355,16.732646794864312,-3.146141895648139,0.005225674735134689,-0.048607837194670545,0.06877963390946906,0.004636111168050785,-0.032557078050161344,0.007738878125433547,-0.039741035240802025,-0.01239641172837077,-0.039586057357164375,0.00003832468931417752,0.000030297095455880205,-0.000028890090137142172,0.002326104100202032,0.008938377417855754,0.008195654244552849,0.00009931715808744428,0.0008523938129634517,NaN,0,0,0,2,0.0014670000000000002,0,0,0
641349087,0,1.5524273864876934,17.424837018847327,0,0,0.004,2.4287266642090186,16.982257580827945,-2.7947231099518888,0.005225674735134689,-0.048607837194670545,0.06877963390946906,0.004636111168050785,-0.032557078050161344,0.007738878125433547,-0.039741035240802025,-0.01239641172837077,-0.039586057357164375,0.00003832468931417752,0.000030297095455880205,-0.000028890090137142172,0.0023298689457394105,0.00924382700365844,0.008243633666390995,0.00009931715848744429,0.0008523938529634516,NaN,0,0,0,2,0.003422,0,0,0
641349091,0,1.7879470200764143,17.573286647215845,0,0,0.004,2.2929808153801767,17.20000350482769,-2.491242382113711,0.005225674735134689,-0.048607837194670545,0.06877963390946906,0.004636111168050785,-0.032557078050161344,0.007738878125433547,-0.039741035240802025,-0.01239641172837077,-0.039586057357164375,0.00003832468931417752,0.000030297095455880205,-0.000028890090137142172,0.0023336369694258543,0.009574440365173277,0.008291528603879645,0.0000993171588874443,0.0008523938929634516,NaN,0,0,0,2,0.001397,0,0,0
641349095,0,2.043673174027189,17.802442747427758,0,0,0.004,2.1991418007886336,17.49382451287219,-2.130329265856311,0.005225674735134689,-0.048607837194670545,0.06877963390946906,0.004636111168050785,-0.032557078050161344,0.007738878125433547,-0.039741035240802025,-0.01239641172837077,-0.039586057357164375,0.00003832468931417752,0.000030297095455880205,-0.000028890090137142172,0.002337408171261376,0.00993276636997207,0.008339350673702742,0.0000993171592874443,0.0008523939329634515,NaN,0,0,0,2,0.0014670000000000002,0,0,0
641349099,0,2.2652511750546456,18.086789287190864,0,0,0.004,2.3265421452894737,17.82676741275977,-1.551501430263384,0.005225674735134689,-0.048607837194670545,0.06877963390946906,0.004636111168050785,-0.032557078050161344,0.007738878125433547,-0.039741035240802025,-0.01239641172837077,-0.039586057357164375,0.00003832468931417752,0.000030297095455880205,-0.000028890090137142172,0.002341182551245989,0.01032224014208451,0.008387110537947056,0.00009931715968744431,0.0008523939729634515,NaN,0,0,0,2,0.001397,0,0,0
641349103,0,2.3329215705233977,18.209303331993556,0,0,0.004,2.3749003201336736,17.95376255542653,-1.4421635665857995,0.005225674735134689,-0.048607837194670545,0.06877963390946906,0.004636111168050785,-0.032557078050161344,0.007738878125433547,-0.039741035240802025,-0.01239641172837077,-0.039586057357164375,0.00003832468931417752,0.000030297095455880205,-0.000028890090137142172,0.0023449601093797055,0.010739335110726077,0.008434816464775405,0.00009931716008744432,0.0008523940129634514,NaN,0,0,0,2,0.0014670000000000002,0,0,0
641349107,0,2.44397316112558,18.41481517871315,0,0,0.004,2.579399605538886,18.170173748014676,-0.8817658089393099,0.005225674735134689,-0.048607837194670545,0.06877963390946906,0.004636111168050785,-0.032557078050161344,0.007738878125433547,-0.039741035240802025,-0.01239641172837077,-0.039586057357164375,0.00003832468931417752,0.000030297095455880205,-0.000028890090137142172,0.002348740845662538,0.011187771650924015,0.008482483994523162,0.00009931716048744432,0.0008523940529634514,NaN,0,0,0,2,0.001466,0,0,0
641349111,0,2.5670782387233926,18.56170379825296,0,0,0.004,2.8216754915165927,18.2995944612676,-0.42145779448059706,0.005225674735134689,-0.048607837194670545,0.06877963390946906,0.004636111168050785,-0.032557078050161344,0.007738878125433547,-0.039741035240802025,-0.01239641172837077,-0.039586057357164375,0.00003832468931417752,0.000030297095455880205,-0.000028890090137142172,0.0023525247600945,0.011666748009944885,0.008530125828901421,0.00009931716088744433,0.0008523940929634513,NaN,0,0,0,2,0.001466,0,0,0
641349115,0,2.702889435159857,18.479230518054084,0,0,0.004,2.892697859940209,18.21017221064506,0.04863153308330226,0.005225674735134689,-0.048607837194670545,0.06877963390946906,0.004636111168050785,-0.032557078050161344,0.007738878125433547,-0.039741035240802025,-0.01239641172837077,-0.039586057357164375,0.00003832468931417752,0.000030297095455880205,-0.000028890090137142172,0.0023563118526756036,0.01217003582305287,0.008577757509423757,0.00009931716128744434,0.0008523941329634513,NaN,0,0,0,2,0.003353,0,0,0
641349119,0,2.818929200024144,18.30433417485797,0,0,0.004,2.8479221424603365,18.02826352609105,0.6798821931661632,0.005225674735134689,-0.048607837194670545,0.06877963390946906,0.004636111168050785,-0.032557078050161344,0.007738878125433547,-0.039741035240802025,-0.01239641172837077,-0.039586057357164375,0.00003832468931417752,0.000030297095455880205,-0.000028890090137142172,0.002360102123405862,0.012693941038241239,0.00862540261584775,0.00009931716168744434,0.0008523941729634512,NaN,0,0,0,2,0.0014670000000000002,0,0,0
641349123,0,2.8572950164736306,18.294405363074933,0,0,0.004,2.8298063271091687,18.016869438683973,0.7887246370630603,0.005225674735134689,-0.048607837194670545,0.06877963390946906,0.004636111168050785,-0.032557078050161344,0.007738878125433547,-0.039741035240802025,-0.01239641172837077,-0.039586057357164375,0.00003832468931417752,0.000030297095455880205,-0.000028890090137142172,0.0023638955722852886,0.01324293525849657,0.008673089108881506,0.00009931716208744435,0.0008523942129634512,NaN,0,0,0,2,0.0014670000000000002,0,0,0
641349127,0,2.956979638733014,18.1712942207589,0,0,0.004,2.9902397771003395,17.830663194233694,1.3805157009531719,0.005225674735134689,-0.048607837194670545,0.06877963390946906,0.004636111168050785,-0.032557078050161344,0.007738878125433547,-0.039741035240802025,-0.01239641172837077,-0.039586057357164375,0.00003832468931417752,0.000030297095455880205,-0.000028890090137142172,0.0023676921993138955,0.013813123540250929,0.008720842738857015,0.00009931716248744436,0.0008523942529634511,NaN,0,0,0,2,0.001466,0,0,0
641349143,0,3.25754599265188,18.176655803037892,0,0,0.016,3.9726390299986525,17.358806992436346,3.4560687905272722,0.005225674735134689,-0.048607837194670545,0.06877963390946906,0.004636111168050785,-0.032557078050161344,0.007738878125433547,-0.039741035240802025,-0.01239641172837077,-0.039586057357164375,0.00003832468931417752,0.000030297095455880205,-0.000028890090137142172,0.0023829104889202934,0.016311481116981295,0.008914887735246341,0.00009931716408744435,0.0008523944129634511,NaN,0,0,0,2,0.0014670000000000002,0,0,0
641349147,0,3.488087981202991,18.24620434991187,0,0,0.004,4.525949196392749,17.040480944418533,4.558255895822734,0.005225674735134689,-0.048607837194670545,0.06877963390946906,0.004636111168050785,-0.032557078050161344,0.007738878125433547,-0.039741035240802025,-0.01239641172837077,-0.039586057357164375,0.00003832468931417752,0.000030297095455880205,-0.000028890090137142172,0.002386723006694917,0.016991818395333078,0.008963314240764712,0.00009931716448744436,0.0008523944529634511,NaN,0,0,0,2,0.001397,0,0,0
641349151,0,3.6470529073988236,18.107239874917454,0,0,0.004,4.885008516160522,16.579999853357297,5.2794656257030255,0.005225674735134689,-0.048607837194670545,0.06877963390946906,0.004636111168050785,-0.032557078050161344,0.007738878125433547,-0.039741035240802025,-0.01239641172837077,-0.039586057357164375,0.00003832468931417752,0.000030297095455880205,-0.000028890090137142172,0.002390538702618798,0.017682355470677133,0.009011973703045868,0.00009931716488744437,0.000852394492963451,NaN,0,0,0,2,0.001397,0,0,0
641349155,0,3.8295861562627,18.189903316941265,0,0,0.004,5.2286268059970835,16.283131143806262,6.098304378117584,0.005225674735134689,-0.048607837194670545,0.06877963390946906,0.004636111168050785,-0.032557078050161344,0.007738878125433547,-0.039741035240802025,-0.01239641172837077,-0.039586057357164375,0.00003832468931417752,0.000030297095455880205,-0.000028890090137142172,0.002394357576691949,0.01838805549856389,0.009060901101226152,0.00009931716528744437,0.000852394532963451,NaN,0,0,0,2,0.0027930000000000003,0,0,0
641349159,0,4.002515330842168,19.019274624136862,0,0,0.004,5.6113525690958985,16.6186208896908,7.270614198699176,0.005225674735134689,-0.048607837194670545,0.06877963390946906,0.004636111168050785,-0.032557078050161344,0.007738878125433547,-0.039741035240802025,-0.01239641172837077,-0.039586057357164375,0.00003832468931417752,0.000030297095455880205,-0.000028890090137142172,0.002398179628914383,0.019134422059588572,0.00911012944747219,0.00009931716568744438,0.0008523945729634509,NaN,0,0,0,2,0.001466,0,0,0
641349163,0,4.054464138158995,19.31739014161755,0,0,0.004,5.704110596495387,16.81503878007949,7.527886238245733,0.005225674735134689,-0.048607837194670545,0.06877963390946906,0.004636111168050785,-0.032557078050161344,0.007738878125433547,-0.039741035240802025,-0.01239641172837077,-0.039586057357164375,0.00003832468931417752,0.000030297095455880205,-0.000028890090137142172,0.0024020048592861124,0.019914271434028578,0.009159683133271587,0.00009931716608744439,0.0008523946129634509,NaN,0,0,0,2,0.0014670000000000002,0,0,0
641349167,0,4.197222018551897,20.15817400265398,0,0,0.004,6.109730843445818,17.274042404224787,8.329395462667973,0.005225674735134689,-0.048607837194670545,0.06877963390946906,0.004636111168050785,-0.032557078050161344,0.007738878125433547,-0.039741035240802025,-0.01239641172837077,-0.039586057357164375,0.00003832468931417752,0.000030297095455880205,-0.000028890090137142172,0.00240583326780715,0.020743534040763414,0.00920959454787834,0.0000993171664874444,0.0008523946529634508,NaN,0,0,0,2,0.0014670000000000002,0,0,0
641349171,0,4.435999237143995,20.386049224732183,0,0,0.004,6.464272092063831,17.26088044019301,8.635928606554897,0.005225674735134689,-0.048607837194670545,0.06877963390946906,0.004636111168050785,-0.032557078050161344,0.007738878125433547,-0.039741035240802025,-0.01239641172837077,-0.039586057357164375,0.00003832468931417752,0.000030297095455880205,-0.000028890090137142172,0.0024096648544775093,0.0216029039365399,0.009259890437124278,0.0000993171668874444,0.0008523946929634508,NaN,0,0,0,2,0.001396,0,0,0
641349179,0,4.953624764982382,21.09799179247374,0,0,0.008,6.5833094978636035,17.28628115368046,10.083250014012995,0.005225674735134689,-0.048607837194670545,0.06877963390946906,0.004636111168050785,-0.032557078050161344,0.007738878125433547,-0.039741035240802025,-0.01239641172837077,-0.039586057357164375,0.00003832468931417752,0.000030297095455880205,-0.000028890090137142172,0.0024173375622662365,0.0234064222598615,0.009362013616673949,0.0000993171676874444,0.0008523947729634508,NaN,0,0,0,2,0.001397,0,0,0
641349183,0,5.113935261410365,21.426681564167346,0,0,0.004,6.580454381651141,17.585197875224654,10.259015612472593,0.005225674735134689,-0.048607837194670545,0.06877963390946906,0.004636111168050785,-0.032557078050161344,0.007738878125433547,-0.039741035240802025,-0.01239641172837077,-0.039586057357164375,0.00003832468931417752,0.000030297095455880205,-0.000028890090137142172,0.002421178683384623,0.024363777547287593,0.009413674181927808,0.0000993171680874444,0.0008523948129634507,NaN,0,0,0,2,0.001466,0,0,0
641349187,0,5.3634331341793855,23.025543561612864,0,0,0.004,6.451730827686974,18.757814993678718,11.63234033427957,0.005225674735134689,-0.048607837194670545,0.06877963390946906,0.004636111168050785,-0.032557078050161344,0.007738878125433547,-0.039741035240802025,-0.01239641172837077,-0.039586057357164375,0.00003832468931417752,0.000030297095455880205,-0.000028890090137142172,0.002425022982652382,0.025406160749043564,0.009465876941947794,0.00009931716848744441,0.0008523948529634507,NaN,0,0,0,2,0.003422,0,0,0
641349191,0,5.682453163159234,24.12867886533271,0,0,0.004,6.694571412217781,19.423276436130966,12.59565455332566,0.005225674735134689,-0.048607837194670545,0.06877963390946906,0.004636111168050785,-0.032557078050161344,0.007738878125433547,-0.039741035240802025,-0.01239641172837077,-0.039586057357164375,0.00003832468931417752,0.000030297095455880205,-0.000028890090137142172,0.0024288704600695264,0.02651781410916431,0.009518658285074175,0.00009931716888744442,0.0008523948929634506,NaN,0,0,0,2,0.001466,0,0,0
641349195,0,6.003496578407111,24.18636727569767,0,0,0.004,6.925456007302231,18.971119143262374,13.253405557663035,0.005225674735134689,-0.048607837194670545,0.06877963390946906,0.004636111168050785,-0.032557078050161344,0.007738878125433547,-0.039741035240802025,-0.01239641172837077,-0.039586057357164375,0.00003832468931417752,0.000030297095455880205,-0.000028890090137142172,0.002432721115636069,0.02764225158914194,0.009572059915392098,0.00009931716928744443,0.0008523949329634506,NaN,0,0,0,2,0.001397,0,0,0
641349199,0,6.284911144564617,24.339230235729136,0,0,0.004,6.769754052402605,18.569005150924777,14.153601322122048,0.005225674735134689,-0.048607837194670545,0.06877963390946906,0.004636111168050785,-0.032557078050161344,0.007738878125433547,-0.039741035240802025,-0.01239641172837077,-0.039586057357164375,0.00003832468931417752,0.000030297095455880205,-0.000028890090137142172,0.0024365749493520223,0.028774430027328036,0.009626135430442648,0.00009931716968744443,0.0008523949729634505,NaN,0,0,0,2,0.001397,0,0,0
641349203,0,6.3715751462941865,24.45040554853965,0,0,0.004,6.680523947511316,18.67584984009448,14.246728293539752,0.005225674735134689,-0.048607837194670545,0.06877963390946906,0.004636111168050785,-0.032557078050161344,0.007738878125433547,-0.039741035240802025,-0.01239641172837077,-0.039586057357164375,0.00003832468931417752,0.000030297095455880205,-0.000028890090137142172,0.002440431961217399,0.029942459784057622,0.009680941977932959,0.00009931717008744444,0.0008523950129634504,NaN,0,0,0,2,0.001466,0,0,0
641349207,0,6.654946965212428,25.439936162061073,0,0,0.004,6.672177677534973,18.859645556876124,15.669516811783767,0.005225674735134689,-0.048607837194670545,0.06877963390946906,0.004636111168050785,-0.032557078050161344,0.007738878125433547,-0.039741035240802025,-0.01239641172837077,-0.039586057357164375,0.00003832468931417752,0.000030297095455880205,-0.000028890090137142172,0.002444292151232212,0.03115233039527258,0.00973653461575945,0.00009931717048744445,0.0008523950529634504,NaN,0,0,0,2,0.0014670000000000002,0,0,0
641349211,0,6.906050529306224,25.83673229158967,0,0,0.004,7.156720106537247,18.26495181163503,16.770859748518383,0.005225674735134689,-0.048607837194670545,0.06877963390946906,0.004636111168050785,-0.032557078050161344,0.007738878125433547,-0.039741035240802025,-0.01239641172837077,-0.039586057357164375,0.00003832468931417752,0.000030297095455880205,-0.000028890090137142172,0.002448155519396474,0.03236730570233915,0.009792967871787222,0.00009931717088744445,0.0008523950929634503,NaN,0,0,0,2,0.001466,0,0,0
641349215,0,7.17986651905937,25.76708064848737,0,0,0.004,8.248395629214604,16.70765073044247,17.75827850777101,0.005225674735134689,-0.048607837194670545,0.06877963390946906,0.004636111168050785,-0.032557078050161344,0.007738878125433547,-0.039741035240802025,-0.01239641172837077,-0.039586057357164375,0.00003832468931417752,0.000030297095455880205,-0.000028890090137142172,0.0024520220657101984,0.03353820235980784,0.009850296815645811,0.00009931717128744446,0.0008523951329634503,NaN,0,0,0,2,0.003352,0,0,0
641349219,0,7.439815231263236,26.453157146426094,0,0,0.004,9.605037556528734,15.199503820839293,19.36799090721459,0.005225674735134689,-0.048607837194670545,0.06877963390946906,0.004636111168050785,-0.032557078050161344,0.007738878125433547,-0.039741035240802025,-0.01239641172837077,-0.039586057357164375,0.00003832468931417752,0.000030297095455880205,-0.000028890090137142172,0.0024558917901733976,0.03466905042438143,0.009908573538213618,0.00009931717168744446,0.0008523951729634502,NaN,0,0,0,2,0.001327,0,0,0
641349223,0,7.525079607475141,26.720051753094957,0,0,0.004,9.912381279025043,15.04750967132999,19.695502702141106,0.005225674735134689,-0.048607837194670545,0.06877963390946906,0.004636111168050785,-0.032557078050161344,0.007738878125433547,-0.039741035240802025,-0.01239641172837077,-0.039586057357164375,0.00003832468931417752,0.000030297095455880205,-0.000028890090137142172,0.0024597646927860843,0.03582259284118494,0.009967844537363796,0.00009931717208744447,0.0008523952129634502,NaN,0,0,0,2,0.001397,0,0,0
641349227,0,7.758878441956056,27.775909772787106,0,0,0.004,11.00362377617691,13.833471482495302,21.39409902617262,0.005225674735134689,-0.048607837194670545,0.06877963390946906,0.004636111168050785,-0.032557078050161344,0.007738878125433547,-0.039741035240802025,-0.01239641172837077,-0.039586057357164375,0.00003832468931417752,0.000030297095455880205,-0.000028890090137142172,0.002463640773548271,0.03694655366098008,0.010028162171563852,0.00009931717248744448,0.0008523952529634501,NaN,0,0,0,2,0.000978,0,0,0
641349231,0,8.094631533350437,27.972618245913296,0,0,0.004,11.957337984359109,11.61352507685108,22.435414214463954,0.005225674735134689,-0.048607837194670545,0.06877963390946906,0.004636111168050785,-0.032557078050161344,0.007738878125433547,-0.039741035240802025,-0.01239641172837077,-0.039586057357164375,0.00003832468931417752,0.000030297095455880205,-0.000028890090137142172,0.002467520032459971,0.037970975256139586,0.010089572009247101,0.00009931717288744448,0.0008523952929634501,NaN,0,0,0,2,0.001466,0,0,0
641349235,0,8.494869851817292,27.567008972524118,0,0,0.004,13.040916740444414,8.210500933749852,22.832800169704647,0.005225674735134689,-0.048607837194670545,0.06877963390946906,0.004636111168050785,-0.032557078050161344,0.007738878125433547,-0.039741035240802025,-0.01239641172837077,-0.039586057357164375,0.00003832468931417752,0.000030297095455880205,-0.000028890090137142172,0.002471402469521197,0.038817025566386054,0.01015211652589261,0.00009931717328744449,0.00085239533296345,NaN,0,0,0,2,0.001397,0,0,0
641349239,0,8.895548264801059,27.626284616750393,0,0,0.004,13.967634324161592,4.6624550499346284,23.353902605505688,0.005225674735134689,-0.048607837194670545,0.06877963390946906,0.004636111168050785,-0.032557078050161344,0.007738878125433547,-0.039741035240802025,-0.01239641172837077,-0.039586057357164375,0.00003832468931417752,0.000030297095455880205,-0.000028890090137142172,0.002475288084731962,0.0394677613938106,0.010215827179220675,0.0000993171736874445,0.00085239537296345,NaN,0,0,0,2,0.001397,0,0,0
641349243,0,9.016285547708772,27.693471909726046,0,0,0.004,14.16663296527428,4.033529164799241,23.431404738346373,0.005225674735134689,-0.048607837194670545,0.06877963390946906,0.004636111168050785,-0.032557078050161344,0.007738878125433547,-0.039741035240802025,-0.01239641172837077,-0.039586057357164375,0.00003832468931417752,0.000030297095455880205,-0.000028890090137142172,0.0024791768780922786,0.04011404095891763,0.010280723951675907,0.0000993171740874445,0.0008523954129634499,NaN,0,0,0,2,0.001397,0,0,0
641349247,0,9.368002377667251,28.720414391258593,0,0,0.004,14.799871743416384,0.5456826251974468,24.591701893740087,0.005225674735134689,-0.048607837194670545,0.06877963390946906,0.004636111168050785,-0.032557078050161344,0.007738878125433547,-0.039741035240802025,-0.01239641172837077,-0.039586057357164375,0.00003832468931417752,0.000030297095455880205,-0.000028890090137142172,0.0024830688496021596,0.040901883936160996,0.010346834041533874,0.00009931717448744451,0.0008523954529634499,NaN,0,0,0,2,0.0032830000000000003,0,0,0
641349251,0,9.589949790399206,30.54001998897112,0,0,0.004,15.679988605141642,-2.947157277982644,26.02862414300754,0.005225674735134689,-0.048607837194670545,0.06877963390946906,0.004636111168050785,-0.032557078050161344,0.007738878125433547,-0.039741035240802025,-0.01239641172837077,-0.039586057357164375,0.00003832468931417752,0.000030297095455880205,-0.000028890090137142172,0.002486963999261618,0.04155160084615185,0.010414162078925827,0.00009931717488744452,0.0008523954929634498,NaN,0,0,0,2,0.001397,0,0,0
641349255,0,9.745231124759005,32.60005561131096,0,0,0.004,16.560630798710473,-6.985180424597978,27.18811092095038,0.005225674735134689,-0.048607837194670545,0.06877963390946906,0.004636111168050785,-0.032557078050161344,0.007738878125433547,-0.039741035240802025,-0.01239641172837077,-0.039586057357164375,0.00003832468931417752,0.000030297095455880205,-0.000028890090137142172,0.002490862327070666,0.04202843323273131,0.01048269827834936,0.00009931717528744452,0.0008523955329634498,NaN,0,0,0,2,0.001466,0,0,0
641349259,0,9.923137188421798,33.41114813615448,0,0,0.004,16.486897935600734,-11.564958725212485,26.65381080979362,0.005225674735134689,-0.048607837194670545,0.06877963390946906,0.004636111168050785,-0.032557078050161344,0.007738878125433547,-0.039741035240802025,-0.01239641172837077,-0.039586057357164375,0.00003832468931417752,0.000030297095455880205,-0.000028890090137142172,0.002494763833029317,0.0422476414516265,0.010552415912820993,0.00009931717568744453,0.0008523955729634497,NaN,0,0,0,2,0.0014670000000000002,0,0,0
641349263,0,9.977031093808948,33.659752045711066,0,0,0.004,16.526601051105104,-12.370952782795992,26.58106112400099,0.005225674735134689,-0.048607837194670545,0.06877963390946906,0.004636111168050785,-0.032557078050161344,0.007738878125433547,-0.039741035240802025,-0.01239641172837077,-0.039586057357164375,0.00003832468931417752,0.000030297095455880205,-0.000028890090137142172,0.002498668517137584,0.042479184113065144,0.010623272777270458,0.00009931717608744454,0.0008523956129634497,NaN,0,0,0,2,0.001397,0,0,0
641349267,0,10.153751369716854,33.99620681254756,0,0,0.004,15.306123800782204,-17.074908956642002,25.098741714129098,0.005225674735134689,-0.048607837194670545,0.06877963390946906,0.004636111168050785,-0.032557078050161344,0.007738878125433547,-0.039741035240802025,-0.01239641172837077,-0.039586057357164375,0.00003832468931417752,0.000030297095455880205,-0.000028890090137142172,0.0025025763793954793,0.04241968705916974,0.010695248450984775,0.00009931717648744454,0.0008523956529634496,NaN,0,0,0,2,0.001397,0,0,0
641349271,0,10.240251331749745,34.57361324647533,0,0,0.004,14.048759247311567,-20.628411739655284,23.930673109075116,0.005225674735134689,-0.048607837194670545,0.06877963390946906,0.004636111168050785,-0.032557078050161344,0.007738878125433547,-0.039741035240802025,-0.01239641172837077,-0.039586057357164375,0.00003832468931417752,0.000030297095455880205,-0.000028890090137142172,0.0025064874198030157,0.04216358962856805,0.010768279304525003,0.00009931717688744455,0.0008523956929634496,NaN,0,0,0,2,0.001397,0,0,0
641349275,0,10.33462103401422,35.18101346934108,0,0,0.004,12.72384714169467,-23.66077106213474,22.724142577728678,0.005225674735134689,-0.048607837194670545,0.06877963390946906,0.004636111168050785,-0.032557078050161344,0.007738878125433547,-0.039741035240802025,-0.01239641172837077,-0.039586057357164375,0.00003832468931417752,0.000030297095455880205,-0.000028890090137142172,0.0025104016383602056,0.04175096594366933,0.010842296045831602,0.00009931717728744456,0.0008523957329634495,NaN,0,0,0,2,0.006285,0,0,0
641349299,0,10.088545559636021,38.76284821368878,0,0,0.024,6.258891841134482,-35.87903492675226,13.308148174434434,0.005225674735134689,-0.048607837194670545,0.06877963390946906,0.004636111168050785,-0.032557078050161344,0.007738878125433547,-0.039741035240802025,-0.01239641172837077,-0.039586057357164375,0.00003832468931417752,0.000030297095455880205,-0.000028890090137142172,0.0025339536908464467,0.03470718744896304,0.011310027939252973,0.00009931717968744455,0.0008523959729634495,NaN,0,0,0,2,0.001397,0,0,0
641349303,0,10.02642113966921,39.58563168268719,0,0,0.004,5.469575543307074,-37.29796994337817,12.130817565554926,0.005225674735134689,-0.048607837194670545,0.06877963390946906,0.004636111168050785,-0.032557078050161344,0.007738878125433547,-0.039741035240802025,-0.01239641172837077,-0.039586057357164375,0.00003832468931417752,0.000030297095455880205,-0.000028890090137142172,0.0025378901564513815,0.034083142580969596,0.011388208272752942,0.00009931718008744456,0.0008523960129634495,NaN,0,0,0,2,0.000978,0,0,0
641349307,0,9.917528599353473,39.298621217524115,0,0,0.004,3.6430870660194907,-38.227969665732,8.428077584834353,0.005225674735134689,-0.048607837194670545,0.06877963390946906,0.004636111168050785,-0.032557078050161344,0.007738878125433547,-0.039741035240802025,-0.01239641172837077,-0.039586057357164375,0.00003832468931417752,0.000030297095455880205,-0.000028890090137142172,0.0025418298002060726,0.034694562470055666,0.01146657857036107,0.00009931718048744457,0.0008523960529634494,NaN,0,0,0,2,0.001886,0,0,0
641349311,0,9.859227259054693,38.70518036607595,0,0,0.004,1.8092387934729885,-38.33908082897723,5.129379472620853,0.005225674735134689,-0.048607837194670545,0.06877963390946906,0.004636111168050785,-0.032557078050161344,0.007738878125433547,-0.039741035240802025,-0.01239641172837077,-0.039586057357164375,0.00003832468931417752,0.000030297095455880205,-0.000028890090137142172,0.0025457726221105328,0.03506174378222333,0.011545053435283616,0.00009931718088744457,0.0008523960929634494,NaN,0,0,0,2,0.0014670000000000002,0,0,0
641349315,0,9.812044259136123,37.95517036500383,0,0,0.004,-0.4259766479072453,-37.915021381858864,2.0849412384919983,0.005225674735134689,-0.048607837194670545,0.06877963390946906,0.004636111168050785,-0.032557078050161344,0.007738878125433547,-0.039741035240802025,-0.01239641172837077,-0.039586057357164375,0.00003832468931417752,0.000030297095455880205,-0.000028890090137142172,0.002549718622164775,0.03517756158620621,0.011623563227950462,0.00009931718128744458,0.0008523961329634493,NaN,0,0,0,2,0.001397,0,0,0
641349319,0,9.741704162740975,37.41855618893503,0,0,0.004,-2.6606902973938817,-37.339624581794084,-0.6392648801108347,0.005225674735134689,-0.048607837194670545,0.06877963390946906,0.004636111168050785,-0.032557078050161344,0.007738878125433547,-0.039741035240802025,-0.01239641172837077,-0.039586057357164375,0.00003832468931417752,0.000030297095455880205,-0.000028890090137142172,0.002553667800368812,0.03505778669084059,0.011702049057695766,0.00009931718168744459,0.0008523961729634493,NaN,0,0,0,2,0.0014670000000000002,0,0,0
641349323,0,9.72658711888434,37.19458861995283,0,0,0.004,-3.0197043990289023,-37.07729059138122,-1.1021353832719605,0.005225674735134689,-0.048607837194670545,0.06877963390946906,0.004636111168050785,-0.032557078050161344,0.007738878125433547,-0.039741035240802025,-0.01239641172837077,-0.039586057357164375,0.00003832468931417752,0.000030297095455880205,-0.000028890090137142172,0.0025576201567226566,0.03489943381160943,0.011780456347599447,0.0000993171820874446,0.0008523962129634492,NaN,0,0,0,2,0.003772,0,0,0
641349327,0,9.649395098404687,37.033742315927746,0,0,0.004,-5.176790492878892,-36.45878569583693,-4.145387157769106,0.005225674735134689,-0.048607837194670545,0.06877963390946906,0.004636111168050785,-0.032557078050161344,0.007738878125433547,-0.039741035240802025,-0.01239641172837077,-0.039586057357164375,0.00003832468931417752,0.000030297095455880205,-0.000028890090137142172,0.0025615756912263214,0.034493662468809985,0.011858734819419809,0.0000993171824874446,0.0008523962529634492,NaN,0,0,0,2,0.001886,0,0,0
641349331,0,9.564464025616392,37.10384259306662,0,0,0.004,-7.413576894888032,-35.700177620168134,-7.005268943654459,0.005225674735134689,-0.048607837194670545,0.06877963390946906,0.004636111168050785,-0.032557078050161344,0.007738878125433547,-0.039741035240802025,-0.01239641172837077,-0.039586057357164375,0.00003832468931417752,0.000030297095455880205,-0.000028890090137142172,0.0025655344038798193,0.03385275934415424,0.011936836331085485,0.00009931718288744461,0.0008523962929634491,NaN,0,0,0,2,0.001397,0,0,0
641349335,0,9.427201402574367,36.9957668443057,0,0,0.004,-9.993600567689917,-34.263504026983966,-9.839161950200749,0.005225674735134689,-0.048607837194670545,0.06877963390946906,0.004636111168050785,-0.032557078050161344,0.007738878125433547,-0.039741035240802025,-0.01239641172837077,-0.039586057357164375,0.00003832468931417752,0.000030297095455880205,-0.000028890090137142172,0.0025694962946831634,0.032974077392515753,0.01201471645008831,0.00009931718328744461,0.0008523963329634491,NaN,0,0,0,2,0.001396,0,0,0
641349359,0,8.439071193326813,37.71289219121776,0,0,0.024,-17.320431135684558,-29.031350906508354,-16.780568794218823,0.005225674735134689,-0.048607837194670545,0.06877963390946906,0.004636111168050785,-0.032557078050161344,0.007738878125433547,-0.039741035240802025,-0.01239641172837077,-0.039586057357164375,0.00003832468931417752,0.000030297095455880205,-0.000028890090137142172,0.0025933343806503603,0.02477326561569223,0.01248915016536458,0.00009931718568744461,0.0008523965729634491,NaN,0,0,0,2,0.0014670000000000002,0,0,0
641349363,0,8.249038136987414,38.03558350569424,0,0,0.004,-18.32082199239112,-27.961969102236946,-18.204765416049824,0.005225674735134689,-0.048607837194670545,0.06877963390946906,0.004636111168050785,-0.032557078050161344,0.007738878125433547,-0.039741035240802025,-0.01239641172837077,-0.039586057357164375,0.00003832468931417752,0.000030297095455880205,-0.000028890090137142172,0.002597318518502793,0.023479380237869288,0.012564912356808193,0.00009931718608744462,0.000852396612963449,NaN,0,0,0,2,0.001397,0,0,0
641349367,0,7.806706449919543,35.642682180385485,0,0,0.004,-17.722917868292473,-24.53262449404265,-18.88052121226719,0.005225674735134689,-0.048607837194670545,0.06877963390946906,0.004636111168050785,-0.032557078050161344,0.007738878125433547,-0.039741035240802025,-0.01239641172837077,-0.039586057357164375,0.00003832468931417752,0.000030297095455880205,-0.000028890090137142172,0.002601305834505174,0.022226645620285698,0.012640217806042313,0.00009931718648744463,0.000852396652963449,NaN,0,0,0,2,0.0014670000000000002,0,0,0
641349371,0,7.432858915996617,34.65522734568086,0,0,0.004,-18.42305517447221,-21.987934655181554,-19.495918483157226,0.005225674735134689,-0.048607837194670545,0.06877963390946906,0.004636111168050785,-0.032557078050161344,0.007738878125433547,-0.039741035240802025,-0.01239641172837077,-0.039586057357164375,0.00003832468931417752,0.000030297095455880205,-0.000028890090137142172,0.002605296328657516,0.020986884469244977,0.012715134093717145,0.00009931718688744463,0.0008523966929634489,NaN,0,0,0,2,0.003701,0,0,0
641349375,0,6.991814606625769,34.518499662995055,0,0,0.004,-19.72311646285068,-19.361556429744553,-20.728362294332776,0.005225674735134689,-0.048607837194670545,0.06877963390946906,0.004636111168050785,-0.032557078050161344,0.007738878125433547,-0.039741035240802025,-0.01239641172837077,-0.039586057357164375,0.00003832468931417752,0.000030297095455880205,-0.000028890090137142172,0.0026092900009598323,0.01972913114687538,0.012789696796122274,0.00009931718728744464,0.0008523967329634489,NaN,0,0,0,2,0.001397,0,0,0
641349379,0,6.516709648242768,33.69290013821902,0,0,0.004,-19.987702234002953,-16.48609197575628,-21.583299422366096,0.005225674735134689,-0.048607837194670545,0.06877963390946906,0.004636111168050785,-0.032557078050161344,0.007738878125433547,-0.039741035240802025,-0.01239641172837077,-0.039586057357164375,0.00003832468931417752,0.000030297095455880205,-0.000028890090137142172,0.002613286851412135,0.018501539882398478,0.012863937889579256,0.00009931718768744464,0.0008523967729634488,NaN,0,0,0,2,0.0014670000000000002,0,0,0
641349383,0,6.376583403482615,33.50701028770142,0,0,0.004,-19.934000787979222,-15.739346134253804,-21.898357481131377,0.005225674735134689,-0.048607837194670545,0.06877963390946906,0.004636111168050785,-0.032557078050161344,0.007738878125433547,-0.039741035240802025,-0.01239641172837077,-0.039586057357164375,0.00003832468931417752,0.000030297095455880205,-0.000028890090137142172,0.0026172868800144375,0.01733526736422789,0.012937908272225284,0.00009931718808744465,0.0008523968129634488,NaN,0,0,0,2,0.001466,0,0,0
641349387,0,5.842291816482966,31.23459710212094,0,0,0.004,-18.703490297062775,-12.839704378888543,-21.508530836612557,0.005225674735134689,-0.048607837194670545,0.06877963390946906,0.004636111168050785,-0.032557078050161344,0.007738878125433547,-0.039741035240802025,-0.01239641172837077,-0.039586057357164375,0.00003832468931417752,0.000030297095455880205,-0.000028890090137142172,0.0026212900867667527,0.016275760790807073,0.013011612592216117,0.00009931718848744466,0.0008523968529634487,NaN,0,0,0,2,0.001396,0,0,0
641349391,0,5.361798772881236,29.635109030458075,0,0,0.004,-17.69864901500785,-10.936087361607779,-21.14054575887574,0.005225674735134689,-0.048607837194670545,0.06877963390946906,0.004636111168050785,-0.032557078050161344,0.007738878125433547,-0.039741035240802025,-0.01239641172837077,-0.039586057357164375,0.00003832468931417752,0.000030297095455880205,-0.000028890090137142172,0.002625296471669093,0.015311040283225144,0.013085124481080308,0.00009931718888744466,0.0008523968929634487,NaN,0,0,0,2,0.001397,0,0,0
641349395,0,4.7871923471272515,28.58732839894257,0,0,0.004,-16.837158322361027,-9.88872408046603,-20.91264789865928,0.005225674735134689,-0.048607837194670545,0.06877963390946906,0.004636111168050785,-0.032557078050161344,0.007738878125433547,-0.039741035240802025,-0.01239641172837077,-0.039586057357164375,0.00003832468931417752,0.000030297095455880205,-0.000028890090137142172,0.0026293060347214714,0.014428613861254234,0.013158492988289843,0.00009931718928744467,0.0008523969329634486,NaN,0,0,0,2,0.001396,0,0,0
641349399,0,4.197891306321576,27.461043556373866,0,0,0.004,-15.810949165223539,-9.330906280041306,-20.452248191095933,0.005225674735134689,-0.048607837194670545,0.06877963390946906,0.004636111168050785,-0.032557078050161344,0.007738878125433547,-0.039741035240802025,-0.01239641172837077,-0.039586057357164375,0.00003832468931417752,0.000030297095455880205,-0.000028890090137142172,0.0026333187759239006,0.013632532698770475,0.013231746789616076,0.00009931718968744468,0.0008523969729634486,NaN,0,0,0,2,0.003353,0,0,0
641349403,0,4.023361255902597,27.14474722414017,0,0,0.004,-15.446221231858216,-9.224834228974844,-20.355661881306155,0.005225674735134689,-0.048607837194670545,0.06877963390946906,0.004636111168050785,-0.032557078050161344,0.007738878125433547,-0.039741035240802025,-0.01239641172837077,-0.039586057357164375,0.00003832468931417752,0.000030297095455880205,-0.000028890090137142172,0.002637334695276393,0.012899026617727537,0.013304907070549633,0.00009931719008744468,0.0008523970129634485,NaN,0,0,0,2,0.001397,0,0,0
641349407,0,3.4749168845627705,25.044133368574858,0,0,0.004,-13.943811570792986,-7.916095978133784,-19.265055597890772,0.005225674735134689,-0.048607837194670545,0.06877963390946906,0.004636111168050785,-0.032557078050161344,0.007738878125433547,-0.039741035240802025,-0.01239641172837077,-0.039586057357164375,0.00003832468931417752,0.000030297095455880205,-0.000028890090137142172,0.002641353792778962,0.01226312165620588,0.013377976981108129,0.00009931719048744469,0.0008523970529634485,NaN,0,0,0,2,0.0014670000000000002,0,0,0
641349411,0,3.0377447495938164,23.285835712634142,0,0,0.004,-12.768337783047066,-6.445328152288089,-18.399763382742037,0.005225674735134689,-0.048607837194670545,0.06877963390946906,0.004636111168050785,-0.032557078050161344,0.007738878125433547,-0.039741035240802025,-0.01239641172837077,-0.039586057357164375,0.00003832468931417752,0.000030297095455880205,-0.000028890090137142172,0.0026453760684316207,0.011705943261846161,0.013451004752206954,0.0000993171908874447,0.0008523970929634484,NaN,0,0,0,2,0.001396,0,0,0
641349415,0,2.505625625026344,21.20680653787855,0,0,0.004,-11.178116648114989,-4.515215896099191,-17.467514633035663,0.005225674735134689,-0.048607837194670545,0.06877963390946906,0.004636111168050785,-0.032557078050161344,0.007738878125433547,-0.039741035240802025,-0.01239641172837077,-0.039586057357164375,0.00003832468931417752,0.000030297095455880205,-0.000028890090137142172,0.002649401522234381,0.011290712974084441,0.013524038598022394,0.0000993171912874447,0.0008523971329634484,NaN,0,0,0,2,0.0014670000000000002,0,0,0
641349419,0,2.157914988942768,19.66906595547177,0,0,0.004,-9.829093446031818,-3.340047849997324,-16.723840581037916,0.005225674735134689,-0.048607837194670545,0.06877963390946906,0.004636111168050785,-0.032557078050161344,0.007738878125433547,-0.039741035240802025,-0.01239641172837077,-0.039586057357164375,0.00003832468931417752,0.000030297095455880205,-0.000028890090137142172,0.0026534301541872563,0.011004936342096757,0.013597143072891837,0.00009931719168744471,0.0008523971729634483,NaN,0,0,0,2,0.0014670000000000002,0,0,0
641349423,0,2.0611294084469427,19.22533584644736,0,0,0.004,-9.412947567952212,-3.012122096636785,-16.506896993509358,0.005225674735134689,-0.048607837194670545,0.06877963390946906,0.004636111168050785,-0.032557078050161344,0.007738878125433547,-0.039741035240802025,-0.01239641172837077,-0.039586057357164375,0.00003832468931417752,0.000030297095455880205,-0.000028890090137142172,0.0026574619642902586,0.010742437490809813,0.013670362342751662,0.00009931719208744472,0.0008523972129634483,NaN,0,0,0,2,0.001466,0,0,0
641349427,0,1.8164125421578998,17.661342881066762,0,0,0.004,-8.139044981459543,-1.966844790245863,-15.563790736177468,0.005225674735134689,-0.048607837194670545,0.06877963390946906,0.004636111168050785,-0.032557078050161344,0.007738878125433547,-0.039741035240802025,-0.01239641172837077,-0.039586057357164375,0.00003832468931417752,0.000030297095455880205,-0.000028890090137142172,0.0026614969525434015,0.010503538781297773,0.013743708565412639,0.00009931719248744472,0.0008523972529634482,NaN,0,0,0,2,0.001396,0,0,0
641349431,0,1.6961085840911696,16.651355061909566,0,0,0.004,-7.383390005268478,-1.17617476623979,-14.890412364449249,0.005225674735134689,-0.048607837194670545,0.06877963390946906,0.004636111168050785,-0.032557078050161344,0.007738878125433547,-0.039741035240802025,-0.01239641172837077,-0.039586057357164375,0.00003832468931417752,0.000030297095455880205,-0.000028890090137142172,0.0026655351189466977,0.010283671268162356,0.013817222155358196,0.00009931719288744473,0.0008523972929634482,NaN,0,0,0,2,0.0032830000000000003,0,0,0
641349435,0,1.6267725221527765,15.843869699082175,0,0,0.004,-6.846942000609601,-0.2959124938735508,-14.295858051947159,0.005225674735134689,-0.048607837194670545,0.06877963390946906,0.004636111168050785,-0.032557078050161344,0.007738878125433547,-0.039741035240802025,-0.01239641172837077,-0.039586057357164375,0.00003832468931417752,0.000030297095455880205,-0.000028890090137142172,0.0026695764635001596,0.010260583886170604,0.013890930195156569,0.00009931719328744474,0.0008523973329634481,NaN,0,0,0,2,0.0014670000000000002,0,0,0
641349439,0,1.5885004251254715,15.08732400808866,0,0,0.004,-6.401877792120334,0.43684514136169283,-13.66507167850084,0.005225674735134689,-0.048607837194670545,0.06877963390946906,0.004636111168050785,-0.032557078050161344,0.007738878125433547,-0.039741035240802025,-0.01239641172837077,-0.039586057357164375,0.00003832468931417752,0.000030297095455880205,-0.000028890090137142172,0.0026736209862038003,0.010232813038446467,0.013964858079819786,0.00009931719368744474,0.0008523973729634481,NaN,0,0,0,2,0.0014670000000000002,0,0,0
641349443,0,1.5826978819026278,14.864543983186858,0,0,0.004,-6.271249135615418,0.6413014242480534,-13.471704742900014,0.005225674735134689,-0.048607837194670545,0.06877963390946906,0.004636111168050785,-0.032557078050161344,0.007738878125433547,-0.039741035240802025,-0.01239641172837077,-0.039586057357164375,0.00003832468931417752,0.000030297095455880205,-0.000028890090137142172,0.002677668687057633,0.010205835556013862,0.014039026245315772,0.00009931719408744475,0.000852397412963448,NaN,0,0,0,2,0.001466,0,0,0
641349447,0,1.5442654800325057,14.027363248741532,0,0,0.004,-5.924436855499954,0.8718044144199216,-12.69520540698845,0.005225674735134689,-0.048607837194670545,0.06877963390946906,0.004636111168050785,-0.032557078050161344,0.007738878125433547,-0.039741035240802025,-0.01239641172837077,-0.039586057357164375,0.00003832468931417752,0.000030297095455880205,-0.000028890090137142172,0.00268171956606167,0.01017983748756654,0.014113439399155313,0.00009931719448744476,0.000852397452963448,NaN,0,0,0,2,0.0014670000000000002,0,0,0
641349451,0,1.4779912177098153,13.446018921322537,0,0,0.004,-5.748949061036503,0.755025826445637,-12.142364675013361,0.005225674735134689,-0.048607837194670545,0.06877963390946906,0.004636111168050785,-0.032557078050161344,0.007738878125433547,-0.039741035240802025,-0.01239641172837077,-0.039586057357164375,0.00003832468931417752,0.000030297095455880205,-0.000028890090137142172,0.0026857736232159244,0.010159284085622678,0.01418810576089263,0.00009931719488744476,0.0008523974929634479,NaN,0,0,0,2,0.001397,0,0,0
641349455,0,1.3393354990326476,13.04400533319668,0,0,0.004,-5.724078381368408,0.4469012612878466,-11.724202418581298,0.005225674735134689,-0.048607837194670545,0.06877963390946906,0.004636111168050785,-0.032557078050161344,0.007738878125433547,-0.039741035240802025,-0.01239641172837077,-0.039586057357164375,0.00003832468931417752,0.000030297095455880205,-0.000028890090137142172,0.0026898308585204087,0.010146510542882094,0.014263023991327548,0.00009931719528744477,0.0008523975329634479,NaN,0,0,0,2,0.001327,0,0,0
641349459,0,1.1777826731062802,12.729996262062624,0,0,0.004,-5.7992130954099235,0.28961350920694995,-11.34170140940575,0.005225674735134689,-0.048607837194670545,0.06877963390946906,0.004636111168050785,-0.032557078050161344,0.007738878125433547,-0.039741035240802025,-0.01239641172837077,-0.039586057357164375,0.00003832468931417752,0.000030297095455880205,-0.000028890090137142172,0.002693891271975136,0.010138834842215736,0.014338187010899554,0.00009931719568744478,0.0008523975729634478,NaN,0,0,0,2,0.002794,0,0,0
641349463,0,1.1383865072551729,12.639327808613254,0,0,0.004,-5.8220208965154185,0.23567622547859635,-11.229580513848651,0.005225674735134689,-0.048607837194670545,0.06877963390946906,0.004636111168050785,-0.032557078050161344,0.007738878125433547,-0.039741035240802025,-0.01239641172837077,-0.039586057357164375,0.00003832468931417752,0.000030297095455880205,-0.000028890090137142172,0.0026979548635801187,0.010134866617310547,0.01441358969664798,0.00009931719608744478,0.0008523976129634478,NaN,0,0,0,2,0.001397,0,0,0
641349475,0,1.0088070376098281,11.879455924450614,0,0,0.012,-5.826564731959615,0.5086090015503534,-10.35513746883612,0.005225674735134689,-0.048607837194670545,0.06877963390946906,0.004636111168050785,-0.032557078050161344,0.007738878125433547,-0.039741035240802025,-0.01239641172837077,-0.039586057357164375,0.00003832468931417752,0.000030297095455880205,-0.000028890090137142172,0.002710164707296696,0.010127651085677427,0.01464148394350118,0.00009931719728744479,0.0008523977329634477,NaN,0,0,0,2,0.001466,0,0,0
641349479,0,1.0693855309905353,11.407070862860538,0,0,0.004,-5.68783524730935,0.48425667493976443,-9.891576010631676,0.005225674735134689,-0.048607837194670545,0.06877963390946906,0.004636111168050785,-0.032557078050161344,0.007738878125433547,-0.039741035240802025,-0.01239641172837077,-0.039586057357164375,0.00003832468931417752,0.000030297095455880205,-0.000028890090137142172,0.002714241011502791,0.010131557264451791,0.014717851335087016,0.0000993171976874448,0.0008523977729634477,NaN,0,0,0,2,0.001397,0,0,0
641349483,0,1.1083718365008701,11.274543362199553,0,0,0.004,-5.645180224729826,0.4771557106884864,-9.763552936855602,0.005225674735134689,-0.048607837194670545,0.06877963390946906,0.004636111168050785,-0.032557078050161344,0.007738878125433547,-0.039741035240802025,-0.01239641172837077,-0.039586057357164375,0.00003832468931417752,0.000030297095455880205,-0.000028890090137142172,0.002718320493859205,0.010138383404252245,0.01479446251822454,0.0000993171980874448,0.0008523978129634476,NaN,0,0,0,2,0.001397,0,0,0
641349503,0,0.7012511628027779,9.821251394544415,0,0,0.02,-4.445340028042227,0.3753703946882342,-8.760450575752216,0.005225674735134689,-0.048607837194670545,0.06877963390946906,0.004636111168050785,-0.032557078050161344,0.007738878125433547,-0.039741035240802025,-0.01239641172837077,-0.039586057357164375,0.00003832468931417752,0.000030297095455880205,-0.000028890090137142172,0.0027387655778963265,0.010206848201282679,0.015181984522942133,0.0000993172000874448,0.0008523980129634476,NaN,0,0,0,2,0.001396,0,0,0
641349507,0,0.3879215711770026,8.774130003082611,0,0,0.004,-3.661261372515562,0.44414897965194566,-7.969505254676723,0.005225674735134689,-0.048607837194670545,0.06877963390946906,0.004636111168050785,-0.032557078050161344,0.007738878125433547,-0.039741035240802025,-0.01239641172837077,-0.039586057357164375,0.00003832468931417752,0.000030297095455880205,-0.000028890090137142172,0.002742864129154799,0.010222554416401273,0.015260150612819351,0.00009931720048744481,0.0008523980529634475,NaN,0,0,0,2,0.001396,0,0,0
641349511,0,0.2977926743610259,8.145882357190962,0,0,0.004,-3.172302071949635,0.6195663850955854,-7.483289303890796,0.005225674735134689,-0.048607837194670545,0.06877963390946906,0.004636111168050785,-0.032557078050161344,0.007738878125433547,-0.039741035240802025,-0.01239641172837077,-0.039586057357164375,0.00003832468931417752,0.000030297095455880205,-0.000028890090137142172,0.0027469658585636807,0.010235256082712906,0.01533859431637842,0.00009931720088744482,0.0008523980929634475,NaN,0,0,0,2,0.0028640000000000002,0,0,0
641349515,0,0.3977954177474333,7.651986421832547,0,0,0.004,-2.6543254994215326,0.9414230802342555,-7.118108512804486,0.005225674735134689,-0.048607837194670545,0.06877963390946906,0.004636111168050785,-0.032557078050161344,0.007738878125433547,-0.039741035240802025,-0.01239641172837077,-0.039586057357164375,0.00003832468931417752,0.000030297095455880205,-0.000028890090137142172,0.0027510707661229845,0.01024220287086971,0.015417326656615113,0.00009931720128744483,0.0008523981329634474,NaN,0,0,0,2,0.001466,0,0,0
641349519,0,0.6050731257645475,7.169684884073375,0,0,0.004,-2.1497828393545326,1.2332273203070634,-6.728024042579429,0.005225674735134689,-0.048607837194670545,0.06877963390946906,0.004636111168050785,-0.032557078050161344,0.007738878125433547,-0.039741035240802025,-0.01239641172837077,-0.039586057357164375,0.00003832468931417752,0.000030297095455880205,-0.000028890090137142172,0.002755178851832723,0.01024360336543967,0.015496361213805453,0.00009931720168744483,0.0008523981729634474,NaN,0,0,0,2,0.001396,0,0,0
641349523,0,0.6784543281422194,7.027378320632014,0,0,0.004,-1.9952800527151464,1.321015367385575,-6.6067028577543905,0.005225674735134689,-0.048607837194670545,0.06877963390946906,0.004636111168050785,-0.032557078050161344,0.007738878125433547,-0.039741035240802025,-0.01239641172837077,-0.039586057357164375,0.00003832468931417752,0.000030297095455880205,-0.000028890090137142172,0.002759290115692909,0.0102436598841442,0.015575710438268846,0.00009931720208744484,0.0008523982129634473,NaN,0,0,0,2,0.001397,0,0,0
641349527,0,0.8825756456861665,6.512680028243371,0,0,0.004,-1.6138878543373025,1.2908537522005883,-6.173387605550376,0.005225674735134689,-0.048607837194670545,0.06877963390946906,0.004636111168050785,-0.032557078050161344,0.007738878125433547,-0.039741035240802025,-0.01239641172837077,-0.039586057357164375,0.00003832468931417752,0.000030297095455880205,-0.000028890090137142172,0.0027634045577035558,0.010243210371585335,0.015655377998534146,0.00009931720248744485,0.0008523982529634473,NaN,0,0,0,2,0.0014670000000000002,0,0,0
641349539,0,1.092936369282483,5.48488466930821,0,0,0.012,-1.1447757589127636,0.9096398927640889,-5.28232520542795,0.005225674735134689,-0.048607837194670545,0.06877963390946906,0.004636111168050785,-0.032557078050161344,0.007738878125433547,-0.039741035240802025,-0.01239641172837077,-0.039586057357164375,0.00003832468931417752,0.000030297095455880205,-0.000028890090137142172,0.002775766952638354,0.010255039765766936,0.01589633390984349,0.00009931720368744485,0.0008523983729634472,NaN,0,0,0,2,0.001397,0,0,0
641349543,0,1.1576176378090366,5.160676552874006,0,0,0.004,-0.9852755416901526,0.7911707732410654,-4.998460757134927,0.005225674735134689,-0.048607837194670545,0.06877963390946906,0.004636111168050785,-0.032557078050161344,0.007738878125433547,-0.039741035240802025,-0.01239641172837077,-0.039586057357164375,0.00003832468931417752,0.000030297095455880205,-0.000028890090137142172,0.0027798941072509314,0.010260490185401833,0.015977294800280085,0.00009931720408744486,0.0008523984129634472,NaN,0,0,0,2,0.001397,0,0,0
641349547,0,1.1233335003748481,4.714042627378431,0,0,0.004,-0.8747598078261498,0.6590428051871865,-4.5799199781648525,0.005225674735134689,-0.048607837194670545,0.06877963390946906,0.004636111168050785,-0.032557078050161344,0.007738878125433547,-0.039741035240802025,-0.01239641172837077,-0.039586057357164375,0.00003832468931417752,0.000030297095455880205,-0.000028890090137142172,0.0027840244400140334,0.010267554398340083,0.01605857998749212,0.00009931720448744487,0.0008523984529634471,NaN,0,0,0,2,0.003282,0,0,0
641349551,0,1.0592627955699538,4.437988048069124,0,0,0.004,-0.8819009354851326,0.6067405088483723,-4.302871221581636,0.005225674735134689,-0.048607837194670545,0.06877963390946906,0.004636111168050785,-0.032557078050161344,0.007738878125433547,-0.039741035240802025,-0.01239641172837077,-0.039586057357164375,0.00003832468931417752,0.000030297095455880205,-0.000028890090137142172,0.002788157950927673,0.010275520877837166,0.016140189063213666,0.00009931720488744487,0.0008523984929634471,NaN,0,0,0,2,0.001397,0,0,0
641349555,0,0.9501729961767603,4.152217183111429,0,0,0.004,-0.8603544779387862,0.5725304645183417,-4.018178865793093,0.005225674735134689,-0.048607837194670545,0.06877963390946906,0.004636111168050785,-0.032557078050161344,0.007738878125433547,-0.039741035240802025,-0.01239641172837077,-0.039586057357164375,0.00003832468931417752,0.000030297095455880205,-0.000028890090137142172,0.0027922946399918623,0.010284000623459142,0.016222121128700372,0.00009931720528744488,0.000852398532963447,NaN,0,0,0,2,0.0014670000000000002,0,0,0
641349559,0,0.8361506754024453,3.8629252808960493,0,0,0.004,-0.7114675354322759,0.5470614612104799,-3.7526342948951426,0.005225674735134689,-0.048607837194670545,0.06877963390946906,0.004636111168050785,-0.032557078050161344,0.007738878125433547,-0.039741035240802025,-0.01239641172837077,-0.039586057357164375,0.00003832468931417752,0.000030297095455880205,-0.000028890090137142172,0.0027964345072066144,0.010292292768944526,0.016304376079615934,0.00009931720568744488,0.000852398572963447,NaN,0,0,0,2,0.0014670000000000002,0,0,0
641349563,0,0.8056753534023163,3.772539038232326,0,0,0.004,-0.6608327334230395,0.5355358915592147,-3.6702692264446064,0.005225674735134689,-0.048607837194670545,0.06877963390946906,0.004636111168050785,-0.032557078050161344,0.007738878125433547,-0.039741035240802025,-0.01239641172837077,-0.039586057357164375,0.00003832468931417752,0.000030297095455880205,-0.000028890090137142172,0.002800577552571942,0.010300619308265976,0.01638695589882221,0.00009931720608744489,0.0008523986129634469,NaN,0,0,0,2,0.001397,0,0,0
641349567,0,0.7197795401517201,3.5189300765543554,0,0,0.004,-0.5397575893428364,0.344110755480287,-3.454007109793629,0.005225674735134689,-0.048607837194670545,0.06877963390946906,0.004636111168050785,-0.032557078050161344,0.007738878125433547,-0.039741035240802025,-0.01239641172837077,-0.039586057357164375,0.00003832468931417752,0.000030297095455880205,-0.000028890090137142172,0.0028047237760878583,0.010311280765072572,0.016469861416649387,0.0000993172064874449,0.0008523986529634469,NaN,0,0,0,2,0.001466,0,0,0
641349571,0,0.6740351855891249,3.2278396474691213,0,0,0.004,-0.5124493640286214,0.13564143239491322,-3.1783075420912494,0.005225674735134689,-0.048607837194670545,0.06877963390946906,0.004636111168050785,-0.032557078050161344,0.007738878125433547,-0.039741035240802025,-0.01239641172837077,-0.039586057357164375,0.00003832468931417752,0.000030297095455880205,-0.000028890090137142172,0.002808873177754376,0.010324937203096728,0.01655309206552439,0.0000993172068874449,0.0008523986929634468,NaN,0,0,0,2,0.001397,0,0,0
641349575,0,0.6611294324391795,2.8005701377663113,0,0,0.004,-0.47516185504466324,-0.03441701417644005,-2.7548068333578586,0.005225674735134689,-0.048607837194670545,0.06877963390946906,0.004636111168050785,-0.032557078050161344,0.007738878125433547,-0.039741035240802025,-0.01239641172837077,-0.039586057357164375,0.00003832468931417752,0.000030297095455880205,-0.000028890090137142172,0.002813025757571507,0.010340981677153737,0.016636645864861157,0.00009931720728744491,0.0008523987329634468,NaN,0,0,0,2,0.001397,0,0,0
641349579,0,0.6825863853121273,2.5023481741069613,0,0,0.004,-0.3292414487841586,-0.1931509191024151,-2.466105849671232,0.005225674735134689,-0.048607837194670545,0.06877963390946906,0.004636111168050785,-0.032557078050161344,0.007738878125433547,-0.039741035240802025,-0.01239641172837077,-0.039586057357164375,0.00003832468931417752,0.000030297095455880205,-0.000028890090137142172,0.002817181515539265,0.010358742412121494,0.016720521720923198,0.00009931720768744492,0.0008523987729634467,NaN,0,0,0,2,0.002794,0,0,0
641349583,0,0.6957092173566046,2.416225292090341,0,0,0.004,-0.28517975946277363,-0.24737390868043108,-2.378903489263152,0.005225674735134689,-0.048607837194670545,0.06877963390946906,0.004636111168050785,-0.032557078050161344,0.007738878125433547,-0.039741035240802025,-0.01239641172837077,-0.039586057357164375,0.00003832468931417752,0.000030297095455880205,-0.000028890090137142172,0.002821340451657663,0.010377135387460441,0.016804720454137567,0.00009931720808744492,0.0008523988129634466,NaN,0,0,0,2,0.001396,0,0,0
641349587,0,0.735572688659191,2.144964178033387,0,0,0.004,-0.04834968748890556,-0.3736381932643186,-2.0987458831149075,0.005225674735134689,-0.048607837194670545,0.06877963390946906,0.004636111168050785,-0.032557078050161344,0.007738878125433547,-0.039741035240802025,-0.01239641172837077,-0.039586057357164375,0.00003832468931417752,0.000030297095455880205,-0.000028890090137142172,0.002825502565926713,0.010396338672831105,0.016889242716301777,0.00009931720848744493,0.0008523988529634466,NaN,0,0,0,2,0.0014670000000000002,0,0,0
641349591,0,0.7663617670941232,1.7980025617995925,0,0,0.004,0.10739909926332669,-0.3410689278337641,-1.7444279753916732,0.005225674735134689,-0.048607837194670545,0.06877963390946906,0.004636111168050785,-0.032557078050161344,0.007738878125433547,-0.039741035240802025,-0.01239641172837077,-0.039586057357164375,0.00003832468931417752,0.000030297095455880205,-0.000028890090137142172,0.0028296678583464283,0.010414395628871368,0.016974091234559723,0.00009931720888744494,0.0008523988929634465,NaN,0,0,0,2,0.0014670000000000002,0,0,0
641349595,0,0.7713469080798724,1.3576868950812773,0,0,0.004,0.14626052526423128,-0.10490198306096155,-1.3246971449699618,0.005225674735134689,-0.048607837194670545,0.06877963390946906,0.004636111168050785,-0.032557078050161344,0.007738878125433547,-0.039741035240802025,-0.01239641172837077,-0.039586057357164375,0.00003832468931417752,0.000030297095455880205,-0.000028890090137142172,0.0028338363289168215,0.010428805304451616,0.01705926953238474,0.00009931720928744494,0.0008523989329634465,NaN,0,0,0,2,0.0014670000000000002,0,0,0
641349599,0,0.7580002439464399,1.223911460330712,0,0,0.004,0.14678880525456006,0.17558443964365578,-1.1796159834038367,0.005225674735134689,-0.048607837194670545,0.06877963390946906,0.004636111168050785,-0.032557078050161344,0.007738878125433547,-0.039741035240802025,-0.01239641172837077,-0.039586057357164375,0.00003832468931417752,0.000030297095455880205,-0.000028890090137142172,0.0028380079776379056,0.010439138418237567,0.0171447816416393,0.00009931720968744495,0.0008523989729634464,NaN,0,0,0,2,0.001397,0,0,0
641349603,0,0.7559783870793249,1.1920582613580644,0,0,0.004,0.14731151879518234,0.24144314313620574,-1.1347528654063535,0.005225674735134689,-0.048607837194670545,0.06877963390946906,0.004636111168050785,-0.032557078050161344,0.007738878125433547,-0.039741035240802025,-0.01239641172837077,-0.039586057357164375,0.00003832468931417752,0.000030297095455880205,-0.000028890090137142172,0.002842182804509693,0.010448522942186973,0.017230631563688356,0.00009931721008744496,0.0008523990129634464,NaN,0,0,0,2,0.0014670000000000002,0,0,0
641349607,0,0.7464110831061878,1.2188335958172027,0,0,0.004,0.1636549399445244,0.38823378403166753,-1.119155073997094,0.005225674735134689,-0.048607837194670545,0.06877963390946906,0.004636111168050785,-0.032557078050161344,0.007738878125433547,-0.039741035240802025,-0.01239641172837077,-0.039586057357164375,0.00003832468931417752,0.000030297095455880205,-0.000028890090137142172,0.002846360809532197,0.010455700275872018,0.0173168203885445,0.00009931721048744496,0.0008523990529634463,NaN,0,0,0,2,0.003422,0,0,0
641349611,0,0.7883921715374776,1.1596784837655822,0,0,0.004,0.180360290751991,0.3634338687797042,-1.0606437542571072,0.005225674735134689,-0.048607837194670545,0.06877963390946906,0.004636111168050785,-0.032557078050161344,0.007738878125433547,-0.039741035240802025,-0.01239641172837077,-0.039586057357164375,0.00003832468931417752,0.000030297095455880205,-0.000028890090137142172,0.00285054199270543,0.010463203600691641,0.017403350269757124,0.00009931721088744497,0.0008523990929634463,NaN,0,0,0,2,0.001397,0,0,0
641349615,0,0.9129515477365999,0.9964434215194744,0,0,0.004,0.045904881112641904,0.25321717381425823,-0.9438146476650608,0.005225674735134689,-0.048607837194670545,0.06877963390946906,0.004636111168050785,-0.032557078050161344,0.007738878125433547,-0.039741035240802025,-0.01239641172837077,-0.039586057357164375,0.00003832468931417752,0.000030297095455880205,-0.000028890090137142172,0.002854726354029405,0.010472985815549833,0.017490221305441825,0.00009931721128744498,0.0008523991329634462,NaN,0,0,0,2,0.001397,0,0,0
641349619,0,1.0770418065864333,0.8779146126833,0,0,0.004,-0.21084943826427138,0.06808688513386751,-0.8477784585963501,0.005225674735134689,-0.048607837194670545,0.06877963390946906,0.004636111168050785,-0.032557078050161344,0.007738878125433547,-0.039741035240802025,-0.01239641172837077,-0.039586057357164375,0.00003832468931417752,0.000030297095455880205,-0.000028890090137142172,0.002858913893504135,0.010486711070323443,0.017577430513036854,0.00009931721168744498,0.0008523991729634462,NaN,0,0,0,2,0.001397,0,0,0
641349623,0,1.1323838639417956,0.8584127623268202,0,0,0.004,-0.27439063573979783,0.005059004385480459,-0.816687118036322,0.005225674735134689,-0.048607837194670545,0.06877963390946906,0.004636111168050785,-0.032557078050161344,0.007738878125433547,-0.039741035240802025,-0.01239641172837077,-0.039586057357164375,0.00003832468931417752,0.000030297095455880205,-0.000028890090137142172,0.002863104611129633,0.010501700255126766,0.01766497250399135,0.00009931721208744499,0.0008523992129634461,NaN,0,0,0,2,0.001815,0,0,0
641349627,0,1.2622536993179767,0.7299194967081724,0,0,0.004,-0.4857400120162907,-0.07057659272235395,-0.5729925224519583,0.005225674735134689,-0.048607837194670545,0.06877963390946906,0.004636111168050785,-0.032557078050161344,0.007738878125433547,-0.039741035240802025,-0.01239641172837077,-0.039586057357164375,0.00003832468931417752,0.000030297095455880205,-0.000028890090137142172,0.0028672985069059112,0.010518816095345954,0.01775284625996826,0.000099317212487445,0.0008523992529634461,NaN,0,0,0,2,0.001885,0,0,0
641349631,0,1.3441779342889217,0.7242579883530202,0,0,0.004,-0.6762139365506641,-0.09673400958275746,-0.349320247306224,0.005225674735134689,-0.048607837194670545,0.06877963390946906,0.004636111168050785,-0.032557078050161344,0.007738878125433547,-0.039741035240802025,-0.01239641172837077,-0.039586057357164375,0.00003832468931417752,0.000030297095455880205,-0.000028890090137142172,0.002871495580832983,0.01053725204479772,0.01784104839980899,0.000099317212887445,0.000852399292963446,NaN,0,0,0,2,0.0014670000000000002,0,0,0
641349635,0,1.3693532165400195,0.9336777388547202,0,0,0.004,-0.9565747147257884,-0.20158921535531082,-0.13381535010915435,0.005225674735134689,-0.048607837194670545,0.06877963390946906,0.004636111168050785,-0.032557078050161344,0.007738878125433547,-0.039741035240802025,-0.01239641172837077,-0.039586057357164375,0.00003832468931417752,0.000030297095455880205,-0.000028890090137142172,0.0028756958329108602,0.010558658156874718,0.01792957640783079,0.00009931721328744501,0.000852399332963446,NaN,0,0,0,2,0.003282,0,0,0
641349659,0,0.7481611929246438,0.9679846869214552,0,0,0.024,-0.7964228117529284,-0.4925865256627203,0.3981133810177493,0.005225674735134689,-0.048607837194670545,0.06877963390946906,0.004636111168050785,-0.032557078050161344,0.007738878125433547,-0.039741035240802025,-0.01239641172837077,-0.039586057357164375,0.00003832468931417752,0.000030297095455880205,-0.000028890090137142172,0.0029009640865454156,0.010710195648669112,0.018467741440296052,0.00009931721568744501,0.000852399572963446,NaN,0,0,0,2,0.001396,0,0,0
641349663,0,0.6456772918703071,1.0494260177809087,0,0,0.004,-0.6991209381510657,-0.6159992930475685,0.5703295474627001,0.005225674735134689,-0.048607837194670545,0.06877963390946906,0.004636111168050785,-0.032557078050161344,0.007738878125433547,-0.039741035240802025,-0.01239641172837077,-0.039586057357164375,0.00003832468931417752,0.000030297095455880205,-0.000028890090137142172,0.0029051865856791013,0.01073722460379467,0.01855852544119416,0.00009931721608744501,0.000852399612963446,NaN,0,0,0,2,0.001396,0,0,0
641349667,0,0.6207176165758511,0.9168069065936328,0,0,0.004,-0.5560456400861298,-0.451799843163201,0.6355169551316759,0.005225674735134689,-0.048607837194670545,0.06877963390946906,0.004636111168050785,-0.032557078050161344,0.007738878125433547,-0.039741035240802025,-0.01239641172837077,-0.039586057357164375,0.00003832468931417752,0.000030297095455880205,-0.000028890090137142172,0.002909412262963695,0.010761093211173429,0.01864963721344507,0.00009931721648744502,0.0008523996529634459,NaN,0,0,0,2,0.0014670000000000002,0,0,0
641349671,0,0.667638254393041,0.8062052389625748,0,0,0.004,-0.348301752008944,-0.3198781119980071,0.692994771575977,0.005225674735134689,-0.048607837194670545,0.06877963390946906,0.004636111168050785,-0.032557078050161344,0.007738878125433547,-0.039741035240802025,-0.01239641172837077,-0.039586057357164375,0.00003832468931417752,0.000030297095455880205,-0.000028890090137142172,0.0029136411183992104,0.010781895378306934,0.0187410811279305,0.00009931721688744503,0.0008523996929634458,NaN,0,0,0,2,0.0014670000000000002,0,0,0
641349675,0,0.7332050799989657,0.7709536065545473,0,0,0.004,0.0016928876106494517,-0.29224826242199387,0.7240679881039611,0.005225674735134689,-0.048607837194670545,0.06877963390946906,0.004636111168050785,-0.032557078050161344,0.007738878125433547,-0.039741035240802025,-0.01239641172837077,-0.039586057357164375,0.00003832468931417752,0.000030297095455880205,-0.000028890090137142172,0.0029178731519856594,0.010800409438410988,0.01883286199842147,0.00009931721728744503,0.0008523997329634458,NaN,0,0,0,10,0.001466,0,0,0
641349679,0,0.7668207885684577,0.9150883835870018,0,0,0.004,0.3394868232685131,-0.3229649756260137,0.7725123640252729,0.005225674735134689,-0.048607837194670545,0.06877963390946906,0.004636111168050785,-0.032557078050161344,0.007738878125433547,-0.039741035240802025,-0.01239641172837077,-0.039586057357164375,0.00003832468931417752,0.000030297095455880205,-0.000028890090137142172,0.0029221083637230552,0.01081759835679454,0.018924985576232345,0.00009931721768744504,0.0008523997729634457,NaN,0,0,0,2,0.0014670000000000002,0,0,0
641349683,0,0.7785852516258022,0.97746428002708,0,0,0.004,0.43459399533936893,-0.34120833256832406,0.7866809808380975,0.005225674735134689,-0.048607837194670545,0.06877963390946906,0.004636111168050785,-0.032557078050161344,0.007738878125433547,-0.039741035240802025,-0.01239641172837077,-0.039586057357164375,0.00003832468931417752,0.000030297095455880205,-0.000028890090137142172,0.002926346753611411,0.010834594509100145,0.019017456927092634,0.00009931721808744505,0.0008523998129634457,NaN,0,0,0,2,0.0038410000000000002,0,0,0
641349687,0,0.747983975476737,0.9985145549160531,0,0,0.004,0.5007036821468607,-0.20512370407593716,0.8158227618416891,0.005225674735134689,-0.048607837194670545,0.06877963390946906,0.004636111168050785,-0.032557078050161344,0.007738878125433547,-0.039741035240802025,-0.01239641172837077,-0.039586057357164375,0.00003832468931417752,0.000030297095455880205,-0.000028890090137142172,0.002930588321650739,0.010849218378215094,0.019110277806188958,0.00009931721848744505,0.0008523998529634456,NaN,0,0,0,2,0.0019549999999999997,0,0,0
641349691,0,0.7025482115275928,0.9680557707290831,0,0,0.004,0.46823899721844175,-0.0177796550981989,0.8256512647497427,0.005225674735134689,-0.048607837194670545,0.06877963390946906,0.004636111168050785,-0.032557078050161344,0.007738878125433547,-0.039741035240802025,-0.01239641172837077,-0.039586057357164375,0.00003832468931417752,0.000030297095455880205,-0.000028890090137142172,0.002934833067841052,0.010861205655209866,0.019203450792977802,0.00009931721888744506,0.0008523998929634456,NaN,0,0,0,2,0.001886,0,0,0
641349695,0,0.6173936509822764,1.0126763050546537,0,0,0.004,0.4178216586877508,0.2112952598085437,0.8809140385163605,0.005225674735134689,-0.048607837194670545,0.06877963390946906,0.004636111168050785,-0.032557078050161344,0.007738878125433547,-0.039741035240802025,-0.01239641172837077,-0.039586057357164375,0.00003832468931417752,0.000030297095455880205,-0.000028890090137142172,0.0029390809921823633,0.010869990242240517,0.01929697737753609,0.00009931721928744507,0.0008523999329634455,NaN,0,0,0,2,0.001886,0,0,0
641349699,0,0.5097968113034026,1.0660695619001443,0,0,0.004,0.40519954784022727,0.2535754165673011,0.9382467974964879,0.005225674735134689,-0.048607837194670545,0.06877963390946906,0.004636111168050785,-0.032557078050161344,0.007738878125433547,-0.039741035240802025,-0.01239641172837077,-0.039586057357164375,0.00003832468931417752,0.000030297095455880205,-0.000028890090137142172,0.0029433320946746855,0.010878252199758104,0.019390858857397386,0.00009931721968744507,0.0008523999729634455,NaN,0,0,0,2,0.0014670000000000002,0,0,0
641349703,0,0.48406580430894375,1.0808699862236975,0,0,0.004,0.4005834166714479,0.25896170975346944,0.9560089370468834,0.005225674735134689,-0.048607837194670545,0.06877963390946906,0.004636111168050785,-0.032557078050161344,0.007738878125433547,-0.039741035240802025,-0.01239641172837077,-0.039586057357164375,0.00003832468931417752,0.000030297095455880205,-0.000028890090137142172,0.0029475863753180313,0.0108864998880329,0.019485095681264997,0.00009931722008744508,0.0008524000129634454,NaN,0,0,0,2,0.001397,0,0,0
641349707,0,0.42415618944559097,0.9537621175346813,0,0,0.004,0.3509505246314675,0.049061247223577076,0.8730001062639712,0.005225674735134689,-0.048607837194670545,0.06877963390946906,0.004636111168050785,-0.032557078050161344,0.007738878125433547,-0.039741035240802025,-0.01239641172837077,-0.039586057357164375,0.00003832468931417752,0.000030297095455880205,-0.000028890090137142172,0.0029518438341124133,0.01089830281974759,0.01957968806378181,0.00009931722048744509,0.0008524000529634454,NaN,0,0,0,2,0.0014670000000000002,0,0,0
641349711,0,0.4550821423504938,0.8174593009650526,0,0,0.004,0.18563250935089504,-0.03307585064085583,0.7922715088305221,0.005225674735134689,-0.048607837194670545,0.06877963390946906,0.004636111168050785,-0.032557078050161344,0.007738878125433547,-0.039741035240802025,-0.01239641172837077,-0.039586057357164375,0.00003832468931417752,0.000030297095455880205,-0.000028890090137142172,0.0029561044710578444,0.010912281704328113,0.019674634551526682,0.00009931722088744509,0.0008524000929634453,NaN,0,0,0,2,0.0029330000000000003,0,0,0
641349715,0,0.5990435421204715,0.7132742979860202,0,0,0.004,-0.20172453225631304,-0.010798636365339509,0.7099792295705338,0.005225674735134689,-0.048607837194670545,0.06877963390946906,0.004636111168050785,-0.032557078050161344,0.007738878125433547,-0.039741035240802025,-0.01239641172837077,-0.039586057357164375,0.00003832468931417752,0.000030297095455880205,-0.000028890090137142172,0.0029603682861543378,0.010927974002265233,0.019769933084752514,0.0000993172212874451,0.0008524001329634453,NaN,0,0,0,2,0.001397,0,0,0
641349719,0,0.7348646764266172,0.8628206274310254,0,0,0.004,-0.5271806007807569,-0.05223788818783215,0.7328066943782741,0.005225674735134689,-0.048607837194670545,0.06877963390946906,0.004636111168050785,-0.032557078050161344,0.007738878125433547,-0.039741035240802025,-0.01239641172837077,-0.039586057357164375,0.00003832468931417752,0.000030297095455880205,-0.000028890090137142172,0.002964635279401906,0.010946051980922678,0.019865579442684755,0.0000993172216874451,0.0008524001729634452,NaN,0,0,0,2,0.0014670000000000002,0,0,0
641349723,0,0.7790204600879843,0.920227418470978,0,0,0.004,-0.6127662307719948,-0.06862794697141272,0.7414453388821745,0.005225674735134689,-0.048607837194670545,0.06877963390946906,0.004636111168050785,-0.032557078050161344,0.007738878125433547,-0.039741035240802025,-0.01239641172837077,-0.039586057357164375,0.00003832468931417752,0.000030297095455880205,-0.000028890090137142172,0.0029689054508005614,0.010964904140710836,0.019961569921122795,0.00009931722208744511,0.0008524002129634452,NaN,0,0,0,2,0.001397,0,0,0
641349727,0,0.8797842744255906,1.1670988623038465,0,0,0.004,-0.8703493099427095,-0.19114552230833992,0.8261611542922651,0.005225674735134689,-0.048607837194670545,0.06877963390946906,0.004636111168050785,-0.032557078050161344,0.007738878125433547,-0.039741035240802025,-0.01239641172837077,-0.039586057357164375,0.00003832468931417752,0.000030297095455880205,-0.000028890090137142172,0.002973178800350317,0.01098710728283557,0.02005790413438433,0.00009931722248744512,0.0008524002529634451,NaN,0,0,0,2,0.0014670000000000002,0,0,0
641349731,0,0.9369102353242993,1.4056007813524225,0,0,0.004,-1.0993233763483896,-0.3567680155463032,0.8843759604208294,0.005225674735134689,-0.048607837194670545,0.06877963390946906,0.004636111168050785,-0.032557078050161344,0.007738878125433547,-0.039741035240802025,-0.01239641172837077,-0.039586057357164375,0.00003832468931417752,0.000030297095455880205,-0.000028890090137142172,0.0029774553280511864,0.011013245269619656,0.020154579035320787,0.00009931722288744512,0.0008524002929634451,NaN,0,0,0,2,0.001466,0,0,0
641349743,0,0.8485258158835548,2.031310423366353,0,0,0.012,-1.5671196044154818,-0.8335113031479829,1.0849432628848081,0.005225674735134689,-0.048607837194670545,0.06877963390946906,0.004636111168050785,-0.032557078050161344,0.007738878125433547,-0.039741035240802025,-0.01239641172837077,-0.039586057357164375,0.00003832468931417752,0.000030297095455880205,-0.000028890090137142172,0.0029903039800605697,0.011123393579364533,0.020446675055610604,0.00009931722408744513,0.000852400412963445,NaN,0,0,0,2,0.0014670000000000002,0,0,0
641349747,0,0.6798673668607944,2.4110828307039367,0,0,0.004,-1.7632757482370642,-1.0965950364089925,1.3158431376398187,0.005225674735134689,-0.048607837194670545,0.06877963390946906,0.004636111168050785,-0.032557078050161344,0.007738878125433547,-0.039741035240802025,-0.01239641172837077,-0.039586057357164375,0.00003832468931417752,0.000030297095455880205,-0.000028890090137142172,0.0029945932203659814,0.0111662111338438,0.020544685092935354,0.00009931722448744514,0.000852400452963445,NaN,0,0,0,2,0.001397,0,0,0
641349751,0,0.5230642711222968,2.639582350287935,0,0,0.004,-1.8676989755889426,-1.2717592531288342,1.4515399816426768,0.005225674735134689,-0.048607837194670545,0.06877963390946906,0.004636111168050785,-0.032557078050161344,0.007738878125433547,-0.039741035240802025,-0.01239641172837077,-0.039586057357164375,0.00003832468931417752,0.000030297095455880205,-0.000028890090137142172,0.00299888563882257,0.011212965140221277,0.020643028311782198,0.00009931722488744514,0.0008524004929634449,NaN,0,0,0,2,0.0032830000000000003,0,0,0
641349755,0,0.35446272014329283,2.803400646099655,0,0,0.004,-1.8772065479306803,-1.470567430002796,1.5563619029405427,0.005225674735134689,-0.048607837194670545,0.06877963390946906,0.004636111168050785,-0.032557078050161344,0.007738878125433547,-0.039741035240802025,-0.01239641172837077,-0.039586057357164375,0.00003832468931417752,0.000030297095455880205,-0.000028890090137142172,0.003003181235430349,0.01126355190394193,0.02074170488589282,0.00009931722528744515,0.0008524005329634449,NaN,0,0,0,2,0.001397,0,0,0
641349759,0,0.3119240806163616,2.891005777116667,0,0,0.004,-1.7623648357766608,-1.5553495917515727,1.753396104387038,0.005225674735134689,-0.048607837194670545,0.06877963390946906,0.004636111168050785,-0.032557078050161344,0.007738878125433547,-0.039741035240802025,-0.01239641172837077,-0.039586057357164375,0.00003832468931417752,0.000030297095455880205,-0.000028890090137142172,0.003007480010189331,0.011315364305926381,0.020840716339418426,0.00009931722568744516,0.0008524005729634448,NaN,0,0,0,2,0.001466,0,0,0
641349763,0,0.35239064118467817,2.9235425422160066,0,0,0.004,-1.7303547966920394,-1.5843862268996678,1.811625811765067,0.005225674735134689,-0.048607837194670545,0.06877963390946906,0.004636111168050785,-0.032557078050161344,0.007738878125433547,-0.039741035240802025,-0.01239641172837077,-0.039586057357164375,0.00003832468931417752,0.000030297095455880205,-0.000028890090137142172,0.0030117819630995283,0.01136801831420681,0.020940066145086214,0.00009931722608744516,0.0008524006129634448,NaN,0,0,0,2,0.0014670000000000002,0,0,0
641349767,0,0.4743867515237704,2.890803554452895,0,0,0.004,-1.5504435591735042,-1.4839114245563891,1.9933652392867582,0.005225674735134689,-0.048607837194670545,0.06877963390946906,0.004636111168050785,-0.032557078050161344,0.007738878125433547,-0.039741035240802025,-0.01239641172837077,-0.039586057357164375,0.00003832468931417752,0.000030297095455880205,-0.000028890090137142172,0.003016087094160954,0.01141832397620095,0.021039756932285186,0.00009931722648744517,0.0008524006529634447,NaN,0,0,0,2,0.001397,0,0,0
641349779,0,0.6673986215272318,2.4783523835225534,0,0,0.012,-0.9712951932881306,-1.0799994256865317,2.047098325623333,0.005225674735134689,-0.048607837194670545,0.06877963390946906,0.004636111168050785,-0.032557078050161344,0.007738878125433547,-0.039741035240802025,-0.01239641172837077,-0.039586057357164375,0.00003832468931417752,0.000030297095455880205,-0.000028890090137142172,0.0030290215562526973,0.011538779016263677,0.02134096241080739,0.00009931722768744518,0.0008524007729634447,NaN,0,0,0,2,0.000978,0,0,0
641349783,0,0.7332717241731619,2.3914434303926244,0,0,0.004,-0.8324457312952578,-0.9729624384259977,2.054601049560338,0.005225674735134689,-0.048607837194670545,0.06877963390946906,0.004636111168050785,-0.032557078050161344,0.007738878125433547,-0.039741035240802025,-0.01239641172837077,-0.039586057357164375,0.00003832468931417752,0.000030297095455880205,-0.000028890090137142172,0.003033339399919126,0.011576562752138555,0.021442068034067324,0.00009931722808744518,0.0008524008129634446,NaN,0,0,0,2,0.001397,0,0,0
641349787,0,0.7057148774687564,2.2688037830168213,0,0,0.004,-0.6288896375847564,-0.8636488560912011,2.030923989667736,0.005225674735134689,-0.048607837194670545,0.06877963390946906,0.004636111168050785,-0.032557078050161344,0.007738878125433547,-0.039741035240802025,-0.01239641172837077,-0.039586057357164375,0.00003832468931417752,0.000030297095455880205,-0.000028890090137142172,0.003037660421736847,0.01161115555802291,0.02154353586775919,0.00009931722848744519,0.0008524008529634446,NaN,0,0,0,2,0.003771,0,0,0
641349791,0,0.5892850073533928,2.0347116744113185,0,0,0.004,-0.42192773439919296,-0.7170878051263104,1.8813038589515738,0.005225674735134689,-0.048607837194670545,0.06877963390946906,0.004636111168050785,-0.032557078050161344,0.007738878125433547,-0.039741035240802025,-0.01239641172837077,-0.039586057357164375,0.00003832468931417752,0.000030297095455880205,-0.000028890090137142172,0.003041984621705873,0.011641805510377272,0.02164536992566774,0.0000993172288874452,0.0008524008929634445,NaN,0,0,0,2,0.0014670000000000002,0,0,0
641349795,0,0.4157840844193395,1.7914939968217098,0,0,0.004,-0.339669471958987,-0.6334585092236181,1.6642902384853588,0.005225674735134689,-0.048607837194670545,0.06877963390946906,0.004636111168050785,-0.032557078050161344,0.007738878125433547,-0.039741035240802025,-0.01239641172837077,-0.039586057357164375,0.00003832468931417752,0.000030297095455880205,-0.000028890090137142172,0.0030463119998262174,0.011670487505466464,0.021747573979656546,0.0000993172292874452,0.0008524009329634445,NaN,0,0,0,2,0.001396,0,0,0
641349799,0,0.2538205578121959,1.7141944829119824,0,0,0.004,-0.40237522061921704,-0.6852561828576637,1.5456054861892845,0.005225674735134689,-0.048607837194670545,0.06877963390946906,0.004636111168050785,-0.032557078050161344,0.007738878125433547,-0.039741035240802025,-0.01239641172837077,-0.039586057357164375,0.00003832468931417752,0.000030297095455880205,-0.000028890090137142172,0.0030506425560978927,0.011700650249065863,0.02185015022997337,0.00009931722968744521,0.0008524009729634444,NaN,0,0,0,2,0.001466,0,0,0
641349803,0,0.21612957845238312,1.6928783630014081,0,0,0.004,-0.42292342434728236,-0.7004558624585241,1.5099192647372401,0.005225674735134689,-0.048607837194670545,0.06877963390946906,0.004636111168050785,-0.032557078050161344,0.007738878125433547,-0.039741035240802025,-0.01239641172837077,-0.039586057357164375,0.00003832468931417752,0.000030297095455880205,-0.000028890090137142172,0.0030549762905209116,0.011731338524415673,0.021953099338698434,0.00009931723008744522,0.0008524010129634444,NaN,0,0,0,2,0.001396,0,0,0
641349807,0,0.1855659608216659,1.7835715105857028,0,0,0.004,-0.5147166928485027,-0.7995143948627864,1.5401986137174521,0.005225674735134689,-0.048607837194670545,0.06877963390946906,0.004636111168050785,-0.032557078050161344,0.007738878125433547,-0.039741035240802025,-0.01239641172837077,-0.039586057357164375,0.00003832468931417752,0.000030297095455880205,-0.000028890090137142172,0.003059313203095287,0.011764590865553355,0.022056422405987267,0.00009931723048744522,0.0008524010529634443,NaN,0,0,0,2,0.001397,0,0,0
641349811,0,0.24444926236084713,1.9559279467844133,0,0,0.004,-0.6783502994798905,-0.947455733219234,1.6074768108021704,0.005225674735134689,-0.048607837194670545,0.06877963390946906,0.004636111168050785,-0.032557078050161344,0.007738878125433547,-0.039741035240802025,-0.01239641172837077,-0.039586057357164375,0.00003832468931417752,0.000030297095455880205,-0.000028890090137142172,0.0030636532938210313,0.011801874419400525,0.022160119942634008,0.00009931723088744523,0.0008524010929634443,NaN,0,0,0,2,0.0014670000000000002,0,0,0
641349815,0,0.30505402632363277,2.222183130619768,0,0,0.004,-0.9147712876992393,-1.1903700676773683,1.682396092248501,0.005225674735134689,-0.048607837194670545,0.06877963390946906,0.004636111168050785,-0.032557078050161344,0.007738878125433547,-0.039741035240802025,-0.01239641172837077,-0.039586057357164375,0.00003832468931417752,0.000030297095455880205,-0.000028890090137142172,0.0030679965626981575,0.011845548417109763,0.0222641919577382,0.00009931723128744523,0.0008524011329634442,NaN,0,0,0,2,0.003352,0,0,0
641349819,0,0.32999735286648074,2.5320346065723154,0,0,0.004,-1.1104271895023234,-1.5069348867113659,1.7548397489942698,0.005225674735134689,-0.048607837194670545,0.06877963390946906,0.004636111168050785,-0.032557078050161344,0.007738878125433547,-0.039741035240802025,-0.01239641172837077,-0.039586057357164375,0.00003832468931417752,0.000030297095455880205,-0.000028890090137142172,0.0030723430097266786,0.011896776500237622,0.022368638197745306,0.00009931723168744524,0.0008524011729634442,NaN,0,0,0,2,0.001397,0,0,0
641349823,0,0.33831089279717086,2.6261543054709704,0,0,0.004,-1.1672456429102656,-1.5984631827969902,1.777324986378277,0.005225674735134689,-0.048607837194670545,0.06877963390946906,0.004636111168050785,-0.032557078050161344,0.007738878125433547,-0.039741035240802025,-0.01239641172837077,-0.039586057357164375,0.00003832468931417752,0.000030297095455880205,-0.000028890090137142172,0.0030766926349066076,0.011950536094208408,0.02247345938732581,0.00009931723208744525,0.0008524012129634441,NaN,0,0,0,2,0.001397,0,0,0
641349827,0,0.34425941636296137,2.9191464075569575,0,0,0.004,-1.1827993910807482,-1.9612535594602116,1.860698911042837,0.005225674735134689,-0.048607837194670545,0.06877963390946906,0.004636111168050785,-0.032557078050161344,0.007738878125433547,-0.039741035240802025,-0.01239641172837077,-0.039586057357164375,0.00003832468931417752,0.000030297095455880205,-0.000028890090137142172,0.003081045438237957,0.012011545090218284,0.022578657531595752,0.00009931723248744525,0.0008524012529634441,NaN,0,0,0,2,0.0014670000000000002,0,0,0
641349831,0,0.3714398034343703,3.2112437110904946,0,0,0.004,-1.0903902588255245,-2.2912844010362696,2.0138288676433156,0.005225674735134689,-0.048607837194670545,0.06877963390946906,0.004636111168050785,-0.032557078050161344,0.007738878125433547,-0.039741035240802025,-0.01239641172837077,-0.039586057357164375,0.00003832468931417752,0.000030297095455880205,-0.000028890090137142172,0.0030854014197207393,0.012078515605726241,0.022684235858289478,0.00009931723288744526,0.000852401292963444,NaN,0,0,0,2,0.0014670000000000002,0,0,0
641349835,0,0.44839298749356876,3.252543152406318,0,0,0.004,-1.0530375769494948,-2.2764443862536057,2.1139878875525913,0.005225674735134689,-0.048607837194670545,0.06877963390946906,0.004636111168050785,-0.032557078050161344,0.007738878125433547,-0.039741035240802025,-0.01239641172837077,-0.039586057357164375,0.00003832468931417752,0.000030297095455880205,-0.000028890090137142172,0.0030897605793549676,0.012145585914848283,0.02279019899457879,0.00009931723328744527,0.000852401332963444,NaN,0,0,0,2,0.001396,0,0,0
641349839,0,0.5646266693520969,3.1429850769086993,0,0,0.004,-1.0807512246707602,-2.061599358607753,2.1550682989581045,0.005225674735134689,-0.048607837194670545,0.06877963390946906,0.004636111168050785,-0.032557078050161344,0.007738878125433547,-0.039741035240802025,-0.01239641172837077,-0.039586057357164375,0.00003832468931417752,0.000030297095455880205,-0.000028890090137142172,0.003094122917140655,0.012209468045465785,0.022896550323833014,0.00009931723368744527,0.0008524013729634439,NaN,0,0,0,2,0.001397,0,0,0
641349843,0,0.6040644980969803,3.111235879855702,0,0,0.004,-1.0972050504098412,-1.9915990210600674,2.1668350051748444,0.005225674735134689,-0.048607837194670545,0.06877963390946906,0.004636111168050785,-0.032557078050161344,0.007738878125433547,-0.039741035240802025,-0.01239641172837077,-0.039586057357164375,0.00003832468931417752,0.000030297095455880205,-0.000028890090137142172,0.003098488433077814,0.01227273316105055,0.023003291956609842,0.00009931723408744528,0.0008524014129634438,NaN,0,0,0,2,0.0032830000000000003,0,0,0
641349847,0,0.7088746377472321,2.986681322553783,0,0,0.004,-0.9840024661165756,-1.8130772670464084,2.199558874933164,0.005225674735134689,-0.048607837194670545,0.06877963390946906,0.004636111168050785,-0.032557078050161344,0.007738878125433547,-0.039741035240802025,-0.01239641172837077,-0.039586057357164375,0.00003832468931417752,0.000030297095455880205,-0.000028890090137142172,0.003102857127166457,0.012332093458080732,0.023110426384447224,0.00009931723448744529,0.0008524014529634438,NaN,0,0,0,2,0.0014670000000000002,0,0,0
641349851,0,0.8227133806785413,2.805677598038216,0,0,0.004,-0.780244236145134,-1.5608707459291624,2.230901305898916,0.005225674735134689,-0.048607837194670545,0.06877963390946906,0.004636111168050785,-0.032557078050161344,0.007738878125433547,-0.039741035240802025,-0.01239641172837077,-0.039586057357164375,0.00003832468931417752,0.000030297095455880205,-0.000028890090137142172,0.0031072289994065975,0.012385156578289853,0.02321795684591489,0.0000993172348874453,0.0008524014929634437,NaN,0,0,0,2,0.001466,0,0,0
641349855,0,0.9235923753383704,2.58770554536403,0,0,0.004,-0.6453960648642052,-1.299396588071037,2.1734525556623066,0.005225674735134689,-0.048607837194670545,0.06877963390946906,0.004636111168050785,-0.032557078050161344,0.007738878125433547,-0.039741035240802025,-0.01239641172837077,-0.039586057357164375,0.00003832468931417752,0.000030297095455880205,-0.000028890090137142172,0.003111604049798248,0.012432188054922204,0.023325886776787548,0.0000993172352874453,0.0008524015329634437,NaN,0,0,0,2,0.0014670000000000002,0,0,0
641349859,0,1.011310137116423,2.4054987739436426,0,0,0.004,-0.5932117886927475,-1.145626216554637,2.060584749717238,0.005225674735134689,-0.048607837194670545,0.06877963390946906,0.004636111168050785,-0.032557078050161344,0.007738878125433547,-0.039741035240802025,-0.01239641172837077,-0.039586057357164375,0.00003832468931417752,0.000030297095455880205,-0.000028890090137142172,0.0031159822783414213,0.012475958827753176,0.023434218611555886,0.00009931723568744531,0.0008524015729634436,NaN,0,0,0,2,0.0014670000000000002,0,0,0
641349863,0,1.0380397844001745,2.3508585373380684,0,0,0.004,-0.5941725900315642,-1.0941488549144638,2.024606039492676,0.005225674735134689,-0.048607837194670545,0.06877963390946906,0.004636111168050785,-0.032557078050161344,0.007738878125433547,-0.039741035240802025,-0.01239641172837077,-0.039586057357164375,0.00003832468931417752,0.000030297095455880205,-0.000028890090137142172,0.00312036368503613,0.012518913987523857,0.023542954313930848,0.00009931723608744531,0.0008524016129634436,NaN,0,0,0,2,0.001886,0,0,0
641349867,0,1.0809591647733408,2.186958041721168,0,0,0.004,-0.5373211406648923,-1.0346918969250556,1.8806717047745156,0.005225674735134689,-0.048607837194670545,0.06877963390946906,0.004636111168050785,-0.032557078050161344,0.007738878125433547,-0.039741035240802025,-0.01239641172837077,-0.039586057357164375,0.00003832468931417752,0.000030297095455880205,-0.000028890090137142172,0.003124748269882387,0.012560376924542935,0.02365209553109754,0.00009931723648744532,0.0008524016529634435,NaN,0,0,0,2,0.001397,0,0,0
641349871,0,1.0921835830482483,1.95584507524476,0,0,0.004,-0.4809601808417525,-0.9734721028491672,1.657830589414738,0.005225674735134689,-0.048607837194670545,0.06877963390946906,0.004636111168050785,-0.032557078050161344,0.007738878125433547,-0.039741035240802025,-0.01239641172837077,-0.039586057357164375,0.00003832468931417752,0.000030297095455880205,-0.000028890090137142172,0.0031291360328802053,0.012600284546110754,0.02376164453350147,0.00009931723688744533,0.0008524016929634435,NaN,0,0,0,2,0.0032830000000000003,0,0,0
641349899,0,0.9680513001056529,1.119710082933092,0,0,0.028,-0.5173795130911063,-0.9418050434578024,0.4189143807609117,0.005225674735134689,-0.048607837194670545,0.06877963390946906,0.004636111168050785,-0.032557078050161344,0.007738878125433547,-0.039741035240802025,-0.01239641172837077,-0.039586057357164375,0.00003832468931417752,0.000030297095455880205,-0.000028890090137142172,0.0031599393621091418,0.012882373860547781,0.024539824442085873,0.00009931723968744533,0.0008524019729634435,NaN,0,0,0,2,0.001466,0,0,0
641349903,0,0.9416938079503018,1.0400168113192745,0,0,0.004,-0.6087306428196999,-0.885941442394048,0.0390917515063709,0.005225674735134689,-0.048607837194670545,0.06877963390946906,0.004636111168050785,-0.032557078050161344,0.007738878125433547,-0.039741035240802025,-0.01239641172837077,-0.039586057357164375,0.00003832468931417752,0.000030297095455880205,-0.000028890090137142172,0.003164352550319642,0.012923063141701042,0.024652689140264562,0.00009931724008744534,0.0008524020129634434,NaN,0,0,0,2,0.0014670000000000002,0,0,0
641349907,0,0.9425654010064005,0.9154267430250153,0,0,0.004,-0.5431409913460647,-0.7676879541448104,-0.12615233655133729,0.005225674735134689,-0.048607837194670545,0.06877963390946906,0.004636111168050785,-0.032557078050161344,0.007738878125433547,-0.039741035240802025,-0.01239641172837077,-0.039586057357164375,0.00003832468931417752,0.000030297095455880205,-0.000028890090137142172,0.0031687689166818183,0.012960758717745888,0.024765977398560825,0.00009931724048744534,0.0008524020529634434,NaN,0,0,0,2,0.001886,0,0,0
641349911,0,0.9559492240422962,0.878940823347488,0,0,0.004,-0.2839656552352767,-0.8151816418272554,-0.24160818812184814,0.005225674735134689,-0.048607837194670545,0.06877963390946906,0.004636111168050785,-0.032557078050161344,0.007738878125433547,-0.039741035240802025,-0.01239641172837077,-0.039586057357164375,0.00003832468931417752,0.000030297095455880205,-0.000028890090137142172,0.003173188461195684,0.012997063956626339,0.024879690440894088,0.00009931724088744535,0.0008524020929634433,NaN,0,0,0,2,0.001886,0,0,0
641349923,0,1.004270842898401,1.0149759269106844,0,0,0.012,0.20580305830020973,-0.805319598139422,-0.5543133069577593,0.005225674735134689,-0.048607837194670545,0.06877963390946906,0.004636111168050785,-0.032557078050161344,0.007738878125433547,-0.039741035240802025,-0.01239641172837077,-0.039586057357164375,0.00003832468931417752,0.000030297095455880205,-0.000028890090137142172,0.0031864661636475124,0.013091613936844944,0.025223363149800306,0.00009931724208744536,0.0008524022129634433,NaN,0,0,0,2,0.001397,0,0,0
641349927,0,1.0538253713122951,1.0158051998964923,0,0,0.004,0.5239990648033672,-0.5317078830948182,-0.6337776878696229,0.005225674735134689,-0.048607837194670545,0.06877963390946906,0.004636111168050785,-0.032557078050161344,0.007738878125433547,-0.039741035240802025,-0.01239641172837077,-0.039586057357164375,0.00003832468931417752,0.000030297095455880205,-0.000028890090137142172,0.0031908984207682243,0.013114310993188653,0.025338806891926653,0.00009931724248744536,0.0008524022529634432,NaN,0,0,0,2,0.001397,0,0,0
641349931,0,1.1007901322290974,1.092081309131518,0,0,0.004,0.8095865337662229,-0.15228631365251133,-0.6360415983414338,0.005225674735134689,-0.048607837194670545,0.06877963390946906,0.004636111168050785,-0.032557078050161344,0.007738878125433547,-0.039741035240802025,-0.01239641172837077,-0.039586057357164375,0.00003832468931417752,0.000030297095455880205,-0.000028890090137142172,0.0031953338560406896,0.013126073200988264,0.02545468696291585,0.00009931724288744537,0.0008524022929634432,NaN,0,0,0,2,0.0014670000000000002,0,0,0
641349955,0,1.0808941211342709,1.9056535163352109,0,0,0.024,1.3869311411310286,0.2925568656562735,-1.1935471182079684,0.005225674735134689,-0.048607837194670545,0.06877963390946906,0.004636111168050785,-0.032557078050161344,0.007738878125433547,-0.039741035240802025,-0.01239641172837077,-0.039586057357164375,0.00003832468931417752,0.000030297095455880205,-0.000028890090137142172,0.003222013208862663,0.013110098439017896,0.026158875798278233,0.00009931724528744537,0.0008524025329634432,NaN,0,0,0,2,0.003352,0,0,0
641349959,0,1.0277058979080798,2.0275132842189225,0,0,0.004,1.3011889643866088,0.3746291666797633,-1.4419481795829352,0.005225674735134689,-0.048607837194670545,0.06877963390946906,0.004636111168050785,-0.032557078050161344,0.007738878125433547,-0.039741035240802025,-0.01239641172837077,-0.039586057357164375,0.00003832468931417752,0.000030297095455880205,-0.000028890090137142172,0.0032264708911975666,0.013107154735622906,0.026277788158336993,0.00009931724568744538,0.0008524025729634431,NaN,0,0,0,2,0.000978,0,0,0
641349963,0,1.0126592940686183,2.064531289521711,0,0,0.004,1.2656060227656856,0.4043172736510242,-1.5165388173916394,0.005225674735134689,-0.048607837194670545,0.06877963390946906,0.004636111168050785,-0.032557078050161344,0.007738878125433547,-0.039741035240802025,-0.01239641172837077,-0.039586057357164375,0.00003832468931417752,0.000030297095455880205,-0.000028890090137142172,0.003230931751684326,0.013104075836228819,0.02639713142945677,0.00009931724608744538,0.0008524026129634431,NaN,0,0,0,2,0.001886,0,0,0
641349983,0,0.8772658771708636,1.6909190593978143,0,0,0.02,0.5191965074749831,-0.15491154008772556,-1.5667657762692002,0.005225674735134689,-0.048607837194670545,0.06877963390946906,0.004636111168050785,-0.032557078050161344,0.007738878125433547,-0.039741035240802025,-0.01239641172837077,-0.039586057357164375,0.00003832468931417752,0.000030297095455880205,-0.000028890090137142172,0.0032532837263962145,0.013182852911892008,0.027000191275453153,0.00009931724808744539,0.000852402812963443,NaN,0,0,0,2,0.0014670000000000002,0,0,0
641349987,0,0.8297539968159617,1.5755403001354538,0,0,0.004,0.013507622645082096,-0.32723515992278707,-1.524050191277487,0.005225674735134689,-0.048607837194670545,0.06877963390946906,0.004636111168050785,-0.032557078050161344,0.007738878125433547,-0.039741035240802025,-0.01239641172837077,-0.039586057357164375,0.00003832468931417752,0.000030297095455880205,-0.000028890090137142172,0.0032577636557942487,0.013206771291127864,0.027122143845245708,0.0000993172484874454,0.000852402852963443,NaN,0,0,0,2,0.001397,0,0,0
641349991,0,0.821584662823831,1.5694635226167897,0,0,0.004,-0.3816455225181492,-0.3130176332669944,-1.4867959855712325,0.005225674735134689,-0.048607837194670545,0.06877963390946906,0.004636111168050785,-0.032557078050161344,0.007738878125433547,-0.039741035240802025,-0.01239641172837077,-0.039586057357164375,0.00003832468931417752,0.000030297095455880205,-0.000028890090137142172,0.003262246763344228,0.01323375157976263,0.027244536134796483,0.0000993172488874454,0.0008524028929634429,NaN,0,0,0,2,0.001466,0,0,0
641350019,0,1.056930882670263,1.3984631853136418,0,0,0.028,-0.28825747252389067,-0.12933377001027246,-1.3544617185151768,0.005225674735134689,-0.048607837194670545,0.06877963390946906,0.004636111168050785,-0.032557078050161344,0.007738878125433547,-0.039741035240802025,-0.01239641172837077,-0.039586057357164375,0.00003832468931417752,0.000030297095455880205,-0.000028890090137142172,0.0032937175044490414,0.013391174414407936,0.028113250576277886,0.0000993172516874454,0.0008524031729634429,NaN,0,0,0,2,0.001397,0,0,0
641350023,0,1.1322172067588716,1.3728665371649789,0,0,0.004,-0.32543973165864126,-0.05321534785993676,-1.3260600602415824,0.005225674735134689,-0.048607837194670545,0.06877963390946906,0.004636111168050785,-0.032557078050161344,0.007738878125433547,-0.039741035240802025,-0.01239641172837077,-0.039586057357164375,0.00003832468931417752,0.000030297095455880205,-0.000028890090137142172,0.003298226037214774,0.013412477184386864,0.028239164290425542,0.00009931725208744541,0.0008524032129634428,NaN,0,0,0,2,0.003352,0,0,0
641350027,0,1.2161133816530734,1.1975924064378471,0,0,0.004,-0.21657233265907716,0.11774289185758302,-1.1604794447021618,0.005225674735134689,-0.048607837194670545,0.06877963390946906,0.004636111168050785,-0.032557078050161344,0.007738878125433547,-0.039741035240802025,-0.01239641172837077,-0.039586057357164375,0.00003832468931417752,0.000030297095455880205,-0.000028890090137142172,0.0033027377481325668,0.013429125743275074,0.028365521965506634,0.00009931725248744542,0.0008524032529634428,NaN,0,0,0,2,0.001466,0,0,0
641350031,0,1.2926798388244791,1.2630423251467278,0,0,0.004,-0.13291707138312492,0.33935030067566296,-1.1919482093841491,0.005225674735134689,-0.048607837194670545,0.06877963390946906,0.004636111168050785,-0.032557078050161344,0.007738878125433547,-0.039741035240802025,-0.01239641172837077,-0.039586057357164375,0.00003832468931417752,0.000030297095455880205,-0.000028890090137142172,0.0033072526372024333,0.0134402174290228,0.028492321622046568,0.00009931725288744543,0.0008524032929634427,NaN,0,0,0,2,0.001396,0,0,0
641350035,0,1.3328847544972868,1.4685330189833707,0,0,0.004,-0.008702833093699125,0.5188904956846895,-1.349785357571685,0.005225674735134689,-0.048607837194670545,0.06877963390946906,0.004636111168050785,-0.032557078050161344,0.007738878125433547,-0.039741035240802025,-0.01239641172837077,-0.039586057357164375,0.00003832468931417752,0.000030297095455880205,-0.000028890090137142172,0.003311770704424386,0.013446339776139711,0.028619559927331565,0.00009931725328744543,0.0008524033329634427,NaN,0,0,0,2,0.001397,0,0,0
641350039,0,1.327501257308372,1.5752891295840856,0,0,0.004,0.12296868730411536,0.62583089607077,-1.4106859851298985,0.005225674735134689,-0.048607837194670545,0.06877963390946906,0.004636111168050785,-0.032557078050161344,0.007738878125433547,-0.039741035240802025,-0.01239641172837077,-0.039586057357164375,0.00003832468931417752,0.000030297095455880205,-0.000028890090137142172,0.0033162919497984372,0.01344904704628452,0.028747234154522103,0.00009931725368744544,0.0008524033729634426,NaN,0,0,0,2,0.001397,0,0,0
641350043,0,1.3259807482728005,1.6106981159215283,0,0,0.004,0.14766701410876704,0.6599817442199484,-1.4311464202711672,0.005225674735134689,-0.048607837194670545,0.06877963390946906,0.004636111168050785,-0.032557078050161344,0.007738878125433547,-0.039741035240802025,-0.01239641172837077,-0.039586057357164375,0.00003832468931417752,0.000030297095455880205,-0.000028890090137142172,0.0033208163733246,0.01345084944237866,0.028875342792226245,0.00009931725408744544,0.0008524034129634426,NaN,0,0,0,2,0.001397,0,0,0
641350047,0,1.2863063867131896,1.6636196344050593,0,0,0.004,0.14733773998747535,0.7602190688629745,-1.4408283712771794,0.005225674735134689,-0.048607837194670545,0.06877963390946906,0.004636111168050785,-0.032557078050161344,0.007738878125433547,-0.039741035240802025,-0.01239641172837077,-0.039586057357164375,0.00003832468931417752,0.000030297095455880205,-0.000028890090137142172,0.003325343975002887,0.013450565918378659,0.02900388510715039,0.00009931725448744545,0.0008524034529634425,NaN,0,0,0,2,0.001397,0,0,0
641350051,0,1.2198738000754665,1.8504792847637803,0,0,0.004,0.051946651988991066,0.9146437514112867,-1.5790717288052836,0.005225674735134689,-0.048607837194670545,0.06877963390946906,0.004636111168050785,-0.032557078050161344,0.007738878125433547,-0.039741035240802025,-0.01239641172837077,-0.039586057357164375,0.00003832468931417752,0.000030297095455880205,-0.000028890090137142172,0.0033298747548333113,0.013447860700781508,0.029132859204233752,0.00009931725488744546,0.0008524034929634425,NaN,0,0,0,2,0.003282,0,0,0
641350055,0,1.1355675200062547,1.982830147465645,0,0,0.004,-0.0286330904730423,0.9913381818792381,-1.6905096453938118,0.005225674735134689,-0.048607837194670545,0.06877963390946906,0.004636111168050785,-0.032557078050161344,0.007738878125433547,-0.039741035240802025,-0.01239641172837077,-0.039586057357164375,0.00003832468931417752,0.000030297095455880205,-0.000028890090137142172,0.0033344087128158854,0.013444329833994278,0.029262261687097346,0.00009931725528744546,0.0008524035329634424,NaN,0,0,0,2,0.0014670000000000002,0,0,0
641350059,0,1.042464419989564,1.953620274312908,0,0,0.004,-0.10436460878018816,0.9684712452433611,-1.6690943797044007,0.005225674735134689,-0.048607837194670545,0.06877963390946906,0.004636111168050785,-0.032557078050161344,0.007738878125433547,-0.039741035240802025,-0.01239641172837077,-0.039586057357164375,0.00003832468931417752,0.000030297095455880205,-0.000028890090137142172,0.0033389458489506223,0.013442103540246003,0.029392090750428982,0.00009931725568744547,0.0008524035729634424,NaN,0,0,0,2,0.001397,0,0,0
641350063,0,1.0145627511102733,1.9482565439318391,0,0,0.004,-0.1377742046012116,0.9634855912815471,-1.664419420952532,0.005225674735134689,-0.048607837194670545,0.06877963390946906,0.004636111168050785,-0.032557078050161344,0.007738878125433547,-0.039741035240802025,-0.01239641172837077,-0.039586057357164375,0.00003832468931417752,0.000030297095455880205,-0.000028890090137142172,0.003343486163237535,0.013440392725292218,0.029522346793648877,0.00009931725608744548,0.0008524036129634423,NaN,0,0,0,2,0.001466,0,0,0
641350067,0,0.9607885227944724,1.859953582133625,0,0,0.004,-0.30990248303603596,0.9794319987494501,-1.5324532917520646,0.005225674735134689,-0.048607837194670545,0.06877963390946906,0.004636111168050785,-0.032557078050161344,0.007738878125433547,-0.039741035240802025,-0.01239641172837077,-0.039586057357164375,0.00003832468931417752,0.000030297095455880205,-0.000028890090137142172,0.0033480296556766364,0.013439997563075266,0.029653029623628875,0.00009931725648744548,0.0008524036529634423,NaN,0,0,0,2,0.001466,0,0,0
641350071,0,0.9282496285438492,1.8757946905082465,0,0,0.004,-0.5501464298842389,1.092932122628321,-1.411719922489656,0.005225674735134689,-0.048607837194670545,0.06877963390946906,0.004636111168050785,-0.032557078050161344,0.007738878125433547,-0.039741035240802025,-0.01239641172837077,-0.039586057357164375,0.00003832468931417752,0.000030297095455880205,-0.000028890090137142172,0.003352576326267939,0.013439461783160375,0.029784138752719715,0.00009931725688744549,0.0008524036929634422,NaN,0,0,0,2,0.001397,0,0,0
641350075,0,0.9178279661978808,1.7901158125268957,0,0,0.004,-0.6013865646942331,1.1047253288677732,-1.2666705374705636,0.005225674735134689,-0.048607837194670545,0.06877963390946906,0.004636111168050785,-0.032557078050161344,0.007738878125433547,-0.039741035240802025,-0.01239641172837077,-0.039586057357164375,0.00003832468931417752,0.000030297095455880205,-0.000028890090137142172,0.003357126175011455,0.013439337587174964,0.02991567137908914,0.0000993172572874455,0.0008524037329634422,NaN,0,0,0,2,0.001397,0,0,0
641350079,0,0.9313499992633483,1.4752575221522513,0,0,0.004,-0.4171079206327366,0.8995963304545253,-1.0804581525707686,0.005225674735134689,-0.048607837194670545,0.06877963390946906,0.004636111168050785,-0.032557078050161344,0.007738878125433547,-0.039741035240802025,-0.01239641172837077,-0.039586057357164375,0.00003832468931417752,0.000030297095455880205,-0.000028890090137142172,0.0033616792019071982,0.013442109703424316,0.030047627266946042,0.0000993172576874455,0.0008524037729634421,NaN,0,0,0,2,0.003422,0,0,0
641350083,0,0.9360515901397991,1.3865748893163183,0,0,0.004,-0.37131230295476203,0.8390361214102681,-1.0265599746055791,0.005225674735134689,-0.048607837194670545,0.06877963390946906,0.004636111168050785,-0.032557078050161344,0.007738878125433547,-0.039741035240802025,-0.01239641172837077,-0.039586057357164375,0.00003832468931417752,0.000030297095455880205,-0.000028890090137142172,0.003366235406955181,0.013445867634530382,0.03018001167959635,0.00009931725808744551,0.0008524038129634421,NaN,0,0,0,2,0.001886,0,0,0
641350087,0,0.9594134230957301,1.1914810336006685,0,0,0.004,-0.1962354063867593,0.6888510563325373,-0.9316991623872166,0.005225674735134689,-0.048607837194670545,0.06877963390946906,0.004636111168050785,-0.032557078050161344,0.007738878125433547,-0.039741035240802025,-0.01239641172837077,-0.039586057357164375,0.00003832468931417752,0.000030297095455880205,-0.000028890090137142172,0.0033707947901554162,0.013451334464856725,0.030312826111493087,0.00009931725848744552,0.000852403852963442,NaN,0,0,0,2,0.001397,0,0,0
641350091,0,0.9953215630310938,1.1322918576689067,0,0,0.004,-0.06886149310930523,0.7180655157464527,-0.8442195514245103,0.005225674735134689,-0.048607837194670545,0.06877963390946906,0.004636111168050785,-0.032557078050161344,0.007738878125433547,-0.039741035240802025,-0.01239641172837077,-0.039586057357164375,0.00003832468931417752,0.000030297095455880205,-0.000028890090137142172,0.003375357351507917,0.01345514012620708,0.030446074708197657,0.00009931725888744552,0.000852403892963442,NaN,0,0,0,2,0.0014670000000000002,0,0,0
641350095,0,1.009492252007013,1.2081205377703432,0,0,0.004,0.16345655252703684,0.9106756591353599,-0.728807635456489,0.005225674735134689,-0.048607837194670545,0.06877963390946906,0.004636111168050785,-0.032557078050161344,0.007738878125433547,-0.039741035240802025,-0.01239641172837077,-0.039586057357164375,0.00003832468931417752,0.000030297095455880205,-0.000028890090137142172,0.003379923091012695,0.01345292315867363,0.03057975710619786,0.00009931725928744553,0.0008524039329634419,NaN,0,0,0,2,0.0014670000000000002,0,0,0
641350099,0,0.979430083579915,1.4633005902342424,0,0,0.004,0.4865045811711337,1.161120060476422,-0.6690817514453951,0.005225674735134689,-0.048607837194670545,0.06877963390946906,0.004636111168050785,-0.032557078050161344,0.007738878125433547,-0.039741035240802025,-0.01239641172837077,-0.039586057357164375,0.00003832468931417752,0.000030297095455880205,-0.000028890090137142172,0.0033844920086697644,0.013442722354239288,0.030713868523317395,0.00009931725968744554,0.0008524039729634419,NaN,0,0,0,2,0.001466,0,0,0
641350103,0,0.9707676344123135,1.5494545610943995,0,0,0.004,0.575254400856138,1.23543181598445,-0.651900735105782,0.005225674735134689,-0.048607837194670545,0.06877963390946906,0.004636111168050785,-0.032557078050161344,0.007738878125433547,-0.039741035240802025,-0.01239641172837077,-0.039586057357164375,0.00003832468931417752,0.000030297095455880205,-0.000028890090137142172,0.0033890641044791374,0.013430372069357254,0.03084840218743517,0.00009931726008744554,0.0008524040129634418,NaN,0,0,0,2,0.0014670000000000002,0,0,0
641350107,0,0.8983791545682787,1.8352507081796523,0,0,0.004,0.8313574457729935,1.3961684249413047,-0.7576251819471072,0.005225674735134689,-0.048607837194670545,0.06877963390946906,0.004636111168050785,-0.032557078050161344,0.007738878125433547,-0.039741035240802025,-0.01239641172837077,-0.039586057357164375,0.00003832468931417752,0.000030297095455880205,-0.000028890090137142172,0.003393639378440827,0.013412687832073087,0.03098335538949865,0.00009931726048744555,0.0008524040529634418,NaN,0,0,0,2,0.003772,0,0,0
641350135,0,0.4045469338449535,2.099369698421575,0,0,0.028,1.4146285213112553,1.1797863038994452,-0.893281747083071,0.005225674735134689,-0.048607837194670545,0.06877963390946906,0.004636111168050785,-0.032557078050161344,0.007738878125433547,-0.039741035240802025,-0.01239641172837077,-0.039586057357164375,0.00003832468931417752,0.000030297095455880205,-0.000028890090137142172,0.003425755284438004,0.013294818161993141,0.031939942585874154,0.00009931726328744555,0.0008524043329634417,NaN,0,0,0,2,0.001397,0,0,0
641350139,0,0.30223036344187015,1.9568276910843407,0,0,0.004,1.329744714505748,1.1355413047544847,-0.7558425095932986,0.005225674735134689,-0.048607837194670545,0.06877963390946906,0.004636111168050785,-0.032557078050161344,0.007738878125433547,-0.039741035240802025,-0.01239641172837077,-0.039586057357164375,0.00003832468931417752,0.000030297095455880205,-0.000028890090137142172,0.0034303559836184163,0.013280922617728619,0.03207822841597749,0.00009931726368744556,0.0008524043729634417,NaN,0,0,0,2,0.001466,0,0,0
641350143,0,0.27287585640730844,1.922059278208325,0,0,0.004,1.3095683038846968,1.1274851391727285,-0.7155408724189485,0.005225674735134689,-0.048607837194670545,0.06877963390946906,0.004636111168050785,-0.032557078050161344,0.007738878125433547,-0.039741035240802025,-0.01239641172837077,-0.039586057357164375,0.00003832468931417752,0.000030297095455880205,-0.000028890090137142172,0.0034349598609512604,0.013267687308360096,0.03221692827534388,0.00009931726408744557,0.0008524044129634416,NaN,0,0,0,2,0.0014670000000000002,0,0,0
641350147,0,0.36578274454230847,1.7508366960674078,0,0,0.004,0.9648181430662579,1.2950853684218995,-0.5482472511394416,0.005225674735134689,-0.048607837194670545,0.06877963390946906,0.004636111168050785,-0.032557078050161344,0.007738878125433547,-0.039741035240802025,-0.01239641172837077,-0.039586057357164375,0.00003832468931417752,0.000030297095455880205,-0.000028890090137142172,0.003439566916436549,0.013254121041126941,0.03235604168813036,0.00009931726448744557,0.0008524044529634416,NaN,0,0,0,2,0.0014670000000000002,0,0,0
641350163,0,0.8534528126806371,1.4011469239102772,0,0,0.016,-0.23251790306041964,1.249819873687108,-0.5589919973968218,0.005225674735134689,-0.048607837194670545,0.06877963390946906,0.004636111168050785,-0.032557078050161344,0.007738878125433547,-0.039741035240802025,-0.01239641172837077,-0.039586057357164375,0.00003832468931417752,0.000030297095455880205,-0.000028890090137142172,0.0034580269199023126,0.013241721563196956,0.0329166737705876,0.00009931726608744557,0.0008524046129634416,NaN,0,0,0,2,0.001397,0,0,0
641350167,0,1.157731390628151,1.526362315457799,0,0,0.004,-1.0139586341357567,0.9682418660772009,-0.6408143350884838,0.005225674735134689,-0.048607837194670545,0.06877963390946906,0.004636111168050785,-0.032557078050161344,0.007738878125433547,-0.039741035240802025,-0.01239641172837077,-0.039586057357164375,0.00003832468931417752,0.000030297095455880205,-0.000028890090137142172,0.003462649866149938,0.01325039340242056,0.03305784291944521,0.00009931726648744558,0.0008524046529634415,NaN,0,0,0,2,0.001397,0,0,0
641350171,0,1.3896783151626437,1.8752126012341863,0,0,0.004,-1.607464814806488,0.5748739134690778,-0.8405008814301542,0.005225674735134689,-0.048607837194670545,0.06877963390946906,0.004636111168050785,-0.032557078050161344,0.007738878125433547,-0.039741035240802025,-0.01239641172837077,-0.039586057357164375,0.00003832468931417752,0.000030297095455880205,-0.000028890090137142172,0.003467275990550085,0.013271372248775186,0.03319943484868072,0.00009931726688744559,0.0008524046929634415,NaN,0,0,0,2,0.001886,0,0,0
641350175,0,1.5820487981199205,2.0897925892629505,0,0,0.004,-1.7784812598622437,-0.02012832842561274,-1.1497183943158404,0.005225674735134689,-0.048607837194670545,0.06877963390946906,0.004636111168050785,-0.032557078050161344,0.007738878125433547,-0.039741035240802025,-0.01239641172837077,-0.039586057357164375,0.00003832468931417752,0.000030297095455880205,-0.000028890090137142172,0.0034719052931027655,0.013305265853289968,0.03334146484444204,0.00009931726728744559,0.0008524047329634414,NaN,0,0,0,2,0.003352,0,0,0
641350179,0,1.725840382326811,2.121531932088305,0,0,0.004,-1.5196244652251376,-0.6358280204153953,-1.3712286458954068,0.005225674735134689,-0.048607837194670545,0.06877963390946906,0.004636111168050785,-0.032557078050161344,0.007738878125433547,-0.039741035240802025,-0.01239641172837077,-0.039586057357164375,0.00003832468931417752,0.000030297095455880205,-0.000028890090137142172,0.003476537773807993,0.013349030610886343,0.03348395449053152,0.0000993172676874456,0.0008524047729634414,NaN,0,0,0,2,0.0014670000000000002,0,0,0
641350183,0,1.769667699631407,2.194135662684773,0,0,0.004,-1.461605012694753,-0.8249688106885081,-1.4439606039155564,0.005225674735134689,-0.048607837194670545,0.06877963390946906,0.004636111168050785,-0.032557078050161344,0.007738878125433547,-0.039741035240802025,-0.01239641172837077,-0.039586057357164375,0.00003832468931417752,0.000030297095455880205,-0.000028890090137142172,0.00348117343266578,0.013396221790201997,0.0336269256631613,0.0000993172680874456,0.0008524048129634413,NaN,0,0,0,2,0.001396,0,0,0
641350187,0,1.8313011442822609,2.111243789407876,0,0,0.004,-1.235892443766409,-0.9445494162562876,-1.4503448247415243,0.005225674735134689,-0.048607837194670545,0.06877963390946906,0.004636111168050785,-0.032557078050161344,0.007738878125433547,-0.039741035240802025,-0.01239641172837077,-0.039586057357164375,0.00003832468931417752,0.000030297095455880205,-0.000028890090137142172,0.00348581226967614,0.013444184178687214,0.03377038649613791,0.00009931726848744561,0.0008524048529634413,NaN,0,0,0,2,0.001397,0,0,0
641350191,0,1.8637590574752647,2.0040004097452018,0,0,0.004,-1.1416610904049722,-0.6826196740075622,-1.5138939306989165,0.005225674735134689,-0.048607837194670545,0.06877963390946906,0.004636111168050785,-0.032557078050161344,0.007738878125433547,-0.039741035240802025,-0.01239641172837077,-0.039586057357164375,0.00003832468931417752,0.000030297095455880205,-0.000028890090137142172,0.0034904542848390846,0.013486713367011054,0.033914343163242384,0.00009931726888744562,0.0008524048929634412,NaN,0,0,0,2,0.000978,0,0,0
641350199,0,1.7492610341181667,2.0064713885636896,0,0,0.008,-0.6853009486205976,0.3967760161968913,-1.8316543128850178,0.005225674735134689,-0.048607837194670545,0.06877963390946906,0.004636111168050785,-0.032557078050161344,0.007738878125433547,-0.039741035240802025,-0.01239641172837077,-0.039586057357164375,0.00003832468931417752,0.000030297095455880205,-0.000028890090137142172,0.003499747849622775,0.013523158590940615,0.03420366703937645,0.00009931726968744562,0.0008524049729634412,NaN,0,0,0,2,0.001886,0,0,0
641350203,0,1.7161479940650886,2.1410258179112316,0,0,0.004,-0.5187102097443919,0.7318952333630627,-1.924639788897843,0.005225674735134689,-0.048607837194670545,0.06877963390946906,0.004636111168050785,-0.032557078050161344,0.007738878125433547,-0.039741035240802025,-0.01239641172837077,-0.039586057357164375,0.00003832468931417752,0.000030297095455880205,-0.000028890090137142172,0.003504399399243539,0.013533740551334552,0.03434901984497583,0.00009931727008744562,0.0008524050129634412,NaN,0,0,0,2,0.001466,0,0,0
641350207,0,1.5629400931696633,2.1681180950606267,0,0,0.004,-0.18850672246557454,0.9282154032930848,-1.9210077669148689,0.005225674735134689,-0.048607837194670545,0.06877963390946906,0.004636111168050785,-0.032557078050161344,0.007738878125433547,-0.039741035240802025,-0.01239641172837077,-0.039586057357164375,0.00003832468931417752,0.000030297095455880205,-0.000028890090137142172,0.0035090541270169392,0.013537822867379494,0.03449481547336537,0.00009931727048744563,0.0008524050529634411,NaN,0,0,0,2,0.003353,0,0,0
641350211,0,1.397550599213811,2.1058221557377097,0,0,0.004,0.24668069893928402,0.8357469698056094,-1.876927065733712,0.005225674735134689,-0.048607837194670545,0.06877963390946906,0.004636111168050785,-0.032557078050161344,0.007738878125433547,-0.039741035240802025,-0.01239641172837077,-0.039586057357164375,0.00003832468931417752,0.000030297095455880205,-0.000028890090137142172,0.003513712032942989,0.013539917083673247,0.034641046527764244,0.00009931727088744564,0.0008524050929634411,NaN,0,0,0,2,0.001466,0,0,0
641350215,0,1.2222573721725192,2.263196976530778,0,0,0.004,0.7138772512636671,0.6459222712836657,-1.9985944565263107,0.005225674735134689,-0.048607837194670545,0.06877963390946906,0.004636111168050785,-0.032557078050161344,0.007738878125433547,-0.039741035240802025,-0.01239641172837077,-0.039586057357164375,0.00003832468931417752,0.000030297095455880205,-0.000028890090137142172,0.003518373117021701,0.013541563914001303,0.03478771503053066,0.00009931727128744564,0.000852405132963441,NaN,0,0,0,2,0.001396,0,0,0
641350219,0,1.0499130864773094,2.418842549775441,0,0,0.004,1.03626300177982,0.45487603202698235,-2.0826059238962156,0.005225674735134689,-0.048607837194670545,0.06877963390946906,0.004636111168050785,-0.032557078050161344,0.007738878125433547,-0.039741035240802025,-0.01239641172837077,-0.039586057357164375,0.00003832468931417752,0.000030297095455880205,-0.000028890090137142172,0.0035230373792530874,0.01354411378538264,0.034934826182605745,0.00009931727168744565,0.000852405172963441,NaN,0,0,0,2,0.001396,0,0,0
641350223,0,1.0002335655888268,2.4712181563672475,0,0,0.004,1.127937732151863,0.3918472820825575,-2.1070312397589896,0.005225674735134689,-0.048607837194670545,0.06877963390946906,0.004636111168050785,-0.032557078050161344,0.007738878125433547,-0.039741035240802025,-0.01239641172837077,-0.039586057357164375,0.00003832468931417752,0.000030297095455880205,-0.000028890090137142172,0.0035277048196371615,0.01354720889194249,0.0350823857729328,0.00009931727208744566,0.0008524052129634409,NaN,0,0,0,2,0.001397,0,0,0
641350227,0,0.912155520575812,2.320190325189908,0,0,0.004,1.2125719500269974,0.2923824615796521,-1.8952097729270028,0.005225674735134689,-0.048607837194670545,0.06877963390946906,0.004636111168050785,-0.032557078050161344,0.007738878125433547,-0.039741035240802025,-0.01239641172837077,-0.039586057357164375,0.00003832468931417752,0.000030297095455880205,-0.000028890090137142172,0.0035323754381739363,0.013551649409414767,0.03523039565753971,0.00009931727248744566,0.0008524052529634409,NaN,0,0,0,2,0.0014670000000000002,0,0,0
641350231,0,0.847409751094752,2.0978269319060416,0,0,0.004,1.2600117089538838,0.3729640466486782,-1.565423425036398,0.005225674735134689,-0.048607837194670545,0.06877963390946906,0.004636111168050785,-0.032557078050161344,0.007738878125433547,-0.039741035240802025,-0.01239641172837077,-0.039586057357164375,0.00003832468931417752,0.000030297095455880205,-0.000028890090137142172,0.0035370492348634243,0.013554417580120803,0.035378859401466296,0.00009931727288744567,0.0008524052929634408,NaN,0,0,0,2,0.001466,0,0,0
641350235,0,0.8131479379827764,1.9714201479633486,0,0,0.004,1.2577345967563585,0.6493961341495277,-1.2916296558221383,0.005225674735134689,-0.048607837194670545,0.06877963390946906,0.004636111168050785,-0.032557078050161344,0.007738878125433547,-0.039741035240802025,-0.01239641172837077,-0.039586057357164375,0.00003832468931417752,0.000030297095455880205,-0.000028890090137142172,0.003541726209705638,0.013552313118983141,0.03552777407673725,0.00009931727328744568,0.0008524053329634408,NaN,0,0,0,2,0.003352,0,0,0
641350255,0,0.852304169320831,1.6507075151860466,0,0,0.02,0.7590010845437203,1.0736547469697513,-0.9167553056167712,0.005225674735134689,-0.048607837194670545,0.06877963390946906,0.004636111168050785,-0.032557078050161344,0.007738878125433547,-0.039741035240802025,-0.01239641172837077,-0.039586057357164375,0.00003832468931417752,0.000030297095455880205,-0.000028890090137142172,0.003565158756207854,0.01352701187844756,0.036278887794624036,0.00009931727528744568,0.0008524055329634407,NaN,0,0,0,2,0.001397,0,0,0
641350259,0,0.8987549478563338,1.4804542839461834,0,0,0.004,0.21221712217855004,1.164430051704862,-0.8309101983267535,0.005225674735134689,-0.048607837194670545,0.06877963390946906,0.004636111168050785,-0.032557078050161344,0.007738878125433547,-0.039741035240802025,-0.01239641172837077,-0.039586057357164375,0.00003832468931417752,0.000030297095455880205,-0.000028890090137142172,0.0035698547999665643,0.013525206067011629,0.036430378672651864,0.00009931727568744569,0.0008524055729634407,NaN,0,0,0,2,0.0014670000000000002,0,0,0
641350263,0,0.9139592328910962,1.4595105729499998,0,0,0.004,0.04215455793528666,1.182975024007412,-0.8037460166343458,0.005225674735134689,-0.048607837194670545,0.06877963390946906,0.004636111168050785,-0.032557078050161344,0.007738878125433547,-0.039741035240802025,-0.01239641172837077,-0.039586057357164375,0.00003832468931417752,0.000030297095455880205,-0.000028890090137142172,0.0035745540218780902,0.013524568287630668,0.03658229539433519,0.0000993172760874457,0.0008524056129634406,NaN,0,0,0,2,0.0014670000000000002,0,0,0
641350283,0,1.1493983492523396,1.2792195526030472,0,0,0.02,-0.974119690742637,0.41227308070713453,-0.7428842487374645,0.005225674735134689,-0.048607837194670545,0.06877963390946906,0.004636111168050785,-0.032557078050161344,0.007738878125433547,-0.039741035240802025,-0.01239641172837077,-0.039586057357164375,0.00003832468931417752,0.000030297095455880205,-0.000028890090137142172,0.0035980978037282118,0.013632888230419367,0.03734833602089569,0.0000993172780874457,0.0008524058129634406,NaN,0,0,0,2,0.001466,0,0,0
641350287,0,1.3246938329503548,1.6912093357339013,0,0,0.004,-1.5830839216437116,-0.04674402744386719,-0.6766353078772731,0.005225674735134689,-0.048607837194670545,0.06877963390946906,0.004636111168050785,-0.032557078050161344,0.007738878125433547,-0.039741035240802025,-0.01239641172837077,-0.039586057357164375,0.00003832468931417752,0.000030297095455880205,-0.000028890090137142172,0.003602816094556772,0.013668337115937117,0.03750300617587367,0.00009931727848744571,0.0008524058529634405,NaN,0,0,0,2,0.001885,0,0,0
641350291,0,1.4977283509591515,1.7874334950066046,0,0,0.004,-1.7002013419703814,-0.41048326818216074,-0.5194198327047133,0.005225674735134689,-0.048607837194670545,0.06877963390946906,0.004636111168050785,-0.032557078050161344,0.007738878125433547,-0.039741035240802025,-0.01239641172837077,-0.039586057357164375,0.00003832468931417752,0.000030297095455880205,-0.000028890090137142172,0.003607537563538238,0.013711619614423319,0.03765816937639997,0.00009931727888744571,0.0008524058929634405,NaN,0,0,0,2,0.001466,0,0,0
641350319,0,2.0478568018302967,0.6077322230944399,0,0,0.028,-0.5007376312631393,-0.3714810574273085,-0.14742498922537095,0.005225674735134689,-0.048607837194670545,0.06877963390946906,0.004636111168050785,-0.032557078050161344,0.007738878125433547,-0.039741035240802025,-0.01239641172837077,-0.039586057357164375,0.00003832468931417752,0.000030297095455880205,-0.000028890090137142172,0.0036406768346903384,0.013942218782241458,0.03875710621673269,0.00009931728168744572,0.0008524061729634404,NaN,0,0,0,2,0.003772,0,0,0
641350323,0,2.2154983115688136,0.38999837170342155,0,0,0.004,-0.16516251602095688,-0.3720214117036217,-0.0547327668012656,0.005225674735134689,-0.048607837194670545,0.06877963390946906,0.004636111168050785,-0.032557078050161344,0.007738878125433547,-0.039741035240802025,-0.01239641172837077,-0.039586057357164375,0.00003832468931417752,0.000030297095455880205,-0.000028890090137142172,0.0036454237288952376,0.013972490609443935,0.03891634997128242,0.00009931728208744573,0.0008524062129634404,NaN,0,0,0,2,0.001885,0,0,0
641350327,0,2.2879733598183036,0.4039193692745009,0,0,0.004,0.05396413313261239,-0.3539624161560645,-0.15613345510698196,0.005225674735134689,-0.048607837194670545,0.06877963390946906,0.004636111168050785,-0.032557078050161344,0.007738878125433547,-0.039741035240802025,-0.01239641172837077,-0.039586057357164375,0.00003832468931417752,0.000030297095455880205,-0.000028890090137142172,0.0036501738012531576,0.014000546900358861,0.03907610971542184,0.00009931728248744573,0.0008524062529634403,NaN,0,0,0,2,0.0014670000000000002,0,0,0
641350331,0,2.3111246892770834,0.5920482495182394,0,0,0.004,0.3138805259719739,-0.3079653665804175,-0.33188731968385987,0.005225674735134689,-0.048607837194670545,0.06877963390946906,0.004636111168050785,-0.032557078050161344,0.007738878125433547,-0.039741035240802025,-0.01239641172837077,-0.039586057357164375,0.00003832468931417752,0.000030297095455880205,-0.000028890090137142172,0.003654927051764111,0.014025501149974378,0.03923638510168276,0.00009931728288744574,0.0008524062929634403,NaN,0,0,0,2,0.0014670000000000002,0,0,0
641350335,0,2.29985036050761,0.7552077024944904,0,0,0.004,0.5771825533160702,-0.2530217901604438,-0.32005115760635405,0.005225674735134689,-0.048607837194670545,0.06877963390946906,0.004636111168050785,-0.032557078050161344,0.007738878125433547,-0.039741035240802025,-0.01239641172837077,-0.039586057357164375,0.00003832468931417752,0.000030297095455880205,-0.000028890090137142172,0.00365968348042811,0.014047175817015447,0.039397174015098894,0.00009931728328744575,0.0008524063329634402,NaN,0,0,0,2,0.0014670000000000002,0,0,0
641350339,0,2.2962745688163575,0.8280333170430526,0,0,0.004,0.7065850176706168,-0.21761445474590746,-0.24777690063634417,0.005225674735134689,-0.048607837194670545,0.06877963390946906,0.004636111168050785,-0.032557078050161344,0.007738878125433547,-0.039741035240802025,-0.01239641172837077,-0.039586057357164375,0.00003832468931417752,0.000030297095455880205,-0.000028890090137142172,0.003664443087245168,0.014067182216485735,0.03955847368243515,0.00009931728368744575,0.0008524063729634402,NaN,0,0,0,2,0.001886,0,0,0
641350343,0,2.2953127876696784,0.8332391974495651,0,0,0.004,0.7188165814257552,-0.2214126190662552,-0.22682125389108876,0.005225674735134689,-0.048607837194670545,0.06877963390946906,0.004636111168050785,-0.032557078050161344,0.007738878125433547,-0.039741035240802025,-0.01239641172837077,-0.039586057357164375,0.00003832468931417752,0.000030297095455880205,-0.000028890090137142172,0.0036692058722152974,0.014087238022693264,0.039720283158098814,0.00009931728408744576,0.0008524064129634401,NaN,0,0,0,2,0.0014670000000000002,0,0,0
641350347,0,2.3060532286014768,0.8469832783907728,0,0,0.004,0.7233702841739913,-0.14617977905661583,-0.29782686203096453,0.005225674735134689,-0.048607837194670545,0.06877963390946906,0.004636111168050785,-0.032557078050161344,0.007738878125433547,-0.039741035240802025,-0.01239641172837077,-0.039586057357164375,0.00003832468931417752,0.000030297095455880205,-0.000028890090137142172,0.0036739718353385113,0.014106042786014203,0.03988260331577149,0.00009931728448744577,0.0008524064529634401,NaN,0,0,0,2,0.001466,0,0,0
641350351,0,2.3305642312523194,0.8592032312012899,0,0,0.004,0.6953064741324024,-0.03412039181915871,-0.4025443617180553,0.005225674735134689,-0.048607837194670545,0.06877963390946906,0.004636111168050785,-0.032557078050161344,0.007738878125433547,-0.039741035240802025,-0.01239641172837077,-0.039586057357164375,0.00003832468931417752,0.000030297095455880205,-0.000028890090137142172,0.0036787409766148227,0.014123203636108477,0.04004543232890186,0.00009931728488744577,0.00085240649296344,NaN,0,0,0,2,0.003353,0,0,0
641350355,0,2.379909688787108,0.788283393290231,0,0,0.004,0.6163686386036702,0.031356738297107056,-0.39367441726150787,0.005225674735134689,-0.048607837194670545,0.06877963390946906,0.004636111168050785,-0.032557078050161344,0.007738878125433547,-0.039741035240802025,-0.01239641172837077,-0.039586057357164375,0.00003832468931417752,0.000030297095455880205,-0.000028890090137142172,0.0036835132960442436,0.014140009891074001,0.04020876685666729,0.00009931728528744578,0.00085240653296344,NaN,0,0,0,2,0.001397,0,0,0
641350359,0,2.469086720053873,0.5900546322912364,0,0,0.004,0.4391244594996604,0.04895547624131191,-0.2986608355471745,0.005225674735134689,-0.048607837194670545,0.06877963390946906,0.004636111168050785,-0.032557078050161344,0.007738878125433547,-0.039741035240802025,-0.01239641172837077,-0.039586057357164375,0.00003832468931417752,0.000030297095455880205,-0.000028890090137142172,0.003688288793626787,0.014158180576738786,0.04037260612985665,0.00009931728568744578,0.0008524065729634399,NaN,0,0,0,2,0.001397,0,0,0
641350363,0,2.4960973003666704,0.5055369382080782,0,0,0.004,0.3556835633288238,0.03944773002649471,-0.27039396442418173,0.005225674735134689,-0.048607837194670545,0.06877963390946906,0.004636111168050785,-0.032557078050161344,0.007738878125433547,-0.039741035240802025,-0.01239641172837077,-0.039586057357164375,0.00003832468931417752,0.000030297095455880205,-0.000028890090137142172,0.0036930674693624664,0.014177296818841705,0.04053695258095157,0.00009931728608744579,0.0008524066129634399,NaN,0,0,0,2,0.001885,0,0,0
641350367,0,2.6057874354531623,0.3936044916041143,0,0,0.004,0.17319968490388615,0.09202186945121527,-0.27526676639992154,0.005225674735134689,-0.048607837194670545,0.06877963390946906,0.004636111168050785,-0.032557078050161344,0.007738878125433547,-0.039741035240802025,-0.01239641172837077,-0.039586057357164375,0.00003832468931417752,0.000030297095455880205,-0.000028890090137142172,0.003697849323251294,0.014197143961267573,0.040701808166332905,0.0000993172864874458,0.0008524066529634398,NaN,0,0,0,2,0.0014670000000000002,0,0,0
641350371,0,2.7541463300337994,0.3791322386731917,0,0,0.004,-0.06576497085377642,0.13141367302642537,-0.311914103886739,0.005225674735134689,-0.048607837194670545,0.06877963390946906,0.004636111168050785,-0.032557078050161344,0.007738878125433547,-0.039741035240802025,-0.01239641172837077,-0.039586057357164375,0.00003832468931417752,0.000030297095455880205,-0.000028890090137142172,0.0037026343552932824,0.014218447035687982,0.04086717387988182,0.0000993172868874458,0.0008524066929634398,NaN,0,0,0,2,0.0014670000000000002,0,0,0
641350375,0,2.92007981425134,0.5003545133555077,0,0,0.004,-0.3042801829936177,0.10191703410998387,-0.3707444449188131,0.005225674735134689,-0.048607837194670545,0.06877963390946906,0.004636111168050785,-0.032557078050161344,0.007738878125433547,-0.039741035240802025,-0.01239641172837077,-0.039586057357164375,0.00003832468931417752,0.000030297095455880205,-0.000028890090137142172,0.0037074225654884453,0.014242476984026933,0.04103305200530882,0.00009931728728744581,0.0008524067329634397,NaN,0,0,0,2,0.001397,0,0,0
641350379,0,3.092565312401523,0.6892363582881019,0,0,0.004,-0.6066223993310469,-0.016114781172797632,-0.35387162182975374,0.005225674735134689,-0.048607837194670545,0.06877963390946906,0.004636111168050785,-0.032557078050161344,0.007738878125433547,-0.039741035240802025,-0.01239641172837077,-0.039586057357164375,0.00003832468931417752,0.000030297095455880205,-0.000028890090137142172,0.003712213953836795,0.014271367588860403,0.041199448331079004,0.00009931728768744582,0.0008524067729634397,NaN,0,0,0,2,0.0027930000000000003,0,0,0
641350383,0,3.144362001881035,0.6388094090126505,0,0,0.004,-0.5622257949692517,0.0020396715701077595,-0.32768994162570664,0.005225674735134689,-0.048607837194670545,0.06877963390946906,0.004636111168050785,-0.032557078050161344,0.007738878125433547,-0.039741035240802025,-0.01239641172837077,-0.039586057357164375,0.00003832468931417752,0.000030297095455880205,-0.000028890090137142172,0.003717008520338344,0.014299686445862464,0.04136637269965686,0.00009931728808744582,0.0008524068129634396,NaN,0,0,0,2,0.0014670000000000002,0,0,0
641350387,0,3.2758222582249417,0.6802178131501369,0,0,0.004,-0.6599891049855076,-0.015939650469147915,-0.2376264814209197,0.005225674735134689,-0.048607837194670545,0.06877963390946906,0.004636111168050785,-0.032557078050161344,0.007738878125433547,-0.039741035240802025,-0.01239641172837077,-0.039586057357164375,0.00003832468931417752,0.000030297095455880205,-0.000028890090137142172,0.0037218062649931054,0.014329359148013107,0.04153382615757618,0.00009931728848744583,0.0008524068529634396,NaN,0,0,0,2,0.0014670000000000002,0,0,0
641350391,0,3.4163527458742355,0.9126268778296488,0,0,0.004,-0.9210771823210588,-0.06795685498805615,-0.1841289802408479,0.005225674735134689,-0.048607837194670545,0.06877963390946906,0.004636111168050785,-0.032557078050161344,0.007738878125433547,-0.039741035240802025,-0.01239641172837077,-0.039586057357164375,0.00003832468931417752,0.000030297095455880205,-0.000028890090137142172,0.0037266071878010922,0.01436251497009459,0.041701813028091596,0.00009931728888744584,0.0008524068929634395,NaN,0,0,0,2,0.0014670000000000002,0,0,0
641350395,0,3.5495491083822537,1.1405299731518648,0,0,0.004,-1.155022370128618,-0.17958166428078626,-0.1131609011518151,0.005225674735134689,-0.048607837194670545,0.06877963390946906,0.004636111168050785,-0.032557078050161344,0.007738878125433547,-0.039741035240802025,-0.01239641172837077,-0.039586057357164375,0.00003832468931417752,0.000030297095455880205,-0.000028890090137142172,0.003731411288762317,0.014400092102209812,0.04187034117874734,0.00009931728928744584,0.0008524069329634395,NaN,0,0,0,2,0.001396,0,0,0
641350399,0,3.659156341886075,1.2787181665787815,0,0,0.004,-1.2829803967353184,-0.2883822741974519,-0.03075952790597647,0.005225674735134689,-0.048607837194670545,0.06877963390946906,0.004636111168050785,-0.032557078050161344,0.007738878125433547,-0.039741035240802025,-0.01239641172837077,-0.039586057357164375,0.00003832468931417752,0.000030297095455880205,-0.000028890090137142172,0.003736218567876793,0.014441151255601766,0.042039421445590586,0.00009931728968744585,0.0008524069729634394,NaN,0,0,0,2,0.001466,0,0,0
641350403,0,3.692092466242444,1.3749740768819532,0,0,0.004,-1.3708024934903829,-0.33911359329086876,-0.016088104384003543,0.005225674735134689,-0.048607837194670545,0.06877963390946906,0.004636111168050785,-0.032557078050161344,0.007738878125433547,-0.039741035240802025,-0.01239641172837077,-0.039586057357164375,0.00003832468931417752,0.000030297095455880205,-0.000028890090137142172,0.003741029025144532,0.014484230346678971,0.04220906367522796,0.00009931729008744586,0.0008524070129634394,NaN,0,0,0,2,0.001396,0,0,0
641350407,0,3.738994231332039,1.363217870192229,0,0,0.004,-1.3219129415476114,-0.4600407359655302,0.0967763648691502,0.005225674735134689,-0.048607837194670545,0.06877963390946906,0.004636111168050785,-0.032557078050161344,0.007738878125433547,-0.039741035240802025,-0.01239641172837077,-0.039586057357164375,0.00003832468931417752,0.000030297095455880205,-0.000028890090137142172,0.0037458426605655477,0.014529433333853868,0.04237927326111789,0.00009931729048744586,0.0008524070529634393,NaN,0,0,0,2,0.003422,0,0,0
641350411,0,3.7857674650960997,1.384007304992392,0,0,0.004,-1.2491531063186405,-0.6541948052408443,0.20835258361266717,0.005225674735134689,-0.048607837194670545,0.06877963390946906,0.004636111168050785,-0.032557078050161344,0.007738878125433547,-0.039741035240802025,-0.01239641172837077,-0.039586057357164375,0.00003832468931417752,0.000030297095455880205,-0.000028890090137142172,0.0037506594741398528,0.014577890138759098,0.0425500590792583,0.00009931729088744587,0.0008524070929634393,NaN,0,0,0,2,0.001466,0,0,0
641350415,0,3.8171626339273477,1.4072108215294512,0,0,0.004,-1.1582069009888751,-0.8047712412846867,0.33677139873180373,0.005225674735134689,-0.048607837194670545,0.06877963390946906,0.004636111168050785,-0.032557078050161344,0.007738878125433547,-0.039741035240802025,-0.01239641172837077,-0.039586057357164375,0.00003832468931417752,0.000030297095455880205,-0.000028890090137142172,0.00375547946586746,0.014628610129201731,0.04272143365261148,0.00009931729128744588,0.0008524071329634392,NaN,0,0,0,2,0.000978,0,0,0
641350419,0,3.836660996046437,1.4221159377825952,0,0,0.004,-1.0310325850492796,-0.8895442310193232,0.5484195457511944,0.005225674735134689,-0.048607837194670545,0.06877963390946906,0.004636111168050785,-0.032557078050161344,0.007738878125433547,-0.039741035240802025,-0.01239641172837077,-0.039586057357164375,0.00003832468931417752,0.000030297095455880205,-0.000028890090137142172,0.003760302635748382,0.014679983719833868,0.04289340720895221,0.00009931729168744588,0.0008524071729634392,NaN,0,0,0,2,0.001397,0,0,0
641350423,0,3.84257103281141,1.4794067557814825,0,0,0.004,-1.0467462518202282,-0.9337821692441547,0.6002227073124491,0.005225674735134689,-0.048607837194670545,0.06877963390946906,0.004636111168050785,-0.032557078050161344,0.007738878125433547,-0.039741035240802025,-0.01239641172837077,-0.039586057357164375,0.00003832468931417752,0.000030297095455880205,-0.000028890090137142172,0.0037651289837826313,0.014732626964379086,0.0430659862182403,0.00009931729208744589,0.0008524072129634391,NaN,0,0,0,2,0.0018160000000000001,0,0,0
641350427,0,3.851438692442235,1.398973563801743,0,0,0.004,-0.8077194242871897,-0.9045672936905854,0.7909920093161844,0.005225674735134689,-0.048607837194670545,0.06877963390946906,0.004636111168050785,-0.032557078050161344,0.007738878125433547,-0.039741035240802025,-0.01239641172837077,-0.039586057357164375,0.00003832468931417752,0.000030297095455880205,-0.000028890090137142172,0.003769958509970221,0.014782562023543739,0.043239175550814295,0.0000993172924874459,0.000852407252963439,NaN,0,0,0,2,0.001886,0,0,0
641350431,0,3.8498800805640436,1.291504467556311,0,0,0.004,-0.5707125530866282,-0.849151514058944,0.8663172770502623,0.005225674735134689,-0.048607837194670545,0.06877963390946906,0.004636111168050785,-0.032557078050161344,0.007738878125433547,-0.039741035240802025,-0.01239641172837077,-0.039586057357164375,0.00003832468931417752,0.000030297095455880205,-0.000028890090137142172,0.003774791214311164,0.014829216880660374,0.04341297435561214,0.0000993172928874459,0.000852407292963439,NaN,0,0,0,2,0.0014670000000000002,0,0,0
641350435,0,3.8257116233046164,1.1531747263882308,0,0,0.004,-0.3699423362195622,-0.7719974534241937,0.8425349206109534,0.005225674735134689,-0.048607837194670545,0.06877963390946906,0.004636111168050785,-0.032557078050161344,0.007738878125433547,-0.039741035240802025,-0.01239641172837077,-0.039586057357164375,0.00003832468931417752,0.000030297095455880205,-0.000028890090137142172,0.0037796270968054727,0.01487247417502375,0.04358738018373435,0.00009931729328744591,0.000852407332963439,NaN,0,0,0,2,0.0029330000000000003,0,0,0
641350439,0,3.7676105397313613,1.1052145471681922,0,0,0.004,-0.3721669845572986,-0.7655590443919974,0.7769257846566493,0.005225674735134689,-0.048607837194670545,0.06877963390946906,0.004636111168050785,-0.032557078050161344,0.007738878125433547,-0.039741035240802025,-0.01239641172837077,-0.039586057357164375,0.00003832468931417752,0.000030297095455880205,-0.000028890090137142172,0.0037844661574531605,0.014915756428296987,0.04376238959501517,0.00009931729368744592,0.0008524073729634389,NaN,0,0,0,2,0.001466,0,0,0
641350443,0,3.750187850608104,1.018708550037525,0,0,0.004,-0.19310669334431085,-0.6970189890675714,0.7807754801422142,0.005225674735134689,-0.048607837194670545,0.06877963390946906,0.004636111168050785,-0.032557078050161344,0.007738878125433547,-0.039741035240802025,-0.01239641172837077,-0.039586057357164375,0.00003832468931417752,0.000030297095455880205,-0.000028890090137142172,0.00378930839625424,0.01495596120950371,0.043938004216307835,0.00009931729408744592,0.0008524074129634388,NaN,0,0,0,3,0.001396,0,0,0
641350447,0,3.66570993580943,0.9115286361957488,0,0,0.004,-0.023201201230982127,-0.633598157589789,0.7115380544189698,0.005225674735134689,-0.048607837194670545,0.06877963390946906,0.004636111168050785,-0.032557078050161344,0.007738878125433547,-0.039741035240802025,-0.01239641172837077,-0.039586057357164375,0.00003832468931417752,0.000030297095455880205,-0.000028890090137142172,0.0037941538132087236,0.014993247624540173,0.04411422101402184,0.00009931729448744593,0.0008524074529634388,NaN,0,0,0,2,0.001396,0,0,0
641350451,0,3.5253318876059256,0.7693238744900867,0,0,0.004,0.07236955378272669,-0.5792648082078286,0.5541383559637172,0.005225674735134689,-0.048607837194670545,0.06877963390946906,0.004636111168050785,-0.032557078050161344,0.007738878125433547,-0.039741035240802025,-0.01239641172837077,-0.039586057357164375,0.00003832468931417752,0.000030297095455880205,-0.000028890090137142172,0.003799002408316625,0.015028555301065673,0.04429103708736599,0.00009931729488744593,0.0008524074929634387,NaN,0,0,0,2,0.001466,0,0,0
641350455,0,3.3369186598802205,0.6352987135755531,0,0,0.004,0.05444429420734065,-0.5352165474603373,0.3937192901969908,0.005225674735134689,-0.048607837194670545,0.06877963390946906,0.004636111168050785,-0.032557078050161344,0.007738878125433547,-0.039741035240802025,-0.01239641172837077,-0.039586057357164375,0.00003832468931417752,0.000030297095455880205,-0.000028890090137142172,0.003803854181577956,0.015063270510185321,0.044468450742149494,0.00009931729528744594,0.0008524075329634387,NaN,0,0,0,2,0.001397,0,0,0
641350459,0,3.121767788427655,0.5454981990520926,0,0,0.004,-0.021208409754396973,-0.5033694572092476,0.2771109625730155,0.005225674735134689,-0.048607837194670545,0.06877963390946906,0.004636111168050785,-0.032557078050161344,0.007738878125433547,-0.039741035240802025,-0.01239641172837077,-0.039586057357164375,0.00003832468931417752,0.000030297095455880205,-0.000028890090137142172,0.0038087091329927296,0.015098233736266835,0.04464646215221843,0.00009931729568744595,0.0008524075729634386,NaN,0,0,0,2,0.001397,0,0,0
641350463,0,3.0573037722814824,0.5409725943132646,0,0,0.004,-0.08491555166841347,-0.511269794702876,0.23844180744012355,0.005225674735134689,-0.048607837194670545,0.06877963390946906,0.004636111168050785,-0.032557078050161344,0.007738878125433547,-0.039741035240802025,-0.01239641172837077,-0.039586057357164375,0.00003832468931417752,0.000030297095455880205,-0.000028890090137142172,0.003813567262560959,0.015134093773729648,0.044825072839179816,0.00009931729608744595,0.0008524076129634386,NaN,0,0,0,2,0.006635,0,0,0
641350467,0,2.8706248581344562,0.5007462647712195,0,0,0.004,-0.0820181722633595,-0.4888626218605784,0.17586625429755465,0.005225674735134689,-0.048607837194670545,0.06877963390946906,0.004636111168050785,-0.032557078050161344,0.007738878125433547,-0.039741035240802025,-0.01239641172837077,-0.039586057357164375,0.00003832468931417752,0.000030297095455880205,-0.000028890090137142172,0.0038184285702826566,0.01516955082086048,0.045004285650048985,0.00009931729648744596,0.0008524076529634385,NaN,0,0,0,2,0.001397,0,0,0
641350471,0,2.650751108923811,0.4768775722390971,0,0,0.004,-0.0701602867517106,-0.48063546456337936,0.08557829668199624,0.005225674735134689,-0.048607837194670545,0.06877963390946906,0.004636111168050785,-0.032557078050161344,0.007738878125433547,-0.039741035240802025,-0.01239641172837077,-0.039586057357164375,0.00003832468931417752,0.000030297095455880205,-0.000028890090137142172,0.0038232930561578355,0.015204788006327446,0.045184101546900377,0.00009931729688744597,0.0008524076929634385,NaN,0,0,0,2,0.001397,0,0,0
641350475,0,2.436429692651727,0.47271399939501874,0,0,0.004,-0.06514989031815044,-0.4778813652344446,0.058537406777393386,0.005225674735134689,-0.048607837194670545,0.06877963390946906,0.004636111168050785,-0.032557078050161344,0.007738878125433547,-0.039741035240802025,-0.01239641172837077,-0.039586057357164375,0.00003832468931417752,0.000030297095455880205,-0.000028890090137142172,0.0038281607201865082,0.01523998609670776,0.04536452207962898,0.00009931729728744597,0.0008524077329634384,NaN,0,0,0,2,0.001466,0,0,0
641350479,0,2.264318104435775,0.4862096935179586,0,0,0.004,-0.07636245482233295,-0.4880248384328102,0.096976296536333,0.005225674735134689,-0.048607837194670545,0.06877963390946906,0.004636111168050785,-0.032557078050161344,0.007738878125433547,-0.039741035240802025,-0.01239641172837077,-0.039586057357164375,0.00003832468931417752,0.000030297095455880205,-0.000028890090137142172,0.003833031562368688,0.015275577159525924,0.04554554913982729,0.00009931729768744598,0.0008524077729634384,NaN,0,0,0,2,0.0014670000000000002,0,0,0
641350483,0,2.2128251107134815,0.5077687394802693,0,0,0.004,-0.10747121400508042,-0.5047822985278799,0.10561125897853607,0.005225674735134689,-0.048607837194670545,0.06877963390946906,0.004636111168050785,-0.032557078050161344,0.007738878125433547,-0.039741035240802025,-0.01239641172837077,-0.039586057357164375,0.00003832468931417752,0.000030297095455880205,-0.000028890090137142172,0.0038379055827043873,0.015311904893836034,0.04572718554790212,0.00009931729808744599,0.0008524078129634383,NaN,0,0,0,2,0.0014670000000000002,0,0,0
641350487,0,2.1165452125646613,0.5180292073809832,0,0,0.004,-0.12019154845984104,-0.5030165333562581,0.16417090668242018,0.005225674735134689,-0.048607837194670545,0.06877963390946906,0.004636111168050785,-0.032557078050161344,0.007738878125433547,-0.039741035240802025,-0.01239641172837077,-0.039586057357164375,0.00003832468931417752,0.000030297095455880205,-0.000028890090137142172,0.0038427827811936192,0.01534840458727505,0.045909434295143006,0.000099317298487446,0.0008524078529634383,NaN,0,0,0,2,0.0014670000000000002,0,0,0
641350491,0,2.0425737324838322,0.5296141838226732,0,0,0.004,-0.11233875228681423,-0.48998420513041563,0.24861603344522365,0.005225674735134689,-0.048607837194670545,0.06877963390946906,0.004636111168050785,-0.032557078050161344,0.007738878125433547,-0.039741035240802025,-0.01239641172837077,-0.039586057357164375,0.00003832468931417752,0.000030297095455880205,-0.000028890090137142172,0.003847663157836396,0.015384624257916217,0.04609229756510326,0.000099317298887446,0.0008524078929634382,NaN,0,0,0,2,0.001397,0,0,0
641350495,0,2.006391778925348,0.5246720592592999,0,0,0.004,-0.09098839543926895,-0.42739891055185375,0.3573140351632986,0.005225674735134689,-0.048607837194670545,0.06877963390946906,0.004636111168050785,-0.032557078050161344,0.007738878125433547,-0.039741035240802025,-0.01239641172837077,-0.039586057357164375,0.00003832468931417752,0.000030297095455880205,-0.000028890090137142172,0.003852546712632731,0.015419396762502865,0.04627577656688966,0.00009931729928744601,0.0008524079329634382,NaN,0,0,0,2,0.002863,0,0,0
641350499,0,2.0107816993084335,0.5581066802475523,0,0,0.004,-0.14140521109291693,-0.3561146684635431,0.4704129188846107,0.005225674735134689,-0.048607837194670545,0.06877963390946906,0.004636111168050785,-0.032557078050161344,0.007738878125433547,-0.039741035240802025,-0.01239641172837077,-0.039586057357164375,0.00003832468931417752,0.000030297095455880205,-0.000028890090137142172,0.003857433445582637,0.015453297004715691,0.04645986934805185,0.00009931729968744601,0.0008524079729634381,NaN,0,0,0,2,0.0014670000000000002,0,0,0
641350503,0,2.0121795021941993,0.5406887605509734,0,0,0.004,-0.07167126756174169,-0.28505444753728615,0.5126514651462148,0.005225674735134689,-0.048607837194670545,0.06877963390946906,0.004636111168050785,-0.032557078050161344,0.007738878125433547,-0.039741035240802025,-0.01239641172837077,-0.039586057357164375,0.00003832468931417752,0.000030297095455880205,-0.000028890090137142172,0.003862323356686127,0.015485030366494932,0.04664457395728898,0.00009931730008744602,0.0008524080129634381,NaN,0,0,0,2,0.001397,0,0,0
641350507,0,2.044825713916075,0.5901686993782388,0,0,0.004,0.029473423524967624,-0.24068289203590487,0.5911692086550815,0.005225674735134689,-0.048607837194670545,0.06877963390946906,0.004636111168050785,-0.032557078050161344,0.007738878125433547,-0.039741035240802025,-0.01239641172837077,-0.039586057357164375,0.00003832468931417752,0.000030297095455880205,-0.000028890090137142172,0.0038672164459432126,0.015514799148368013,0.04682988701864557,0.00009931730048744603,0.000852408052963438,NaN,0,0,0,2,0.001396,0,0,0
641350511,0,2.0976999497699262,0.6948875840877694,0,0,0.004,0.1521782939946601,-0.29474261391160417,0.6597576591093404,0.005225674735134689,-0.048607837194670545,0.06877963390946906,0.004636111168050785,-0.032557078050161344,0.007738878125433547,-0.039741035240802025,-0.01239641172837077,-0.039586057357164375,0.00003832468931417752,0.000030297095455880205,-0.000028890090137142172,0.0038721127133539077,0.01554440768955097,0.047015806137315486,0.00009931730088744603,0.000852408092963438,NaN,0,0,0,2,0.001397,0,0,0
641350515,0,2.1583536869209223,0.9306614169149011,0,0,0.004,0.22652024491723766,-0.40166399753163706,0.8572792863087209,0.005225674735134689,-0.048607837194670545,0.06877963390946906,0.004636111168050785,-0.032557078050161344,0.007738878125433547,-0.039741035240802025,-0.01239641172837077,-0.039586057357164375,0.00003832468931417752,0.000030297095455880205,-0.000028890090137142172,0.003877012158918225,0.015575487342129215,0.0472023344145414,0.00009931730128744604,0.0008524081329634379,NaN,0,0,0,2,0.001397,0,0,0
641350519,0,2.2256585491024685,1.3233346208079948,0,0,0.004,0.24011042368278734,-0.41795086445635043,1.2827471069753695,0.005225674735134689,-0.048607837194670545,0.06877963390946906,0.004636111168050785,-0.032557078050161344,0.007738878125433547,-0.039741035240802025,-0.01239641172837077,-0.039586057357164375,0.00003832468931417752,0.000030297095455880205,-0.000028890090137142172,0.003881914782636177,0.015606816479930598,0.047389478947650464,0.00009931730168744605,0.0008524081729634379,NaN,0,0,0,2,0.0014670000000000002,0,0,0
641350523,0,2.2458885022613386,1.4435402583577317,0,0,0.004,0.21504383224641122,-0.44107613112465505,1.4086296102586573,0.005225674735134689,-0.048607837194670545,0.06877963390946906,0.004636111168050785,-0.032557078050161344,0.007738878125433547,-0.039741035240802025,-0.01239641172837077,-0.039586057357164375,0.00003832468931417752,0.000030297095455880205,-0.000028890090137142172,0.0038868205845077764,0.01563895830449897,0.047577242351313574,0.00009931730208744605,0.0008524082129634378,NaN,0,0,0,2,0.003282,0,0,0
641350527,0,2.3033014724978793,1.7724834203774869,0,0,0.004,0.22825467609096095,-0.32137837610618825,1.7793276235021782,0.005225674735134689,-0.048607837194670545,0.06877963390946906,0.004636111168050785,-0.032557078050161344,0.007738878125433547,-0.039741035240802025,-0.01239641172837077,-0.039586057357164375,0.00003832468931417752,0.000030297095455880205,-0.000028890090137142172,0.0038917295645330362,0.015668499180245175,0.047765627820361804,0.00009931730248744606,0.0008524082529634378,NaN,0,0,0,2,0.001397,0,0,0
641350531,0,2.337722638932947,1.9576039623940755,0,0,0.004,0.2453330830189595,-0.2703917690276395,1.9746491001672304,0.005225674735134689,-0.048607837194670545,0.06877963390946906,0.004636111168050785,-0.032557078050161344,0.007738878125433547,-0.039741035240802025,-0.01239641172837077,-0.039586057357164375,0.00003832468931417752,0.000030297095455880205,-0.000028890090137142172,0.0038966417227119694,0.015696826433774326,0.04795462958935789,0.00009931730288744607,0.0008524082929634377,NaN,0,0,0,2,0.0014670000000000002,0,0,0
641350535,0,2.3042127921327094,2.055554925117584,0,0,0.004,0.24510103807267503,-0.39475506439260377,2.054324725622953,0.005225674735134689,-0.048607837194670545,0.06877963390946906,0.004636111168050785,-0.032557078050161344,0.007738878125433547,-0.039741035240802025,-0.01239641172837077,-0.039586057357164375,0.00003832468931417752,0.000030297095455880205,-0.000028890090137142172,0.0039015570590445886,0.015727819346888664,0.04814424593794271,0.00009931730328744607,0.0008524083329634377,NaN,0,0,0,2,0.001397,0,0,0
641350539,0,2.2073642382060457,2.2084340167475034,0,0,0.004,0.2014415533819245,-0.5376245867676889,2.185446903056768,0.005225674735134689,-0.048607837194670545,0.06877963390946906,0.004636111168050785,-0.032557078050161344,0.007738878125433547,-0.039741035240802025,-0.01239641172837077,-0.039586057357164375,0.00003832468931417752,0.000030297095455880205,-0.000028890090137142172,0.003906475573530907,0.01576235085828385,0.048334486354518855,0.00009931730368744608,0.0008524083729634376,NaN,0,0,0,2,0.0014670000000000002,0,0,0
641350543,0,2.1783267485509636,2.256504321818931,0,0,0.004,0.15696578587729815,-0.6000469425549065,2.223059489020473,0.005225674735134689,-0.048607837194670545,0.06877963390946906,0.004636111168050785,-0.032557078050161344,0.007738878125433547,-0.039741035240802025,-0.01239641172837077,-0.039586057357164375,0.00003832468931417752,0.000030297095455880205,-0.000028890090137142172,0.003911397266170937,0.01579875622108518,0.048525362381362576,0.00009931730408744609,0.0008524084129634376,NaN,0,0,0,2,0.001396,0,0,0
641350547,0,2.0442648216916126,2.35980817554654,0,0,0.004,0.05013525235332161,-0.6296160290896956,2.3282866520309344,0.005225674735134689,-0.048607837194670545,0.06877963390946906,0.004636111168050785,-0.032557078050161344,0.007738878125433547,-0.039741035240802025,-0.01239641172837077,-0.039586057357164375,0.00003832468931417752,0.000030297095455880205,-0.000028890090137142172,0.003916322136964691,0.015836995226464617,0.048716880273040455,0.00009931730448744609,0.0008524084529634375,NaN,0,0,0,2,0.001397,0,0,0
641350555,0,1.69667201829657,2.2689531262632974,0,0,0.008,-0.17323789509212761,-0.43478521351175925,2.2764934421911764,0.005225674735134689,-0.048607837194670545,0.06877963390946906,0.004636111168050785,-0.032557078050161344,0.007738878125433547,-0.039741035240802025,-0.01239641172837077,-0.039586057357164375,0.00003832468931417752,0.000030297095455880205,-0.000028890090137142172,0.003926181413013417,0.01591002806462873,0.04910171803887984,0.00009931730528744609,0.0008524085329634375,NaN,0,0,0,2,0.009568,0,0,0
641350559,0,1.4343532335365836,2.1644388543155553,0,0,0.004,-0.32766531197516957,-0.27753764452971696,2.178981659746748,0.005225674735134689,-0.048607837194670545,0.06877963390946906,0.004636111168050785,-0.032557078050161344,0.007738878125433547,-0.039741035240802025,-0.01239641172837077,-0.039586057357164375,0.00003832468931417752,0.000030297095455880205,-0.000028890090137142172,0.003931115818268408,0.01594488764131532,0.0492951669265292,0.0000993173056874461,0.0008524085729634375,NaN,0,0,0,3,0.0019549999999999997,0,0,0
641350563,0,1.3560781304009122,2.1401773324284914,0,0,0.004,-0.3926445377437344,-0.24233885633260688,2.147967696259256,0.005225674735134689,-0.048607837194670545,0.06877963390946906,0.004636111168050785,-0.032557078050161344,0.007738878125433547,-0.039741035240802025,-0.01239641172837077,-0.039586057357164375,0.00003832468931417752,0.000030297095455880205,-0.000028890090137142172,0.003936053401677174,0.015979740149906628,0.04948925306390206,0.0000993173060874461,0.0008524086129634374,NaN,0,0,0,2,0.0014670000000000002,0,0,0
641350583,0,1.0545856206276443,1.927934994290438,0,0,0.02,-0.31957132376209496,0.06469799552395006,1.9576509779290703,0.005225674735134689,-0.048607837194670545,0.06877963390946906,0.004636111168050785,-0.032557078050161344,0.007738878125433547,-0.039741035240802025,-0.01239641172837077,-0.039586057357164375,0.00003832468931417752,0.000030297095455880205,-0.000028890090137142172,0.003960788991027897,0.016117386703292866,0.05046798550000391,0.00009931730808744611,0.0008524088129634374,NaN,0,0,0,2,0.001466,0,0,0
641350587,0,1.0215234627494414,1.7942062532368899,0,0,0.004,-0.2398156548967314,0.18747906667066327,1.8249903060344401,0.005225674735134689,-0.048607837194670545,0.06877963390946906,0.004636111168050785,-0.032557078050161344,0.007738878125433547,-0.039741035240802025,-0.01239641172837077,-0.039586057357164375,0.00003832468931417752,0.000030297095455880205,-0.000028890090137142172,0.003965745643359458,0.01614149795378155,0.050665806028975066,0.00009931730848744612,0.0008524088529634373,NaN,0,0,0,2,0.001396,0,0,0
641350591,0,1.0698921449937093,1.6753621133710472,0,0,0.004,-0.1518049594291504,0.24808082766015793,1.7059397498776665,0.005225674735134689,-0.048607837194670545,0.06877963390946906,0.004636111168050785,-0.032557078050161344,0.007738878125433547,-0.039741035240802025,-0.01239641172837077,-0.039586057357164375,0.00003832468931417752,0.000030297095455880205,-0.000028890090137142172,0.003970705473844885,0.01616335301920028,0.05086424087167151,0.00009931730888744612,0.0008524088929634373,NaN,0,0,0,2,0.001466,0,0,0
641350595,0,1.1847301788028743,1.4877425227843735,0,0,0.004,-0.05112738574982667,0.27773359169056977,1.5157582119789357,0.005225674735134689,-0.048607837194670545,0.06877963390946906,0.004636111168050785,-0.032557078050161344,0.007738878125433547,-0.039741035240802025,-0.01239641172837077,-0.039586057357164375,0.00003832468931417752,0.000030297095455880205,-0.000028890090137142172,0.00397566848248419,0.016183475715012184,0.051063285318089874,0.00009931730928744613,0.0008524089329634372,NaN,0,0,0,2,0.001466,0,0,0
641350599,0,1.3322888070336503,1.275316048156295,0,0,0.004,0.03034745418003504,0.2801129281990534,1.2979350295299614,0.005225674735134689,-0.048607837194670545,0.06877963390946906,0.004636111168050785,-0.032557078050161344,0.007738878125433547,-0.039741035240802025,-0.01239641172837077,-0.039586057357164375,0.00003832468931417752,0.000030297095455880205,-0.000028890090137142172,0.003980634669277385,0.016202660921511538,0.051262936397756274,0.00009931730968744614,0.0008524089729634372,NaN,0,0,0,2,0.003422,0,0,0
641350603,0,1.3766799482522702,1.2090833996508068,0,0,0.004,0.03583534512311126,0.27229228921715476,1.2314940866423516,0.005225674735134689,-0.048607837194670545,0.06877963390946906,0.004636111168050785,-0.032557078050161344,0.007738878125433547,-0.039741035240802025,-0.01239641172837077,-0.039586057357164375,0.00003832468931417752,0.000030297095455880205,-0.000028890090137142172,0.003985604034224483,0.0162219874747154,0.05146319329108045,0.00009931731008744614,0.0008524090129634371,NaN,0,0,0,2,0.001397,0,0,0
641350607,0,1.5133781236214892,1.120157709483899,0,0,0.004,0.13905448481166105,0.2971361731321548,1.1235476996695848,0.005225674735134689,-0.048607837194670545,0.06877963390946906,0.004636111168050785,-0.032557078050161344,0.007738878125433547,-0.039741035240802025,-0.01239641172837077,-0.039586057357164375,0.00003832468931417752,0.000030297095455880205,-0.000028890090137142172,0.003990576577325498,0.016239649708012893,0.05166405718118612,0.00009931731048744615,0.0008524090529634371,NaN,0,0,0,2,0.001397,0,0,0
641350611,0,1.6866675904383497,1.0162408201884612,0,0,0.004,0.28413759544207484,0.36194503562647673,0.9557561457986381,0.005225674735134689,-0.048607837194670545,0.06877963390946906,0.004636111168050785,-0.032557078050161344,0.007738878125433547,-0.039741035240802025,-0.01239641172837077,-0.039586057357164375,0.00003832468931417752,0.000030297095455880205,-0.000028890090137142172,0.003995552298580443,0.01625432949993395,0.051865525188009756,0.00009931731088744616,0.000852409092963437,NaN,0,0,0,2,0.001397,0,0,0
641350615,0,1.8584855024821918,0.9162584281318792,0,0,0.004,0.40160729645154647,0.508487661037038,0.6925172356986309,0.005225674735134689,-0.048607837194670545,0.06877963390946906,0.004636111168050785,-0.032557078050161344,0.007738878125433547,-0.039741035240802025,-0.01239641172837077,-0.039586057357164375,0.00003832468931417752,0.000030297095455880205,-0.000028890090137142172,0.004000531197989329,0.01626459494596588,0.05206759067324413,0.00009931731128744616,0.000852409132963437,NaN,0,0,0,2,0.001397,0,0,0
641350619,0,2.017194918996537,0.8573692487098064,0,0,0.004,0.40928366642922875,0.6287525937241084,0.45263992845779377,0.005225674735134689,-0.048607837194670545,0.06877963390946906,0.004636111168050785,-0.032557078050161344,0.007738878125433547,-0.039741035240802025,-0.01239641172837077,-0.039586057357164375,0.00003832468931417752,0.000030297095455880205,-0.000028890090137142172,0.00400551327555217,0.016272278303261025,0.05227024160314805,0.00009931731168744617,0.0008524091729634369,NaN,0,0,0,2,0.001397,0,0,0
641350623,0,2.064887225137728,0.9308324302381793,0,0,0.004,0.4971233266850368,0.704940007530721,0.38085514034240653,0.005225674735134689,-0.048607837194670545,0.06877963390946906,0.004636111168050785,-0.032557078050161344,0.007738878125433547,-0.039741035240802025,-0.01239641172837077,-0.039586057357164375,0.00003832468931417752,0.000030297095455880205,-0.000028890090137142172,0.004010498531268979,0.016277438704031144,0.05247346959231368,0.00009931731208744618,0.0008524092129634369,NaN,0,0,0,2,0.0014670000000000002,0,0,0
641350627,0,2.1788112897216294,1.0577547306374127,0,0,0.004,0.5752931118963567,0.8454745862733407,0.28977458736215844,0.005225674735134689,-0.048607837194670545,0.06877963390946906,0.004636111168050785,-0.032557078050161344,0.007738878125433547,-0.039741035240802025,-0.01239641172837077,-0.039586057357164375,0.00003832468931417752,0.000030297095455880205,-0.000028890090137142172,0.004015486965139768,0.016278846864375144,0.05267726774890487,0.00009931731248744618,0.0008524092529634368,NaN,0,0,0,2,0.003282,0,0,0
641350631,0,2.2962041452121746,1.2231952492219453,0,0,0.004,0.6567956764235012,1.0098028952943898,0.21511463017220755,0.005225674735134689,-0.048607837194670545,0.06877963390946906,0.004636111168050785,-0.032557078050161344,0.007738878125433547,-0.039741035240802025,-0.01239641172837077,-0.039586057357164375,0.00003832468931417752,0.000030297095455880205,-0.000028890090137142172,0.004020478577164551,0.016276021239092418,0.05288162459954442,0.00009931731288744619,0.0008524092929634368,NaN,0,0,0,2,0.0013260000000000001,0,0,0
641350635,0,2.3907886995641023,1.3716649590079273,0,0,0.004,0.7244728983355333,1.1559116611945135,0.05647798124402037,0.005225674735134689,-0.048607837194670545,0.06877963390946906,0.004636111168050785,-0.032557078050161344,0.007738878125433547,-0.039741035240802025,-0.01239641172837077,-0.039586057357164375,0.00003832468931417752,0.000030297095455880205,-0.000028890090137142172,0.004025473367343339,0.01626956582388543,0.05308652663212431,0.0000993173132874462,0.0008524093329634367,NaN,0,0,0,2,0.001396,0,0,0
641350639,0,2.431176190739089,1.4309954294129557,0,0,0.004,0.7062276059678052,1.229037466418462,-0.0844524679355434,0.005225674735134689,-0.048607837194670545,0.06877963390946906,0.004636111168050785,-0.032557078050161344,0.007738878125433547,-0.039741035240802025,-0.01239641172837077,-0.039586057357164375,0.00003832468931417752,0.000030297095455880205,-0.000028890090137142172,0.004030471335676146,0.016261982324124947,0.05329196165652326,0.0000993173136874462,0.0008524093729634367,NaN,0,0,0,2,0.001466,0,0,0
641350643,0,2.4433540672634497,1.4249068899956805,0,0,0.004,0.6723271653705722,1.2359965746447372,-0.12487637540814589,0.005225674735134689,-0.048607837194670545,0.06877963390946906,0.004636111168050785,-0.032557078050161344,0.007738878125433547,-0.039741035240802025,-0.01239641172837077,-0.039586057357164375,0.00003832468931417752,0.000030297095455880205,-0.000028890090137142172,0.004035472482162984,0.016254876513914454,0.053497924402466056,0.00009931731408744621,0.0008524094129634366,NaN,0,0,0,2,0.0014670000000000002,0,0,0
641350647,0,2.417208367787857,1.422749678942315,0,0,0.004,0.6643397842939296,1.2383838251407333,-0.1253633212263825,0.005225674735134689,-0.048607837194670545,0.06877963390946906,0.004636111168050785,-0.032557078050161344,0.007738878125433547,-0.039741035240802025,-0.01239641172837077,-0.039586057357164375,0.00003832468931417752,0.000030297095455880205,-0.000028890090137142172,0.004040476806803867,0.01624802031001679,0.053704414518756204,0.00009931731448744621,0.0008524094529634366,NaN,0,0,0,2,0.0014670000000000002,0,0,0
641350651,0,2.369461238020675,1.4447788874269698,0,0,0.004,0.692869137573515,1.246580790143525,-0.13807841958051448,0.005225674735134689,-0.048607837194670545,0.06877963390946906,0.004636111168050785,-0.032557078050161344,0.007738878125433547,-0.039741035240802025,-0.01239641172837077,-0.039586057357164375,0.00003832468931417752,0.000030297095455880205,-0.000028890090137142172,0.004045484309598808,0.016240918547575527,0.05391143162330806,0.00009931731488744622,0.0008524094929634365,NaN,0,0,0,2,0.0014670000000000002,0,0,0
641350655,0,2.26600465340797,1.411366044262765,0,0,0.004,0.6408598030070987,1.2332369136130064,-0.16094709732878343,0.005225674735134689,-0.048607837194670545,0.06877963390946906,0.004636111168050785,-0.032557078050161344,0.007738878125433547,-0.039741035240802025,-0.01239641172837077,-0.039586057357164375,0.00003832468931417752,0.000030297095455880205,-0.000028890090137142172,0.004050494990547818,0.01623484339267718,0.05411897409133659,0.00009931731528744623,0.0008524095329634364,NaN,0,0,0,2,0.001397,0,0,0
641350659,0,2.114352850461697,1.3483828345111908,0,0,0.004,0.507863188328326,1.2367780182280947,-0.08960398725380436,0.005225674735134689,-0.048607837194670545,0.06877963390946906,0.004636111168050785,-0.032557078050161344,0.007738878125433547,-0.039741035240802025,-0.01239641172837077,-0.039586057357164375,0.00003832468931417752,0.000030297095455880205,-0.000028890090137142172,0.0040555088496509115,0.016230265144555903,0.05432704366333315,0.00009931731568744623,0.0008524095729634364,NaN,0,0,0,2,0.003282,0,0,0
641350663,0,2.069196189560956,1.311647598630875,0,0,0.004,0.4461630317611769,1.2240237105415734,-0.06641269179332276,0.005225674735134689,-0.048607837194670545,0.06877963390946906,0.004636111168050785,-0.032557078050161344,0.007738878125433547,-0.039741035240802025,-0.01239641172837077,-0.039586057357164375,0.00003832468931417752,0.000030297095455880205,-0.000028890090137142172,0.0040605258869081005,0.016226806162223353,0.05453564269399204,0.00009931731608744624,0.0008524096129634363,NaN,0,0,0,2,0.0014670000000000002,0,0,0
641350667,0,1.9244722034101085,1.3500088405231947,0,0,0.004,0.4008174160522413,1.2866462551219544,0.07382925812435914,0.005225674735134689,-0.048607837194670545,0.06877963390946906,0.004636111168050785,-0.032557078050161344,0.007738878125433547,-0.039741035240802025,-0.01239641172837077,-0.039586057357164375,0.00003832468931417752,0.000030297095455880205,-0.000028890090137142172,0.0040655461023193975,0.01622275982073387,0.054744773104287235,0.00009931731648744625,0.0008524096529634363,NaN,0,0,0,2,0.001466,0,0,0
641350671,0,1.7324959723515176,1.4162217721044466,0,0,0.004,0.38274248222490503,1.3593788959506234,0.13698189283875273,0.005225674735134689,-0.048607837194670545,0.06877963390946906,0.004636111168050785,-0.032557078050161344,0.007738878125433547,-0.039741035240802025,-0.01239641172837077,-0.039586057357164375,0.00003832468931417752,0.000030297095455880205,-0.000028890090137142172,0.004070569495884815,0.016217684281612244,0.05495443094677668,0.00009931731688744625,0.0008524096929634362,NaN,0,0,0,2,0.001396,0,0,0
641350675,0,1.5083782334289728,1.4115713773154652,0,0,0.004,0.31671390829737356,1.3721176014665102,0.13810105354301072,0.005225674735134689,-0.048607837194670545,0.06877963390946906,0.004636111168050785,-0.032557078050161344,0.007738878125433547,-0.039741035240802025,-0.01239641172837077,-0.039586057357164375,0.00003832468931417752,0.000030297095455880205,-0.000028890090137142172,0.004075596067604367,0.016213265630739798,0.05516461082403068,0.00009931731728744626,0.0008524097329634362,NaN,0,0,0,2,0.001397,0,0,0
641350679,0,1.27173852367067,1.3572936107783085,0,0,0.004,0.2470860168225164,1.3261110554190916,0.20309480837124738,0.005225674735134689,-0.048607837194670545,0.06877963390946906,0.004636111168050785,-0.032557078050161344,0.007738878125433547,-0.039741035240802025,-0.01239641172837077,-0.039586057357164375,0.00003832468931417752,0.000030297095455880205,-0.000028890090137142172,0.004080625817478066,0.016210678160873914,0.055375312939165276,0.00009931731768744627,0.0008524097729634361,NaN,0,0,0,2,0.001466,0,0,0
641350683,0,1.2040474448928802,1.3319131759589142,0,0,0.004,0.21781546176696254,1.303031190144634,0.22381997618261984,0.005225674735134689,-0.048607837194670545,0.06877963390946906,0.004636111168050785,-0.032557078050161344,0.007738878125433547,-0.039741035240802025,-0.01239641172837077,-0.039586057357164375,0.00003832468931417752,0.000030297095455880205,-0.000028890090137142172,0.004085658745505925,0.016209070623820345,0.05558654210723652,0.00009931731808744627,0.0008524098129634361,NaN,0,0,0,2,0.001397,0,0,0
641350687,0,1.0321257001562931,1.3239666911829355,0,0,0.004,0.19051841260690217,1.2656713325622349,0.3954239909732582,0.005225674735134689,-0.048607837194670545,0.06877963390946906,0.004636111168050785,-0.032557078050161344,0.007738878125433547,-0.039741035240802025,-0.01239641172837077,-0.039586057357164375,0.00003832468931417752,0.000030297095455880205,-0.000028890090137142172,0.004090694851687957,0.016208672341664364,0.055798300449198125,0.00009931731848744628,0.000852409852963436,NaN,0,0,0,2,0.003352,0,0,0
641350691,0,0.8728678285202811,1.3737579916950247,0,0,0.004,0.2104201140537938,1.254952732980592,0.5744196766146157,0.005225674735134689,-0.048607837194670545,0.06877963390946906,0.004636111168050785,-0.032557078050161344,0.007738878125433547,-0.039741035240802025,-0.01239641172837077,-0.039586057357164375,0.00003832468931417752,0.000030297095455880205,-0.000028890090137142172,0.004095734136024174,0.016208503676823544,0.05601059129500321,0.00009931731888744629,0.000852409892963436,NaN,0,0,0,2,0.001466,0,0,0
641350703,0,0.7107279263378022,1.5140083719469464,0,0,0.012,0.24876007964234126,1.3023447350894708,0.7874742506754036,0.005225674735134689,-0.048607837194670545,0.06877963390946906,0.004636111168050785,-0.032557078050161344,0.007738878125433547,-0.039741035240802025,-0.01239641172837077,-0.039586057357164375,0.00003832468931417752,0.000030297095455880205,-0.000028890090137142172,0.004110871057958029,0.016205703875714968,0.0566506179973889,0.00009931732008744629,0.0008524100129634359,NaN,0,0,0,2,0.001397,0,0,0
641350707,0,0.6723049887064833,1.7041429824827232,0,0,0.004,0.4725757100577559,1.2711626700916039,1.08661138516808,0.005225674735134689,-0.048607837194670545,0.06877963390946906,0.004636111168050785,-0.032557078050161344,0.007738878125433547,-0.039741035240802025,-0.01239641172837077,-0.039586057357164375,0.00003832468931417752,0.000030297095455880205,-0.000028890090137142172,0.004115923054911076,0.016203629484553374,0.056865024613726715,0.0000993173204874463,0.0008524100529634359,NaN,0,0,0,2,0.001397,0,0,0
641350711,0,0.6605128529185526,1.9466061370445644,0,0,0.004,0.7184927974983324,1.2654792186564023,1.346273384088315,0.005225674735134689,-0.048607837194670545,0.06877963390946906,0.004636111168050785,-0.032557078050161344,0.007738878125433547,-0.039741035240802025,-0.01239641172837077,-0.039586057357164375,0.00003832468931417752,0.000030297095455880205,-0.000028890090137142172,0.0041209782300183715,0.01619953869483925,0.05707995550317083,0.0000993173208874463,0.0008524100929634358,NaN,0,0,0,2,0.0014670000000000002,0,0,0
641350715,0,0.6425680703542805,2.254755335514514,0,0,0.004,1.0531596395606793,1.249385289318016,1.6056286591951903,0.005225674735134689,-0.048607837194670545,0.06877963390946906,0.004636111168050785,-0.032557078050161344,0.007738878125433547,-0.039741035240802025,-0.01239641172837077,-0.039586057357164375,0.00003832468931417752,0.000030297095455880205,-0.000028890090137142172,0.004126036583279929,0.016192830430754045,0.05729540477883994,0.00009931732128744631,0.0008524101329634358,NaN,0,0,0,2,0.0014670000000000002,0,0,0
641350719,0,0.651462614419141,2.516012013129133,0,0,0.004,1.3882191596569535,1.2126719073096677,1.7631850035373393,0.005225674735134689,-0.048607837194670545,0.06877963390946906,0.004636111168050785,-0.032557078050161344,0.007738878125433547,-0.039741035240802025,-0.01239641172837077,-0.039586057357164375,0.00003832468931417752,0.000030297095455880205,-0.000028890090137142172,0.004131098114695762,0.016183985026626716,0.05751136502687918,0.00009931732168744632,0.0008524101729634357,NaN,0,0,0,2,0.001466,0,0,0
641350723,0,0.6624657473279657,2.597545973950261,0,0,0.004,1.4882900750704515,1.196342309413815,1.8113121672307475,0.005225674735134689,-0.048607837194670545,0.06877963390946906,0.004636111168050785,-0.032557078050161344,0.007738878125433547,-0.039741035240802025,-0.01239641172837077,-0.039586057357164375,0.00003832468931417752,0.000030297095455880205,-0.000028890090137142172,0.004136162824265883,0.016174962287354638,0.05772783028832888,0.00009931732208744633,0.0008524102129634357,NaN,0,0,0,2,0.002794,0,0,0
641350727,0,0.7416913345165768,2.7588849389644823,0,0,0.004,1.6877392091119863,1.1712664861141242,1.891288846559613,0.005225674735134689,-0.048607837194670545,0.06877963390946906,0.004636111168050785,-0.032557078050161344,0.007738878125433547,-0.039741035240802025,-0.01239641172837077,-0.039586057357164375,0.00003832468931417752,0.000030297095455880205,-0.000028890090137142172,0.004141230711990304,0.01616506493959836,0.0579447986955992,0.00009931732248744633,0.0008524102529634356,NaN,0,0,0,2,0.0014670000000000002,0,0,0
641350735,0,1.0654070493311196,3.1427344956667005,0,0,0.008,2.0839403667455674,1.35575100412479,1.9716162888434923,0.005225674735134689,-0.048607837194670545,0.06877963390946906,0.004636111168050785,-0.032557078050161344,0.007738878125433547,-0.039741035240802025,-0.01239641172837077,-0.039586057357164375,0.00003832468931417752,0.000030297095455880205,-0.000028890090137142172,0.00415137602190209,0.016133874701248326,0.05838025177156078,0.00009931732328744633,0.0008524103329634356,NaN,0,0,0,2,0.0014670000000000002,0,0,0
641350739,0,1.3425365518478851,3.1460377900490792,0,0,0.004,2.1571037537689337,1.425419431620234,1.8407035950341957,0.005225674735134689,-0.048607837194670545,0.06877963390946906,0.004636111168050785,-0.032557078050161344,0.007738878125433547,-0.039741035240802025,-0.01239641172837077,-0.039586057357164375,0.00003832468931417752,0.000030297095455880205,-0.000028890090137142172,0.004156453444089477,0.016117725722788752,0.05859866645341883,0.00009931732368744634,0.0008524103729634356,NaN,0,0,0,2,0.001397,0,0,0
641350743,0,1.429825129622407,3.203499238086075,0,0,0.004,2.241223456186445,1.4875478184081197,1.7880300012180346,0.005225674735134689,-0.048607837194670545,0.06877963390946906,0.004636111168050785,-0.032557078050161344,0.007738878125433547,-0.039741035240802025,-0.01239641172837077,-0.039586057357164375,0.00003832468931417752,0.000030297095455880205,-0.000028890090137142172,0.004161534044431215,0.01610072875516042,0.05881754538640952,0.00009931732408744634,0.0008524104129634355,NaN,0,0,0,2,0.001466,0,0,0
641350747,0,1.5808455258722558,3.118221066877318,0,0,0.004,2.2687968437029715,1.513312521627587,1.5596187326870457,0.005225674735134689,-0.048607837194670545,0.06877963390946906,0.004636111168050785,-0.032557078050161344,0.007738878125433547,-0.039741035240802025,-0.01239641172837077,-0.039586057357164375,0.00003832468931417752,0.000030297095455880205,-0.000028890090137142172,0.0041666178229273175,0.016084014769959507,0.05903688030132263,0.00009931732448744635,0.0008524104529634355,NaN,0,0,0,2,0.001397,0,0,0
641350751,0,1.7107895184389463,3.0456865988645916,0,0,0.004,2.2919731058599773,1.5498113863151968,1.3202530637456054,0.005225674735134689,-0.048607837194670545,0.06877963390946906,0.004636111168050785,-0.032557078050161344,0.007738878125433547,-0.039741035240802025,-0.01239641172837077,-0.039586057357164375,0.00003832468931417752,0.000030297095455880205,-0.000028890090137142172,0.0041717047795777965,0.01606747556978034,0.059256667304983454,0.00009931732488744636,0.0008524104929634354,NaN,0,0,0,2,0.001397,0,0,0
641350755,0,1.7843435422863336,2.998172981535092,0,0,0.004,2.264773679733909,1.6363431838987679,1.1342711029907804,0.005225674735134689,-0.048607837194670545,0.06877963390946906,0.004636111168050785,-0.032557078050161344,0.007738878125433547,-0.039741035240802025,-0.01239641172837077,-0.039586057357164375,0.00003832468931417752,0.000030297095455880205,-0.000028890090137142172,0.004176794914382665,0.01605069726255233,0.059476901716179614,0.00009931732528744636,0.0008524105329634354,NaN,0,0,0,2,0.003353,0,0,0
641350759,0,1.7938285204479807,2.9046901298020114,0,0,0.004,2.146461937230958,1.7501496805116026,0.9230872350670598,0.005225674735134689,-0.048607837194670545,0.06877963390946906,0.004636111168050785,-0.032557078050161344,0.007738878125433547,-0.039741035240802025,-0.01239641172837077,-0.039586057357164375,0.00003832468931417752,0.000030297095455880205,-0.000028890090137142172,0.004181888227341937,0.016033886463247545,0.05969757602170832,0.00009931732568744637,0.0008524105729634353,NaN,0,0,0,2,0.001466,0,0,0
641350763,0,1.79681471798446,2.8569933029028984,0,0,0.004,2.0872879719921196,1.7710714337125286,0.8651052229235852,0.005225674735134689,-0.048607837194670545,0.06877963390946906,0.004636111168050785,-0.032557078050161344,0.007738878125433547,-0.039741035240802025,-0.01239641172837077,-0.039586057357164375,0.00003832468931417752,0.000030297095455880205,-0.000028890090137142172,0.004186984718455624,0.01601815268201135,0.0599186828080273,0.00009931732608744638,0.0008524106129634353,NaN,0,0,0,2,0.0014670000000000002,0,0,0
641350795,0,0.9362619258123116,2.2828209364876986,0,0,0.032,1.548924526177067,1.3788760538990656,1.0099571021885119,0.005225674735134689,-0.048607837194670545,0.06877963390946906,0.004636111168050785,-0.032557078050161344,0.007738878125433547,-0.039741035240802025,-0.01239641172837077,-0.039586057357164375,0.00003832468931417752,0.000030297095455880205,-0.000028890090137142172,0.004227871060924725,0.015990150285468498,0.06170533936800616,0.00009931732928744637,0.0008524109329634353,NaN,0,0,0,2,0.0014670000000000002,0,0,0
641350799,0,0.5641536010700088,1.9832031467812874,0,0,0.004,1.2219905472690569,1.0959415122064367,1.1691072450069164,0.005225674735134689,-0.048607837194670545,0.06877963390946906,0.004636111168050785,-0.032557078050161344,0.007738878125433547,-0.039741035240802025,-0.01239641172837077,-0.039586057357164375,0.00003832468931417752,0.000030297095455880205,-0.000028890090137142172,0.00423299615542837,0.015994723091804747,0.06193068107353305,0.00009931732968744638,0.0008524109729634352,NaN,0,0,0,2,0.001397,0,0,0
641350803,0,0.4534142571605761,1.9162874210996128,0,0,0.004,1.1351687883507455,1.0193843686042294,1.2158138891305903,0.005225674735134689,-0.048607837194670545,0.06877963390946906,0.004636111168050785,-0.032557078050161344,0.007738878125433547,-0.039741035240802025,-0.01239641172837077,-0.039586057357164375,0.00003832468931417752,0.000030297095455880205,-0.000028890090137142172,0.0042381244280865595,0.016001122710484785,0.06215652983454346,0.00009931733008744639,0.0008524110129634352,NaN,0,0,0,2,0.001397,0,0,0
641350807,0,0.33274542050626593,1.8664368871814523,0,0,0.004,1.0686765726891292,0.8375695597331799,1.3367257486924338,0.005225674735134689,-0.048607837194670545,0.06877963390946906,0.004636111168050785,-0.032557078050161344,0.007738878125433547,-0.039741035240802025,-0.01239641172837077,-0.039586057357164375,0.00003832468931417752,0.000030297095455880205,-0.000028890090137142172,0.004243255878899305,0.016010654687275215,0.06238289465541466,0.0000993173304874464,0.0008524110529634351,NaN,0,0,0,2,0.0014670000000000002,0,0,0
641350811,0,0.25265538447529534,1.8675799814961664,0,0,0.004,1.0378248201474067,0.6413030030262811,1.4697845915165626,0.005225674735134689,-0.048607837194670545,0.06877963390946906,0.004636111168050785,-0.032557078050161344,0.007738878125433547,-0.039741035240802025,-0.01239641172837077,-0.039586057357164375,0.00003832468931417752,0.000030297095455880205,-0.000028890090137142172,0.004248390507866621,0.016023285142617045,0.06260979321313931,0.0000993173308874464,0.0008524110929634351,NaN,0,0,0,2,0.001466,0,0,0
641350815,0,0.2125637459319148,1.9102177501959923,0,0,0.004,1.0295519674932974,0.4933342351486488,1.5870074844197095,0.005225674735134689,-0.048607837194670545,0.06877963390946906,0.004636111168050785,-0.032557078050161344,0.007738878125433547,-0.039741035240802025,-0.01239641172837077,-0.039586057357164375,0.00003832468931417752,0.000030297095455880205,-0.000028890090137142172,0.004253528314988518,0.01603820048160338,0.0628372436665339,0.00009931733128744641,0.000852411132963435,NaN,0,0,0,2,0.0034230000000000003,0,0,0
641350819,0,0.21155948252368867,1.9962498689815271,0,0,0.004,1.0431103398046944,0.4271644111163252,1.7029607802422362,0.005225674735134689,-0.048607837194670545,0.06877963390946906,0.004636111168050785,-0.032557078050161344,0.007738878125433547,-0.039741035240802025,-0.01239641172837077,-0.039586057357164375,0.00003832468931417752,0.000030297095455880205,-0.000028890090137142172,0.00425866930026501,0.016054165103985683,0.06306525954523873,0.00009931733168744641,0.000852411172963435,NaN,0,0,0,2,0.001396,0,0,0
641350823,0,0.21225809351721606,2.02299904653445,0,0,0.004,1.047101209321567,0.4071897710026099,1.7377239238461435,0.005225674735134689,-0.048607837194670545,0.06877963390946906,0.004636111168050785,-0.032557078050161344,0.007738878125433547,-0.039741035240802025,-0.01239641172837077,-0.039586057357164375,0.00003832468931417752,0.000030297095455880205,-0.000028890090137142172,0.00426381346369611,0.01607058153410816,0.06329384676991424,0.00009931733208744642,0.0008524112129634349,NaN,0,0,0,2,0.001396,0,0,0
641350827,0,0.23132198446461535,2.0995241292912694,0,0,0.004,1.0689652979575508,0.36708104912945394,1.8246573994144804,0.005225674735134689,-0.048607837194670545,0.06877963390946906,0.004636111168050785,-0.032557078050161344,0.007738878125433547,-0.039741035240802025,-0.01239641172837077,-0.039586057357164375,0.00003832468931417752,0.000030297095455880205,-0.000028890090137142172,0.00426896080528183,0.016087655958384555,0.06352300755177152,0.00009931733248744643,0.0008524112529634349,NaN,0,0,0,2,0.001466,0,0,0
641350831,0,0.28273286564282496,2.1123233255642457,0,0,0.004,1.1265868019302177,0.3165451253220709,1.8136176087387152,0.005225674735134689,-0.048607837194670545,0.06877963390946906,0.004636111168050785,-0.032557078050161344,0.007738878125433547,-0.039741035240802025,-0.01239641172837077,-0.039586057357164375,0.00003832468931417752,0.000030297095455880205,-0.000028890090137142172,0.004274111325022183,0.016105406544502085,0.06375274539071951,0.00009931733288744643,0.0008524112929634348,NaN,0,0,0,2,0.001466,0,0,0
641350835,0,0.3468738072069885,2.1181936565029003,0,0,0.004,1.2100847337718685,0.34520274188780264,1.7587902816786016,0.005225674735134689,-0.048607837194670545,0.06877963390946906,0.004636111168050785,-0.032557078050161344,0.007738878125433547,-0.039741035240802025,-0.01239641172837077,-0.039586057357164375,0.00003832468931417752,0.000030297095455880205,-0.000028890090137142172,0.004279265022917182,0.01612269494325387,0.06398306372800464,0.00009931733328744644,0.0008524113329634348,NaN,0,0,0,2,0.001466,0,0,0
641350855,0,0.5844384548245055,2.1564843591946325,0,0,0.02,1.4178776512501161,0.4984033096750443,1.60144168330579,0.005225674735134689,-0.048607837194670545,0.06877963390946906,0.004636111168050785,-0.032557078050161344,0.007738878125433547,-0.039741035240802025,-0.01239641172837077,-0.039586057357164375,0.00003832468931417752,0.000030297095455880205,-0.000028890090137142172,0.00430508118471212,0.016199783641734654,0.06514269586069506,0.00009931733528744645,0.0008524115329634347,NaN,0,0,0,2,0.001397,0,0,0
641350859,0,0.6668945479191154,2.0998497440983415,0,0,0.004,1.4630068971448889,0.49761891534909075,1.4763718659806848,0.005225674735134689,-0.048607837194670545,0.06877963390946906,0.004636111168050785,-0.032557078050161344,0.007738878125433547,-0.039741035240802025,-0.01239641172837077,-0.039586057357164375,0.00003832468931417752,0.000030297095455880205,-0.000028890090137142172,0.004310253951535135,0.016216095152825755,0.06537637788650444,0.00009931733568744645,0.0008524115729634347,NaN,0,0,0,2,0.003213,0,0,0
641350863,0,0.691926914738474,2.1043707032612056,0,0,0.004,1.5034122472353582,0.5081202214641215,1.436654155348899,0.005225674735134689,-0.048607837194670545,0.06877963390946906,0.004636111168050785,-0.032557078050161344,0.007738878125433547,-0.039741035240802025,-0.01239641172837077,-0.039586057357164375,0.00003832468931417752,0.000030297095455880205,-0.000028890090137142172,0.0043154298965128865,0.016232518883807254,0.06561061851104981,0.00009931733608744646,0.0008524116129634346,NaN,0,0,0,2,0.001397,0,0,0
641350867,0,0.6807127377667035,2.0236277142460177,0,0,0.004,1.496505056835615,0.4894568427553917,1.3257716614173187,0.005225674735134689,-0.048607837194670545,0.06877963390946906,0.004636111168050785,-0.032557078050161344,0.007738878125433547,-0.039741035240802025,-0.01239641172837077,-0.039586057357164375,0.00003832468931417752,0.000030297095455880205,-0.000028890090137142172,0.0043206090196453864,0.016249545801081188,0.06584541614406386,0.00009931733648744647,0.0008524116529634346,NaN,0,0,0,2,0.001886,0,0,0
641350871,0,0.6216447621824702,1.8889165848774092,0,0,0.004,1.431127098714876,0.513617539958433,1.175429253705989,0.005225674735134689,-0.048607837194670545,0.06877963390946906,0.004636111168050785,-0.032557078050161344,0.007738878125433547,-0.039741035240802025,-0.01239641172837077,-0.039586057357164375,0.00003832468931417752,0.000030297095455880205,-0.000028890090137142172,0.0043257913209326475,0.016266705689408578,0.06608077320365999,0.00009931733688744647,0.0008524116929634345,NaN,0,0,0,2,0.001397,0,0,0
641350875,0,0.5264186512165765,1.7719015252027164,0,0,0.004,1.3550547226043672,0.5993685856527081,1.0267902141457252,0.005225674735134689,-0.048607837194670545,0.06877963390946906,0.004636111168050785,-0.032557078050161344,0.007738878125433547,-0.039741035240802025,-0.01239641172837077,-0.039586057357164375,0.00003832468931417752,0.000030297095455880205,-0.000028890090137142172,0.004330976800374683,0.016283191085919465,0.0663166899420954,0.00009931733728744648,0.0008524117329634345,NaN,0,0,0,2,0.001466,0,0,0
641350879,0,0.4115611602726367,1.6890092769953837,0,0,0.004,1.2884245760179274,0.6965045969394489,0.8967851074167523,0.005225674735134689,-0.048607837194670545,0.06877963390946906,0.004636111168050785,-0.032557078050161344,0.007738878125433547,-0.039741035240802025,-0.01239641172837077,-0.039586057357164375,0.00003832468931417752,0.000030297095455880205,-0.000028890090137142172,0.004336165457971505,0.016298828622388226,0.06655316132473083,0.00009931733768744648,0.0008524117729634344,NaN,0,0,0,2,0.001886,0,0,0
641350883,0,0.3794646458005201,1.6651538462884592,0,0,0.004,1.2662600214668462,0.7251894312895163,0.8579073920811204,0.005225674735134689,-0.048607837194670545,0.06877963390946906,0.004636111168050785,-0.032557078050161344,0.007738878125433547,-0.039741035240802025,-0.01239641172837077,-0.039586057357164375,0.00003832468931417752,0.000030297095455880205,-0.000028890090137142172,0.004341357293723126,0.016314442239619472,0.06679018095994174,0.00009931733808744649,0.0008524118129634344,NaN,0,0,0,2,0.0014670000000000002,0,0,0
641350887,0,0.26624811724453085,1.555748040225724,0,0,0.004,1.1945635185192065,0.741932130065519,0.7214245674105246,0.005225674735134689,-0.048607837194670545,0.06877963390946906,0.004636111168050785,-0.032557078050161344,0.007738878125433547,-0.039741035240802025,-0.01239641172837077,-0.039586057357164375,0.00003832468931417752,0.000030297095455880205,-0.000028890090137142172,0.00434655230762956,0.0163302218065567,0.06702774740099024,0.0000993173384874465,0.0008524118529634343,NaN,0,0,0,2,0.003282,0,0,0
641350891,0,0.21586173545908768,1.4815098805811546,0,0,0.004,1.1528869066768606,0.7319317025875608,0.6302029854147442,0.005225674735134689,-0.048607837194670545,0.06877963390946906,0.004636111168050785,-0.032557078050161344,0.007738878125433547,-0.039741035240802025,-0.01239641172837077,-0.039586057357164375,0.00003832468931417752,0.000030297095455880205,-0.000028890090137142172,0.004351750499690819,0.01634645703617345,0.06726586171805538,0.0000993173388874465,0.0008524118929634343,NaN,0,0,0,2,0.001396,0,0,0
641350895,0,0.24780497586752656,1.4748359405121052,0,0,0.004,1.1687114594164958,0.7328223967155115,0.5770071396454544,0.005225674735134689,-0.048607837194670545,0.06877963390946906,0.004636111168050785,-0.032557078050161344,0.007738878125433547,-0.039741035240802025,-0.01239641172837077,-0.039586057357164375,0.00003832468931417752,0.000030297095455880205,-0.000028890090137142172,0.004356951869906916,0.016362965375404798,0.06750452659696345,0.00009931733928744651,0.0008524119329634342,NaN,0,0,0,2,0.0014670000000000002,0,0,0
641350899,0,0.3336622183753996,1.4977268133961896,0,0,0.004,1.2026153460091569,0.7283987406171087,0.5706764704066121,0.005225674735134689,-0.048607837194670545,0.06877963390946906,0.004636111168050785,-0.032557078050161344,0.007738878125433547,-0.039741035240802025,-0.01239641172837077,-0.039586057357164375,0.00003832468931417752,0.000030297095455880205,-0.000028890090137142172,0.004362156418277864,0.0163798194151265,0.0677437420862974,0.00009931733968744652,0.0008524119729634342,NaN,0,0,0,2,0.001397,0,0,0
641350903,0,0.3649278597282476,1.5113027493517126,0,0,0.004,1.2191934447946176,0.7304730432445997,0.5683070436738227,0.005225674735134689,-0.048607837194670545,0.06877963390946906,0.004636111168050785,-0.032557078050161344,0.007738878125433547,-0.039741035240802025,-0.01239641172837077,-0.039586057357164375,0.00003832468931417752,0.000030297095455880205,-0.000028890090137142172,0.004367364144803675,0.016396942489533127,0.06798350822389691,0.00009931734008744652,0.0008524120129634341,NaN,0,0,0,2,0.001886,0,0,0
641350907,0,0.4313103777699026,1.5090785476079773,0,0,0.004,1.2399469037092825,0.696407194690391,0.5583919535275115,0.005225674735134689,-0.048607837194670545,0.06877963390946906,0.004636111168050785,-0.032557078050161344,0.007738878125433547,-0.039741035240802025,-0.01239641172837077,-0.039586057357164375,0.00003832468931417752,0.000030297095455880205,-0.000028890090137142172,0.004372575049484362,0.016414803580413334,0.06822382493159233,0.00009931734048744653,0.0008524120529634341,NaN,0,0,0,2,0.001396,0,0,0
641350911,0,0.4981646091899408,1.5115008164316988,0,0,0.004,1.2707124508977612,0.6378476589415122,0.5652916457370463,0.005225674735134689,-0.048607837194670545,0.06877963390946906,0.004636111168050785,-0.032557078050161344,0.007738878125433547,-0.039741035240802025,-0.01239641172837077,-0.039586057357164375,0.00003832468931417752,0.000030297095455880205,-0.000028890090137142172,0.004377789132319938,0.016433704645109806,0.06846469543572731,0.00009931734088744654,0.000852412092963434,NaN,0,0,0,2,0.001396,0,0,0
641350915,0,0.5507193115544011,1.5080950628445462,0,0,0.004,1.3032629974262646,0.5706504468725887,0.5511090555479043,0.005225674735134689,-0.048607837194670545,0.06877963390946906,0.004636111168050785,-0.032557078050161344,0.007738878125433547,-0.039741035240802025,-0.01239641172837077,-0.039586057357164375,0.00003832468931417752,0.000030297095455880205,-0.000028890090137142172,0.004383006393310416,0.016453752682809797,0.06870612500975001,0.00009931734128744654,0.000852412132963434,NaN,0,0,0,2,0.002863,0,0,0
641350919,0,0.5878982461802678,1.5246582254353411,0,0,0.004,1.355376811747475,0.5426981629098168,0.4885962397148855,0.005225674735134689,-0.048607837194670545,0.06877963390946906,0.004636111168050785,-0.032557078050161344,0.007738878125433547,-0.039741035240802025,-0.01239641172837077,-0.039586057357164375,0.00003832468931417752,0.000030297095455880205,-0.000028890090137142172,0.00438822683245581,0.01647829997021602,0.06894811975037024,0.00009931734168744655,0.0008524121729634339,NaN,0,0,0,2,0.0014670000000000002,0,0,0
641350923,0,0.59922700347899,1.4970120642340183,0,0,0.004,1.3391744866276583,0.5172944547802331,0.4725363889607266,0.005225674735134689,-0.048607837194670545,0.06877963390946906,0.004636111168050785,-0.032557078050161344,0.007738878125433547,-0.039741035240802025,-0.01239641172837077,-0.039586057357164375,0.00003832468931417752,0.000030297095455880205,-0.000028890090137142172,0.004393450449756132,0.016508238408470242,0.06919068151994644,0.00009931734208744656,0.0008524122129634339,NaN,0,0,0,2,0.001466,0,0,0
641350927,0,0.6150171133291441,1.4194435875712443,0,0,0.004,1.2817209491696746,0.48490728313855314,0.41634683665485106,0.005225674735134689,-0.048607837194670545,0.06877963390946906,0.004636111168050785,-0.032557078050161344,0.007738878125433547,-0.039741035240802025,-0.01239641172837077,-0.039586057357164375,0.00003832468931417752,0.000030297095455880205,-0.000028890090137142172,0.004398677245211393,0.01653845271419933,0.06943381402427956,0.00009931734248744656,0.0008524122529634338,NaN,0,0,0,2,0.001396,0,0,0
641350931,0,0.6226325166915856,1.3133964668840714,0,0,0.004,1.1826463699100256,0.48276487793540024,0.35003304039319083,0.005225674735134689,-0.048607837194670545,0.06877963390946906,0.004636111168050785,-0.032557078050161344,0.007738878125433547,-0.039741035240802025,-0.01239641172837077,-0.039586057357164375,0.00003832468931417752,0.000030297095455880205,-0.000028890090137142172,0.004403907218821607,0.016568861311703275,0.06967752287172002,0.00009931734288744657,0.0008524122929634338,NaN,0,0,0,2,0.001397,0,0,0
641350935,0,0.6188977686674968,1.1762083290475767,0,0,0.004,1.0472396888269857,0.47605325682902444,0.2881460355690013,0.005225674735134689,-0.048607837194670545,0.06877963390946906,0.004636111168050785,-0.032557078050161344,0.007738878125433547,-0.039741035240802025,-0.01239641172837077,-0.039586057357164375,0.00003832468931417752,0.000030297095455880205,-0.000028890090137142172,0.004409140370586788,0.01659936292505418,0.06992181205508963,0.00009931734328744658,0.0008524123329634337,NaN,0,0,0,2,0.001397,0,0,0
641350939,0,0.5954168810149529,1.0564048808514677,0,0,0.004,0.9170312103933742,0.505406849541233,0.17502199646340877,0.005225674735134689,-0.048607837194670545,0.06877963390946906,0.004636111168050785,-0.032557078050161344,0.007738878125433547,-0.039741035240802025,-0.01239641172837077,-0.039586057357164375,0.00003832468931417752,0.000030297095455880205,-0.000028890090137142172,0.004414376700506947,0.016629896595512363,0.07016668706913567,0.00009931734368744658,0.0008524123729634337,NaN,0,0,0,2,0.0014670000000000002,0,0,0
641350943,0,0.5884791091105768,1.0337594892113244,0,0,0.004,0.8866558349694043,0.5198518253471417,0.14047113283026036,0.005225674735134689,-0.048607837194670545,0.06877963390946906,0.004636111168050785,-0.032557078050161344,0.007738878125433547,-0.039741035240802025,-0.01239641172837077,-0.039586057357164375,0.00003832468931417752,0.000030297095455880205,-0.000028890090137142172,0.004419616208582098,0.016660537836088656,0.070412149830436,0.00009931734408744659,0.0008524124129634336,NaN,0,0,0,2,0.003771,0,0,0
641350947,0,0.5387149019862582,0.9676325138904087,0,0,0.004,0.7750029745590241,0.5757969230576608,0.05782516953678574,0.005225674735134689,-0.048607837194670545,0.06877963390946906,0.004636111168050785,-0.032557078050161344,0.007738878125433547,-0.039741035240802025,-0.01239641172837077,-0.039586057357164375,0.00003832468931417752,0.000030297095455880205,-0.000028890090137142172,0.004424858894812254,0.01669115384871804,0.07065820071217258,0.0000993173444874466,0.0008524124529634336,NaN,0,0,0,2,0.001397,0,0,0
641350951,0,0.47674512903786254,0.9215551396731624,0,0,0.004,0.7068575392758183,0.5871864729386153,0.02273835403848601,0.005225674735134689,-0.048607837194670545,0.06877963390946906,0.004636111168050785,-0.032557078050161344,0.007738878125433547,-0.039741035240802025,-0.01239641172837077,-0.039586057357164375,0.00003832468931417752,0.000030297095455880205,-0.000028890090137142172,0.004430104759197427,0.01672177752410488,0.07090483850912077,0.0000993173448874466,0.0008524124929634335,NaN,0,0,0,2,0.0014670000000000002,0,0,0
641350955,0,0.37234120772321827,0.863208633985574,0,0,0.004,0.6638586979612844,0.5482684261633718,0.04397600729322271,0.005225674735134689,-0.048607837194670545,0.06877963390946906,0.004636111168050785,-0.032557078050161344,0.007738878125433547,-0.039741035240802025,-0.01239641172837077,-0.039586057357164375,0.00003832468931417752,0.000030297095455880205,-0.000028890090137142172,0.00443535380173763,0.016752432220535567,0.07115206495989199,0.00009931734528744661,0.0008524125329634335,NaN,0,0,0,2,0.001397,0,0,0
641350959,0,0.2289004470211739,0.8250095423478315,0,0,0.004,0.6449135295076263,0.5106656830830459,0.06950304874571067,0.005225674735134689,-0.048607837194670545,0.06877963390946906,0.004636111168050785,-0.032557078050161344,0.007738878125433547,-0.039741035240802025,-0.01239641172837077,-0.039586057357164375,0.00003832468931417752,0.000030297095455880205,-0.000028890090137142172,0.004440606022432876,0.016783148506572487,0.07139988589148749,0.00009931734568744662,0.0008524125729634334,NaN,0,0,0,2,0.001466,0,0,0
641350963,0,0.1887290326355453,0.817124572406319,0,0,0.004,0.6413123752981373,0.5022038965604668,0.07695906703798627,0.005225674735134689,-0.048607837194670545,0.06877963390946906,0.004636111168050785,-0.032557078050161344,0.007738878125433547,-0.039741035240802025,-0.01239641172837077,-0.039586057357164375,0.00003832468931417752,0.000030297095455880205,-0.000028890090137142172,0.004445861421283177,0.01681394653581665,0.07164830631773984,0.00009931734608744662,0.0008524126129634334,NaN,0,0,0,2,0.001397,0,0,0
641350967,0,0.09552030425081674,0.8414488975991686,0,0,0.004,0.68161668697534,0.48587195208470824,0.11188579904370499,0.005225674735134689,-0.048607837194670545,0.06877963390946906,0.004636111168050785,-0.032557078050161344,0.007738878125433547,-0.039741035240802025,-0.01239641172837077,-0.039586057357164375,0.00003832468931417752,0.000030297095455880205,-0.000028890090137142172,0.004451119998288547,0.01684491703024115,0.07189732804289022,0.00009931734648744663,0.0008524126529634333,NaN,0,0,0,2,0.001397,0,0,0
641350971,0,0.20251805372367707,0.8223481840930223,0,0,0.004,0.7217068333647128,0.37704250268567063,0.14576908602192873,0.005225674735134689,-0.048607837194670545,0.06877963390946906,0.004636111168050785,-0.032557078050161344,0.007738878125433547,-0.039741035240802025,-0.01239641172837077,-0.039586057357164375,0.00003832468931417752,0.000030297095455880205,-0.000028890090137142172,0.004456381753448998,0.016876070977668984,0.07214695234945398,0.00009931734688744664,0.0008524126929634333,NaN,0,0,0,2,0.001397,0,0,0
641350975,0,0.39141236820776915,0.7784218271642755,0,0,0.004,0.7203268489854884,0.27508168272485445,0.13181509918003265,0.005225674735134689,-0.048607837194670545,0.06877963390946906,0.004636111168050785,-0.032557078050161344,0.007738878125433547,-0.039741035240802025,-0.01239641172837077,-0.039586057357164375,0.00003832468931417752,0.000030297095455880205,-0.000028890090137142172,0.004461646686764543,0.016907324261987742,0.07239718950025899,0.00009931734728744664,0.0008524127329634332,NaN,0,0,0,2,0.0028640000000000002,0,0,0
641350979,0,0.5607671450255791,0.7202606486427616,0,0,0.004,0.674046705095052,0.23310879485931302,0.12417347509361498,0.005225674735134689,-0.048607837194670545,0.06877963390946906,0.004636111168050785,-0.032557078050161344,0.007738878125433547,-0.039741035240802025,-0.01239641172837077,-0.039586057357164375,0.00003832468931417752,0.000030297095455880205,-0.000028890090137142172,0.004466914798235195,0.016938574911458833,0.07264805038244636,0.00009931734768744665,0.0008524127729634332,NaN,0,0,0,2,0.001466,0,0,0
641350983,0,0.6120544099461543,0.7312429984291041,0,0,0.004,0.687274614945961,0.22941575314398877,0.12206834347570883,0.005225674735134689,-0.048607837194670545,0.06877963390946906,0.004636111168050785,-0.032557078050161344,0.007738878125433547,-0.039741035240802025,-0.01239641172837077,-0.039586057357164375,0.00003832468931417752,0.000030297095455880205,-0.000028890090137142172,0.004472186087860965,0.01696994920138948,0.07289954147803233,0.00009931734808744665,0.0008524128129634331,NaN,0,0,0,2,0.0014670000000000002,0,0,0
641350987,0,0.7140799325138882,0.6924253801509777,0,0,0.004,0.6653525362314536,0.15854036971165664,0.13552977606846817,0.005225674735134689,-0.048607837194670545,0.06877963390946906,0.004636111168050785,-0.032557078050161344,0.007738878125433547,-0.039741035240802025,-0.01239641172837077,-0.039586057357164375,0.00003832468931417752,0.000030297095455880205,-0.000028890090137142172,0.004477460555641868,0.017001364827719453,0.07315166376856595,0.00009931734848744666,0.000852412852963433,NaN,0,0,0,2,0.0014670000000000002,0,0,0
641350991,0,0.8039881091562999,0.5700058983699766,0,0,0.004,0.5622818108855128,0.060387434649244454,0.041925678612662054,0.005225674735134689,-0.048607837194670545,0.06877963390946906,0.004636111168050785,-0.032557078050161344,0.007738878125433547,-0.039741035240802025,-0.01239641172837077,-0.039586057357164375,0.00003832468931417752,0.000030297095455880205,-0.000028890090137142172,0.004482738201577917,0.017032585593975656,0.07340442583444413,0.00009931734888744667,0.000852412892963433,NaN,0,0,0,2,0.001397,0,0,0
641350995,0,0.8431638422459024,0.48745426976438166,0,0,0.004,0.45327386807290027,0.025245079957327277,-0.10906106140155991,0.005225674735134689,-0.048607837194670545,0.06877963390946906,0.004636111168050785,-0.032557078050161344,0.007738878125433547,-0.039741035240802025,-0.01239641172837077,-0.039586057357164375,0.00003832468931417752,0.000030297095455880205,-0.000028890090137142172,0.004488019025669123,0.017063559408980918,0.0736578413273989,0.00009931734928744667,0.000852412932963433,NaN,0,0,0,2,0.001397,0,0,0
641350999,0,0.8338277624933985,0.44446839323566323,0,0,0.004,0.34934961054727887,0.010694002999619978,-0.2120448267164452,0.005225674735134689,-0.048607837194670545,0.06877963390946906,0.004636111168050785,-0.032557078050161344,0.007738878125433547,-0.039741035240802025,-0.01239641172837077,-0.039586057357164375,0.00003832468931417752,0.000030297095455880205,-0.000028890090137142172,0.0044933030279155,0.01709429204650132,0.07391191793260872,0.00009931734968744668,0.0008524129729634329,NaN,0,0,0,2,0.001466,0,0,0
641351003,0,0.8310440786926413,0.4329118942742769,0,0,0.004,0.30738107522115743,0.002553174067106201,-0.24333648001452168,0.005225674735134689,-0.048607837194670545,0.06877963390946906,0.004636111168050785,-0.032557078050161344,0.007738878125433547,-0.039741035240802025,-0.01239641172837077,-0.039586057357164375,0.00003832468931417752,0.000030297095455880205,-0.000028890090137142172,0.004498590208317061,0.017124958413166393,0.07416666116710834,0.00009931735008744669,0.0008524130129634328,NaN,0,0,0,2,0.003422,0,0,0
641351007,0,0.771405946802428,0.3951069415278725,0,0,0.004,0.20510978062543983,0.014625193782800472,-0.27783781219449466,0.005225674735134689,-0.048607837194670545,0.06877963390946906,0.004636111168050785,-0.032557078050161344,0.007738878125433547,-0.039741035240802025,-0.01239641172837077,-0.039586057357164375,0.00003832468931417752,0.000030297095455880205,-0.000028890090137142172,0.004503880566873818,0.017155383830831292,0.07442207422563724,0.0000993173504874467,0.0008524130529634328,NaN,0,0,0,2,0.001466,0,0,0
641351011,0,0.7109023780229701,0.406015780098866,0,0,0.004,0.16017982591536595,0.028641858230312844,-0.3133557556452917,0.005225674735134689,-0.048607837194670545,0.06877963390946906,0.004636111168050785,-0.032557078050161344,0.007738878125433547,-0.039741035240802025,-0.01239641172837077,-0.039586057357164375,0.00003832468931417752,0.000030297095455880205,-0.000028890090137142172,0.004509174103585784,0.017185724410421026,0.07467815994481419,0.0000993173508874467,0.0008524130929634327,NaN,0,0,0,2,0.001396,0,0,0
641351015,0,0.6494464262280077,0.5001895834250218,0,0,0.004,0.19835391254772783,0.10338319811365737,-0.38935063674820647,0.005225674735134689,-0.048607837194670545,0.06877963390946906,0.004636111168050785,-0.032557078050161344,0.007738878125433547,-0.039741035240802025,-0.01239641172837077,-0.039586057357164375,0.00003832468931417752,0.000030297095455880205,-0.000028890090137142172,0.004514470818452973,0.017216218992018865,0.07493491929447499,0.00009931735128744671,0.0008524131329634327,NaN,0,0,0,2,0.001397,0,0,0
641351019,0,0.5901478748903163,0.5930793161219219,0,0,0.004,0.24469235835571967,0.1618119847116889,-0.4576709488521029,0.005225674735134689,-0.048607837194670545,0.06877963390946906,0.004636111168050785,-0.032557078050161344,0.007738878125433547,-0.039741035240802025,-0.01239641172837077,-0.039586057357164375,0.00003832468931417752,0.000030297095455880205,-0.000028890090137142172,0.004519770711475397,0.017246907090902864,0.07519234479069536,0.00009931735168744671,0.0008524131729634326,NaN,0,0,0,2,0.001466,0,0,0
641351023,0,0.5726012303662531,0.6184906188533262,0,0,0.004,0.25139773836162793,0.17773313283896341,-0.4787251532355494,0.005225674735134689,-0.048607837194670545,0.06877963390946906,0.004636111168050785,-0.032557078050161344,0.007738878125433547,-0.039741035240802025,-0.01239641172837077,-0.039586057357164375,0.00003832468931417752,0.000030297095455880205,-0.000028890090137142172,0.004525073782653068,0.017277685619407412,0.07545043029476571,0.00009931735208744672,0.0008524132129634326,NaN,0,0,0,2,0.001397,0,0,0
641351027,0,0.5540755525250112,0.5899482880795286,0,0,0.004,0.290674784016159,0.1266032426375142,-0.4392093885488677,0.005225674735134689,-0.048607837194670545,0.06877963390946906,0.004636111168050785,-0.032557078050161344,0.007738878125433547,-0.039741035240802025,-0.01239641172837077,-0.039586057357164375,0.00003832468931417752,0.000030297095455880205,-0.000028890090137142172,0.004530380031986,0.017308638990189987,0.07570917510468733,0.00009931735248744673,0.0008524132529634325,NaN,0,0,0,2,0.0014670000000000002,0,0,0
641351031,0,0.5533654286377603,0.6437246783004369,0,0,0.004,0.3508069002053207,0.1219392865757859,-0.4672080617694512,0.005225674735134689,-0.048607837194670545,0.06877963390946906,0.004636111168050785,-0.032557078050161344,0.007738878125433547,-0.039741035240802025,-0.01239641172837077,-0.039586057357164375,0.00003832468931417752,0.000030297095455880205,-0.000028890090137142172,0.004535689459474205,0.017339848440622987,0.07596858420781033,0.00009931735288744673,0.0008524132929634325,NaN,0,0,0,2,0.003352,0,0,0
641351035,0,0.5501507077704152,0.7829938054259873,0,0,0.004,0.3896111438558243,0.17903678504499132,-0.5970612214039157,0.005225674735134689,-0.048607837194670545,0.06877963390946906,0.004636111168050785,-0.032557078050161344,0.007738878125433547,-0.039741035240802025,-0.01239641172837077,-0.039586057357164375,0.00003832468931417752,0.000030297095455880205,-0.000028890090137142172,0.004541002065117696,0.01737130385557127,0.07622865736960624,0.00009931735328744674,0.0008524133329634324,NaN,0,0,0,2,0.001397,0,0,0
641351039,0,0.5548641990383845,0.8541107793056539,0,0,0.004,0.3471232035526661,0.2056423694762629,-0.6951355289573993,0.005225674735134689,-0.048607837194670545,0.06877963390946906,0.004636111168050785,-0.032557078050161344,0.007738878125433547,-0.039741035240802025,-0.01239641172837077,-0.039586057357164375,0.00003832468931417752,0.000030297095455880205,-0.000028890090137142172,0.004546317848916485,0.01740277786742806,0.07648938875983693,0.00009931735368744675,0.0008524133729634324,NaN,0,0,0,2,0.0014670000000000002,0,0,0
641351043,0,0.5562826322093649,0.8855317089221552,0,0,0.004,0.3570092748863605,0.21739212976358535,-0.723098216444857,0.005225674735134689,-0.048607837194670545,0.06877963390946906,0.004636111168050785,-0.032557078050161344,0.007738878125433547,-0.039741035240802025,-0.01239641172837077,-0.039586057357164375,0.00003832468931417752,0.000030297095455880205,-0.000028890090137142172,0.004551636810870586,0.017434415132680837,0.07675077800377453,0.00009931735408744675,0.0008524134129634323,NaN,0,0,0,2,0.001397,0,0,0
641351047,0,0.5605119298626929,0.8809051667223754,0,0,0.004,0.29198143114970665,0.1863283139073061,-0.7525369437762119,0.005225674735134689,-0.048607837194670545,0.06877963390946906,0.004636111168050785,-0.032557078050161344,0.007738878125433547,-0.039741035240802025,-0.01239641172837077,-0.039586057357164375,0.00003832468931417752,0.000030297095455880205,-0.000028890090137142172,0.0045569589509800125,0.017465985863849506,0.07701282461181301,0.00009931735448744676,0.0008524134529634323,NaN,0,0,0,2,0.0014670000000000002,0,0,0
641351051,0,0.564665267630523,0.9315854444268691,0,0,0.004,0.24597416006063333,0.18618117054325223,-0.8218125448333424,0.005225674735134689,-0.048607837194670545,0.06877963390946906,0.004636111168050785,-0.032557078050161344,0.007738878125433547,-0.039741035240802025,-0.01239641172837077,-0.039586057357164375,0.00003832468931417752,0.000030297095455880205,-0.000028890090137142172,0.0045622842692447756,0.017497586369723928,0.07727553456169696,0.00009931735488744677,0.0008524134929634322,NaN,0,0,0,2,0.0014670000000000002,0,0,0
641351055,0,0.5630321010926282,1.0541458832684023,0,0,0.004,0.24078433107478725,0.1953492468798398,-0.9503810913460224,0.005225674735134689,-0.048607837194670545,0.06877963390946906,0.004636111168050785,-0.032557078050161344,0.007738878125433547,-0.039741035240802025,-0.01239641172837077,-0.039586057357164375,0.00003832468931417752,0.000030297095455880205,-0.000028890090137142172,0.004567612765664889,0.01752942847847361,0.07753891016086319,0.00009931735528744677,0.0008524135329634322,NaN,0,0,0,2,0.001466,0,0,0
641351059,0,0.5460545494128797,1.0734888971578342,0,0,0.004,0.17750045385052493,0.18385755172556173,-0.9856253665763557,0.005225674735134689,-0.048607837194670545,0.06877963390946906,0.004636111168050785,-0.032557078050161344,0.007738878125433547,-0.039741035240802025,-0.01239641172837077,-0.039586057357164375,0.00003832468931417752,0.000030297095455880205,-0.000028890090137142172,0.004572944440240365,0.017561267027155,0.07780295160408279,0.00009931735568744678,0.0008524135729634321,NaN,0,0,0,2,0.003282,0,0,0
641351063,0,0.541112794939108,1.0794883032035252,0,0,0.004,0.15201860790659882,0.17890876425095248,-0.9966862319969003,0.005225674735134689,-0.048607837194670545,0.06877963390946906,0.004636111168050785,-0.032557078050161344,0.007738878125433547,-0.039741035240802025,-0.01239641172837077,-0.039586057357164375,0.00003832468931417752,0.000030297095455880205,-0.000028890090137142172,0.004578279292971216,0.017593210120141672,0.07806766284077411,0.00009931735608744679,0.0008524136129634321,NaN,0,0,0,2,0.001397,0,0,0
641351067,0,0.5302173068186798,0.8534870460252486,0,0,0.004,0.025047526201339432,0.14135062843773827,-0.7846387213991299,0.005225674735134689,-0.048607837194670545,0.06877963390946906,0.004636111168050785,-0.032557078050161344,0.007738878125433547,-0.039741035240802025,-0.01239641172837077,-0.039586057357164375,0.00003832468931417752,0.000030297095455880205,-0.000028890090137142172,0.0045836173238574555,0.017624604523111743,0.07833304617093095,0.00009931735648744679,0.000852413652963432,NaN,0,0,0,2,0.0014670000000000002,0,0,0
641351071,0,0.5511140279502583,0.6648473568056296,0,0,0.004,0.05541723844160962,0.18368835121168525,-0.5802324262110048,0.005225674735134689,-0.048607837194670545,0.06877963390946906,0.004636111168050785,-0.032557078050161344,0.007738878125433547,-0.039741035240802025,-0.01239641172837077,-0.039586057357164375,0.00003832468931417752,0.000030297095455880205,-0.000028890090137142172,0.004588958532899096,0.017655912455228625,0.07859911002793428,0.0000993173568874468,0.000852413692963432,NaN,0,0,0,2,0.001466,0,0,0
641351075,0,0.6233687566959132,0.591167761407319,0,0,0.004,0.1871179144145816,0.27834136232794904,-0.4310647437410058,0.005225674735134689,-0.048607837194670545,0.06877963390946906,0.004636111168050785,-0.032557078050161344,0.007738878125433547,-0.039741035240802025,-0.01239641172837077,-0.039586057357164375,0.00003832468931417752,0.000030297095455880205,-0.000028890090137142172,0.004594302920096151,0.01768750898958784,0.07886585019221376,0.0000993173572874468,0.0008524137329634319,NaN,0,0,0,2,0.0018160000000000001,0,0,0
641351079,0,0.7413997309147216,0.4615015942763923,0,0,0.004,0.3070615408589441,0.24689880385465057,-0.18490561000219508,0.005225674735134689,-0.048607837194670545,0.06877963390946906,0.004636111168050785,-0.032557078050161344,0.007738878125433547,-0.039741035240802025,-0.01239641172837077,-0.039586057357164375,0.00003832468931417752,0.000030297095455880205,-0.000028890090137142172,0.004599650485448633,0.017719182179790575,0.07913325415444146,0.00009931735768744681,0.0008524137729634319,NaN,0,0,0,2,0.0014670000000000002,0,0,0
641351083,0,0.7768942012244134,0.4399175555420956,0,0,0.004,0.3336506871598268,0.23326795319945026,-0.11153636838762182,0.005225674735134689,-0.048607837194670545,0.06877963390946906,0.004636111168050785,-0.032557078050161344,0.007738878125433547,-0.039741035240802025,-0.01239641172837077,-0.039586057357164375,0.00003832468931417752,0.000030297095455880205,-0.000028890090137142172,0.004605001228956554,0.017750878910060632,0.07940132269696581,0.00009931735808744682,0.0008524138129634318,NaN,0,0,0,2,0.001397,0,0,0
641351087,0,0.9301460904579727,0.5919831052223276,0,0,0.004,0.5209513059920561,0.16458642515651334,0.2847117036688207,0.005225674735134689,-0.048607837194670545,0.06877963390946906,0.004636111168050785,-0.032557078050161344,0.007738878125433547,-0.039741035240802025,-0.01239641172837077,-0.039586057357164375,0.00003832468931417752,0.000030297095455880205,-0.000028890090137142172,0.004610355150619928,0.017782657837456122,0.07967005754095212,0.00009931735848744682,0.0008524138529634318,NaN,0,0,0,2,0.003353,0,0,0
641351091,0,1.1388748500724515,0.9206955531870384,0,0,0.004,0.7039382881875069,0.10885740130949084,0.6399249151476365,0.005225674735134689,-0.048607837194670545,0.06877963390946906,0.004636111168050785,-0.032557078050161344,0.007738878125433547,-0.039741035240802025,-0.01239641172837077,-0.039586057357164375,0.00003832468931417752,0.000030297095455880205,-0.000028890090137142172,0.004615712250438767,0.017814653001969955,0.07993946148016885,0.00009931735888744683,0.0008524138929634317,NaN,0,0,0,2,0.001466,0,0,0
641351095,0,1.3622499340935872,1.1771558821165027,0,0,0.004,0.8478985150269491,0.1589571715623762,0.8581550610066504,0.005225674735134689,-0.048607837194670545,0.06877963390946906,0.004636111168050785,-0.032557078050161344,0.007738878125433547,-0.039741035240802025,-0.01239641172837077,-0.039586057357164375,0.00003832468931417752,0.000030297095455880205,-0.000028890090137142172,0.004621072528413084,0.01784705143967337,0.08020953614380448,0.00009931735928744684,0.0008524139329634317,NaN,0,0,0,2,0.001397,0,0,0
641351099,0,1.5499809567051275,1.1746782489809888,0,0,0.004,0.7421833859864038,0.12715269572524635,0.9587584035371943,0.005225674735134689,-0.048607837194670545,0.06877963390946906,0.004636111168050785,-0.032557078050161344,0.007738878125433547,-0.039741035240802025,-0.01239641172837077,-0.039586057357164375,0.00003832468931417752,0.000030297095455880205,-0.000028890090137142172,0.004626435984542891,0.01787915865567397,0.08048027327485213,0.00009931735968744684,0.0008524139729634316,NaN,0,0,0,2,0.001886,0,0,0
641351103,0,1.606388175453413,1.2289350093226254,0,0,0.004,0.7874045893964443,0.15205535479352317,0.988826491820312,0.005225674735134689,-0.048607837194670545,0.06877963390946906,0.004636111168050785,-0.032557078050161344,0.007738878125433547,-0.039741035240802025,-0.01239641172837077,-0.039586057357164375,0.00003832468931417752,0.000030297095455880205,-0.000028890090137142172,0.004631802618828201,0.01791164871723526,0.08075168035424106,0.00009931736008744685,0.0008524140129634316,NaN,0,0,0,2,0.001397,0,0,0
641351107,0,1.6963146794694517,1.1620983430942518,0,0,0.004,0.6781217440772047,0.08872950333307672,0.9972175590205854,0.005225674735134689,-0.048607837194670545,0.06877963390946906,0.004636111168050785,-0.032557078050161344,0.007738878125433547,-0.039741035240802025,-0.01239641172837077,-0.039586057357164375,0.00003832468931417752,0.000030297095455880205,-0.000028890090137142172,0.0046371724312690285,0.017943928544623355,0.08102375447159915,0.00009931736048744686,0.0008524140529634315,NaN,0,0,0,2,0.001397,0,0,0
641351111,0,1.7367311701633372,1.0382426596957561,0,0,0.004,0.533911741830521,0.06395206213549798,0.9459677185766555,0.005225674735134689,-0.048607837194670545,0.06877963390946906,0.004636111168050785,-0.032557078050161344,0.007738878125433547,-0.039741035240802025,-0.01239641172837077,-0.039586057357164375,0.00003832468931417752,0.000030297095455880205,-0.000028890090137142172,0.004642545421865385,0.017975865510430337,0.08129650623226048,0.00009931736088744686,0.0008524140929634315,NaN,0,0,0,2,0.001396,0,0,0
641351115,0,1.6926577762566037,0.8288949228467742,0,0,0.004,0.34699985805082667,0.05587677906968447,0.808655864785992,0.005225674735134689,-0.048607837194670545,0.06877963390946906,0.004636111168050785,-0.032557078050161344,0.007738878125433547,-0.039741035240802025,-0.01239641172837077,-0.039586057357164375,0.00003832468931417752,0.000030297095455880205,-0.000028890090137142172,0.0046479215906172835,0.01800727575346556,0.08156994317477763,0.00009931736128744687,0.0008524141329634314,NaN,0,0,0,2,0.0014670000000000002,0,0,0
641351119,0,1.5746796482750332,0.5869276876818245,0,0,0.004,0.06163041229047761,0.0263954288007463,0.6406134008033764,0.005225674735134689,-0.048607837194670545,0.06877963390946906,0.004636111168050785,-0.032557078050161344,0.007738878125433547,-0.039741035240802025,-0.01239641172837077,-0.039586057357164375,0.00003832468931417752,0.000030297095455880205,-0.000028890090137142172,0.004653300937524737,0.018037675501506395,0.08184407224364132,0.00009931736168744688,0.0008524141729634314,NaN,0,0,0,2,0.003772,0,0,0
641351123,0,1.539375255290336,0.5342906348622041,0,0,0.004,-0.04610412597294844,0.008595799917066604,0.5893545308823516,0.005225674735134689,-0.048607837194670545,0.06877963390946906,0.004636111168050785,-0.032557078050161344,0.007738878125433547,-0.039741035240802025,-0.01239641172837077,-0.039586057357164375,0.00003832468931417752,0.000030297095455880205,-0.000028890090137142172,0.004658683462587757,0.018067724610451263,0.0821189053353783,0.00009931736208744688,0.0008524142129634313,NaN,0,0,0,2,0.000978,0,0,0
641351127,0,1.375678581229927,0.5075628762936555,0,0,0.004,-0.23287450440767032,0.01807504429769613,0.5071372323627994,0.005225674735134689,-0.048607837194670545,0.06877963390946906,0.004636111168050785,-0.032557078050161344,0.007738878125433547,-0.039741035240802025,-0.01239641172837077,-0.039586057357164375,0.00003832468931417752,0.000030297095455880205,-0.000028890090137142172,0.004664069165806359,0.01809707631263467,0.08239444844937648,0.00009931736248744689,0.0008524142529634312,NaN,0,0,0,2,0.001396,0,0,0
641351131,0,1.15902872959233,0.5332235298585392,0,0,0.004,-0.3471047798116993,0.010460853196521014,0.46026262325766965,0.005225674735134689,-0.048607837194670545,0.06877963390946906,0.004636111168050785,-0.032557078050161344,0.007738878125433547,-0.039741035240802025,-0.01239641172837077,-0.039586057357164375,0.00003832468931417752,0.000030297095455880205,-0.000028890090137142172,0.004669458047180554,0.018126026460838156,0.0826707065927221,0.0000993173628874469,0.0008524142929634312,NaN,0,0,0,2,0.001397,0,0,0
641351135,0,0.9249942169332838,0.5187219396847006,0,0,0.004,-0.39956147781853013,-0.01833730313553794,0.38447284036195484,0.005225674735134689,-0.048607837194670545,0.06877963390946906,0.004636111168050785,-0.032557078050161344,0.007738878125433547,-0.039741035240802025,-0.01239641172837077,-0.039586057357164375,0.00003832468931417752,0.000030297095455880205,-0.000028890090137142172,0.004674850106710355,0.018154847961489043,0.08294768457563606,0.0000993173632874469,0.0008524143329634311,NaN,0,0,0,2,0.0014670000000000002,0,0,0
641351139,0,0.6902971025432021,0.5049297590455657,0,0,0.004,-0.44068188048513046,-0.08413989398865651,0.28223720095376237,0.005225674735134689,-0.048607837194670545,0.06877963390946906,0.004636111168050785,-0.032557078050161344,0.007738878125433547,-0.039741035240802025,-0.01239641172837077,-0.039586057357164375,0.00003832468931417752,0.000030297095455880205,-0.000028890090137142172,0.004680245344395775,0.018183591447771465,0.0832253877807425,0.00009931736368744691,0.0008524143729634311,NaN,0,0,0,2,0.001397,0,0,0
641351143,0,0.6225872407421693,0.5144371558685747,0,0,0.004,-0.4612582459552812,-0.10570697252549188,0.2504512229544531,0.005225674735134689,-0.048607837194670545,0.06877963390946906,0.004636111168050785,-0.032557078050161344,0.007738878125433547,-0.039741035240802025,-0.01239641172837077,-0.039586057357164375,0.00003832468931417752,0.000030297095455880205,-0.000028890090137142172,0.004685643760236827,0.01821232441898183,0.08350382528449884,0.00009931736408744692,0.000852414412963431,NaN,0,0,0,2,0.001397,0,0,0
641351147,0,0.46584443723766245,0.5018560849686217,0,0,0.004,-0.44013702433723245,-0.18208829675600013,0.20129656566898824,0.005225674735134689,-0.048607837194670545,0.06877963390946906,0.004636111168050785,-0.032557078050161344,0.007738878125433547,-0.039741035240802025,-0.01239641172837077,-0.039586057357164375,0.00003832468931417752,0.000030297095455880205,-0.000028890090137142172,0.004691045354233523,0.018241214241526523,0.0837830010621255,0.00009931736448744692,0.000852414452963431,NaN,0,0,0,2,0.003352,0,0,0
641351151,0,0.33404643447656773,0.45811613445227894,0,0,0.004,-0.34781276574919584,-0.277803093075795,0.13994875970664644,0.005225674735134689,-0.048607837194670545,0.06877963390946906,0.004636111168050785,-0.032557078050161344,0.007738878125433547,-0.039741035240802025,-0.01239641172837077,-0.039586057357164375,0.00003832468931417752,0.000030297095455880205,-0.000028890090137142172,0.004696450126385876,0.01827053360774204,0.08406292373347952,0.00009931736488744693,0.0008524144929634309,NaN,0,0,0,2,0.0014670000000000002,0,0,0
641351159,0,0.27898804073758005,0.42382622833961386,0,0,0.008,-0.20101655365649873,-0.36230437364557366,0.003424987878737795,0.005225674735134689,-0.048607837194670545,0.06877963390946906,0.004636111168050785,-0.032557078050161344,0.007738878125433547,-0.039741035240802025,-0.01239641172837077,-0.039586057357164375,0.00003832468931417752,0.000030297095455880205,-0.000028890090137142172,0.004707269205157597,0.018330470667696552,0.0846248557658107,0.00009931736568744693,0.000852414572963431,NaN,0,0,0,2,0.0014670000000000002,0,0,0
641351163,0,0.30449146789747383,0.4439699401883738,0,0,0.004,-0.16224286858348247,-0.3956519431436404,-0.03800158560183675,0.005225674735134689,-0.048607837194670545,0.06877963390946906,0.004636111168050785,-0.032557078050161344,0.007738878125433547,-0.039741035240802025,-0.01239641172837077,-0.039586057357164375,0.00003832468931417752,0.000030297095455880205,-0.000028890090137142172,0.004712683511776985,0.018360646047648126,0.08490705893375425,0.00009931736608744694,0.0008524146129634309,NaN,0,0,0,2,0.000977,0,0,0
641351167,0,0.34362967423418245,0.4590672070168934,0,0,0.004,-0.1118169831040352,-0.41026543684706274,-0.10060692424243634,0.005225674735134689,-0.048607837194670545,0.06877963390946906,0.004636111168050785,-0.032557078050161344,0.007738878125433547,-0.039741035240802025,-0.01239641172837077,-0.039586057357164375,0.00003832468931417752,0.000030297095455880205,-0.000028890090137142172,0.0047181009965520816,0.01839105837571047,0.08519002932863087,0.00009931736648744694,0.0008524146529634308,NaN,0,0,0,2,0.001396,0,0,0
641351171,0,0.3772312909344447,0.5089527703546505,0,0,0.004,-0.04923551537508386,-0.4476822342880288,-0.16893214598663953,0.005225674735134689,-0.048607837194670545,0.06877963390946906,0.004636111168050785,-0.032557078050161344,0.007738878125433547,-0.039741035240802025,-0.01239641172837077,-0.039586057357164375,0.00003832468931417752,0.000030297095455880205,-0.000028890090137142172,0.004723521659482899,0.018421755380392188,0.08547376852464184,0.00009931736688744695,0.0008524146929634308,NaN,0,0,0,2,0.001396,0,0,0
641351175,0,0.38554690934381125,0.5724174340309387,0,0,0.004,0.001228564765486384,-0.44972230007702196,-0.2901360186715376,0.005225674735134689,-0.048607837194670545,0.06877963390946906,0.004636111168050785,-0.032557078050161344,0.007738878125433547,-0.039741035240802025,-0.01239641172837077,-0.039586057357164375,0.00003832468931417752,0.000030297095455880205,-0.000028890090137142172,0.004728945500569451,0.01845270660647647,0.08575828028409273,0.00009931736728744695,0.0008524147329634307,NaN,0,0,0,2,0.001466,0,0,0
641351179,0,0.36525830022964634,0.5714328311754399,0,0,0.004,0.04818087817735073,-0.344139654680628,-0.3926714784118843,0.005225674735134689,-0.048607837194670545,0.06877963390946906,0.004636111168050785,-0.032557078050161344,0.007738878125433547,-0.039741035240802025,-0.01239641172837077,-0.039586057357164375,0.00003832468931417752,0.000030297095455880205,-0.000028890090137142172,0.00473437251981175,0.01848390907328897,0.08604356490518332,0.00009931736768744696,0.0008524147729634307,NaN,0,0,0,2,0.003353,0,0,0
641351183,0,0.35923089761309934,0.5775597039021862,0,0,0.004,0.06567504558194126,-0.3092369983004609,-0.42309013321722766,0.005225674735134689,-0.048607837194670545,0.06877963390946906,0.004636111168050785,-0.032557078050161344,0.007738878125433547,-0.039741035240802025,-0.01239641172837077,-0.039586057357164375,0.00003832468931417752,0.000030297095455880205,-0.000028890090137142172,0.004739802717209808,0.018515240151663014,0.08632961106298179,0.00009931736808744697,0.0008524148129634306,NaN,0,0,0,2,0.0014670000000000002,0,0,0
641351187,0,0.2941168759967894,0.5096538026409657,0,0,0.004,0.10032206147596767,-0.10536631918759565,-0.4305533493221301,0.005225674735134689,-0.048607837194670545,0.06877963390946906,0.004636111168050785,-0.032557078050161344,0.007738878125433547,-0.039741035240802025,-0.01239641172837077,-0.039586057357164375,0.00003832468931417752,0.000030297095455880205,-0.000028890090137142172,0.004745236092763638,0.018546767155988398,0.08661641584180575,0.00009931736848744697,0.0008524148529634306,NaN,0,0,0,2,0.001397,0,0,0
641351191,0,0.22661897360708774,0.4914883921713452,0,0,0.004,0.09712684713365127,0.04615073085477761,-0.4232782022868484,0.005225674735134689,-0.048607837194670545,0.06877963390946906,0.004636111168050785,-0.032557078050161344,0.007738878125433547,-0.039741035240802025,-0.01239641172837077,-0.039586057357164375,0.00003832468931417752,0.000030297095455880205,-0.000028890090137142172,0.0047506726464732535,0.018578339107205126,0.08690395735957407,0.00009931736888744698,0.0008524148929634305,NaN,0,0,0,2,0.001397,0,0,0
641351195,0,0.1529840098582838,0.534476675864918,1,0,0.004,0.09233029734017206,0.1602588173774281,-0.44624685637846717,0.005225674735134689,-0.048607837194670545,0.06877963390946906,0.004636111168050785,-0.032557078050161344,0.007738878125433547,-0.039741035240802025,-0.01239641172837077,-0.039586057357164375,0.00003832468931417752,0.000030297095455880205,-0.000028890090137142172,0.0047561123783386675,0.018609962827257534,0.08719222031633271,0.00009931736928744699,0.0008524149329634305,NaN,0,0,0,2,0.0014670000000000002,0,0,0
641351199,0,0.14190168886213034,0.5808623354443422,2,0,0.004,0.12119470179702696,0.2318299164666836,-0.464164533521922,0.005225674735134689,-0.048607837194670545,0.06877963390946906,0.004636111168050785,-0.032557078050161344,0.007738878125433547,-0.039741035240802025,-0.01239641172837077,-0.039586057357164375,0.00003832468931417752,0.000030297095455880205,-0.000028890090137142172,0.004761555288359892,0.018641769720689382,0.08748119343104474,0.000099317369687447,0.0008524149729634304,NaN,0,0,0,2,0.0014670000000000002,0,0,0
641351203,0,0.1575431626444506,0.5960656362217378,3,0,0.004,0.12854770435495722,0.2535209638274706,-0.46967915234097113,0.005225674735134689,-0.048607837194670545,0.06877963390946906,0.004636111168050785,-0.032557078050161344,0.007738878125433547,-0.039741035240802025,-0.01239641172837077,-0.039586057357164375,0.00003832468931417752,0.000030297095455880205,-0.000028890090137142172,0.00476700137653694,0.018673672399703516,0.0877708690943247,0.000099317370087447,0.0008524150129634304,NaN,0,0,0,2,0.001466,0,0,0
641351207,0,0.22084985982925695,0.6134770677091796,0,0,0.004,0.1333302041007065,0.28006685508404006,-0.4753041843404606,0.005225674735134689,-0.048607837194670545,0.06877963390946906,0.004636111168050785,-0.032557078050161344,0.007738878125433547,-0.039741035240802025,-0.01239641172837077,-0.039586057357164375,0.00003832468931417752,0.000030297095455880205,-0.000028890090137142172,0.004772450642869825,0.01870566093015464,0.08806124575890588,0.00009931737048744701,0.0008524150529634303,NaN,0,0,0,2,0.003353,0,0,0
641351211,0,0.3071994375094127,0.6055665115410795,0,0,0.004,0.11372400134316973,0.31113927987124257,-0.45335312833239705,0.005225674735134689,-0.048607837194670545,0.06877963390946906,0.004636111168050785,-0.032557078050161344,0.007738878125433547,-0.039741035240802025,-0.01239641172837077,-0.039586057357164375,0.00003832468931417752,0.000030297095455880205,-0.000028890090137142172,0.004777903087358559,0.018737616331771276,0.08835232135071827,0.00009931737088744701,0.0008524150929634303,NaN,0,0,0,2,0.001397,0,0,0
